FID,objectid,stop_id,stop_name,stop_desc,geom,x,y,zone_id,stop_url,location_type,parent_station,stop_timezone,wheelchair_boarding,commune
arret_point.179,179,1670,Eglise,SECLIN EGLISE 59113 SECLIN,POINT (50.551523 3.030906),3.030906,50.551523,1,,1,,,0,SECLIN
arret_point.837,837,1310,4 Bonniers,4 BONNIERS 59890 QUESNOY SUR DEULE,POINT (50.70631 2.990655),2.990655,50.70631,1,,1,,,0,QUESNOY SUR DEULE
arret_point.537,537,4831,Salengro,VELODROME 59100 ROUBAIX,POINT (50.679475 3.202262),3.202262,50.679475,1,,1,,,0,ROUBAIX
arret_point.644,644,4604,Rue Dr Calmette,RUE DU DOCTEUR CALMETTE 59320 SEQUEDIN,POINT (50.61712 2.975559),2.975559,50.61712,1,,1,,,0,SEQUEDIN
arret_point.751,751,1647,Ecole,ECOLE 59113 SECLIN,POINT (50.548564 3.043143),3.043143,50.548564,1,,1,,,0,SECLIN
arret_point.420,420,969,Fulton,FULTON 59000 LILLE,POINT (50.623334 3.037416),3.037416,50.623334,1,,1,,,0,LILLE
arret_point.1291,1291,6912,Hem Eglise,HEM EGLISE 59510 HEM,POINT (50.649788 3.191364),3.191364,50.649788,1,,1,,,0,HEM
arret_point.1656,1656,ACT001,Cat,RUE COLI 59280 ARMENTIERES - À L'OPPOSÉ DU N°31,POINT (50.69098 2.889662),2.889662,50.69098,1,,0,6989,,1,ARMENTIERES
arret_point.2292,2292,CHC002,Rue Chobourdin,RUE CHOBOURDIN 59134 HERLIES -,POINT (50.582935 2.852174),2.852174,50.582935,1,,0,5722,,2,HERLIES
arret_point.2463,2463,JUS001,Rue De Lille,RUE DE LILLE 59130 LAMBERSART -,POINT (50.652601 3.039477),3.039477,50.652601,1,,0,3963,,1,LAMBERSART
arret_point.2778,2778,ERR001,Ferrer,RUE DU LONG POT 59000 LILLE - À L'OPPOSÉ DE LA PISCINE,POINT (50.628857 3.088236),3.088236,50.628857,1,,0,766,,1,LILLE
arret_point.3766,3766,MGR098,Gare Jean Lebas,59100 ROUBAIX -,POINT (50.695865 3.163823),3.163823,50.695865,1,,0,6587,,1,ROUBAIX
arret_point.4267,4267,VCA002,Calvaire,RUE DE PERENCHIES 59237 VERLINGHEM -,POINT (50.684167 3.000205),3.000205,50.684167,1,,0,7143,,1,VERLINGHEM
arret_point.2235,2235,AMP001,Ampere,RUE DE LA LIONDERIE 59510 HEM - AU DROIT DU N° 61,POINT (50.661817 3.192614),3.192614,50.661817,1,,0,519,,2,HEM
arret_point.2933,2933,HSP098,St. Philibert,59160 LOMME -,POINT (50.651697 2.97442),2.97442,50.651697,1,,0,999,,1,LOMME
arret_point.3680,3680,ROU021,Euroteleport,59100 ROUBAIX -,POINT (50.691044 3.179135),3.179135,50.691044,1,,0,1508,,0,ROUBAIX
arret_point.5125,5125,ALS198,Alsace,AVENUE D'ALSACE 59100 ROUBAIX -,POINT (50.699857 3.161149),3.161149,50.699857,1,,0,1519,,2,ROUBAIX
arret_point.4131,4131,DRO099,C.H. Dron,59200 TOURCOING -,POINT (50.743874 3.180479),3.180479,50.743874,1,,0,1736,,1,TOURCOING
arret_point.4153,4153,TGE002,Einstein,59200 TOURCOING -,POINT (50.717556 3.14032),3.14032,50.717556,1,,0,1833,,0,TOURCOING
arret_point.4259,4259,LTE003,Le Temple,ROUTE DE PÉRENCHIES 59237 VERLINGHEM - ANGLE CHEM. DU VIEUX SOLDAT,POINT (50.670933 2.978787),2.978787,50.670933,1,,0,5819,,1,VERLINGHEM
arret_point.5028,5028,CMN001,Chemin Noir,59237 VERLINGHEM -,POINT (50.6716 3.00361),3.00361,50.6716,1,,0,9159,,0,VERLINGHEM
arret_point.966,966,63,Mairie,PROVIN MAIRIE 59185 PROVIN,POINT (50.512395 2.914933),2.914933,50.512395,1,,1,,,0,PROVIN
arret_point.1501,1501,5124,Berlioz,BERLIOZ 59250 HALLUIN,POINT (50.777382 3.114592),3.114592,50.777382,1,,1,,,0,HALLUIN
arret_point.2300,2300,LLY001,Rue Du Pilly,RUE DU PILLY 59134 HERLIES -,POINT (50.578684 2.858414),2.858414,50.578684,1,,0,528,,1,HERLIES
arret_point.2322,2322,POC001,Pont Casier,RUE VICTOR HUGO 59116 HOUPLINES -,POINT (50.691097 2.909376),2.909376,50.691097,1,,0,5655,,1,HOUPLINES
arret_point.2641,2641,GID001,Gide,RUE DE CANNES 59000 LILLE -,POINT (50.60666 3.044725),3.044725,50.60666,1,,0,840,,1,LILLE
arret_point.4051,4051,TOU111,Tourcoing Centre,59200 TOURCOING -,POINT (50.720843 3.158825),3.158825,50.720843,1,,0,6666,,1,TOURCOING
arret_point.326,326,7137,Simons,SIMONS 59000 LILLE,POINT (50.615132 3.048792),3.048792,50.615132,1,,1,,,0,LILLE
arret_point.323,323,966,Colbert,COLBERT 59000 LILLE,POINT (50.629869 3.044418),3.044418,50.629869,1,,1,,,0,LILLE
arret_point.327,327,7100,Ballon,BALLON 59000 LILLE,POINT (50.648157 3.085902),3.085902,50.648157,1,,1,,,0,LILLE
arret_point.1286,1286,388,Gare,FRETIN GARE 59273 FRETIN,POINT (50.559599 3.14956),3.14956,50.559599,1,,1,,,0,FRETIN
arret_point.21,21,254,Gravier De Lille,GRAVIER DE LILLE 59560 COMINES,POINT (50.736673 3.015192),3.015192,50.736673,1,,1,,,0,COMINES
arret_point.22,22,7017,Mairie De Croix,MAIRIE DE CROIX 59170 CROIX,POINT (50.679588 3.156608),3.156608,50.679588,1,,1,,,0,CROIX
arret_point.1169,1169,330,M.I.N.,M.I.N. 59320 ENNETIERES EN WEPPES,POINT (50.636523 2.96685),2.96685,50.636523,1,,1,,,0,ENNETIERES EN WEPPES
arret_point.23,23,334,Trois Fetus,TROIS FETUS 59320 ENNETIERES EN WEPPES,POINT (50.637564 2.922967),2.922967,50.637564,1,,1,,,0,ENNETIERES EN WEPPES
arret_point.25,25,360,Bourget,BOURGET 59155 FACHES THUMESNIL,POINT (50.603168 3.056093),3.056093,50.603168,1,,1,,,0,FACHES THUMESNIL
arret_point.494,494,439,Mont Fleuri,MONT FLEURI 59250 HALLUIN,POINT (50.775556 3.135115),3.135115,50.775556,1,,1,,,0,HALLUIN
arret_point.26,26,5672,Mirabeau,MIRABEAU 59496 HANTAY,POINT (50.535763 2.873663),2.873663,50.535763,1,,1,,,0,HANTAY
arret_point.27,27,7007,Blanchisserie,BLANCHISSERIE 59320 HAUBOURDIN,POINT (50.59161 2.982012),2.982012,50.59161,1,,1,,,0,HAUBOURDIN
arret_point.28,28,486,Innovation,INNOVATION 59260 HELLEMMES LILLE,POINT (50.62531 3.103371),3.103371,50.62531,1,,1,,,0,HELLEMMES LILLE
arret_point.29,29,6936,Ferry,FERRY 59260 HELLEMMES LILLE,POINT (50.624888 3.09919),3.09919,50.624888,1,,1,,,0,HELLEMMES LILLE
arret_point.30,30,522,Voisinage,VOISINAGE 59510 HEM,POINT (50.644534 3.19363),3.19363,50.644534,1,,1,,,0,HEM
arret_point.31,31,5619,Eglise St Joseph,EGLISE SAINT JOSEPH 59510 HEM,POINT (50.663559 3.188494),3.188494,50.663559,1,,1,,,0,HEM
arret_point.32,32,516,Lionderie,LIONDERIE 59510 HEM,POINT (50.658945 3.194201),3.194201,50.658945,1,,1,,,0,HEM
arret_point.33,33,5655,Pont Casier,PONT CASIER 59116 HOUPLINES,POINT (50.691266 2.909604),2.909604,50.691266,1,,1,,,0,HOUPLINES
arret_point.797,797,559,Ermitage,ERMITAGE 59116 HOUPLINES,POINT (50.693424 2.912368),2.912368,50.693424,1,,1,,,0,HOUPLINES
arret_point.35,35,563,Ligny Le Grand,LIGNY LE GRAND 59480 ILLIES,POINT (50.572337 2.824244),2.824244,50.572337,1,,1,,,0,ILLIES
arret_point.36,36,578,Gare,LA BASSEE GARE 59480 LA BASSEE,POINT (50.528034 2.804278),2.804278,50.528034,1,,1,,,0,LA BASSEE
arret_point.37,37,997,Lomme-Lambersart,LOMME LAMBERSART 59160 LOMME,POINT (50.640877 3.018576),3.018576,50.640877,1,,1,,,0,LOMME
arret_point.38,38,709,Victor Hugo,LEERS VICTOR HUGO,POINT (50.682597 3.244799),3.244799,50.682597,1,,1,,,0,LEERS
arret_point.40,40,8931,Centre Retention,CENTRE DE RETENTION CLE_COMMUNE: 45,POINT (50.575254 3.096082),3.096082,50.575254,1,,1,,,0,LESQUIN
arret_point.39,39,736,Cimetiere,LESQUIN CIMETIERE 59810 LESQUIN,POINT (50.591745 3.101434),3.101434,50.591745,1,,1,,,0,LESQUIN
arret_point.1411,1411,733,Bois D'Enchemont,BOIS D'ENCHEMONT 59810 LESQUIN,POINT (50.582255 3.114167),3.114167,50.582255,1,,1,,,0,LESQUIN
arret_point.1511,1511,714,College Charlemagne,COLLEGE CHARLEMAGNE 59810 LESQUIN,POINT (50.589371 3.116715),3.116715,50.589371,1,,1,,,0,LESQUIN
arret_point.46,46,896,Augereau,AUGEREAU 59000 LILLE,POINT (50.617774 3.029062),3.029062,50.617774,1,,1,,,0,LILLE
arret_point.45,45,894,Cavell,CAVELL 59000 LILLE,POINT (50.609486 3.044722),3.044722,50.609486,1,,1,,,0,LILLE
arret_point.42,42,833,Legrand,LEGRAND 59000 LILLE,POINT (50.631878 3.088592),3.088592,50.631878,1,,1,,,0,LILLE
arret_point.43,43,776,Porte De Douai,LILLE PORTE DE DOUAI (BOULEVARD D ALSACE) 59000 LILLE,POINT (50.618348 3.072639),3.072639,50.618348,1,,1,,,0,LILLE
arret_point.44,44,7846,Lycee Pasteur,LYCEE LOUIS PASTEUR LILLE,POINT (50.640522 3.069622),3.069622,50.640522,1,,1,,,0,LILLE
arret_point.47,47,990,La Viscourt,LA VISCOURT 59126 LINSELLES,POINT (50.738518 3.101887),3.101887,50.738518,1,,1,,,0,LINSELLES
arret_point.48,48,977,College Matisse,COLLEGE MATISSE 59126 LINSELLES,POINT (50.73776 3.086597),3.086597,50.73776,1,,1,,,0,LINSELLES
arret_point.49,49,1020,Hotel De Ville,LOMME HOTEL DE VILLE 59160 LOMME,POINT (50.638877 3.012032),3.012032,50.638877,1,,1,,,0,LOMME
arret_point.50,50,1033,Martyrs,MARTYRS 59160 LOMME,POINT (50.635042 3.014505),3.014505,50.635042,1,,1,,,0,LOMME
arret_point.51,51,6426,Lomme Hegel,LOMME HEGEL 59160 LOMME,POINT (50.628021 3.015552),3.015552,50.628021,1,,1,,,0,LOMME
arret_point.55,55,2973,Hippodrome,HIPPODROME 59700 MARCQ EN BAROEUL,POINT (50.664277 3.08874),3.08874,50.664277,1,,1,,,0,MARCQ EN BAROEUL
arret_point.56,56,8873,Montgolfier,LA MADELEINE MONTGOLFIER CLE_COMMUNE: 55,POINT (50.663157 3.075133),3.075133,50.663157,1,,1,,,0,MARCQ EN BAROEUL
arret_point.54,54,9076,Isly,ISLY CLE_COMMUNE: 55,POINT (50.69504 3.130976),3.130976,50.69504,1,,1,,,0,MARCQ EN BAROEUL
arret_point.721,721,1120,Acacias,ACACIAS 59700 MARCQ EN BAROEUL,POINT (50.664906 3.110371),3.110371,50.664906,1,,1,,,0,MARCQ EN BAROEUL
arret_point.52,52,2628,Doumer,DOUMER 59700 MARCQ EN BAROEUL,POINT (50.665458 3.07734),3.07734,50.665458,1,,1,,,0,MARCQ EN BAROEUL
arret_point.53,53,2627,Cimetiere Bourg,CIMETIERE BOURG 59700 MARCQ EN BAROEUL,POINT (50.671827 3.081853),3.081853,50.671827,1,,1,,,0,MARCQ EN BAROEUL
arret_point.57,57,1216,Coty,COTY 59370 MONS EN BAROEUL,POINT (50.637373 3.116674),3.116674,50.637373,1,,1,,,0,MONS EN BAROEUL
arret_point.58,58,7636,Prom De Flandre,NEUVILLE PROMENADE DE FLANDRE 59960 NEUVILLE-EN-FERRAIN,POINT (50.742899 3.14641),3.14641,50.742899,1,,1,,,0,NEUVILLE EN FERRAIN
arret_point.59,59,1291,La Prevote,LA PREVOTE 59840 PERENCHIES,POINT (50.678133 2.963662),2.963662,50.678133,1,,1,,,0,PERENCHIES
arret_point.60,60,2550,Fleur D'Ecosse,FLEUR D'ECOSSE 59840 PREMESQUES,POINT (50.655278 2.934477),2.934477,50.655278,1,,1,,,0,PREMESQUES
arret_point.61,61,1318,Le Pacau,LE PACAU 59890 QUESNOY SUR DEULE,POINT (50.72592 3.01003),3.01003,50.72592,1,,1,,,0,QUESNOY SUR DEULE
arret_point.62,62,1326,Gare,QUESNOY GARE 59890 QUESNOY SUR DEULE,POINT (50.708734 2.995305),2.995305,50.708734,1,,1,,,0,QUESNOY SUR DEULE
arret_point.63,63,2585,De Gaulle,DE GAULLE 59790 RONCHIN,POINT (50.603016 3.090696),3.090696,50.603016,1,,1,,,0,RONCHIN
arret_point.69,69,4415,Beaumont,BEAUMONT 59100 ROUBAIX,POINT (50.682275 3.176008),3.176008,50.682275,1,,1,,,0,ROUBAIX
arret_point.65,65,7241,Jean Moulin,JEAN MOULIN 59100 ROUBAIX,POINT (50.684555 3.171825),3.171825,50.684555,1,,1,,,0,ROUBAIX
arret_point.1543,1543,1492,Rue De L'Ouest,RUE DE L'OUEST 59100 ROUBAIX,POINT (50.693471 3.159773),3.159773,50.693471,1,,1,,,0,ROUBAIX
arret_point.66,66,9151,Centre Impots,CENTRE DES IMPOTS CLE_COMMUNE: 68,POINT (50.673015 3.184378),3.184378,50.673015,1,,1,,,0,ROUBAIX
arret_point.67,67,1416,Pont Rouge,PONT ROUGE 59100 ROUBAIX,POINT (50.679787 3.19614),3.19614,50.679787,1,,1,,,0,ROUBAIX
arret_point.71,71,5474,Fourmies,FOURMIES  59100 ROUBAIX,POINT (50.671754 3.189001),3.189001,50.671754,1,,1,,,0,ROUBAIX
arret_point.72,72,1415,Flandre,FLANDRE 59100 ROUBAIX,POINT (50.700405 3.178375),3.178375,50.700405,1,,1,,,0,ROUBAIX
arret_point.70,70,1476,Leon Marlot,LEON MARLOT 59100 ROUBAIX,POINT (50.673318 3.192387),3.192387,50.673318,1,,1,,,0,ROUBAIX
arret_point.73,73,6910,Le Mesnil,LE MESNIL 59390 SAILLY LEZ LANNOY,POINT (50.64333 3.207914),3.207914,50.64333,1,,1,,,0,SAILLY LEZ LANNOY
arret_point.74,74,1591,Gare De Don,SAINGHIN GARE DE DON 59184 SAINGHIN EN WEPPES,POINT (50.551336 2.913721),2.913721,50.551336,1,,1,,,0,SAINGHIN EN WEPPES
arret_point.75,75,1620,Place Des Ecoles,PLACE DES ECOLES 59496 SALOME,POINT (50.53315 2.840247),2.840247,50.53315,1,,1,,,0,SALOME
arret_point.76,76,1638,Marx Dormoy,MARX DORMOY ((RUE MARX DORMOY) 59211 SANTES,POINT (50.599982 2.962415),2.962415,50.599982,1,,1,,,0,SANTES
arret_point.78,78,1656,Centre Hospitalier,SECLIN CENTRE HOSPITALIER 59113 SECLIN,POINT (50.545914 3.016735),3.016735,50.545914,1,,1,,,0,SECLIN
arret_point.79,79,1703,Mulier,MULIER 59175 TEMPLEMARS,POINT (50.567721 3.059725),3.059725,50.567721,1,,1,,,0,TEMPLEMARS
arret_point.87,87,8933,Rue De Roncq,RUE DE RONCQ CLE_COMMUNE: 80,POINT (50.733493 3.145975),3.145975,50.733493,1,,1,,,0,TOURCOING
arret_point.86,86,1808,Lemire,LEMIRE 59200 TOURCOING,POINT (50.722503 3.139636),3.139636,50.722503,1,,1,,,0,TOURCOING
arret_point.85,85,8811,Carliers,CARLIERS CLE_COMMUNE: 80,POINT (50.710566 3.159885),3.159885,50.710566,1,,1,,,0,TOURCOING
arret_point.84,84,1800,Conservatoire,CONSERVATOIRE 59200 TOURCOING,POINT (50.72429 3.162513),3.162513,50.72429,1,,1,,,0,TOURCOING
arret_point.82,82,1746,Pont Hydraulique,PONT HYDRAULIQUE 59200 TOURCOING,POINT (50.712565 3.156019),3.156019,50.712565,1,,1,,,0,TOURCOING
arret_point.80,80,1760,Renaix,RENAIX 59200 TOURCOING,POINT (50.722428 3.171215),3.171215,50.722428,1,,1,,,0,TOURCOING
arret_point.81,81,1747,Mirabeau,MIRABEAU 59200 TOURCOING,POINT (50.736214 3.18842),3.18842,50.736214,1,,1,,,0,TOURCOING
arret_point.88,88,6996,Bradford,BRADFORD 59200 TOURCOING,POINT (50.71512 3.143954),3.143954,50.71512,1,,1,,,0,TOURCOING
arret_point.93,93,5415,Le Sart Sud,LE SART SUD 59650 VILLENEUVE D ASCQ,POINT (50.662585 3.138208),3.138208,50.662585,1,,1,,,0,VILLENEUVE D ASCQ
arret_point.92,92,2007,Poste D'Annappes,POSTE D'ANNAPPES 59650 VILLENEUVE D ASCQ,POINT (50.625096 3.146774),3.146774,50.625096,1,,1,,,0,VILLENEUVE D ASCQ
arret_point.461,461,4703,4 Cantons Stade P. Mauroy,4 CANTONS STADE PIERRE MAUROY VILLENEUVE D'ASCQ,POINT (50.605423 3.13866),3.13866,50.605423,1,,1,,,0,VILLENEUVE D ASCQ
arret_point.94,94,9092,Vda C. Cial,CENTRE COMMERCIAL CLE_COMMUNE: 84,POINT (50.636946 3.121858),3.121858,50.636946,1,,1,,,0,VILLENEUVE D ASCQ
arret_point.90,90,1916,Musee Du Terroir,MUSEE DU TERROIR 59650 VILLENEUVE D ASCQ,POINT (50.626288 3.153816),3.153816,50.626288,1,,1,,,0,VILLENEUVE D ASCQ
arret_point.91,91,1934,Montalembert,MONTALEMBERT 59650 VILLENEUVE D ASCQ,POINT (50.624984 3.158392),3.158392,50.624984,1,,1,,,0,VILLENEUVE D ASCQ
arret_point.89,89,1950,Val Boise,VAL BOISE 59650 VILLENEUVE D ASCQ,POINT (50.608858 3.168658),3.168658,50.608858,1,,1,,,0,VILLENEUVE D ASCQ
arret_point.95,95,7818,Harrison,HARRISSON CLE_COMMUNE: 84,POINT (50.606376 3.162866),3.162866,50.606376,1,,1,,,0,VILLENEUVE D ASCQ
arret_point.1146,1146,4337,Cousinerie,COUSINERIE 59650 VILLENEUVE D ASCQ,POINT (50.644539 3.158431),3.158431,50.644539,1,,1,,,0,VILLENEUVE D ASCQ
arret_point.96,96,2043,Mairie,WARNETON MAIRIE 59560 WARNETON,POINT (50.747203 2.951566),2.951566,50.747203,1,,1,,,0,WARNETON
arret_point.97,97,6670,Wasquehal Triez,WASQUEHAL TRIEZ 59290 WASQUEHAL,POINT (50.691051 3.132014),3.132014,50.691051,1,,1,,,0,WASQUEHAL
arret_point.98,98,7635,Cimetiere,WATTIGNIES CIMETIERE,POINT (50.584609 3.041848),3.041848,50.584609,1,,1,,,0,WATTIGNIES
arret_point.99,99,5562,Roussel,ROUSSEL 59139 WATTIGNIES,POINT (50.596675 3.051165),3.051165,50.596675,1,,1,,,0,WATTIGNIES
arret_point.100,100,2200,College Saint Joseph,COLLEGE SAINT JOSEPH 59150 WATTRELOS,POINT (50.701584 3.219015),3.219015,50.701584,1,,1,,,0,WATTRELOS
arret_point.664,664,2190,Hopital,HOPITAL 59150 WATTRELOS,POINT (50.701845 3.221392),3.221392,50.701845,1,,1,,,0,WATTRELOS
arret_point.101,101,4719,Zac Winhoutte,WATTRELOS ZAC WINHOUTTE 59150 WATTRELOS,POINT (50.71437 3.204364),3.204364,50.71437,1,,1,,,0,WATTRELOS
arret_point.102,102,7102,Hopital,HOPITAL 7700 MOUSCRON BELGIQUE,POINT (50.747243 3.21838),3.21838,50.747243,1,,1,,,0,MOUSCRON BELGIQUE
arret_point.103,103,7812,Parc Des Saules,PARC LES SAULES CLE_COMMUNE: 656,POINT (50.615431 2.884514),2.884514,50.615431,1,,1,,,0,LE MAISNIL
arret_point.104,104,9131,Radinghem Place,RADINGHEM PLACE CLE_COMMUNE: 793 RADINGHEM-EN-WEPPES,POINT (50.621611 2.906578),2.906578,50.621611,1,,1,,,0,RADINGHEM EN WEPPES
arret_point.105,105,97,Mairie,ANSTAING MAIRIE 59152 ANSTAING,POINT (50.604102 3.189893),3.189893,50.604102,1,,1,,,0,ANSTAING
arret_point.107,107,6899,Ct Hospitalier,CENTRE HOSPITALIER 59280 ARMENTIERES,POINT (50.683934 2.870313),2.870313,50.683934,1,,1,,,0,ARMENTIERES
arret_point.106,106,5887,Place Thiers,PLACE THIERS 59280 ARMENTIERES,POINT (50.687363 2.877988),2.877988,50.687363,1,,1,,,0,ARMENTIERES
arret_point.108,108,7037,Inst Cx Blanche,INSTITUTION LA CROIX BLANCHE 59910 BONDUES,POINT (50.719181 3.109037),3.109037,50.719181,1,,1,,,0,BONDUES
arret_point.109,109,5791,Dom De La Vigne,DOMAINE DE LA VIGNE 59910 BONDUES,POINT (50.713705 3.086377),3.086377,50.713705,1,,1,,,0,BONDUES
arret_point.110,110,5789,Le Jambon,LE JAMBON 59910 BONDUES,POINT (50.710867 3.107552),3.107552,50.710867,1,,1,,,0,BONDUES
arret_point.111,111,5780,La Quenouille,LA QUENOUILLE 59910 BONDUES,POINT (50.694063 3.089288),3.089288,50.694063,1,,1,,,0,BONDUES
arret_point.112,112,234,Mairie,BOUSBECQUE MAIRIE 59166 BOUSBECQUE,POINT (50.772264 3.075984),3.075984,50.772264,1,,1,,,0,BOUSBECQUE
arret_point.113,113,255,College St Joseph (F),COLLEGE ST JOSEPH (F) 59560 COMINES,POINT (50.761288 3.004455),3.004455,50.761288,1,,1,,,0,COMINES
arret_point.115,115,287,Deux Moulins,DEUX MOULINS 59170 CROIX,POINT (50.679576 3.15168),3.15168,50.679576,1,,1,,,0,CROIX
arret_point.116,116,5524,Daudet,DAUDET 59320 EMMERIN,POINT (50.592269 3.006513),3.006513,50.592269,1,,1,,,0,EMMERIN
arret_point.117,117,337,Route De Fournes,ROUTE DE FOURNES 59320 ERQUINGHEM LE SEC,POINT (50.613956 2.928217),2.928217,50.613956,1,,1,,,0,ERQUINGHEM LE SEC
arret_point.118,118,2537,Rue Du Moulin,RUE DU MOULIN 59193 ERQUINGHEM LYS,POINT (50.675522 2.835639),2.835639,50.675522,1,,1,,,0,ERQUINGHEM LYS
arret_point.119,119,347,Moulin De Lesquin,MOULIN DE LESQUIN 59155 FACHES THUMESNIL,POINT (50.587588 3.087462),3.087462,50.587588,1,,1,,,0,FACHES THUMESNIL
arret_point.120,120,366,Rue De Tressin,FOREST RUE DE TRESSIN 59510 FOREST SUR MARQUE,POINT (50.632375 3.192871),3.192871,50.632375,1,,1,,,0,FOREST SUR MARQUE
arret_point.121,121,374,Desprez,DESPREZ 59134 FOURNES EN WEPPES,POINT (50.596472 2.901444),2.901444,50.596472,1,,1,,,0,FOURNES EN WEPPES
arret_point.123,123,432,Douane,HALLUIN DOUANE 59250 HALLUIN,POINT (50.786231 3.126303),3.126303,50.786231,1,,1,,,0,HALLUIN
arret_point.122,122,434,Porte D'Halluin,PORTE D'HALLUIN 59250 HALLUIN,POINT (50.767609 3.121199),3.121199,50.767609,1,,1,,,0,HALLUIN
arret_point.124,124,6255,Caserne Des Pompiers,CASERNE DES POMPIERS 59320 HAUBOURDIN,POINT (50.611291 2.978699),2.978699,50.611291,1,,1,,,0,HAUBOURDIN
arret_point.125,125,7073,Fenelon,FENELON 59260 HELLEMMES LILLE,POINT (50.630785 3.111522),3.111522,50.630785,1,,1,,,0,HELLEMMES LILLE
arret_point.126,126,511,Zone Artisanale,ZONE ARTISANALE 59510 HEM,POINT (50.665127 3.180886),3.180886,50.665127,1,,1,,,0,HEM
arret_point.127,127,4672,Dunant,DUNANT 59510 HEM,POINT (50.668628 3.20134),3.20134,50.668628,1,,1,,,0,HEM
arret_point.129,129,536,Rue Du Stade,RUE DU STADE 59134 HERLIES,POINT (50.578368 2.847999),2.847999,50.578368,1,,1,,,0,HERLIES
arret_point.128,128,532,Ancienne Gare,ANCIENNE GARE 59134 HERLIES,POINT (50.580869 2.86551),2.86551,50.580869,1,,1,,,0,HERLIES
arret_point.131,131,653,Clinique De Lambersart,CLINIQUE DE LAMBERSART 59130 LAMBERSART,POINT (50.643553 3.029404),3.029404,50.643553,1,,1,,,0,LAMBERSART
arret_point.132,132,5948,La Cessoie,LA CESSOIE 59130 LAMBERSART,POINT (50.658031 3.03563),3.03563,50.658031,1,,1,,,0,LAMBERSART
arret_point.133,133,692,Chateau D'Eau,CHATEAU D'EAU 59115 LEERS,POINT (50.678145 3.23653),3.23653,50.678145,1,,1,,,0,LEERS
arret_point.135,135,747,Square Flandres,SQUARE FLANDRES 59000 LILLE,POINT (50.625277 3.115935),3.115935,50.625277,1,,1,,,0,LEZENNES
arret_point.140,140,4242,Solferino,SOLFERINO 59000 LILLE,POINT (50.63431 3.04891),3.04891,50.63431,1,,1,,,0,LILLE
arret_point.139,139,6967,Hopital Fontan,HOPITAL MICHEL FONTAN 59000 LILLE,POINT (50.609806 3.027795),3.027795,50.609806,1,,1,,,0,LILLE
arret_point.136,136,847,St Maurice,ST MAURICE 59000 LILLE,POINT (50.64166 3.084874),3.084874,50.64166,1,,1,,,0,LILLE
arret_point.137,137,840,Gide,GIDE 59000 LILLE,POINT (50.606688 3.04457),3.04457,50.606688,1,,1,,,0,LILLE
arret_point.138,138,6904,Palais Justice,PALAIS DE JUSTICE 59000 LILLE,POINT (50.642398 3.063485),3.063485,50.642398,1,,1,,,0,LILLE
arret_point.141,141,2647,Jacquet,JACQUET 59000 LILLE,POINT (50.637389 3.085036),3.085036,50.637389,1,,1,,,0,LILLE
arret_point.142,142,822,Mermoz,MERMOZ 59000 LILLE,POINT (50.628626 3.0246),3.0246,50.628626,1,,1,,,0,LILLE
arret_point.143,143,2621,Thionville,THIONVILLE 59000 LILLE,POINT (50.642962 3.066653),3.066653,50.642962,1,,1,,,0,LILLE
arret_point.144,144,5503,Linselles Place,LINSELLES PLACE 59126 LINSELLES,POINT (50.738718 3.079318),3.079318,50.738718,1,,1,,,0,LINSELLES
arret_point.146,146,4021,Beau Visage,BEAU VISAGE 59160 LOMME,POINT (50.645759 2.988283),2.988283,50.645759,1,,1,,,0,LOMME
arret_point.145,145,1002,Renovation,RENOVATION 59160 LOMME,POINT (50.64378 2.980681),2.980681,50.64378,1,,1,,,0,LOMME
arret_point.147,147,1011,A.Thomas,A.THOMAS 59160 LOMME,POINT (50.647405 3.002497),3.002497,50.647405,1,,1,,,0,LOMME
arret_point.149,149,1071,Eurasante Epi De Soil,LOOS EURASANTE EPI DE SOIL 59120 LOOS,POINT (50.601526 3.040592),3.040592,50.601526,1,,1,,,0,LOOS
arret_point.148,148,6276,Dhainaut,DHAINAUT 59120 LOOS,POINT (50.61356 3.005868),3.005868,50.61356,1,,1,,,0,LOOS
arret_point.150,150,6284,Loos Mairie,LOOS MAIRIE 59120 LOOS,POINT (50.615247 3.017212),3.017212,50.615247,1,,1,,,0,LOOS
arret_point.151,151,1091,Saint Luc,SAINT LUC 59390 LYS LEZ LANNOY,POINT (50.672056 3.218889),3.218889,50.672056,1,,1,,,0,LYS LEZ LANNOY
arret_point.166,166,6876,Justice,JUSTICE 59100 ROUBAIX,POINT (50.674427 3.203233),3.203233,50.674427,1,,1,,,0,ROUBAIX
arret_point.1030,1030,1095,Vert Pre,VERT PRE 59390 LYS LEZ LANNOY,POINT (50.676918 3.21505),3.21505,50.676918,1,,1,,,0,LYS LEZ LANNOY
arret_point.152,152,1092,Desmulliez,DESMULLIEZ 59390 LYS LEZ LANNOY,POINT (50.670702 3.213783),3.213783,50.670702,1,,1,,,0,LYS LEZ LANNOY
arret_point.153,153,1164,Pont Courroy,PONT COURROY 59700 MARCQ EN BAROEUL,POINT (50.681487 3.101014),3.101014,50.681487,1,,1,,,0,MARCQ EN BAROEUL
arret_point.154,154,1115,College,MARCQ COLLEGE (RUE DU COLLEGE) 59700 MARCQ EN BAROEUL,POINT (50.682439 3.105151),3.105151,50.682439,1,,1,,,0,MARCQ EN BAROEUL
arret_point.155,155,1131,Rue De L'Eglise,RUE DE L'EGLISE 59700 MARCQ EN BAROEUL,POINT (50.665193 3.079609),3.079609,50.665193,1,,1,,,0,MARCQ EN BAROEUL
arret_point.156,156,1123,Place Tiers,PLACE TIERS 59700 MARCQ EN BAROEUL,POINT (50.65841 3.102058),3.102058,50.65841,1,,1,,,0,MARCQ EN BAROEUL
arret_point.158,158,7735,Rue Briqueterie,RUE BRIQUETERIE CLE_COMMUNE: 59,POINT (50.691891 3.14081),3.14081,50.691891,1,,1,,,0,MOUVAUX
arret_point.160,160,5958,Labyrinthe,LABYRINTHE 59960 NEUVILLE EN FERRAIN,POINT (50.757149 3.148069),3.148069,50.757149,1,,1,,,0,NEUVILLE EN FERRAIN
arret_point.159,159,1260,College Jules Verne,COLLEGE JULES VERNE 59960 NEUVILLE EN FERRAIN,POINT (50.748341 3.168439),3.168439,50.748341,1,,1,,,0,NEUVILLE EN FERRAIN
arret_point.161,161,2551,Centre,PREMESQUES CENTRE 59840 PREMESQUES,POINT (50.655337 2.951833),2.951833,50.655337,1,,1,,,0,PREMESQUES
arret_point.164,164,1312,Les Olympiades,LES OLYMPIADES 59890 QUESNOY SUR DEULE,POINT (50.71372 3.007125),3.007125,50.71372,1,,1,,,0,QUESNOY SUR DEULE
arret_point.162,162,1321,La Chapelle,LA CHAPELLE 59890 QUESNOY SUR DEULE,POINT (50.723944 3.030181),3.030181,50.723944,1,,1,,,0,QUESNOY SUR DEULE
arret_point.163,163,5507,Le Plat Parez,LE PLAT PAREZ 59890 QUESNOY SUR DEULE,POINT (50.714598 3.023792),3.023792,50.714598,1,,1,,,0,QUESNOY SUR DEULE
arret_point.177,177,1465,Moliere,MOLIERE 59100 ROUBAIX,POINT (50.690893 3.198435),3.198435,50.690893,1,,1,,,0,ROUBAIX
arret_point.172,172,1484,Rue D'Alger,RUE D'ALGER 59100 ROUBAIX,POINT (50.70147 3.191711),3.191711,50.70147,1,,1,,,0,ROUBAIX
arret_point.175,175,1561,Louis Loucheur,LOUIS LOUCHEUR 59100 ROUBAIX,POINT (50.677824 3.176216),3.176216,50.677824,1,,1,,,0,ROUBAIX
arret_point.176,176,1446,Rue De Tourcoing,RUE DE TOURCOING 59100 ROUBAIX,POINT (50.701798 3.172692),3.172692,50.701798,1,,1,,,0,ROUBAIX
arret_point.442,442,9039,Vélodrome,VELODROME - VAN DER MEERSCH CLE_COMMUNE: 68,POINT (50.680641 3.204823),3.204823,50.680641,1,,1,,,0,ROUBAIX
arret_point.178,178,1407,Les Gobelins,LES GOBELINS 59100 ROUBAIX,POINT (50.694393 3.172116),3.172116,50.694393,1,,1,,,0,ROUBAIX
arret_point.173,173,1387,Carpeaux,CARPEAUX 59100 ROUBAIX,POINT (50.67501 3.182521),3.182521,50.67501,1,,1,,,0,ROUBAIX
arret_point.174,174,1435,Carihem,CARIHEM 59100 ROUBAIX,POINT (50.686333 3.211813),3.211813,50.686333,1,,1,,,0,ROUBAIX
arret_point.171,171,6602,Nations Unies,NATIONS UNIES (RUE GAMBETTA) ROUBAIX,POINT (50.692536 3.185218),3.185218,50.692536,1,,1,,,0,ROUBAIX
arret_point.169,169,7239,Alfred Mongy,ALFRED MONGY 59100 ROUBAIX,POINT (50.687637 3.174997),3.174997,50.687637,1,,1,,,0,ROUBAIX
arret_point.167,167,1462,Watt,WATT 59100 ROUBAIX,POINT (50.688158 3.158753),3.158753,50.688158,1,,1,,,0,ROUBAIX
arret_point.170,170,4429,Guynemer,GUYNEMER 59100 ROUBAIX,POINT (50.670328 3.188962),3.188962,50.670328,1,,1,,,0,ROUBAIX
arret_point.165,165,7905,Ep. Montesquieu,EPEULE MONTESQUIEU CLE_COMMUNE: 68,POINT (50.683912 3.163272),3.163272,50.683912,1,,1,,,0,ROUBAIX
arret_point.184,184,1764,Tossee,TOSSEE 59200 TOURCOING,POINT (50.709266 3.167816),3.167816,50.709266,1,,1,,,0,TOURCOING
arret_point.182,182,1818,Phalempins,PHALEMPINS 59200 TOURCOING,POINT (50.731842 3.158399),3.158399,50.731842,1,,1,,,0,TOURCOING
arret_point.185,185,6693,Tourcoing C.Cial,TOURCOING CENTRE COMMERCIAL 59200 TOURCOING,POINT (50.738608 3.13875),3.13875,50.738608,1,,1,,,0,TOURCOING
arret_point.180,180,5765,Rue De L'Yser,RUE DE L'YSER 59200 TOURCOING,POINT (50.741143 3.166538),3.166538,50.741143,1,,1,,,0,TOURCOING
arret_point.181,181,1822,Gare De Tourcoing,GARE DE TOURCOING 59200 TOURCOING,POINT (50.71662 3.162584),3.162584,50.71662,1,,1,,,0,TOURCOING
arret_point.183,183,1771,Marliere,MARLIERE 59200 TOURCOING,POINT (50.737219 3.189681),3.189681,50.737219,1,,1,,,0,TOURCOING
arret_point.186,186,7192,Avesnes,AVESNES 59200 TOURCOING,POINT (50.727535 3.166708),3.166708,50.727535,1,,1,,,0,TOURCOING
arret_point.187,187,1888,Eglise,VENDEVILLE EGLISE 59175 VENDEVILLE,POINT (50.576284 3.081573),3.081573,50.576284,1,,1,,,0,VENDEVILLE
arret_point.188,188,4494,Cheval Blanc,CHEVAL BLANC 59237 VERLINGHEM,POINT (50.679991 2.996197),2.996197,50.679991,1,,1,,,0,VERLINGHEM
arret_point.192,192,7075,Flers Masquelier,FLERS MASQUELIER 59650 VILLENEUVE D ASCQ,POINT (50.638056 3.124965),3.124965,50.638056,1,,1,,,0,VILLENEUVE D ASCQ
arret_point.191,191,4334,College Triolo,COLLEGE DU TRIOLO 59650 VILLENEUVE D ASCQ,POINT (50.616171 3.139777),3.139777,50.616171,1,,1,,,0,VILLENEUVE D ASCQ
arret_point.193,193,4340,La Chesnaie,LA CHESNAIE 59650 VILLENEUVE D ASCQ,POINT (50.627844 3.131221),3.131221,50.627844,1,,1,,,0,VILLENEUVE D ASCQ
arret_point.189,189,1907,Versailles,VERSAILLES 59650 VILLENEUVE D ASCQ,POINT (50.614628 3.128755),3.128755,50.614628,1,,1,,,0,VILLENEUVE D ASCQ
arret_point.194,194,5863,Ghesquiere,GHESQUIERE 59118 WAMBRECHIES,POINT (50.685565 3.042623),3.042623,50.685565,1,,1,,,0,WAMBRECHIES
arret_point.195,195,2030,Mairie,WAMBRECHIES MAIRIE 59118 WAMBRECHIES,POINT (50.686915 3.052766),3.052766,50.686915,1,,1,,,0,WAMBRECHIES
arret_point.196,196,5868,Jean Jaures,JEAN JAURES 59290 WASQUEHAL,POINT (50.680837 3.137216),3.137216,50.680837,1,,1,,,0,WASQUEHAL
arret_point.197,197,5866,Place Gambetta,PLACE GAMBETTA 59290 WASQUEHAL,POINT (50.673606 3.12897),3.12897,50.673606,1,,1,,,0,WASQUEHAL
arret_point.198,198,5864,Rue De Croix,RUE DE CROIX 59290 WASQUEHAL,POINT (50.677444 3.134677),3.134677,50.677444,1,,1,,,0,WASQUEHAL
arret_point.204,204,5693,Carin,CARIN 59150 WATTRELOS,POINT (50.69983 3.219633),3.219633,50.69983,1,,1,,,0,WATTRELOS
arret_point.201,201,2129,Mont A Leux,MONT A LEUX 59150 WATTRELOS,POINT (50.722072 3.190538),3.190538,50.722072,1,,1,,,0,WATTRELOS
arret_point.200,200,2195,Jacquard,JACQUARD 59150 WATTRELOS,POINT (50.717736 3.197585),3.197585,50.717736,1,,1,,,0,WATTRELOS
arret_point.202,202,2174,Saint Vincent De Paul,SAINT VINCENT DE PAUL 59150 WATTRELOS,POINT (50.707487 3.197238),3.197238,50.707487,1,,1,,,0,WATTRELOS
arret_point.1469,1469,2161,La Martinoire,LA MARTINOIRE 59150 WATTRELOS,POINT (50.718395 3.18919),3.18919,50.718395,1,,1,,,0,WATTRELOS
arret_point.206,206,2238,Rue D'Oresmieux,RUE D'ORESMIEUX 59134 WICRES,POINT (50.56568 2.861645),2.861645,50.56568,1,,1,,,0,WICRES
arret_point.205,205,5700,General Leclerc,GENERAL LECLERC 59134 WICRES,POINT (50.572373 2.86997),2.86997,50.572373,1,,1,,,0,WICRES
arret_point.207,207,2399,Wardhust,WARDHUST 59249 AUBERS,POINT (50.597571 2.810734),2.810734,50.597571,1,,1,,,0,AUBERS
arret_point.208,208,2458,Place De Picardie,PLACE DE PICARDIE 7700 MOUSCRON BELGIQUE,POINT (50.743804 3.212524),3.212524,50.743804,1,,1,,,0,MOUSCRON BELGIQUE
arret_point.209,209,2493,Zuidstraadt,ZUIDSTRAADT 8930 MENEN (BELGIQUE),POINT (50.788235 3.136945),3.136945,50.788235,1,,1,,,0,MENEN (BELGIQUE)
arret_point.1076,1076,5775,Lycee Hazard,LYCEE PAUL HAZARD 59280 ARMENTIERES,POINT (50.688385 2.873947),2.873947,50.688385,1,,1,,,0,ARMENTIERES
arret_point.210,210,146,Calmette,CALMETTE 59780 BAISIEUX,POINT (50.60922 3.25077),3.25077,50.60922,1,,1,,,0,BAISIEUX
arret_point.214,214,216,Aerodrome,AERODROME 59910 BONDUES,POINT (50.687489 3.086125),3.086125,50.687489,1,,1,,,0,BONDUES
arret_point.213,213,5795,La Payelle,LA PAYELLE 59910 BONDUES,POINT (50.703152 3.097617),3.097617,50.703152,1,,1,,,0,BONDUES
arret_point.211,211,7232,Jacques Prevert,JACQUES PREVERT 59910 BONDUES,POINT (50.702066 3.069409),3.069409,50.702066,1,,1,,,0,BONDUES
arret_point.212,212,5782,Fort Montagne,FORT MONTAGNE 59910 BONDUES,POINT (50.703052 3.087559),3.087559,50.703052,1,,1,,,0,BONDUES
arret_point.215,215,7656,Hospice,HOSPICE CLE_COMMUNE: 5,POINT (50.7089 3.089045),3.089045,50.7089,1,,1,,,0,BONDUES
arret_point.216,216,197,Le Christ,LE CHRIST 59910 BONDUES,POINT (50.724511 3.080788),3.080788,50.724511,1,,1,,,0,BONDUES
arret_point.217,217,5730,Gros Chene,GROS CHENE 59166 BOUSBECQUE,POINT (50.762835 3.077839),3.077839,50.762835,1,,1,,,0,BOUSBECQUE
arret_point.218,218,230,Complexe Sportif,COMPLEXE SPORTIF 59166 BOUSBECQUE,POINT (50.768562 3.078574),3.078574,50.768562,1,,1,,,0,BOUSBECQUE
arret_point.219,219,274,Hopital,HOPITAL 59560 COMINES,POINT (50.758667 3.003176),3.003176,50.758667,1,,1,,,0,COMINES
arret_point.220,220,275,Abbe Lemire,ABBE LEMIRE 59560 COMINES,POINT (50.761614 3.000486),3.000486,50.761614,1,,1,,,0,COMINES
arret_point.221,221,5440,Favreuil,FAVREUIL 59170 CROIX,POINT (50.692808 3.151402),3.151402,50.692808,1,,1,,,0,CROIX
arret_point.222,222,290,L'Allumette,L'ALLUMETTE 59170 CROIX,POINT (50.685844 3.150639),3.150639,50.685844,1,,1,,,0,CROIX
arret_point.223,223,377,La Houlette,LA HOULETTE 59236 FRELINGHIEN,POINT (50.706103 2.955877),2.955877,50.706103,1,,1,,,0,FRELINGHIEN
arret_point.224,224,397,Gruson Calvaire,GRUSON CALVAIRE 59152 GRUSON,POINT (50.596782 3.204074),3.204074,50.596782,1,,1,,,0,GRUSON
arret_point.226,226,435,Lp Colbras,HALLUIN LP COLBRAS 59250 HALLUIN,POINT (50.779095 3.114491),3.114491,50.779095,1,,1,,,0,HALLUIN
arret_point.1390,1390,430,Parc Des Sports,PARC DES SPORTS 59250 HALLUIN,POINT (50.77648 3.123927),3.123927,50.77648,1,,1,,,0,HALLUIN
arret_point.225,225,420,Noir Pignon,NOIR PIGNON 59250 HALLUIN,POINT (50.773893 3.123066),3.123066,50.773893,1,,1,,,0,HALLUIN
arret_point.228,228,6083,Guinguette,GUINGUETTE 59260 HELLEMMES LILLE,POINT (50.635382 3.115218),3.115218,50.635382,1,,1,,,0,HELLEMMES LILLE
arret_point.227,227,5914,Pave Du Moulin,PAVE DU MOULIN 59260 HELLEMMES LILLE,POINT (50.622435 3.12132),3.12132,50.622435,1,,1,,,0,HELLEMMES LILLE
arret_point.229,229,5621,Pascal,PASCAL 59510 HEM,POINT (50.664708 3.193623),3.193623,50.664708,1,,1,,,0,HEM
arret_point.230,230,502,Mesanges,MESANGES 59510 HEM,POINT (50.663538 3.203129),3.203129,50.663538,1,,1,,,0,HEM
arret_point.231,231,571,Botte D'Or,BOTTE D'OR 59480 ILLIES,POINT (50.558464 2.836432),2.836432,50.558464,1,,1,,,0,ILLIES
arret_point.232,232,569,L'Aventure,L'AVENTURE 59480 ILLIES,POINT (50.576659 2.82261),2.82261,50.576659,1,,1,,,0,ILLIES
arret_point.233,233,570,Les Auvilliers,LES AUVILLIERS 59480 ILLIES,POINT (50.548161 2.826332),2.826332,50.548161,1,,1,,,0,ILLIES
arret_point.234,234,592,La Choque,LA CHOQUE 59930 LA CHAPELLE D ARMENTIERES,POINT (50.676234 2.873379),2.873379,50.676234,1,,1,,,0,LA CHAPELLE D ARMENTIERES
arret_point.235,235,2623,Salengro,SALENGRO 59110 LA MADELEINE,POINT (50.654865 3.0575),3.0575,50.654865,1,,1,,,0,LA MADELEINE
arret_point.4907,4907,9157,Avenue De Gaulle,AVENUE DE GAULLE - LAMBERSART,POINT (50.653767 3.03155),3.03155,50.653767,1,,1,,,0,LAMBERSART
arret_point.236,236,652,Blanchisseurs,BLANCHISSEURS 59130 LAMBERSART,POINT (50.639656 3.026797),3.026797,50.639656,1,,1,,,0,LAMBERSART
arret_point.238,238,635,Lavoisier,LAVOISIER 59130 LAMBERSART,POINT (50.641958 3.02271),3.02271,50.641958,1,,1,,,0,LAMBERSART
arret_point.237,237,3957,Ingenieur Bertin,INGENIEUR BERTIN 59130 LAMBERSART,POINT (50.659682 3.013075),3.013075,50.659682,1,,1,,,0,LAMBERSART
arret_point.239,239,695,Grimonpont,GRIMONPONT 59115 LEERS,POINT (50.689971 3.236121),3.236121,50.689971,1,,1,,,0,LEERS
arret_point.241,241,724,Anatole France,ANATOLE FRANCE 59810 LESQUIN,POINT (50.584847 3.124197),3.124197,50.584847,1,,1,,,0,LESQUIN
arret_point.242,242,7819,Aeroport,LESQUIN AEROPORT CLE_COMMUNE: 45,POINT (50.572063 3.107106),3.107106,50.572063,1,,1,,,0,LESQUIN
arret_point.11,11,845,Arago,ARAGO 59000 LILLE,POINT (50.620371 3.061219),3.061219,50.620371,1,,1,,,0,LILLE
arret_point.244,244,7108,Mont De Terre,LILLE MONT DE TERRE 59000 LILLE,POINT (50.622757 3.091247),3.091247,50.622757,1,,1,,,0,LILLE
arret_point.247,247,757,Artois,ARTOIS 59000 LILLE,POINT (50.626091 3.061668),3.061668,50.626091,1,,1,,,0,LILLE
arret_point.325,325,953,Bas Jardin,BAS JARDIN 59000 LILLE,POINT (50.623134 3.06422),3.06422,50.623134,1,,1,,,0,LILLE
arret_point.246,246,7661,Champ De Mars,CHAMP DE MARS CLE_COMMUNE: 47,POINT (50.637069 3.051192),3.051192,50.637069,1,,1,,,0,LILLE
arret_point.243,243,6828,Gassendi,GASSENDI (RUE DU BOIS) 59000 LILLE,POINT (50.649807 3.088946),3.088946,50.649807,1,,1,,,0,LILLE
arret_point.245,245,760,Piscine M. Dormoy,PISCINE M. DORMOY 59000 LILLE,POINT (50.635687 3.035558),3.035558,50.635687,1,,1,,,0,LILLE
arret_point.4899,4899,4204,Gare Rue De Tournai,GARE RUE DE TOURNAI 59000 LILLE,POINT (50.635389 3.06997),3.06997,50.635389,1,,1,,,0,LILLE
arret_point.248,248,7783,Place Garonne,PLACE DE LA GARONNE CLE_COMMUNE: 47,POINT (50.612653 3.058626),3.058626,50.612653,1,,1,,,0,LILLE
arret_point.418,418,866,Porte D'Arras,LILLE PORTE D'ARRAS 59000 LILLE,POINT (50.617792 3.061886),3.061886,50.617792,1,,1,,,0,LILLE
arret_point.249,249,5951,Delivrance,DELIVRANCE 59160 LOMME,POINT (50.641138 2.990212),2.990212,50.641138,1,,1,,,0,LOMME
arret_point.1421,1421,1034,Bourg,LOMME BOURG 59160 LOMME,POINT (50.64563 2.985403),2.985403,50.64563,1,,1,,,0,LOMME
arret_point.250,250,1041,Le Bocage,LE BOCAGE 59840 LOMPRET,POINT (50.667623 2.992604),2.992604,50.667623,1,,1,,,0,LOMPRET
arret_point.251,251,4499,Curie,CURIE 59120 LOOS,POINT (50.607689 3.013246),3.013246,50.607689,1,,1,,,0,LOOS
arret_point.252,252,8986,Pa V. Nord Est,PARC D'ACTIVITÉS VERSANT NORD EST CLE_COMMUNE: 54,POINT (50.672835 3.226581),3.226581,50.672835,1,,1,,,0,LYS LEZ LANNOY
arret_point.719,719,1113,Clemenceau Hippodrome,CLEMENCEAU HIPPODROME 59700 MARCQ EN BAROEUL,POINT (50.661801 3.096239),3.096239,50.661801,1,,1,,,0,MARCQ EN BAROEUL
arret_point.253,253,5748,Clemenceau,MARCQ CLEMENCEAU 59700 MARCQ EN BAROEUL,POINT (50.664665 3.083891),3.083891,50.664665,1,,1,,,0,MARCQ EN BAROEUL
arret_point.254,254,1148,Hautes Loges,HAUTES LOGES 59700 MARCQ EN BAROEUL,POINT (50.668709 3.088652),3.088652,50.668709,1,,1,,,0,MARCQ EN BAROEUL
arret_point.255,255,4077,College Debeyre,COLLEGE DEBEYRE 59520 MARQUETTE LEZ LILLE,POINT (50.679753 3.067233),3.067233,50.679753,1,,1,,,0,MARQUETTE LEZ LILLE
arret_point.256,256,1292,Rue De Lomme,RUE DE LOMME 59840 PERENCHIES,POINT (50.660613 2.976298),2.976298,50.660613,1,,1,,,0,PERENCHIES
arret_point.257,257,1300,Limousin,LIMOUSIN 59840 PERENCHIES,POINT (50.672394 2.973753),2.973753,50.672394,1,,1,,,0,PERENCHIES
arret_point.258,258,6869,Gare,GARE 59840 PERENCHIES,POINT (50.667103 2.9736),2.9736,50.667103,1,,1,,,0,PERENCHIES
arret_point.262,262,5506,Le Petit Chat,LE PETIT CHAT 59890 QUESNOY SUR DEULE,POINT (50.707339 3.032252),3.032252,50.707339,1,,1,,,0,QUESNOY SUR DEULE
arret_point.259,259,7633,Quesnoy Mairie,QUESNOY MAIRIE CLE_COMMUNE: 65,POINT (50.712507 3.000864),3.000864,50.712507,1,,1,,,0,QUESNOY SUR DEULE
arret_point.260,260,1306,Le Cheneau,LE CHENEAU 59890 QUESNOY SUR DEULE,POINT (50.724155 3.040414),3.040414,50.724155,1,,1,,,0,QUESNOY SUR DEULE
arret_point.261,261,6863,Petit Perle,PETIT PERLE 59890 QUESNOY SUR DEULE,POINT (50.720052 3.020265),3.020265,50.720052,1,,1,,,0,QUESNOY SUR DEULE
arret_point.264,264,1368,La Montagne,LA MONTAGNE 59223 RONCQ,POINT (50.738362 3.11975),3.11975,50.738362,1,,1,,,0,RONCQ
arret_point.263,263,7190,Latte,LATTE 59223 RONCQ,POINT (50.750731 3.130859),3.130859,50.750731,1,,1,,,0,RONCQ
arret_point.265,265,5629,Dupuy De Lome,DUPUY DE LOME 59100 ROUBAIX,POINT (50.681761 3.18039),3.18039,50.681761,1,,1,,,0,ROUBAIX
arret_point.266,266,8903,Roubaix Piscine Lesaffre,PISCINE LESAFFRE CLE_COMMUNE: 68,POINT (50.682254 3.181754),3.181754,50.682254,1,,1,,,0,ROUBAIX
arret_point.446,446,5631,Saint Jean,SAINT JEAN 59100 ROUBAIX,POINT (50.687635 3.180517),3.180517,50.687635,1,,1,,,0,ROUBAIX
arret_point.267,267,4391,Tabac,TABAC 59390 SAILLY LEZ LANNOY,POINT (50.649268 3.224384),3.224384,50.649268,1,,1,,,0,SAILLY LEZ LANNOY
arret_point.268,268,1607,Gare,SAINT ANDRE GARE 59350 SAINT ANDRE,POINT (50.655011 3.050954),3.050954,50.655011,1,,1,,,0,SAINT ANDRE
arret_point.269,269,1664,Cafeteria,CAFETERIA 59113 SECLIN,POINT (50.565744 3.03847),3.03847,50.565744,1,,1,,,0,SECLIN
arret_point.270,270,5970,Rue Du Hem,RUE DU HEM 59320 SEQUEDIN,POINT (50.631899 2.984957),2.984957,50.631899,1,,1,,,0,SEQUEDIN
arret_point.276,276,1750,Braille,BRAILLE 59200 TOURCOING,POINT (50.729079 3.13098),3.13098,50.729079,1,,1,,,0,TOURCOING
arret_point.278,278,1731,Jacquard,JACQUARD 59200 TOURCOING,POINT (50.727563 3.175865),3.175865,50.727563,1,,1,,,0,TOURCOING
arret_point.277,277,5752,Hts De Neuville,LES HAUTS DE NEUVILLE 59200 TOURCOING,POINT (50.739888 3.163733),3.163733,50.739888,1,,1,,,0,TOURCOING
arret_point.275,275,6310,Cimetiere,TOURCOING CIMETIERE 59200 TOURCOING,POINT (50.739425 3.16863),3.16863,50.739425,1,,1,,,0,TOURCOING
arret_point.272,272,1833,Einstein,TOURCOING EINSTEIN 59200 TOURCOING,POINT (50.717566 3.140235),3.140235,50.717566,1,,1,,,0,TOURCOING
arret_point.271,271,5759,Egalite,EGALITE 59200 TOURCOING,POINT (50.735559 3.168537),3.168537,50.735559,1,,1,,,0,TOURCOING
arret_point.274,274,1804,Fresnoy,FRESNOY 59200 TOURCOING,POINT (50.699668 3.155822),3.155822,50.699668,1,,1,,,0,TOURCOING
arret_point.273,273,4677,Levant,LEVANT 59200 TOURCOING,POINT (50.719043 3.177106),3.177106,50.719043,1,,1,,,0,TOURCOING
arret_point.1060,1060,7837,Roseraie,ROSERAIE TOURCOING,POINT (50.739167 3.141021),3.141021,50.739167,1,,1,,,0,TOURCOING
arret_point.279,279,1881,Petit Paris,PETIT PARIS 59152 TRESSIN,POINT (50.609423 3.180594),3.180594,50.609423,1,,1,,,0,TRESSIN
arret_point.280,280,1887,Hameau De L'Europe,VENDEVILLE HAMEAU DE L'EUROPE 59175 VENDEVILLE,POINT (50.573794 3.071871),3.071871,50.573794,1,,1,,,0,VENDEVILLE
arret_point.281,281,6329,Le Moulin,LE MOULIN 59237 VERLINGHEM,POINT (50.677514 3.01302),3.01302,50.677514,1,,1,,,0,VERLINGHEM
arret_point.288,288,5405,Iut Recueil,IUT RECUEIL 59650 VILLENEUVE D ASCQ,POINT (50.649285 3.158298),3.158298,50.649285,1,,1,,,0,VILLENEUVE D ASCQ
arret_point.287,287,1974,Village,ASCQ VILLAGE 59650 VILLENEUVE D ASCQ,POINT (50.619128 3.159495),3.159495,50.619128,1,,1,,,0,VILLENEUVE D ASCQ
arret_point.282,282,7079,Gendarmerie,GENDARMERIE 59650 VILLENEUVE D ASCQ,POINT (50.646684 3.129488),3.129488,50.646684,1,,1,,,0,VILLENEUVE D ASCQ
arret_point.284,284,1921,Petit Boulevard,PETIT BOULEVARD 59650 VILLENEUVE D ASCQ,POINT (50.626157 3.143759),3.143759,50.626157,1,,1,,,0,VILLENEUVE D ASCQ
arret_point.283,283,9069,Residence Univer,RESIDENCE UNIVERSITAIRE VILLENEUVE D'ASCQ,POINT (50.626938 3.122674),3.122674,50.626938,1,,1,,,0,VILLENEUVE D ASCQ
arret_point.289,289,4356,Haute Borne,HAUTE BORNE 59650 VILLENEUVE D ASCQ,POINT (50.607986 3.154138),3.154138,50.607986,1,,1,,,0,VILLENEUVE D ASCQ
arret_point.290,290,7650,Rue Thiers,RUE THIERS 59650 VILLENEUVE D'ASCQ,POINT (50.608793 3.174254),3.174254,50.608793,1,,1,,,0,VILLENEUVE D ASCQ
arret_point.292,292,5855,Trois Louches,LES TROIS LOUCHES 59118 WAMBRECHIES,POINT (50.701372 3.035785),3.035785,50.701372,1,,1,,,0,WAMBRECHIES
arret_point.291,291,7958,Le Touquet,LE TOUQUET CLE_COMMUNE: 86,POINT (50.702458 3.056054),3.056054,50.702458,1,,1,,,0,WAMBRECHIES
arret_point.293,293,7781,Gare,GARE DE WAMBRECHIES CLE_COMMUNE: 86,POINT (50.682803 3.044123),3.044123,50.682803,1,,1,,,0,WAMBRECHIES
arret_point.295,295,2084,Lamartine,WASQUEHAL LAMARTINE 59290 WASQUEHAL,POINT (50.688699 3.133628),3.133628,50.688699,1,,1,,,0,WASQUEHAL
arret_point.296,296,7089,Kleber,KLEBER 59139 WATTIGNIES,POINT (50.582863 3.030157),3.030157,50.582863,1,,1,,,0,WATTIGNIES
arret_point.297,297,4680,Duthoit,DUTHOIT 59150 WATTRELOS,POINT (50.694919 3.212726),3.212726,50.694919,1,,1,,,0,WATTRELOS
arret_point.298,298,2435,Mairie,BAUVIN MAIRIE 59221 BAUVIN,POINT (50.515126 2.896504),2.896504,50.515126,1,,1,,,0,BAUVIN
arret_point.299,299,2330,Place,ALLENNES LES MARAIS PLACE 59251 ALLENNES LES MARAIS,POINT (50.536003 2.952931),2.952931,50.536003,1,,1,,,0,ALLENNES LES MARAIS
arret_point.300,300,2477,Ferme Lassus,FERME LASSUS 7700 MOUSCRON BELGIQUE,POINT (50.717017 3.239364),3.239364,50.717017,1,,1,,,0,MOUSCRON BELGIQUE
arret_point.301,301,2472,Les Glycines,LES GLYCINES 7700 MOUSCRON BELGIQUE,POINT (50.713335 3.243761),3.243761,50.713335,1,,1,,,0,MOUSCRON BELGIQUE
arret_point.302,302,2506,Leers Nord Belgique,LEERS NORD BELGIQUE 07730 LEERS NORD BELGIQUE,POINT (50.688227 3.269286),3.269286,50.688227,1,,1,,,0,LEERS NORD BELGIQUE
arret_point.304,304,99,Cimetiere,ANSTAING CIMETIERE 59152 ANSTAING,POINT (50.606911 3.187149),3.187149,50.606911,1,,1,,,0,ANSTAING
arret_point.305,305,133,Louis Bleriot,LOUIS BLERIOT 59280 ARMENTIERES,POINT (50.703284 2.887977),2.887977,50.703284,1,,1,,,0,ARMENTIERES
arret_point.306,306,159,Frontiere,BAISIEUX FRONTIERE 59780 BAISIEUX,POINT (50.607848 3.253141),3.253141,50.607848,1,,1,,,0,BAISIEUX
arret_point.307,307,5737,Papeterie,PAPETERIE 59166 BOUSBECQUE,POINT (50.772259 3.084159),3.084159,50.772259,1,,1,,,0,BOUSBECQUE
arret_point.308,308,5736,Petit Paris,PETIT PARIS 59166 BOUSBECQUE,POINT (50.758384 3.093128),3.093128,50.758384,1,,1,,,0,BOUSBECQUE
arret_point.309,309,253,Desire Ducarin,DESIRE DUCARIN 59560 COMINES,POINT (50.75721 3.004019),3.004019,50.75721,1,,1,,,0,COMINES
arret_point.310,310,5738,Faidherbe,FAIDHERBE 59560 COMINES,POINT (50.765646 3.022671),3.022671,50.765646,1,,1,,,0,COMINES
arret_point.884,884,288,La Marque,LA MARQUE 59170 CROIX,POINT (50.666228 3.14912),3.14912,50.666228,1,,1,,,0,CROIX
arret_point.311,311,293,Trois Sources,TROIS SOURCES 59170 CROIX,POINT (50.677048 3.147334),3.147334,50.677048,1,,1,,,0,CROIX
arret_point.312,312,870,De Geyter,DE GEYTER 59000 LILLE,POINT (50.605222 3.057757),3.057757,50.605222,1,,1,,,0,LILLE
arret_point.313,313,359,Philippe De Girard,PHILIPPE DE GIRARD 59155 FACHES THUMESNIL,POINT (50.599532 3.053546),3.053546,50.599532,1,,1,,,0,FACHES THUMESNIL
arret_point.314,314,367,Eglise,FOREST EGLISE 59510 FOREST SUR MARQUE,POINT (50.636214 3.188959),3.188959,50.636214,1,,1,,,0,FOREST SUR MARQUE
arret_point.315,315,375,Victor Hugo,VICTOR HUGO 59134 FOURNES EN WEPPES,POINT (50.589959 2.893493),2.893493,50.589959,1,,1,,,0,FOURNES EN WEPPES
arret_point.316,316,407,La Bascule,LA BASCULE 59320 HALLENNES LEZ HAUBOURDIN,POINT (50.614164 2.969501),2.969501,50.614164,1,,1,,,0,HALLENNES LEZ HAUBOURDIN
arret_point.317,317,6827,Gambetta Leclerc,GAMBETTA LECLERC (RUE LEON GAMBETTA) 59320 HAUBOURDIN,POINT (50.608413 2.986909),2.986909,50.608413,1,,1,,,0,HAUBOURDIN
arret_point.798,798,5651,College,HOUPLINES COLLEGE ROGER SALENGRO  59116 HOUPLINES,POINT (50.688261 2.919213),2.919213,50.688261,1,,1,,,0,HOUPLINES
arret_point.319,319,9127,La Perche,LA PERCHE CLE_COMMUNE: 40,POINT (50.679526 2.873188),2.873188,50.679526,1,,1,,,0,LA CHAPELLE D ARMENTIERES
arret_point.320,320,5568,L'Armee,L'ARMEE 59930 LA CHAPELLE D ARMENTIERES,POINT (50.6692 2.869662),2.869662,50.6692,1,,1,,,0,LA CHAPELLE D ARMENTIERES
arret_point.321,321,633,Victoire,VICTOIRE 59130 LAMBERSART,POINT (50.646037 3.023119),3.023119,50.646037,1,,1,,,0,LAMBERSART
arret_point.512,512,682,Place,LANNOY PLACE 59390 LANNOY,POINT (50.66735 3.210789),3.210789,50.66735,1,,1,,,0,LANNOY
arret_point.322,322,711,Petit Bois,PETIT BOIS 59810 LESQUIN,POINT (50.586791 3.107572),3.107572,50.586791,1,,1,,,0,LESQUIN
arret_point.329,329,5498,Robert Descamps,ROBERT DESCAMPS 59126 LINSELLES,POINT (50.734361 3.086489),3.086489,50.734361,1,,1,,,0,LINSELLES
arret_point.328,328,991,Cimetiere,LINSELLES CIMETIERE 59126 LINSELLES,POINT (50.741714 3.08079),3.08079,50.741714,1,,1,,,0,LINSELLES
arret_point.330,330,993,Nouveau Monde,NOUVEAU MONDE 59126 LINSELLES,POINT (50.735732 3.105632),3.105632,50.735732,1,,1,,,0,LINSELLES
arret_point.331,331,996,Leo Lagrange,LEO LAGRANGE 59160 LOMME,POINT (50.630033 3.00857),3.00857,50.630033,1,,1,,,0,LOMME
arret_point.332,332,1037,Mairie,LOMPRET MAIRIE 59840 LOMPRET,POINT (50.669796 2.990417),2.990417,50.669796,1,,1,,,0,LOMPRET
arret_point.333,333,1068,Republique,REPUBLIQUE 59120 LOOS,POINT (50.608961 3.016858),3.016858,50.608961,1,,1,,,0,LOOS
arret_point.335,335,6282,Longchamp,LONGCHAMP 59120 LOOS,POINT (50.615048 3.002743),3.002743,50.615048,1,,1,,,0,LOOS
arret_point.334,334,1046,Happe Qui Peut,HAPPE QUI PEUT (RUE COULOIR BUS) 59120 LOOS,POINT (50.596593 3.037324),3.037324,50.596593,1,,1,,,0,LOOS
arret_point.336,336,1058,College Descartes,COLLEGE DESCARTES 59120 LOOS,POINT (50.608882 3.005058),3.005058,50.608882,1,,1,,,0,LOOS
arret_point.337,337,1085,Fresnoy,FRESNOY 59390 LYS LEZ LANNOY,POINT (50.673694 3.225665),3.225665,50.673694,1,,1,,,0,LYS LEZ LANNOY
arret_point.338,338,2630,Peri,PERI 59700 MARCQ EN BAROEUL,POINT (50.675712 3.089011),3.089011,50.675712,1,,1,,,0,MARCQ EN BAROEUL
arret_point.339,339,1110,Verdun,VERDUN 59700 MARCQ EN BAROEUL,POINT (50.672257 3.096723),3.096723,50.672257,1,,1,,,0,MARCQ EN BAROEUL
arret_point.340,340,1180,Lalau,LALAU 59520 MARQUETTE LEZ LILLE,POINT (50.673907 3.066978),3.066978,50.673907,1,,1,,,0,MARQUETTE LEZ LILLE
arret_point.341,341,4126,Ancienne Mairie,ANCIENNE MAIRIE 59370 MONS EN BAROEUL,POINT (50.645467 3.101902),3.101902,50.645467,1,,1,,,0,MONS EN BAROEUL
arret_point.342,342,1218,Lavoisier,LAVOISIER (RUE JACQUARD) 59370 MONS EN BAROEUL,POINT (50.634824 3.106958),3.106958,50.634824,1,,1,,,0,MONS EN BAROEUL
arret_point.343,343,4127,Bd Leclerc,BOULEVARD LECLERC 59370 MONS EN BAROEUL,POINT (50.637401 3.105009),3.105009,50.637401,1,,1,,,0,MONS EN BAROEUL
arret_point.1126,1126,6993,Reckem,RECKEM 59960 NEUVILLE EN FERRAIN,POINT (50.755827 3.159458),3.159458,50.755827,1,,1,,,0,NEUVILLE EN FERRAIN
arret_point.344,344,1316,Blanche Porte,QUESNOY BLANCHE PORTE 59890 QUESNOY SUR DEULE,POINT (50.717363 2.996931),2.996931,50.717363,1,,1,,,0,QUESNOY SUR DEULE
arret_point.345,345,6341,14 Juillet,14 JUILLET 59790 RONCHIN,POINT (50.603847 3.088284),3.088284,50.603847,1,,1,,,0,RONCHIN
arret_point.346,346,2965,Coubertin,COUBERTIN 59790 RONCHIN,POINT (50.604926 3.103834),3.103834,50.604926,1,,1,,,0,RONCHIN
arret_point.347,347,5597,Gounod,GOUNOD 59790 RONCHIN,POINT (50.59648 3.087116),3.087116,50.59648,1,,1,,,0,RONCHIN
arret_point.348,348,5518,Pied De Boeuf,PIED DE BOEUF 59223 RONCQ,POINT (50.736641 3.123864),3.123864,50.736641,1,,1,,,0,RONCQ
arret_point.349,349,1381,Faubourg De Roncq,FAUBOURG DE RONCQ 59223 RONCQ,POINT (50.759233 3.121053),3.121053,50.759233,1,,1,,,0,RONCQ
arret_point.68,68,1503,Roubaix Man Fraternite,ROUBAIX FRATERNITE 59100 ROUBAIX,POINT (50.68238 3.194717),3.194717,50.68238,1,,1,,,0,ROUBAIX
arret_point.1540,1540,7872,Avelghem,AVELGHEM CLE_COMMUNE: 68,POINT (50.695001 3.198534),3.198534,50.695001,1,,1,,,0,ROUBAIX
arret_point.350,350,1559,Cimetiere,ROUBAIX CIMETIERE 59100 ROUBAIX,POINT (50.701309 3.187839),3.187839,50.701309,1,,1,,,0,ROUBAIX
arret_point.351,351,5896,Rue Des Champs,RUE DES CHAMPS 59100 ROUBAIX,POINT (50.691657 3.166803),3.166803,50.691657,1,,1,,,0,ROUBAIX
arret_point.353,353,1526,Parc Des Sports,PARC DES SPORTS 59100 ROUBAIX,POINT (50.676227 3.201133),3.201133,50.676227,1,,1,,,0,ROUBAIX
arret_point.352,352,1433,Les Arts,LES ARTS 59100 ROUBAIX,POINT (50.6903 3.161697),3.161697,50.6903,1,,1,,,0,ROUBAIX
arret_point.354,354,1442,Franklin,FRANKLIN 59100 ROUBAIX,POINT (50.691035 3.194823),3.194823,50.691035,1,,1,,,0,ROUBAIX
arret_point.355,355,9084,Canal De Roubaix,CANAL DE ROUBAIX CLE_COMMUNE: 68,POINT (50.695744 3.187024),3.187024,50.695744,1,,1,,,0,ROUBAIX
arret_point.356,356,1590,Lardé,LARDÉ 59184 SAINGHIN EN WEPPES,POINT (50.553333 2.91449),2.91449,50.553333,1,,1,,,0,SAINGHIN EN WEPPES
arret_point.357,357,7631,Santes Eglise,SANTES EGLISE CLE_COMMUNE: 74,POINT (50.598349 2.957166),2.957166,50.598349,1,,1,,,0,SANTES
arret_point.358,358,1681,Jude Blanckaert,JUDE BLANCKAERT 59113 SECLIN,POINT (50.542633 3.027447),3.027447,50.542633,1,,1,,,0,SECLIN
arret_point.359,359,6932,Rue D'Ennetieres,RUE D ENNETIERES 59175 TEMPLEMARS,POINT (50.565826 3.064656),3.064656,50.565826,1,,1,,,0,TEMPLEMARS
arret_point.360,360,8988,Trieu Du Quesnoy,TRIEU DU QUESNOY CLE_COMMUNE: 79,POINT (50.669 3.233472),3.233472,50.669,1,,1,,,0,TOUFFLERS
arret_point.362,362,1779,Tilleul,TILLEUL 59200 TOURCOING,POINT (50.718834 3.169473),3.169473,50.718834,1,,1,,,0,TOURCOING
arret_point.1359,1359,5441,Mackellerie,MACKELLERIE 59200 TOURCOING,POINT (50.69479 3.154245),3.154245,50.69479,1,,1,,,0,TOURCOING
arret_point.363,363,1845,O. De Bousbecque,O. DE BOUSBECQUE 59200 TOURCOING,POINT (50.741827 3.184628),3.184628,50.741827,1,,1,,,0,TOURCOING
arret_point.361,361,1721,Hondschoote,HONDSCHOOTE 59200 TOURCOING,POINT (50.714302 3.164538),3.164538,50.714302,1,,1,,,0,TOURCOING
arret_point.364,364,1756,Anor,ANOR 59200 TOURCOING,POINT (50.72393 3.136579),3.136579,50.72393,1,,1,,,0,TOURCOING
arret_point.365,365,6843,Lycee Gambetta,LYCEE GAMBETTA (RUE DES QUAIS) 59200 TOURCOING,POINT (50.713801 3.157636),3.157636,50.713801,1,,1,,,0,TOURCOING
arret_point.366,366,1880,Gressart,GRESSART 59152 TRESSIN,POINT (50.623966 3.195985),3.195985,50.623966,1,,1,,,0,TRESSIN
arret_point.367,367,1896,Chemin De Sainghin,CHEMIN DE SAINGHIN 59237 VERLINGHEM,POINT (50.699903 3.011148),3.011148,50.699903,1,,1,,,0,VERLINGHEM
arret_point.370,370,1961,Florence,FLORENCE 59650 VILLENEUVE D ASCQ,POINT (50.6318 3.125543),3.125543,50.6318,1,,1,,,0,VILLENEUVE D ASCQ
arret_point.369,369,1917,Lafargue,LAFARGUE 59650 VILLENEUVE D ASCQ,POINT (50.668833 3.143079),3.143079,50.668833,1,,1,,,0,VILLENEUVE D ASCQ
arret_point.368,368,7060,Comices,COMICES 59650 VILLENEUVE D ASCQ,POINT (50.641363 3.153117),3.153117,50.641363,1,,1,,,0,VILLENEUVE D ASCQ
arret_point.371,371,1958,Bouderiez,BOUDERIEZ 59650 VILLENEUVE D ASCQ,POINT (50.618594 3.147881),3.147881,50.618594,1,,1,,,0,VILLENEUVE D ASCQ
arret_point.372,372,1997,Planche Epinoy,PLANCHE EPINOY 59650 VILLENEUVE D ASCQ,POINT (50.664339 3.145801),3.145801,50.664339,1,,1,,,0,VILLENEUVE D ASCQ
arret_point.373,373,6289,Chateau,WAMBRECHIES CHATEAU 59118 WAMBRECHIES,POINT (50.686508 3.053438),3.053438,50.686508,1,,1,,,0,WAMBRECHIES
arret_point.374,374,5828,Rte Deulemont,ROUTE DE DEULEMONT 59560 WARNETON,POINT (50.744513 2.945935),2.945935,50.744513,1,,1,,,0,WARNETON
arret_point.376,376,4650,Molinel,MOLINEL 59290 WASQUEHAL,POINT (50.674794 3.128311),3.128311,50.674794,1,,1,,,0,WASQUEHAL
arret_point.375,375,2060,Leo Lagrange,LEO LAGRANGE 59290 WASQUEHAL,POINT (50.683724 3.138759),3.138759,50.683724,1,,1,,,0,WASQUEHAL
arret_point.378,378,6940,Laennec,LAENNEC 59139 WATTIGNIES,POINT (50.589466 3.050583),3.050583,50.589466,1,,1,,,0,WATTIGNIES
arret_point.380,380,2172,Faure,FAURE 59150 WATTRELOS,POINT (50.708433 3.186208),3.186208,50.708433,1,,1,,,0,WATTRELOS
arret_point.379,379,2150,Centre,WATTRELOS CENTRE 59150 WATTRELOS,POINT (50.703043 3.214422),3.214422,50.703043,1,,1,,,0,WATTRELOS
arret_point.382,382,2872,La Fontaine,LA FONTAINE 59136 WAVRIN,POINT (50.566333 2.925782),2.925782,50.566333,1,,1,,,0,WAVRIN
arret_point.381,381,2223,Koenig,KOENIG 59136 WAVRIN,POINT (50.566033 2.928497),2.928497,50.566033,1,,1,,,0,WAVRIN
arret_point.670,670,8016,Rue Du Vert Touquet,RUE DU VERT TOUQUET FROMELLES,POINT (50.620676 2.853776),2.853776,50.620676,1,,1,,,0,FROMELLES
arret_point.384,384,9129,Rue Duthoit,RUE DUTHOIT CLE_COMMUNE: 793,POINT (50.629209 2.898598),2.898598,50.629209,1,,1,,,0,RADINGHEM EN WEPPES
arret_point.386,386,110,Raymond Lis,RAYMOND LIS 59280 ARMENTIERES,POINT (50.692007 2.884605),2.884605,50.692007,1,,1,,,0,ARMENTIERES
arret_point.385,385,5773,Jules Guesde,JULES GUESDE 59280 ARMENTIERES,POINT (50.682583 2.885998),2.885998,50.682583,1,,1,,,0,ARMENTIERES
arret_point.387,387,6897,Resistants,RESISTANTS 59280 ARMENTIERES,POINT (50.692401 2.870418),2.870418,50.692401,1,,1,,,0,ARMENTIERES
arret_point.388,388,140,Le Bizet,ARMENTIERES BIZET 59280 ARMENTIERES,POINT (50.705885 2.884051),2.884051,50.705885,1,,1,,,0,ARMENTIERES
arret_point.391,391,226,Jb Lebas,JB LEBAS 59910 BONDUES,POINT (50.717228 3.11292),3.11292,50.717228,1,,1,,,0,BONDUES
arret_point.392,392,5842,Chevron D'Or,CHEVRON D'OR 59560 COMINES,POINT (50.757819 2.992432),2.992432,50.757819,1,,1,,,0,COMINES
arret_point.393,393,283,Gare,CROIX GARE 59170 CROIX,POINT (50.677107 3.136959),3.136959,50.677107,1,,1,,,0,CROIX
arret_point.394,394,2548,Vert Feuillage,VERT FEUILLAGE 59840 PREMESQUES,POINT (50.649872 2.946842),2.946842,50.649872,1,,1,,,0,PREMESQUES
arret_point.24,24,5974,Fin De La Guerre,FIN DE LA GUERRE 59320 ESCOBECQUES,POINT (50.618958 2.938161),2.938161,50.618958,1,,1,,,0,ESCOBECQUES
arret_point.398,398,6638,Verdun,VERDUN 59155 FACHES THUMESNIL,POINT (50.590939 3.085173),3.085173,50.590939,1,,1,,,0,FACHES THUMESNIL
arret_point.395,395,5544,Av. De  Roubaix,AVENUE DE ROUBAIX 59155 FACHES THUMESNIL,POINT (50.596441 3.069653),3.069653,50.596441,1,,1,,,0,FACHES THUMESNIL
arret_point.397,397,345,Rue De Jemmapes,RUE DE JEMMAPES 59155 FACHES THUMESNIL,POINT (50.594474 3.076051),3.076051,50.594474,1,,1,,,0,FACHES THUMESNIL
arret_point.396,396,5552,Rue De Grenoble,RUE DE GRENOBLE 59155 FACHES THUMESNIL,POINT (50.595457 3.073698),3.073698,50.595457,1,,1,,,0,FACHES THUMESNIL
arret_point.399,399,5806,Zone Artisanale,ZONE ARTISANALE 59236 FRELINGHIEN,POINT (50.709111 2.931279),2.931279,50.709111,1,,1,,,0,FRELINGHIEN
arret_point.400,400,400,Maison D'Arret,MAISON D'ARRET 59320 HALLENNES LEZ HAUBOURDIN,POINT (50.617881 2.965332),2.965332,50.617881,1,,1,,,0,HALLENNES LEZ HAUBOURDIN
arret_point.402,402,473,Rue De La Canteraine,RUE DE LA CANTERAINE 59320 HAUBOURDIN,POINT (50.595167 2.98637),2.98637,50.595167,1,,1,,,0,HAUBOURDIN
arret_point.401,401,461,J. Luxembourg,J. LUXEMBOURG 59320 HAUBOURDIN,POINT (50.612641 2.972668),2.972668,50.612641,1,,1,,,0,HAUBOURDIN
arret_point.403,403,5917,Jean Jaures,JEAN JAURES 59260 HELLEMMES LILLE,POINT (50.62613 3.105724),3.105724,50.62613,1,,1,,,0,HELLEMMES LILLE
arret_point.405,405,493,Ecole,ECOLE 59260 HELLEMMES LILLE,POINT (50.622816 3.103446),3.103446,50.622816,1,,1,,,0,HELLEMMES LILLE
arret_point.406,406,530,Mairie,HERLIES MAIRIE 59134 HERLIES,POINT (50.57677 2.854872),2.854872,50.57677,1,,1,,,0,HERLIES
arret_point.408,408,5582,L'Octroi,L'OCTROI 59116 HOUPLINES,POINT (50.687747 2.898381),2.898381,50.687747,1,,1,,,0,HOUPLINES
arret_point.407,407,556,Hotel De Ville,HOUPLINES HOTEL DE VILLE 59116 HOUPLINES,POINT (50.689888 2.906835),2.906835,50.689888,1,,1,,,0,HOUPLINES
arret_point.1508,1508,625,Marche,MARCHE 59110 LA MADELEINE,POINT (50.654996 3.068874),3.068874,50.654996,1,,1,,,0,LA MADELEINE
arret_point.410,410,8018,Pont Royal,PONT ROYAL CLE_COMMUNE: 42,POINT (50.64861 3.045685),3.045685,50.64861,1,,1,,,0,LAMBERSART
arret_point.411,411,648,St Clement,ST CLEMENT 59130 LAMBERSART,POINT (50.654564 3.023673),3.023673,50.654564,1,,1,,,0,LAMBERSART
arret_point.412,412,683,Boutemy,BOUTEMY 59390 LANNOY,POINT (50.668796 3.210602),3.210602,50.668796,1,,1,,,0,LANNOY
arret_point.413,413,681,Pn Lannoy,PN LANNOY 59390 LANNOY,POINT (50.67063 3.207458),3.207458,50.67063,1,,1,,,0,LANNOY
arret_point.415,415,740,Descat,DESCAT 59810 LESQUIN,POINT (50.581315 3.11094),3.11094,50.581315,1,,1,,,0,LESQUIN
arret_point.414,414,738,Crt 3,CRT 3 59810 LESQUIN,POINT (50.579527 3.136752),3.136752,50.579527,1,,1,,,0,LESQUIN
arret_point.416,416,7070,Faidherbe,FAIDHERBE 59260 LEZENNES,POINT (50.616083 3.114396),3.114396,50.616083,1,,1,,,0,LEZENNES
arret_point.417,417,809,Cormontaigne,CORMONTAIGNE 59000 LILLE,POINT (50.626159 3.040601),3.040601,50.626159,1,,1,,,0,LILLE
arret_point.419,419,955,Universite Catholique,UNIVERSITE CATHOLIQUE 59000 LILLE,POINT (50.632449 3.046627),3.046627,50.632449,1,,1,,,0,LILLE
arret_point.422,422,775,Rue De Wazemmes,RUE DE WAZEMMES 59000 LILLE,POINT (50.622811 3.061226),3.061226,50.622811,1,,1,,,0,LILLE
arret_point.421,421,7833,Caserne Kleber,CASERNE KLEBER 59000 LILLE,POINT (50.64547 3.065702),3.065702,50.64547,1,,1,,,0,LILLE
arret_point.424,424,984,Stemberg,STEMBERG 59126 LINSELLES,POINT (50.747291 3.078088),3.078088,50.747291,1,,1,,,0,LINSELLES
arret_point.423,423,978,Les Trois Fetus,LES TROIS FETUS 59126 LINSELLES,POINT (50.72782 3.052067),3.052067,50.72782,1,,1,,,0,LINSELLES
arret_point.425,425,5957,Les Garennes,LES GARENNES 59840 LOMPRET,POINT (50.661748 3.005835),3.005835,50.661748,1,,1,,,0,LOMPRET
arret_point.426,426,1049,Guy Mocquet,GUY MOCQUET 59120 LOOS,POINT (50.602905 3.012139),3.012139,50.602905,1,,1,,,0,LOOS
arret_point.428,428,1126,Chateau Rouge,CHATEAU ROUGE 59700 MARCQ EN BAROEUL,POINT (50.679735 3.114427),3.114427,50.679735,1,,1,,,0,MARCQ EN BAROEUL
arret_point.427,427,1161,Eglise Saint Louis,EGLISE SAINT LOUIS 59700 MARCQ EN BAROEUL,POINT (50.659177 3.080648),3.080648,50.659177,1,,1,,,0,MARCQ EN BAROEUL
arret_point.429,429,1119,Barrois,BARROIS 59700 MARCQ EN BAROEUL,POINT (50.669311 3.100122),3.100122,50.669311,1,,1,,,0,MARCQ EN BAROEUL
arret_point.830,830,5942,Papeterie,PAPETERIE 59520 MARQUETTE LEZ LILLE,POINT (50.671006 3.066032),3.066032,50.671006,1,,1,,,0,MARQUETTE LEZ LILLE
arret_point.430,430,4067,Amidonnerie,AMIDONNERIE 59520 MARQUETTE LEZ LILLE,POINT (50.668121 3.065524),3.065524,50.668121,1,,1,,,0,MARQUETTE LEZ LILLE
arret_point.431,431,1230,Guinguette,GUINGUETTE 59370 MONS EN BAROEUL,POINT (50.636264 3.116205),3.116205,50.636264,1,,1,,,0,MONS EN BAROEUL
arret_point.432,432,5850,Mouvaux Coeur De Ville,SALLE DURIEUX 59420 MOUVAUX,POINT (50.70102 3.135605),3.135605,50.70102,1,,1,,,0,MOUVAUX
arret_point.1221,1221,6732,Triez,TRIEZ (RUE DE MOUVEAUX) 59290 WASQUEHAL,POINT (50.692651 3.131446),3.131446,50.692651,1,,1,,,0,ENGLOS
arret_point.433,433,1308,Le Tilleul,LE TILLEUL 59890 QUESNOY SUR DEULE,POINT (50.724991 3.020799),3.020799,50.724991,1,,1,,,0,QUESNOY SUR DEULE
arret_point.434,434,1319,Le Plaquet,LE PLAQUET 59890 QUESNOY SUR DEULE,POINT (50.701824 2.980554),2.980554,50.701824,1,,1,,,0,QUESNOY SUR DEULE
arret_point.436,436,5596,Coluche,COLUCHE 59790 RONCHIN,POINT (50.59939 3.093784),3.093784,50.59939,1,,1,,,0,RONCHIN
arret_point.435,435,4280,Le Cerf,LE CERF 59790 RONCHIN,POINT (50.595889 3.094281),3.094281,50.595889,1,,1,,,0,RONCHIN
arret_point.437,437,1545,Parc Barbieux,PARC BARBIEUX 59100 ROUBAIX,POINT (50.677849 3.161929),3.161929,50.677849,1,,1,,,0,ROUBAIX
arret_point.444,444,1428,Ermitage,ERMITAGE 59100 ROUBAIX,POINT (50.695412 3.169902),3.169902,50.695412,1,,1,,,0,ROUBAIX
arret_point.443,443,1427,Condition Publique,CONDITION PUBLIQUE 59100 ROUBAIX,POINT (50.691086 3.19135),3.19135,50.691086,1,,1,,,0,ROUBAIX
arret_point.438,438,1512,Trois Ponts,TROIS PONTS 59100 ROUBAIX,POINT (50.684566 3.201475),3.201475,50.684566,1,,1,,,0,ROUBAIX
arret_point.439,439,1431,Galon D'Eau,GALON D'EAU 59100 ROUBAIX,POINT (50.693224 3.188223),3.188223,50.693224,1,,1,,,0,ROUBAIX
arret_point.1,1,4417,Colisee,COLISEE 59100 ROUBAIX,POINT (50.69229 3.163241),3.163241,50.69229,1,,1,,,0,ROUBAIX
arret_point.1046,1046,7877,Place Chaptal,PLACE CHAPTAL CLE_COMMUNE: 68,POINT (50.694542 3.193556),3.193556,50.694542,1,,1,,,0,ROUBAIX
arret_point.440,440,1518,Buisine,BUISINE 59100 ROUBAIX,POINT (50.688142 3.18904),3.18904,50.688142,1,,1,,,0,ROUBAIX
arret_point.447,447,1546,Alfred Mongy,ALFRED MONGY 59100 ROUBAIX,POINT (50.687763 3.174886),3.174886,50.687763,1,,1,,,0,ROUBAIX
arret_point.445,445,4423,Sainte Elisabeth,SAINTE ELISABETH 59100 ROUBAIX,POINT (50.687666 3.183921),3.183921,50.687666,1,,1,,,0,ROUBAIX
arret_point.448,448,2559,Le Tilleul,LE TILLEUL 59262 SAINGHIN EN MELANTOIS,POINT (50.585081 3.167925),3.167925,50.585081,1,,1,,,0,SAINGHIN EN MELANTOIS
arret_point.449,449,1582,Ocron,OCRON 59184 SAINGHIN EN WEPPES,POINT (50.561731 2.888884),2.888884,50.561731,1,,1,,,0,SAINGHIN EN WEPPES
arret_point.451,451,7072,Ulysse Trelat,ULYSSE TRELAT 59350 SAINT ANDRE,POINT (50.658503 3.042552),3.042552,50.658503,1,,1,,,0,SAINT ANDRE
arret_point.450,450,4039,Foch,FOCH 59350 SAINT ANDRE,POINT (50.663133 3.050196),3.050196,50.663133,1,,1,,,0,SAINT ANDRE
arret_point.1442,1442,5689,Millenaires,MILLENAIRES 59496 SALOME,POINT (50.536464 2.843659),2.843659,50.536464,1,,1,,,0,SALOME
arret_point.452,452,5686,Coisne,COISNE 59496 SALOME,POINT (50.53096 2.827093),2.827093,50.53096,1,,1,,,0,SALOME
arret_point.454,454,5960,Hotel Voyageurs,HOTEL DES VOYAGEURS 59200 TOURCOING,POINT (50.72471 3.146313),3.146313,50.72471,1,,1,,,0,TOURCOING
arret_point.1057,1057,8780,Pont De Neuville,PONT DE NEUVILLE CLE_COMMUNE: 80,POINT (50.7368 3.170748),3.170748,50.7368,1,,1,,,0,TOURCOING
arret_point.453,453,1867,Touquet,TOUQUET 59200 TOURCOING,POINT (50.722252 3.181329),3.181329,50.722252,1,,1,,,0,TOURCOING
arret_point.456,456,6985,Racine,RACINE 59200 TOURCOING,POINT (50.737753 3.143415),3.143415,50.737753,1,,1,,,0,TOURCOING
arret_point.455,455,1799,Villas,VILLAS 59200 TOURCOING,POINT (50.696605 3.152467),3.152467,50.696605,1,,1,,,0,TOURCOING
arret_point.457,457,8927,Phalempins,RUE DES PHALEMPINS CLE_COMMUNE: 80,POINT (50.732801 3.151687),3.151687,50.732801,1,,1,,,0,TOURCOING
arret_point.458,458,1883,Bicentenaire,BICENTENAIRE 59152 TRESSIN,POINT (50.621213 3.195783),3.195783,50.621213,1,,1,,,0,TRESSIN
arret_point.459,459,2006,Chappe,CHAPPE 59650 VILLENEUVE D ASCQ,POINT (50.644047 3.12654),3.12654,50.644047,1,,1,,,0,VILLENEUVE D ASCQ
arret_point.460,460,1901,Stadium,STADIUM 59650 VILLENEUVE D ASCQ,POINT (50.631024 3.134684),3.134684,50.631024,1,,1,,,0,VILLENEUVE D ASCQ
arret_point.1452,1452,1982,Le Sart,LE SART 59650 VILLENEUVE D ASCQ,POINT (50.663351 3.139138),3.139138,50.663351,1,,1,,,0,VILLENEUVE D ASCQ
arret_point.463,463,1900,Ladriere,LADRIERE 59650 VILLENEUVE D ASCQ,POINT (50.631057 3.128141),3.128141,50.631057,1,,1,,,0,VILLENEUVE D ASCQ
arret_point.462,462,5600,Republique,ANNAPPES REPUBLIQUE 59650 VILLENEUVE D ASCQ,POINT (50.626278 3.149839),3.149839,50.626278,1,,1,,,0,VILLENEUVE D ASCQ
arret_point.465,465,2109,Hotel De Ville,WATTIGNIES HOTEL DE VILLE 59139 WATTIGNIES,POINT (50.588008 3.05138),3.05138,50.588008,1,,1,,,0,WATTIGNIES
arret_point.470,470,2204,Carnot,CARNOT 59150 WATTRELOS,POINT (50.696339 3.202201),3.202201,50.696339,1,,1,,,0,WATTRELOS
arret_point.467,467,6942,Quart. Beaulieu,WATTRELOS QUARTIER BEAULIEU 59150 WATTRELOS,POINT (50.703444 3.236025),3.236025,50.703444,1,,1,,,0,WATTRELOS
arret_point.468,468,6603,Saint Gerard,SAINT GERARD 59150 WATTRELOS,POINT (50.722509 3.18707),3.18707,50.722509,1,,1,,,0,WATTRELOS
arret_point.466,466,2155,Parc Du Lion,PARC DU LION 59150 WATTRELOS,POINT (50.706808 3.209586),3.209586,50.706808,1,,1,,,0,WATTRELOS
arret_point.472,472,2157,Hotel De Ville,WATTRELOS HOTEL DE VILLE 59150 WATTRELOS,POINT (50.702434 3.215499),3.215499,50.702434,1,,1,,,0,WATTRELOS
arret_point.471,471,4679,Egalite,EGALITE 59150 WATTRELOS,POINT (50.714969 3.202114),3.202114,50.714969,1,,1,,,0,WATTRELOS
arret_point.473,473,9028,Bois Grenier Cimetiere,BOIS GRENIER CIMETIERE CLE_COMMUNE: 212,POINT (50.647232 2.876016),2.876016,50.647232,1,,1,,,0,BOIS GRENIER
arret_point.474,474,2456,Gare,COMINES BELGIQUE GARE 7780 COMINES BELGIQUE,POINT (50.771299 2.997432),2.997432,50.771299,1,,1,,,0,COMINES BELGIQUE
arret_point.476,476,102,Jacques Cartier,JACQUES CARTIER 59280 ARMENTIERES,POINT (50.696746 2.887806),2.887806,50.696746,1,,1,,,0,ARMENTIERES
arret_point.475,475,6956,Renan Buisson,RENAN BUISSON 59280 ARMENTIERES,POINT (50.701084 2.884492),2.884492,50.701084,1,,1,,,0,ARMENTIERES
arret_point.477,477,6958,Pres Du Hem,PRES DU HEM 59280 ARMENTIERES,POINT (50.694902 2.882998),2.882998,50.694902,1,,1,,,0,ARMENTIERES
arret_point.478,478,151,Ogimont,OGIMONT 59780 BAISIEUX,POINT (50.614793 3.240706),3.240706,50.614793,1,,1,,,0,BAISIEUX
arret_point.479,479,169,Ferme Du Faux,FERME DU FAUX 59134 BEAUCAMPS LIGNY,POINT (50.616888 2.9095),2.9095,50.616888,1,,1,,,0,BEAUCAMPS LIGNY
arret_point.480,480,6360,Loridan,LORIDAN 59910 BONDUES,POINT (50.700699 3.086521),3.086521,50.700699,1,,1,,,0,BONDUES
arret_point.481,481,7002,Calmette,CALMETTE 59910 BONDUES,POINT (50.716917 3.129459),3.129459,50.716917,1,,1,,,0,BONDUES
arret_point.482,482,5793,Bondues Centre,BONDUES CENTRE 59910 BONDUES,POINT (50.70032 3.094212),3.094212,50.70032,1,,1,,,0,BONDUES
arret_point.484,484,5841,Gambetta,PLACE GAMBETTA 59560 COMINES,POINT (50.760825 3.00377),3.00377,50.760825,1,,1,,,0,COMINES
arret_point.483,483,7655,Le Hel,LE HEL CLE_COMMUNE: 12 COMINES,POINT (50.750256 2.984218),2.984218,50.750256,1,,1,,,0,COMINES
arret_point.485,485,276,Croix Saint Pierre,CROIX SAINT PIERRE 59170 CROIX,POINT (50.683775 3.152935),3.152935,50.683775,1,,1,,,0,CROIX
arret_point.486,486,314,Mairie,DON MAIRIE 59272 DON,POINT (50.547915 2.920088),2.920088,50.547915,1,,1,,,0,DON
arret_point.487,487,7660,Rue D'Haubourdin,RUE D'HAUBOURDIN CLE_COMMUNE: 17,POINT (50.624993 2.958568),2.958568,50.624993,1,,1,,,0,ENGLOS
arret_point.488,488,6921,Ctre Commercial,ENGLOS CENTRE COMMERCIAL 59320 ENNETIERES EN WEPPES,POINT (50.632208 2.965202),2.965202,50.632208,1,,1,,,0,ENNETIERES EN WEPPES
arret_point.490,490,949,Tilmant,TILMANT 59000 LILLE,POINT (50.607813 3.059444),3.059444,50.607813,1,,1,,,0,LILLE
arret_point.489,489,355,Mairie,FACHES MAIRIE 59155 FACHES THUMESNIL,POINT (50.603812 3.068718),3.068718,50.603812,1,,1,,,0,FACHES THUMESNIL
arret_point.491,491,5808,Centre,FRELINGHIEN CENTRE 59236 FRELINGHIEN,POINT (50.712246 2.932334),2.932334,50.712246,1,,1,,,0,FRELINGHIEN
arret_point.492,492,1295,Le Fresnel,LE FRESNEL 59840 PERENCHIES,POINT (50.680395 2.959723),2.959723,50.680395,1,,1,,,0,PERENCHIES
arret_point.493,493,393,Mairie,FRETIN MAIRIE 59273 FRETIN,POINT (50.559567 3.13525),3.13525,50.559567,1,,1,,,0,FRETIN
arret_point.889,889,417,Gounod,HALLUIN GOUNOD 59250 HALLUIN,POINT (50.780594 3.110058),3.110058,50.780594,1,,1,,,0,HALLUIN
arret_point.497,497,433,Jean Jaures,JEAN JAURES 59250 HALLUIN,POINT (50.785775 3.119023),3.119023,50.785775,1,,1,,,0,HALLUIN
arret_point.495,495,5979,Semard,SEMARD 59250 HALLUIN,POINT (50.780922 3.119259),3.119259,50.780922,1,,1,,,0,HALLUIN
arret_point.496,496,6651,Koninginnestraat,KONINGINNESTRAAT 59250 HALLUIN,POINT (50.787587 3.133172),3.133172,50.787587,1,,1,,,0,HALLUIN
arret_point.499,499,5898,2 Nations,2 NATIONS 59250 HALLUIN,POINT (50.787781 3.139216),3.139216,50.787781,1,,1,,,0,HALLUIN
arret_point.498,498,2691,Stele Des Enfant,STELE DES ENFANTS 59250 HALLUIN,POINT (50.782592 3.134408),3.134408,50.782592,1,,1,,,0,HALLUIN
arret_point.500,500,482,Derville,DERVILLE 59260 HELLEMMES LILLE,POINT (50.63356 3.112454),3.112454,50.63356,1,,1,,,0,HELLEMMES LILLE
arret_point.501,501,7654,Calmette,CALMETTE CLE_COMMUNE: 34,POINT (50.668276 3.192513),3.192513,50.668276,1,,1,,,0,HEM
arret_point.502,502,5722,Rue Chobourdin,RUE DU CHOBOURDIN 59134 HERLIES,POINT (50.58316 2.852106),2.852106,50.58316,1,,1,,,0,HERLIES
arret_point.504,504,6355,Pharmacie,PHARMACIE 59263 HOUPLIN ANCOISNE,POINT (50.57356 2.995712),2.995712,50.57356,1,,1,,,0,HOUPLIN ANCOISNE
arret_point.503,503,540,Place,HOUPLIN ANCOISNE PLACE 59263 HOUPLIN ANCOISNE,POINT (50.562101 3.003054),3.003054,50.562101,1,,1,,,0,HOUPLIN ANCOISNE
arret_point.505,505,567,Gravelin,ILLIES GRAVELIN 59480 ILLIES,POINT (50.55627 2.837649),2.837649,50.55627,1,,1,,,0,ILLIES
arret_point.507,507,5658,Saint Jacques,SAINT JACQUES 59930 LA CHAPELLE D ARMENTIERES,POINT (50.664032 2.919693),2.919693,50.664032,1,,1,,,0,LA CHAPELLE D ARMENTIERES
arret_point.506,506,591,Hotel De Ville,LA CHAPELLE D'ARMENTIERES HOTEL DE VILLE 59930 LA CHAPELLE D ARMENTIERES,POINT (50.672625 2.89639),2.89639,50.672625,1,,1,,,0,LA CHAPELLE D ARMENTIERES
arret_point.699,699,7115,Joffre,JOFFRE 59110 LA MADELEINE,POINT (50.653499 3.067103),3.067103,50.653499,1,,1,,,0,LA MADELEINE
arret_point.508,508,665,Lenglet,LENGLET 59130 LAMBERSART,POINT (50.654944 3.010132),3.010132,50.654944,1,,1,,,0,LAMBERSART
arret_point.509,509,675,Sainte Cecile,SAINTE CECILE 59130 LAMBERSART,POINT (50.641931 3.030779),3.030779,50.641931,1,,1,,,0,LAMBERSART
arret_point.510,510,3962,Hippodrome,HIPPODROME 59130 LAMBERSART,POINT (50.645787 3.027615),3.027615,50.645787,1,,1,,,0,LAMBERSART
arret_point.511,511,636,Conquerants,LAMBERSART CONQUERANTS 59130 LAMBERSART,POINT (50.660182 3.015071),3.015071,50.660182,1,,1,,,0,LAMBERSART
arret_point.513,513,694,Ferme D'Halluin,FERME D'HALLUIN 59115 LEERS,POINT (50.686015 3.223639),3.223639,50.686015,1,,1,,,0,LEERS
arret_point.514,514,725,Verdun,LESQUIN VERDUN 59810 LESQUIN,POINT (50.589731 3.113719),3.113719,50.589731,1,,1,,,0,LESQUIN
arret_point.515,515,6970,Magasin,MAGASIN 59000 LILLE,POINT (50.645778 3.054505),3.054505,50.645778,1,,1,,,0,LILLE
arret_point.519,519,773,République Beaux-Arts,LILLE REPUBLIQUE BEAUX ARTS 59000 LILLE,POINT (50.631769 3.061793),3.061793,50.631769,1,,1,,,0,LILLE
arret_point.1202,1202,863,Les Bateliers,LES BATELIERS 59000 LILLE,POINT (50.645528 3.062049),3.062049,50.645528,1,,1,,,0,LILLE
arret_point.516,516,6971,W. Churchill,W. CHURCHILL 59000 LILLE,POINT (50.648394 3.061258),3.061258,50.648394,1,,1,,,0,LILLE
arret_point.518,518,872,Boulevard De Metz,BOULEVARD DE METZ 59000 LILLE,POINT (50.619392 3.041154),3.041154,50.619392,1,,1,,,0,LILLE
arret_point.517,517,6731,Voltaire,VOLTAIRE (RUE DE SAIT ANDRE),POINT (50.643074 3.056723),3.056723,50.643074,1,,1,,,0,LILLE
arret_point.709,709,7541,Sacre Coeur,SACRE COEUR LILLE,POINT (50.632971 3.052431),3.052431,50.632971,1,,1,,,0,LILLE
arret_point.12,12,873,Trevise,TREVISE 59000 LILLE,POINT (50.62104 3.072481),3.072481,50.62104,1,,1,,,0,LILLE
arret_point.520,520,3999,Cite Mouray,CITE MOURAY 59160 LOMME,POINT (50.646593 2.998494),2.998494,50.646593,1,,1,,,0,LOMME
arret_point.521,521,1087,Tour Eiffel,TOUR EIFFEL 59390 LYS LEZ LANNOY,POINT (50.665476 3.214524),3.214524,50.665476,1,,1,,,0,LYS LEZ LANNOY
arret_point.522,522,5932,Ferme Aux Oies,MARCQ FERME AUX OIES 59700 MARCQ EN BAROEUL,POINT (50.685865 3.102267),3.102267,50.685865,1,,1,,,0,MARCQ EN BAROEUL
arret_point.523,523,1171,Cimetiere,MARCQ CIMETIERE 59700 MARCQ EN BAROEUL,POINT (50.67474 3.079257),3.079257,50.67474,1,,1,,,0,MARCQ EN BAROEUL
arret_point.524,524,5934,Faure,FAURE 59520 MARQUETTE LEZ LILLE,POINT (50.669504 3.052855),3.052855,50.669504,1,,1,,,0,MARQUETTE LEZ LILLE
arret_point.525,525,7107,Trocadero,TROCADERO 59370 MONS EN BAROEUL,POINT (50.646519 3.111512),3.111512,50.646519,1,,1,,,0,MONS EN BAROEUL
arret_point.526,526,5852,Place De La Paix,PLACE DE LA PAIX 59420 MOUVAUX,POINT (50.699157 3.132439),3.132439,50.699157,1,,1,,,0,MOUVAUX
arret_point.527,527,1232,Cimetiere,MOUVAUX CIMETIERE 59420 MOUVAUX,POINT (50.709084 3.127089),3.127089,50.709084,1,,1,,,0,MOUVAUX
arret_point.529,529,1283,Lhermitte,LHERMITTE 59139 NOYELLES LEZ SECLIN,POINT (50.573778 3.031257),3.031257,50.573778,1,,1,,,0,NOYELLES LEZ SECLIN
arret_point.530,530,1286,College Monod,COLLEGE MONOD 59840 PERENCHIES,POINT (50.670804 2.974367),2.974367,50.670804,1,,1,,,0,PERENCHIES
arret_point.531,531,7033,Le Boulois,LE BOULOIS 59223 RONCQ,POINT (50.729218 3.116088),3.116088,50.729218,1,,1,,,0,RONCQ
arret_point.532,532,2671,Casanova,CASANOVA 59223 RONCQ,POINT (50.759298 3.112146),3.112146,50.759298,1,,1,,,0,RONCQ
arret_point.533,533,2653,Chats Huants,CHATS HUANTS 59223 RONCQ,POINT (50.746545 3.126325),3.126325,50.746545,1,,1,,,0,RONCQ
arret_point.535,535,4708,Ernest Renan,ERNEST RENAN 59100 ROUBAIX,POINT (50.680779 3.184962),3.184962,50.680779,1,,1,,,0,ROUBAIX
arret_point.539,539,1414,Jules Guesde,JULES GUESDE 59100 ROUBAIX,POINT (50.686202 3.186791),3.186791,50.686202,1,,1,,,0,ROUBAIX
arret_point.536,536,1459,Avenue Des Sports,AVENUE DES SPORTS 59100 ROUBAIX,POINT (50.678849 3.207079),3.207079,50.678849,1,,1,,,0,ROUBAIX
arret_point.538,538,1388,Nations Unies,NATIONS UNIES (RUE DE BLANCHEMAILLE) 59100 ROUBAIX,POINT (50.697444 3.167832),3.167832,50.697444,1,,1,,,0,ROUBAIX
arret_point.534,534,7657,Blanchemaille,BLANCHEMAILLE CLE_COMMUNE: 68,POINT (50.69656 3.167224),3.167224,50.69656,1,,1,,,0,ROUBAIX
arret_point.540,540,4432,Mackellerie,MACKELLERIE 59100 ROUBAIX,POINT (50.694529 3.155737),3.155737,50.694529,1,,1,,,0,ROUBAIX
arret_point.541,541,1628,Saint Michel Sur  Loire,SAINT MICHEL SUR  LOIRE 59496 SALOME,POINT (50.531516 2.840583),2.840583,50.531516,1,,1,,,0,SALOME
arret_point.542,542,6927,Centre Commercial,SECLIN CENTRE COMMERCIAL 59113 SECLIN,POINT (50.549626 3.051874),3.051874,50.549626,1,,1,,,0,SECLIN
arret_point.544,544,5667,D. Penitentiaire,DOMAINE PENITENTIAIRE 59320 SEQUEDIN,POINT (50.618798 2.994277),2.994277,50.618798,1,,1,,,0,SEQUEDIN
arret_point.543,543,5577,Europe,EUROPE 59320 SEQUEDIN,POINT (50.632081 2.979262),2.979262,50.632081,1,,1,,,0,SEQUEDIN
arret_point.553,553,9098,Parc De L'Yser,PARC DE L'YSER CLE_COMMUNE: 80,POINT (50.7429 3.170652),3.170652,50.7429,1,,1,,,0,TOURCOING
arret_point.545,545,7124,Tourcoing Centre,TOURCOING CENTRE 59200 TOURCOING,POINT (50.72116 3.158294),3.158294,50.72116,1,,1,,,0,TOURCOING
arret_point.557,557,1816,Carliers,CARLIERS 59200 TOURCOING,POINT (50.711278 3.159332),3.159332,50.711278,1,,1,,,0,TOURCOING
arret_point.551,551,1754,Descat,DESCAT 59200 TOURCOING,POINT (50.694872 3.151238),3.151238,50.694872,1,,1,,,0,TOURCOING
arret_point.554,554,1744,Orions,ORIONS (BOULEVARD D HALLUIN) 59200 TOURCOING,POINT (50.732905 3.132921),3.132921,50.732905,1,,1,,,0,TOURCOING
arret_point.549,549,1789,Roitelet,ROITELET 59200 TOURCOING,POINT (50.738939 3.175448),3.175448,50.738939,1,,1,,,0,TOURCOING
arret_point.547,547,4484,Berquier,BERQUIER 59200 TOURCOING,POINT (50.746128 3.174749),3.174749,50.746128,1,,1,,,0,TOURCOING
arret_point.546,546,7116,Omnibus,OMNIBUS 59200 TOURCOING,POINT (50.712302 3.165861),3.165861,50.712302,1,,1,,,0,TOURCOING
arret_point.548,548,1837,Risquons Tout,TOURCOING RISQUONS TOUT 59200 TOURCOING,POINT (50.748018 3.180393),3.180393,50.748018,1,,1,,,0,TOURCOING
arret_point.552,552,1798,Haubourdin,HAUBOURDIN 59200 TOURCOING,POINT (50.717672 3.14456),3.14456,50.717672,1,,1,,,0,TOURCOING
arret_point.558,558,5590,Curie,CURIE 59200 TOURCOING,POINT (50.734216 3.184132),3.184132,50.734216,1,,1,,,0,TOURCOING
arret_point.559,559,5755,Rue De Gand,RUE DE GAND 59200 TOURCOING,POINT (50.737938 3.162909),3.162909,50.737938,1,,1,,,0,TOURCOING
arret_point.1555,1555,1878,P.N. De Tressin,P.N. DE TRESSIN 59152 TRESSIN,POINT (50.611916 3.191154),3.191154,50.611916,1,,1,,,0,TRESSIN
arret_point.560,560,7143,Calvaire,CALVAIRE 59237 VERLINGHEM,POINT (50.684059 3.000218),3.000218,50.684059,1,,1,,,0,VERLINGHEM
arret_point.561,561,1894,Fontaine,FONTAINE 59237 VERLINGHEM,POINT (50.686002 2.997561),2.997561,50.686002,1,,1,,,0,VERLINGHEM
arret_point.564,564,1928,Horizon,HORIZON 59650 VILLENEUVE D ASCQ,POINT (50.6052 3.157616),3.157616,50.6052,1,,1,,,0,VILLENEUVE D ASCQ
arret_point.563,563,1914,Bois Blancs,BOIS BLANCS 59650 VILLENEUVE D ASCQ,POINT (50.619659 3.14144),3.14144,50.619659,1,,1,,,0,VILLENEUVE D ASCQ
arret_point.562,562,2014,Pave Bleu,PAVE BLEU 59650 VILLENEUVE D ASCQ,POINT (50.646078 3.135743),3.135743,50.646078,1,,1,,,0,VILLENEUVE D ASCQ
arret_point.565,565,2010,Rue De Babylone,RUE DE BABYLONE 59650 VILLENEUVE D ASCQ,POINT (50.657556 3.140484),3.140484,50.657556,1,,1,,,0,VILLENEUVE D ASCQ
arret_point.566,566,2026,Agrippin,WAMBRECHIES AGRIPPIN 59118 WAMBRECHIES,POINT (50.686858 3.037643),3.037643,50.686858,1,,1,,,0,WAMBRECHIES
arret_point.568,568,5860,Pasteur,PASTEUR 59118 WAMBRECHIES,POINT (50.68125 3.047433),3.047433,50.68125,1,,1,,,0,WAMBRECHIES
arret_point.569,569,5909,Paul Verlaine,PAUL VERLAINE 59118 WAMBRECHIES,POINT (50.704364 3.066095),3.066095,50.704364,1,,1,,,0,WAMBRECHIES
arret_point.567,567,2028,Bouverie,BOUVERIE 59118 WAMBRECHIES,POINT (50.686771 3.059033),3.059033,50.686771,1,,1,,,0,WAMBRECHIES
arret_point.570,570,2025,Route De Linselles,ROUTE DE LINSELLES 59118 WAMBRECHIES,POINT (50.709236 3.061237),3.061237,50.709236,1,,1,,,0,WAMBRECHIES
arret_point.571,571,6851,Molinel,MOLINEL 59290 WASQUEHAL,POINT (50.688861 3.115218),3.115218,50.688861,1,,1,,,0,WASQUEHAL
arret_point.572,572,5877,Jp Sartre,WASQUEHAL JEAN PAUL SARTRE 59290 WASQUEHAL,POINT (50.672246 3.134058),3.134058,50.672246,1,,1,,,0,WASQUEHAL
arret_point.573,573,6324,Wattignies Blum,WATTIGNIES BLUM 59139 WATTIGNIES,POINT (50.590988 3.051084),3.051084,50.590988,1,,1,,,0,WATTIGNIES
arret_point.469,469,3034,Square Calmette,SQUARE CALMETTE WATTRELOS,POINT (50.706677 3.201377),3.201377,50.706677,1,,1,,,0,WATTRELOS
arret_point.576,576,2208,Centre Commercial,= ANCIEN PN CARNOT(MODIF LT 2014) 59150 WATTRELOS,POINT (50.698899 3.209349),3.209349,50.698899,1,,1,,,0,WATTRELOS
arret_point.575,575,2126,Winhoutte,WINHOUTTE 59150 WATTRELOS,POINT (50.716389 3.2005),3.2005,50.716389,1,,1,,,0,WATTRELOS
arret_point.574,574,4971,Cimetiere,CIMETIERE DU CRETINIER 59150 WATTRELOS,POINT (50.713932 3.188675),3.188675,50.713932,1,,1,,,0,WATTRELOS
arret_point.577,577,2240,Vieux Tilleul,VIEUX TILLEUL 59134 WICRES,POINT (50.572349 2.862856),2.862856,50.572349,1,,1,,,0,WICRES
arret_point.578,578,2246,Eglise,BOUVINES EGLISE 59830 BOUVINES,POINT (50.578579 3.187345),3.187345,50.578579,1,,1,,,0,BOUVINES
arret_point.1571,1571,2353,Mairie,CARNIN MAIRIE 59112 CARNIN,POINT (50.518544 2.95836),2.95836,50.518544,1,,1,,,0,CARNIN
arret_point.1265,1265,8017,Jb Messean,JEAN BAPTISTE MESSEAN CLE_COMMUNE: 212,POINT (50.636112 2.871115),2.871115,50.636112,1,,1,,,0,BOIS GRENIER
arret_point.579,579,2489,Chapelle,CHAPELLE 7700 MOUSCRON BELGIQUE,POINT (50.72616 3.231587),3.231587,50.72616,1,,1,,,0,MOUSCRON BELGIQUE
arret_point.580,580,2482,Rue De Rollegem,RUE DE ROLLEGEM 7700 MOUSCRON BELGIQUE,POINT (50.743852 3.227169),3.227169,50.743852,1,,1,,,0,MOUSCRON BELGIQUE
arret_point.583,583,7220,Voie 22,VOIE 22 59910 BONDUES,POINT (50.708173 3.078595),3.078595,50.708173,1,,1,,,0,BONDUES
arret_point.582,582,6584,Les Fougères,LES FOUGÈRES 59420 MOUVAUX,POINT (50.713091 3.130331),3.130331,50.713091,1,,1,,,0,MOUVAUX
arret_point.581,581,5794,Saint Georges,SAINT GEORGES 59910 BONDUES,POINT (50.703768 3.083332),3.083332,50.703768,1,,1,,,0,BONDUES
arret_point.584,584,5735,La Dreve,LA DREVE 59166 BOUSBECQUE,POINT (50.765198 3.087603),3.087603,50.765198,1,,1,,,0,BOUSBECQUE
arret_point.585,585,5733,Cimetiere,BOUSBECQUE CIMETIERE 59166 BOUSBECQUE,POINT (50.765645 3.0774),3.0774,50.765645,1,,1,,,0,BOUSBECQUE
arret_point.587,587,5803,Pont Rouge,PONT ROUGE 59890 DEULEMONT,POINT (50.727317 2.940978),2.940978,50.727317,1,,1,,,0,DEULEMONT
arret_point.586,586,311,Bel Arbre,BEL ARBRE 59890 DEULEMONT,POINT (50.73318 2.947012),2.947012,50.73318,1,,1,,,0,DEULEMONT
arret_point.588,588,5588,Source,SOURCE 59320 EMMERIN,POINT (50.58314 3.012506),3.012506,50.58314,1,,1,,,0,EMMERIN
arret_point.589,589,5523,Ghesquiere,GHESQUIERE 59320 EMMERIN,POINT (50.597905 2.999499),2.999499,50.597905,1,,1,,,0,EMMERIN
arret_point.590,590,5888,Ste M. Madeleine,STE MARIE MADELEINE 59320 ENGLOS,POINT (50.627461 2.956582),2.956582,50.627461,1,,1,,,0,ENGLOS
arret_point.591,591,6316,Fort Mahieu,FORT MAHIEU 59193 ERQUINGHEM LYS,POINT (50.680643 2.85952),2.85952,50.680643,1,,1,,,0,ERQUINGHEM LYS
arret_point.593,593,354,La Jappe,LA JAPPE 59155 FACHES THUMESNIL,POINT (50.600824 3.071733),3.071733,50.600824,1,,1,,,0,FACHES THUMESNIL
arret_point.592,592,356,Cimetiere,FACHES CIMETIERE 59155 FACHES THUMESNIL,POINT (50.591327 3.075807),3.075807,50.591327,1,,1,,,0,FACHES THUMESNIL
arret_point.594,594,365,Mairie,FOREST MAIRIE 59510 FOREST SUR MARQUE,POINT (50.633778 3.189694),3.189694,50.633778,1,,1,,,0,FOREST SUR MARQUE
arret_point.596,596,6264,Jardin Public,JARDIN PUBLIC 59320 HAUBOURDIN,POINT (50.611376 2.988089),2.988089,50.611376,1,,1,,,0,HAUBOURDIN
arret_point.595,595,454,Gare,HAUBOURDIN GARE 59320 HAUBOURDIN,POINT (50.607204 2.989924),2.989924,50.607204,1,,1,,,0,HAUBOURDIN
arret_point.598,598,5620,Rue Des Ecoles,RUE DES ECOLES 59510 HEM,POINT (50.663471 3.190864),3.190864,50.663471,1,,1,,,0,HEM
arret_point.597,597,6939,Laennec,LAENNEC 59510 HEM,POINT (50.665965 3.198556),3.198556,50.665965,1,,1,,,0,HEM
arret_point.599,599,6639,Piscine Herlies,PISCINE D'HERLIES 59134 HERLIES,POINT (50.572055 2.853851),2.853851,50.572055,1,,1,,,0,HERLIES
arret_point.600,600,4539,Saint Exupery,SAINT EXUPERY 59116 HOUPLINES,POINT (50.695743 2.920741),2.920741,50.695743,1,,1,,,0,HOUPLINES
arret_point.601,601,7814,La Bassee Hdv,HOTEL DE VILLE CLE_COMMUNE: 39,POINT (50.531876 2.803835),2.803835,50.531876,1,,1,,,0,LA BASSEE
arret_point.602,602,589,Ringot,RINGOT 59930 LA CHAPELLE D ARMENTIERES,POINT (50.676198 2.889555),2.889555,50.676198,1,,1,,,0,LA CHAPELLE D ARMENTIERES
arret_point.603,603,9005,Av Industrielle,AVENUE INDUSTRIELLE LA CHAPELLE D'ARMENTIÈRES,POINT (50.65428 2.906584),2.906584,50.65428,1,,1,,,0,LA CHAPELLE D ARMENTIERES
arret_point.1401,1401,613,Saint Maur,SAINT MAUR 59110 LA MADELEINE,POINT (50.651958 3.081952),3.081952,50.651958,1,,1,,,0,LA MADELEINE
arret_point.605,605,971,Bois Blancs,BOIS BLANCS (AVENUE DE DUNKERQUE) 59000 LILLE,POINT (50.634253 3.030672),3.030672,50.634253,1,,1,,,0,LILLE
arret_point.607,607,671,Foucault,FOUCAULT 59130 LAMBERSART,POINT (50.653934 3.017668),3.017668,50.653934,1,,1,,,0,LAMBERSART
arret_point.606,606,660,Hotel De Ville,LAMBERSART HOTEL DE VILLE 59130 LAMBERSART,POINT (50.648365 3.022233),3.022233,50.648365,1,,1,,,0,LAMBERSART
arret_point.608,608,688,La Plaine,LA PLAINE 59115 LEERS,POINT (50.670153 3.237783),3.237783,50.670153,1,,1,,,0,LEERS
arret_point.612,612,940,Cimetiere Du Sud,CIMETIERE DU SUD 59000 LILLE,POINT (50.612569 3.046782),3.046782,50.612569,1,,1,,,0,LILLE
arret_point.610,610,838,Jb Lebas,JB LEBAS 59000 LILLE,POINT (50.625492 3.068922),3.068922,50.625492,1,,1,,,0,LILLE
arret_point.611,611,774,Madeleine Caulier,CAULIER 59000 LILLE,POINT (50.636522 3.087491),3.087491,50.636522,1,,1,,,0,LILLE
arret_point.609,609,5485,Citadelle,CITADELLE  59000 LILLE,POINT (50.638438 3.054823),3.054823,50.638438,1,,1,,,0,LILLE
arret_point.613,613,6841,Grand Palais,LILLE GRAND PALAIS 59000 LILLE,POINT (50.629822 3.075445),3.075445,50.629822,1,,1,,,0,LILLE
arret_point.615,615,5500,Vert Feuillage,VERT FEUILLAGE 59126 LINSELLES,POINT (50.743294 3.085026),3.085026,50.743294,1,,1,,,0,LINSELLES
arret_point.614,614,989,Freres D'Halluin,FRERES D'HALLUIN 59126 LINSELLES,POINT (50.739046 3.073952),3.073952,50.739046,1,,1,,,0,LINSELLES
arret_point.616,616,1004,Maison Des Enfants,MAISON DES ENFANTS 59160 LOMME,POINT (50.646333 2.994949),2.994949,50.646333,1,,1,,,0,LOMME
arret_point.619,619,6275,Ferme D'Ennequin,FERME D'ENNEQUIN 59120 LOOS,POINT (50.607368 3.021094),3.021094,50.607368,1,,1,,,0,LOOS
arret_point.618,618,6281,Clemenceau,LOOS CLEMENCEAU 59120 LOOS,POINT (50.614241 3.011023),3.011023,50.614241,1,,1,,,0,LOOS
arret_point.621,621,4106,Quesne Mairie,QUESNE MAIRIE 59700 MARCQ EN BAROEUL,POINT (50.674551 3.094076),3.094076,50.674551,1,,1,,,0,MARCQ EN BAROEUL
arret_point.622,622,6756,Pilon,PILON (RUE DES ROUGES BARRES) 59700 MARCQ EN BAROEUL,POINT (50.650429 3.091425),3.091425,50.650429,1,,1,,,0,MARCQ EN BAROEUL
arret_point.625,625,8966,Lazaro,LAZARO CLE_COMMUNE: 56,POINT (50.680186 3.083418),3.083418,50.680186,1,,1,,,0,MARQUETTE LEZ LILLE
arret_point.624,624,1188,Cimetiere,MARCQ CIMETIERE 59520 MARQUETTE LEZ LILLE,POINT (50.675009 3.079275),3.079275,50.675009,1,,1,,,0,MARQUETTE LEZ LILLE
arret_point.623,623,4082,Marquette Mairie,MARQUETTE MAIRIE 59520 MARQUETTE LEZ LILLE,POINT (50.677174 3.065021),3.065021,50.677174,1,,1,,,0,MARQUETTE LEZ LILLE
arret_point.626,626,9135,Les Voiles,MARQUETTE LES VOILES CLE_COMMUNE: 56,POINT (50.681492 3.063008),3.063008,50.681492,1,,1,,,0,MARQUETTE LEZ LILLE
arret_point.627,627,5943,Leon Blum,LEON BLUM 59370 MONS EN BAROEUL,POINT (50.65042 3.110274),3.110274,50.65042,1,,1,,,0,MONS EN BAROEUL
arret_point.628,628,1247,Rue De Londres,RUE DE LONDRES 59420 MOUVAUX,POINT (50.70252 3.133835),3.133835,50.70252,1,,1,,,0,MOUVAUX
arret_point.629,629,1307,Clos Du Rivage,CLOS DU RIVAGE 59890 QUESNOY SUR DEULE,POINT (50.707962 3.002061),3.002061,50.707962,1,,1,,,0,QUESNOY SUR DEULE
arret_point.630,630,5558,Ronchin Mairie,RONCHIN MAIRIE 59790 RONCHIN,POINT (50.605063 3.076983),3.076983,50.605063,1,,1,,,0,RONCHIN
arret_point.631,631,5557,Jean Jaures,JEAN JAURES 59790 RONCHIN,POINT (50.609908 3.075334),3.075334,50.609908,1,,1,,,0,RONCHIN
arret_point.633,633,6944,Dronckaert,DRONCKAERT 59223 RONCQ,POINT (50.740179 3.131638),3.131638,50.740179,1,,1,,,0,RONCQ
arret_point.632,632,6763,Blanc Four,BLANC FOUR (RUE DE LILLE) 59223 RONCQ,POINT (50.738446 3.116388),3.116388,50.738446,1,,1,,,0,RONCQ
arret_point.634,634,1359,Cimetiere Du Blanc Four,CIMETIERE DU BLANC FOUR 59223 RONCQ,POINT (50.73574 3.111582),3.111582,50.73574,1,,1,,,0,RONCQ
arret_point.636,636,1408,Centre Medical Barbieux,CENTRE MEDICAL BARBIEUX 59100 ROUBAIX,POINT (50.679553 3.169962),3.169962,50.679553,1,,1,,,0,ROUBAIX
arret_point.635,635,6982,Square Des Pres,SQUARE DES PRES 59100 ROUBAIX,POINT (50.685576 3.191665),3.191665,50.685576,1,,1,,,0,ROUBAIX
arret_point.441,441,1487,Pn Cartigny,PN CARTIGNY 59100 ROUBAIX,POINT (50.704574 3.194279),3.194279,50.704574,1,,1,,,0,ROUBAIX
arret_point.638,638,4601,Edhec,EDHEC 59100 ROUBAIX,POINT (50.67625 3.169018),3.169018,50.67625,1,,1,,,0,ROUBAIX
arret_point.639,639,7775,Braille,BRAILLE ROUBAIX,POINT (50.67742 3.19202),3.19202,50.67742,1,,1,,,0,ROUBAIX
arret_point.637,637,1434,College,COLLEGE 59100 ROUBAIX,POINT (50.69413 3.176391),3.176391,50.69413,1,,1,,,0,ROUBAIX
arret_point.640,640,5475,Musee,MUSEE LA PISCINE  59100 ROUBAIX,POINT (50.693912 3.167618),3.167618,50.693912,1,,1,,,0,ROUBAIX
arret_point.641,641,1578,Place,SAILLY PLACE 59390 SAILLY LEZ LANNOY,POINT (50.645877 3.220712),3.220712,50.645877,1,,1,,,0,SAILLY LEZ LANNOY
arret_point.642,642,1579,Lotissement Nouveau Monde,LOTISSEMENT NOUVEAU MONDE 59184 SAINGHIN EN WEPPES,POINT (50.556891 2.909588),2.909588,50.556891,1,,1,,,0,SAINGHIN EN WEPPES
arret_point.643,643,5527,Apolda,APOLDA 59113 SECLIN,POINT (50.54344 3.017912),3.017912,50.54344,1,,1,,,0,SECLIN
arret_point.645,645,1693,Quatre Ormeaux,QUATRE ORMEAUX 59320 SEQUEDIN,POINT (50.629432 2.974602),2.974602,50.629432,1,,1,,,0,SEQUEDIN
arret_point.649,649,8934,St Jacques,ST JACQUES CLE_COMMUNE: 80,POINT (50.732189 3.149331),3.149331,50.732189,1,,1,,,0,TOURCOING
arret_point.650,650,1778,Saint Joseph,SAINT JOSEPH 59200 TOURCOING,POINT (50.730791 3.178675),3.178675,50.730791,1,,1,,,0,TOURCOING
arret_point.1239,1239,7212,Denis Papin,DENIS PAPIN 59200 TOURCOING,POINT (50.733439 3.14473),3.14473,50.733439,1,,1,,,0,TOURCOING
arret_point.646,646,7904,Colbert,COLBERT CLE_COMMUNE: 80,POINT (50.725484 3.156923),3.156923,50.725484,1,,1,,,0,TOURCOING
arret_point.647,647,7560,Petit Menin,PETIT MENIN CLE_COMMUNE: 80,POINT (50.74078 3.141217),3.141217,50.74078,1,,1,,,0,TOURCOING
arret_point.652,652,7013,Les Peupliers,LES PEUPLIERS 59200 TOURCOING,POINT (50.713601 3.145709),3.145709,50.713601,1,,1,,,0,TOURCOING
arret_point.651,651,5760,Rochdale,ROCHDALE 59200 TOURCOING,POINT (50.732486 3.168034),3.168034,50.732486,1,,1,,,0,TOURCOING
arret_point.656,656,9061,Peupliers,PEUPLIERS CLE_COMMUNE: 84,POINT (50.654582 3.153545),3.153545,50.654582,1,,1,,,0,VILLENEUVE D ASCQ
arret_point.655,655,1963,Baudouin Ix,BAUDOUIN IX 59650 VILLENEUVE D ASCQ,POINT (50.627332 3.139575),3.139575,50.627332,1,,1,,,0,VILLENEUVE D ASCQ
arret_point.190,190,6699,Jean Jaures,V. D'ASCQ JEAN JAURES 59650 VILLENEUVE D ASCQ,POINT (50.658668 3.135083),3.135083,50.658668,1,,1,,,0,VILLENEUVE D ASCQ
arret_point.653,653,7057,Chanterelle,CHANTERELLE 59650 VILLENEUVE D ASCQ,POINT (50.638545 3.139685),3.139685,50.638545,1,,1,,,0,VILLENEUVE D ASCQ
arret_point.654,654,5607,Brigode,BRIGODE 59650 VILLENEUVE D ASCQ,POINT (50.631448 3.154874),3.154874,50.631448,1,,1,,,0,VILLENEUVE D ASCQ
arret_point.658,658,2021,Chemin Du Fort,CHEMIN DU FORT 59118 WAMBRECHIES,POINT (50.695016 3.020798),3.020798,50.695016,1,,1,,,0,WAMBRECHIES
arret_point.657,657,2035,Le Complivois,LE COMPLIVOIS 59118 WAMBRECHIES,POINT (50.68901 3.056481),3.056481,50.68901,1,,1,,,0,WAMBRECHIES
arret_point.660,660,4713,Wasquehal C.Cial,WASQUEHAL CENTRE COMMERCIAL 59290 WASQUEHAL,POINT (50.682773 3.126164),3.126164,50.682773,1,,1,,,0,WASQUEHAL
arret_point.659,659,2065,Clemenceau,CLEMENCEAU 59290 WASQUEHAL,POINT (50.68156 3.139162),3.139162,50.68156,1,,1,,,0,WASQUEHAL
arret_point.464,464,2071,Wasquehal Pavé De Lille,WASQUEHAL PAVE DE LILLE 59290 WASQUEHAL,POINT (50.663999 3.130384),3.130384,50.663999,1,,1,,,0,WASQUEHAL
arret_point.661,661,4651,Pole Sportif,POLE SPORTIF 59290 WASQUEHAL,POINT (50.677164 3.125299),3.125299,50.677164,1,,1,,,0,WASQUEHAL
arret_point.662,662,5561,A. Dumas,A. DUMAS 59139 WATTIGNIES,POINT (50.59882 3.063331),3.063331,50.59882,1,,1,,,0,WATTIGNIES
arret_point.663,663,2183,Vieux Bureau,VIEUX BUREAU 59150 WATTRELOS,POINT (50.723779 3.190172),3.190172,50.723779,1,,1,,,0,WATTRELOS
arret_point.666,666,6392,Petites Haies,PETITES HAIES 59136 WAVRIN,POINT (50.586055 2.943543),2.943543,50.586055,1,,1,,,0,WAVRIN
arret_point.665,665,2225,Gare,WAVRIN GARE 59136 WAVRIN,POINT (50.574872 2.937194),2.937194,50.574872,1,,1,,,0,WAVRIN
arret_point.667,667,5701,Wicres Mairie,WICRES MAIRIE 59134 WICRES,POINT (50.571443 2.867044),2.867044,50.571443,1,,1,,,0,WICRES
arret_point.668,668,2243,Baraques,BARAQUES 59780 WILLEMS,POINT (50.639457 3.235227),3.235227,50.639457,1,,1,,,0,WILLEMS
arret_point.669,669,2244,Pureur,WILLEMS PUREUR 59780 WILLEMS,POINT (50.626225 3.234059),3.234059,50.626225,1,,1,,,0,WILLEMS
arret_point.671,671,2470,Au Chevalier,AU CHEVALIER 7700 MOUSCRON BELGIQUE,POINT (50.734509 3.232967),3.232967,50.734509,1,,1,,,0,MOUSCRON BELGIQUE
arret_point.672,672,7849,Place Rd,PLACE RD CLE_COMMUNE: 656,POINT (50.614193 2.886671),2.886671,50.614193,1,,1,,,0,LE MAISNIL
arret_point.676,676,6961,Place Aux Toiles,PLACE DU MARCHE AUX TOILES 59280 ARMENTIERES,POINT (50.688831 2.882734),2.882734,50.688831,1,,1,,,0,ARMENTIERES
arret_point.674,674,5771,Place Chanzy,PLACE CHANZY 59280 ARMENTIERES,POINT (50.686055 2.891867),2.891867,50.686055,1,,1,,,0,ARMENTIERES
arret_point.675,675,114,Gare Annexe,GARE ANNEXE 59280 ARMENTIERES,POINT (50.691296 2.872863),2.872863,50.691296,1,,1,,,0,ARMENTIERES
arret_point.677,677,123,Marechal Joffre,MARECHAL JOFFRE 59280 ARMENTIERES,POINT (50.697642 2.886192),2.886192,50.697642,1,,1,,,0,ARMENTIERES
arret_point.678,678,150,Gare,BAISIEUX GARE 59780 BAISIEUX,POINT (50.618305 3.233973),3.233973,50.618305,1,,1,,,0,BAISIEUX
arret_point.679,679,5835,Dom Cx Blanche,DOMAINE DE LA CROIX BLANCHE 59910 BONDUES,POINT (50.722907 3.102722),3.102722,50.722907,1,,1,,,0,BONDUES
arret_point.680,680,7737,Les Saules,VERT TOUQUET CLE_COMMUNE: 5,POINT (50.702761 3.071679),3.071679,50.702761,1,,1,,,0,BONDUES
arret_point.1487,1487,229,Les Peupliers,LES PEUPLIERS 59200 TOURCOING,POINT (50.769537 3.083426),3.083426,50.769537,1,,1,,,0,BOUSBECQUE
arret_point.681,681,246,Marequaix,MAREQUAIX 59152 CHERENG,POINT (50.609836 3.212773),3.212773,50.609836,1,,1,,,0,CHERENG
arret_point.682,682,257,Gaie Perche,GAIE PERCHE 59560 COMINES,POINT (50.754929 2.989256),2.989256,50.754929,1,,1,,,0,COMINES
arret_point.683,683,252,Charles Legrand,CHARLES LEGRAND 59560 COMINES,POINT (50.760295 3.009065),3.009065,50.760295,1,,1,,,0,COMINES
arret_point.684,684,281,Centre Medico Social,CENTRE MEDICO SOCIAL 59170 CROIX,POINT (50.680865 3.153438),3.153438,50.680865,1,,1,,,0,CROIX
arret_point.685,685,5549,Ctre Commercial,FACHES CENTRE COMMERCIAL 59155 FACHES THUMESNIL,POINT (50.581881 3.083163),3.083163,50.581881,1,,1,,,0,FACHES THUMESNIL
arret_point.686,686,380,L'Aventure,L'AVENTURE 59236 FRELINGHIEN,POINT (50.688575 2.947188),2.947188,50.688575,1,,1,,,0,FRELINGHIEN
arret_point.688,688,403,Cimetiere,HALLENNES CIMETIERE 59320 HALLENNES LEZ HAUBOURDIN,POINT (50.609562 2.953653),2.953653,50.609562,1,,1,,,0,HALLENNES LEZ HAUBOURDIN
arret_point.687,687,5715,Hallennes Mairie,HALLENNES MAIRIE 59320 HALLENNES LEZ HAUBOURDIN,POINT (50.613672 2.96229),2.96229,50.613672,1,,1,,,0,HALLENNES LEZ HAUBOURDIN
arret_point.689,689,9144,Frometz,FROMETZ CLE_COMMUNE: 28,POINT (50.607027 2.968748),2.968748,50.607027,1,,1,,,0,HALLENNES LEZ HAUBOURDIN
arret_point.690,690,445,Malplaquet,MALPLAQUET 59250 HALLUIN,POINT (50.780003 3.105579),3.105579,50.780003,1,,1,,,0,HALLUIN
arret_point.692,692,470,Vanderhaghen,VANDERHAGHEN 59320 HAUBOURDIN,POINT (50.612543 2.976036),2.976036,50.612543,1,,1,,,0,HAUBOURDIN
arret_point.693,693,512,Hempempont,HEMPEMPONT 59510 HEM,POINT (50.654334 3.173281),3.173281,50.654334,1,,1,,,0,HEM
arret_point.694,694,528,Rue Du Pilly,RUE DU PILLY 59134 HERLIES,POINT (50.578594 2.858371),2.858371,50.578594,1,,1,,,0,HERLIES
arret_point.695,695,6286,Pasteur,PASTEUR 59263 HOUPLIN ANCOISNE,POINT (50.564525 2.999325),2.999325,50.564525,1,,1,,,0,HOUPLIN ANCOISNE
arret_point.697,697,5683,Saint Roch,SAINT ROCH 59480 LA BASSEE,POINT (50.536354 2.815237),2.815237,50.536354,1,,1,,,0,LA BASSEE
arret_point.696,696,6915,Le Nouveau Monde,LE NOUVEAU MONDE 59480 LA BASSEE,POINT (50.539957 2.818368),2.818368,50.539957,1,,1,,,0,LA BASSEE
arret_point.698,698,617,Place De La Boucherie,PLACE DE LA BOUCHERIE 59110 LA MADELEINE,POINT (50.657697 3.064046),3.064046,50.657697,1,,1,,,0,LA MADELEINE
arret_point.130,130,605,Rue Du Parc,RUE DU PARC 59110 LA MADELEINE,POINT (50.651216 3.066406),3.066406,50.651216,1,,1,,,0,LA MADELEINE
arret_point.700,700,7092,Lambersart Bourg,LAMBERSART BOURG 59130 LAMBERSART,POINT (50.653407 3.026973),3.026973,50.653407,1,,1,,,0,LAMBERSART
arret_point.701,701,673,Viersen,VIERSEN 59130 LAMBERSART,POINT (50.651801 3.010683),3.010683,50.651801,1,,1,,,0,LAMBERSART
arret_point.702,702,664,Lemire,LEMIRE 59130 LAMBERSART,POINT (50.653868 3.032708),3.032708,50.653868,1,,1,,,0,LAMBERSART
arret_point.1410,1410,689,Centre Commercial,LEERS CENTRE COMMERCIAL 59115 LEERS,POINT (50.681384 3.21894),3.21894,50.681384,1,,1,,,0,LEERS
arret_point.703,703,734,Linnich,LINNICH 59810 LESQUIN,POINT (50.588197 3.100675),3.100675,50.588197,1,,1,,,0,LESQUIN
arret_point.704,704,7534,Petit Prince,PETIT PRINCE 59810 LESQUIN,POINT (50.592947 3.121422),3.121422,50.592947,1,,1,,,0,LESQUIN
arret_point.712,712,820,Marbrerie,MARBRERIE 59000 LILLE,POINT (50.62995 3.098633),3.098633,50.62995,1,,1,,,0,LILLE
arret_point.707,707,831,Square Des Meres,SQUARE DES MERES 59000 LILLE,POINT (50.634106 3.095367),3.095367,50.634106,1,,1,,,0,LILLE
arret_point.910,910,5967,Trocmet,TROCMET 59160 LOMME,POINT (50.63515 2.991036),2.991036,50.63515,1,,1,,,0,LOMME
arret_point.711,711,841,Freres Lumiere,FRERES LUMIERE 59000 LILLE,POINT (50.619842 3.08521),3.08521,50.619842,1,,1,,,0,LILLE
arret_point.708,708,946,Montebello,MONTEBELLO 59000 LILLE,POINT (50.622076 3.045577),3.045577,50.622076,1,,1,,,0,LILLE
arret_point.715,715,7112,Le Bois Habite,LE BOIS HABITE 59000 LILLE,POINT (50.627396 3.079048),3.079048,50.627396,1,,1,,,0,LILLE
arret_point.713,713,5456,Gambetta,GAMBETTA (RUE DU MARCHE) LILLE,POINT (50.626278 3.054296),3.054296,50.626278,1,,1,,,0,LILLE
arret_point.714,714,7652,Champ De Mars,CHAMP DE MARS CLE_COMMUNE: 47,POINT (50.636845 3.05267),3.05267,50.636845,1,,1,,,0,LILLE
arret_point.717,717,5499,La Vignette,LA VIGNETTE 59126 LINSELLES,POINT (50.746088 3.085662),3.085662,50.746088,1,,1,,,0,LINSELLES
arret_point.716,716,986,Enclos Du Cygne,ENCLOS DU CYGNE 59126 LINSELLES,POINT (50.743029 3.093221),3.093221,50.743029,1,,1,,,0,LINSELLES
arret_point.1420,1420,7539,Anatole France,LOMME ANATOLE FRANCE CLE_COMMUNE: 50,POINT (50.635385 3.009093),3.009093,50.635385,1,,1,,,0,LOMME
arret_point.718,718,1096,Rue De Toufflers,RUE DE TOUFFLERS 59390 LYS LEZ LANNOY,POINT (50.668641 3.227241),3.227241,50.668641,1,,1,,,0,LYS LEZ LANNOY
arret_point.720,720,1160,Cheval Blanc,CHEVAL BLANC 59700 MARCQ EN BAROEUL,POINT (50.68253 3.090399),3.090399,50.68253,1,,1,,,0,MARCQ EN BAROEUL
arret_point.1033,1033,1174,Ducroquet,DUCROQUET 59700 MARCQ EN BAROEUL,POINT (50.680486 3.090255),3.090255,50.680486,1,,1,,,0,MARCQ EN BAROEUL
arret_point.722,722,1168,Abbe Bonpain,ABBE BONPAIN 59700 MARCQ EN BAROEUL,POINT (50.657923 3.08341),3.08341,50.657923,1,,1,,,0,MARCQ EN BAROEUL
arret_point.723,723,5939,Cassel,CASSEL 59520 MARQUETTE LEZ LILLE,POINT (50.667912 3.041231),3.041231,50.667912,1,,1,,,0,MARQUETTE LEZ LILLE
arret_point.724,724,5849,Le Velo,LE VELO 59420 MOUVAUX,POINT (50.711347 3.126658),3.126658,50.711347,1,,1,,,0,MOUVAUX
arret_point.725,725,1279,Marcel Paul,MARCEL PAUL 59139 NOYELLES LEZ SECLIN,POINT (50.567957 3.029472),3.029472,50.567957,1,,1,,,0,NOYELLES LEZ SECLIN
arret_point.14,14,7152,Gare,GARE 59840 PERENCHIES,POINT (50.66577 2.974642),2.974642,50.66577,1,,1,,,0,PERENCHIES
arret_point.726,726,1311,Le Pont,LE PONT 59890 QUESNOY SUR DEULE,POINT (50.71025 2.997006),2.997006,50.71025,1,,1,,,0,QUESNOY SUR DEULE
arret_point.727,727,7907,Chemin Du Loup,CHEMIN DU LOUP CLE_COMMUNE: 65,POINT (50.712608 2.988646),2.988646,50.712608,1,,1,,,0,QUESNOY SUR DEULE
arret_point.728,728,7036,Bois D'Achelles,BOIS D ACHELLES 59223 RONCQ,POINT (50.723009 3.110791),3.110791,50.723009,1,,1,,,0,RONCQ
arret_point.732,732,1393,Boulevard De Metz,BOULEVARD DE METZ 59100 ROUBAIX,POINT (50.702669 3.181675),3.181675,50.702669,1,,1,,,0,ROUBAIX
arret_point.733,733,1495,Zola,ZOLA 59100 ROUBAIX,POINT (50.673187 3.197184),3.197184,50.673187,1,,1,,,0,ROUBAIX
arret_point.729,729,4710,Roubaix Charles Fourier,ROUBAIX CHARLES FOURIER 59100 ROUBAIX,POINT (50.671801 3.182226),3.182226,50.671801,1,,1,,,0,ROUBAIX
arret_point.734,734,4779,Edouard Vaillant,EDOUARD VAILLANT 59100 ROUBAIX,POINT (50.674065 3.175094),3.175094,50.674065,1,,1,,,0,ROUBAIX
arret_point.1331,1331,1422,Bol D'Air,BOL D'AIR 59100 ROUBAIX,POINT (50.672282 3.156008),3.156008,50.672282,1,,1,,,0,ROUBAIX
arret_point.731,731,1544,Le Hutin,LE HUTIN 59100 ROUBAIX,POINT (50.706565 3.181205),3.181205,50.706565,1,,1,,,0,ROUBAIX
arret_point.730,730,1551,Boulevard De Douai,BOULEVARD DE DOUAI 59100 ROUBAIX,POINT (50.681308 3.167831),3.167831,50.681308,1,,1,,,0,ROUBAIX
arret_point.736,736,1482,Place Chaptal,PLACE CHAPTAL 59100 ROUBAIX,POINT (50.694484 3.192834),3.192834,50.694484,1,,1,,,0,ROUBAIX
arret_point.735,735,7704,Visitation,SAINT LOUIS CLE_COMMUNE: 68,POINT (50.699481 3.184912),3.184912,50.699481,1,,1,,,0,ROUBAIX
arret_point.737,737,4390,Lapin Blanc,LAPIN BLANC 59390 SAILLY LEZ LANNOY,POINT (50.643996 3.23157),3.23157,50.643996,1,,1,,,0,SAILLY LEZ LANNOY
arret_point.739,739,2558,Place,SAINGHIN EN M. PLACE 59262 SAINGHIN EN MELANTOIS,POINT (50.589481 3.167237),3.167237,50.589481,1,,1,,,0,SAINGHIN EN MELANTOIS
arret_point.738,738,2553,Za Du Melantois,ZA DU MELANTOIS 59262 SAINGHIN EN MELANTOIS,POINT (50.587854 3.13642),3.13642,50.587854,1,,1,,,0,SAINGHIN EN MELANTOIS
arret_point.740,740,7146,Le Corbeau,LE CORBEAU 59350 SAINT ANDRE,POINT (50.670055 3.023702),3.023702,50.670055,1,,1,,,0,SAINT ANDRE
arret_point.741,741,1626,Rue Pasteur,RUE PASTEUR 59496 SALOME,POINT (50.53554 2.841566),2.841566,50.53554,1,,1,,,0,SALOME
arret_point.742,742,5690,Republique,REPUBLIQUE. 59496 SALOME,POINT (50.532079 2.816421),2.816421,50.532079,1,,1,,,0,SALOME
arret_point.744,744,7027,Santes Gare,SANTES GARE 59211 SANTES,POINT (50.592526 2.960941),2.960941,50.592526,1,,1,,,0,SANTES
arret_point.745,745,1635,Rue De Wavrin,RUE DE WAVRIN 59211 SANTES,POINT (50.593362 2.949705),2.949705,50.593362,1,,1,,,0,SANTES
arret_point.746,746,1633,Ramponneau,RAMPONNEAU 59211 SANTES,POINT (50.593962 2.958929),2.958929,50.593962,1,,1,,,0,SANTES
arret_point.750,750,1663,Le Riez,SECLIN LE RIEZ 59113 SECLIN,POINT (50.545721 3.03826),3.03826,50.545721,1,,1,,,0,SECLIN
arret_point.749,749,1652,Vieux Moulin,VIEUX MOULIN 59113 SECLIN,POINT (50.552238 3.03921),3.03921,50.552238,1,,1,,,0,SECLIN
arret_point.747,747,6931,Zi Rouge Bouton,ZI ROUGE BOUTON 59113 SECLIN,POINT (50.564966 3.04122),3.04122,50.564966,1,,1,,,0,SECLIN
arret_point.748,748,1676,Gare,SECLIN GARE 59113 SECLIN,POINT (50.54761 3.034344),3.034344,50.54761,1,,1,,,0,SECLIN
arret_point.752,752,1675,Burgault,BURGAULT 59113 SECLIN,POINT (50.547615 3.039737),3.039737,50.547615,1,,1,,,0,SECLIN
arret_point.377,377,4653,Adenauer,ADENAUER 59290 WASQUEHAL,POINT (50.684402 3.129522),3.129522,50.684402,1,,1,,,0,WASQUEHAL
arret_point.753,753,1700,Parc D'Activites,TEMPLEMARS PARC D'ACTIVITES 59175 TEMPLEMARS,POINT (50.56653 3.069877),3.069877,50.56653,1,,1,,,0,TEMPLEMARS
arret_point.763,763,9078,Jourdan,JOURDAN CLE_COMMUNE: 80,POINT (50.72812 3.15301),3.15301,50.72812,1,,1,,,0,TOURCOING
arret_point.760,760,6588,Colbert,COLBERT 59200 TOURCOING,POINT (50.725116 3.156861),3.156861,50.725116,1,,1,,,0,TOURCOING
arret_point.761,761,1784,Voltaire,VOLTAIRE 59200 TOURCOING,POINT (50.726528 3.128721),3.128721,50.726528,1,,1,,,0,TOURCOING
arret_point.757,757,6522,Pt De Neuville,TOURCOING PONT DE NEUVILLE 59200 TOURCOING,POINT (50.736879 3.170976),3.170976,50.736879,1,,1,,,0,TOURCOING
arret_point.762,762,7535,Victoire,VICTOIRE 59200 TOURCOING,POINT (50.717638 3.157967),3.157967,50.717638,1,,1,,,0,TOURCOING
arret_point.759,759,1836,Parc Clemenceau,PARC CLEMENCEAU 59200 TOURCOING,POINT (50.727581 3.148931),3.148931,50.727581,1,,1,,,0,TOURCOING
arret_point.764,764,5766,Brossolette,BROSSOLETTE 59200 TOURCOING,POINT (50.730214 3.134418),3.134418,50.730214,1,,1,,,0,TOURCOING
arret_point.754,754,1835,Parc Des Francs,PARC DES FRANCS 59200 TOURCOING,POINT (50.720582 3.141258),3.141258,50.720582,1,,1,,,0,TOURCOING
arret_point.755,755,1748,Avenue Millet,AVENUE MILLET 59200 TOURCOING,POINT (50.725044 3.150119),3.150119,50.725044,1,,1,,,0,TOURCOING
arret_point.756,756,1718,Poste,TOURCOING POSTE 59200 TOURCOING,POINT (50.718974 3.163372),3.163372,50.718974,1,,1,,,0,TOURCOING
arret_point.758,758,4474,Hoche,HOCHE 59200 TOURCOING,POINT (50.72172 3.14406),3.14406,50.72172,1,,1,,,0,TOURCOING
arret_point.767,767,7128,Colpin,COLPIN 59650 VILLENEUVE D ASCQ,POINT (50.645612 3.132914),3.132914,50.645612,1,,1,,,0,VILLENEUVE D ASCQ
arret_point.766,766,6920,Tremiere,TREMIERE 59650 VILLENEUVE D ASCQ,POINT (50.619768 3.138453),3.138453,50.619768,1,,1,,,0,VILLENEUVE D ASCQ
arret_point.765,765,1957,Louis Constant,LOUIS CONSTANT 59650 VILLENEUVE D ASCQ,POINT (50.655394 3.13774),3.13774,50.655394,1,,1,,,0,VILLENEUVE D ASCQ
arret_point.770,770,2073,La Terrasse,LA TERRASSE 59290 WASQUEHAL,POINT (50.664016 3.126362),3.126362,50.664016,1,,1,,,0,WASQUEHAL
arret_point.769,769,7053,Briqueterie,BRIQUETERIE 59290 WASQUEHAL,POINT (50.6915 3.148557),3.148557,50.6915,1,,1,,,0,WASQUEHAL
arret_point.771,771,2139,Chardonnet,CHARDONNET 59150 WATTRELOS,POINT (50.71777 3.18487),3.18487,50.71777,1,,1,,,0,WATTRELOS
arret_point.772,772,5745,Europe,EUROPE 59117 WERVICQ SUD,POINT (50.771524 3.045919),3.045919,50.771524,1,,1,,,0,WERVICQ SUD
arret_point.773,773,2299,Calvaire,CALVAIRE 59249 FROMELLES,POINT (50.607992 2.866459),2.866459,50.607992,1,,1,,,0,FROMELLES
arret_point.774,774,2504,Cite,CITE 07730 LEERS NORD BELGIQUE,POINT (50.687595 3.262624),3.262624,50.687595,1,,1,,,0,LEERS NORD BELGIQUE
arret_point.787,787,272,Grand Perne,GRAND PERNE 59560 COMINES,POINT (50.731202 3.020177),3.020177,50.731202,1,,1,,,0,COMINES
arret_point.786,786,5740,Le Christ,LE CHRIST 59560 COMINES,POINT (50.767614 3.033234),3.033234,50.767614,1,,1,,,0,COMINES
arret_point.785,785,5836,Comines Gare,COMINES GARE 59560 COMINES,POINT (50.761553 3.010115),3.010115,50.761553,1,,1,,,0,COMINES
arret_point.788,788,5576,Calvaire,CALVAIRE 59320 EMMERIN,POINT (50.59208 3.003382),3.003382,50.59208,1,,1,,,0,EMMERIN
arret_point.705,705,718,Crt 4,CRT 4 59810 LESQUIN,POINT (50.581367 3.143488),3.143488,50.581367,1,,1,,,0,LESQUIN
arret_point.789,789,7573,Noisetiers,NOISETIERS CLE_COMMUNE: 27,POINT (50.590785 3.210974),3.210974,50.590785,1,,1,,,0,GRUSON
arret_point.790,790,5945,Mont D'Halluin,MONT D'HALLUIN 59250 HALLUIN,POINT (50.765183 3.144226),3.144226,50.765183,1,,1,,,0,HALLUIN
arret_point.791,791,4729,Piscine,PISCINE 59250 HALLUIN,POINT (50.777989 3.130585),3.130585,50.777989,1,,1,,,0,HALLUIN
arret_point.792,792,3906,L'Harmonieuse,L'HARMONIEUSE 59250 HALLUIN,POINT (50.784181 3.135551),3.135551,50.784181,1,,1,,,0,HALLUIN
arret_point.793,793,5671,Gallodrome,GALLODROME 59496 HANTAY,POINT (50.539801 2.875719),2.875719,50.539801,1,,1,,,0,HANTAY
arret_point.794,794,6263,Heurtebise,HEURTEBISE 59320 HAUBOURDIN,POINT (50.611867 2.998711),2.998711,50.611867,1,,1,,,0,HAUBOURDIN
arret_point.795,795,7151,Zi Hellu - Epine,ZI HELLU - EPINE 59260 HELLEMMES LILLE,POINT (50.618082 3.103119),3.103119,50.618082,1,,1,,,0,HELLEMMES LILLE
arret_point.796,796,514,Mairie,HEM MAIRIE 59510 HEM,POINT (50.654324 3.182707),3.182707,50.654324,1,,1,,,0,HEM
arret_point.6,6,5724,Egalite,EGALITE 59134 HERLIES,POINT (50.57913 2.852502),2.852502,50.57913,1,,1,,,0,HERLIES
arret_point.799,799,596,Wez-Macquart,WEZ-MACQUART 59930 LA CHAPELLE D ARMENTIERES,POINT (50.659752 2.927432),2.927432,50.659752,1,,1,,,0,LA CHAPELLE D ARMENTIERES
arret_point.800,800,5573,Chaufour,CHAUFOUR 59110 LA MADELEINE,POINT (50.650459 3.071545),3.071545,50.650459,1,,1,,,0,LA MADELEINE
arret_point.802,802,641,Liberte,LIBERTE 59130 LAMBERSART,POINT (50.65498 3.029591),3.029591,50.65498,1,,1,,,0,LAMBERSART
arret_point.409,409,5947,Jussieu,JUSSIEU 59130 LAMBERSART,POINT (50.650907 3.034473),3.034473,50.650907,1,,1,,,0,LAMBERSART
arret_point.803,803,5922,Verghelles,VERGHELLES 59130 LAMBERSART,POINT (50.652256 3.006287),3.006287,50.652256,1,,1,,,0,LAMBERSART
arret_point.801,801,3986,Cimetiere Nord,CIMETIERE NORD 59130 LAMBERSART,POINT (50.657059 3.020236),3.020236,50.657059,1,,1,,,0,LAMBERSART
arret_point.805,805,691,Bauwens,BAUWENS 59115 LEERS,POINT (50.684035 3.241959),3.241959,50.684035,1,,1,,,0,LEERS
arret_point.804,804,6986,College Daudet,LEERS COLLEGE DAUDET 59115 LEERS,POINT (50.67612 3.241222),3.241222,50.67612,1,,1,,,0,LEERS
arret_point.806,806,715,Petite Chapelle,PETITE CHAPELLE 59810 LESQUIN,POINT (50.590668 3.102939),3.102939,50.590668,1,,1,,,0,LESQUIN
arret_point.807,807,7710,La Motte,LA MOTTE CLE_COMMUNE: 45,POINT (50.583243 3.099528),3.099528,50.583243,1,,1,,,0,LESQUIN
arret_point.810,810,928,Pont De Tournai,PONT DE TOURNAI 59000 LILLE,POINT (50.62163 3.086139),3.086139,50.62163,1,,1,,,0,LILLE
arret_point.811,811,910,Esplanade,ESPLANADE 59000 LILLE,POINT (50.645316 3.050576),3.050576,50.645316,1,,1,,,0,LILLE
arret_point.813,813,807,Montagnards,MONTAGNARDS 59000 LILLE,POINT (50.634324 3.097754),3.097754,50.634324,1,,1,,,0,LILLE
arret_point.902,902,974,Chu Eurasanté,CHU EURASANTE 59000 LILLE,POINT (50.607688 3.039128),3.039128,50.607688,1,,1,,,0,LILLE
arret_point.808,808,965,Porte De Valenciennes,PORTE DE VALENCIENNES 59000 LILLE,POINT (50.621046 3.078982),3.078982,50.621046,1,,1,,,0,LILLE
arret_point.812,812,5999,Chasseurs De Driant,CHASSEURS DE DRIANT LILLE,POINT (50.618571 3.03257),3.03257,50.618571,1,,1,,,0,LILLE
arret_point.809,809,921,Place Catinat,PLACE CATINAT 59000 LILLE,POINT (50.635024 3.041825),3.041825,50.635024,1,,1,,,0,LILLE
arret_point.814,814,917,Gaston Berger,GASTON BERGER 59000 LILLE,POINT (50.61446 3.074696),3.074696,50.61446,1,,1,,,0,LILLE
arret_point.5030,5030,787,Philippe Lebon,PHILIPPE LEBON 59000 LILLE,POINT (50.628243 3.060402),3.060402,50.628243,1,,1,,,0,LILLE
arret_point.817,817,999,St. Philibert,LOMME SAINT PHILIBERT 59160 LOMME,POINT (50.651767 2.974745),2.974745,50.651767,1,,1,,,0,LOMME
arret_point.816,816,1014,Croix Du Temple,CROIX DU TEMPLE 59160 LOMME,POINT (50.63336 3.005357),3.005357,50.63336,1,,1,,,0,LOMME
arret_point.818,818,1019,Clinique De La Mitterie,CLINIQUE DE LA MITTERIE 59160 LOMME,POINT (50.651121 2.99703),2.99703,50.651121,1,,1,,,0,LOMME
arret_point.819,819,5956,Fort De Lompret,FORT DE LOMPRET 59840 LOMPRET,POINT (50.673773 2.984696),2.984696,50.673773,1,,1,,,0,LOMPRET
arret_point.823,823,6279,Pn De Loos,PN DE LOOS 59120 LOOS,POINT (50.6135 3.010294),3.010294,50.6135,1,,1,,,0,LOOS
arret_point.822,822,1083,Bazinghien,BAZINGHIEN 59120 LOOS,POINT (50.620471 3.015111),3.015111,50.620471,1,,1,,,0,LOOS
arret_point.820,820,1061,Port Fluvial,PORT FLUVIAL 59120 LOOS,POINT (50.622732 3.01493),3.01493,50.622732,1,,1,,,0,LOOS
arret_point.821,821,970,Faculte De Pharmacie,FACULTE DE PHARMACIE 59000 LILLE,POINT (50.604222 3.041377),3.041377,50.604222,1,,1,,,0,LILLE
arret_point.824,824,1056,Chatelet,CHATELET 59120 LOOS,POINT (50.606465 3.010636),3.010636,50.606465,1,,1,,,0,LOOS
arret_point.825,825,1050,Mirabeau,MIRABEAU 59120 LOOS,POINT (50.611515 3.023815),3.023815,50.611515,1,,1,,,0,LOOS
arret_point.826,826,1098,Pn Lannoy,PN LANNOY 59390 LYS LEZ LANNOY,POINT (50.670357 3.208032),3.208032,50.670357,1,,1,,,0,LYS LEZ LANNOY
arret_point.827,827,1114,Mairie,MARCQ MAIRIE 59700 MARCQ EN BAROEUL,POINT (50.672576 3.092888),3.092888,50.672576,1,,1,,,0,MARCQ EN BAROEUL
arret_point.828,828,1144,Charcot,CHARCOT 59700 MARCQ EN BAROEUL,POINT (50.663734 3.083666),3.083666,50.663734,1,,1,,,0,MARCQ EN BAROEUL
arret_point.829,829,1153,Pont Blanc,PONT BLANC 59700 MARCQ EN BAROEUL,POINT (50.671352 3.069792),3.069792,50.671352,1,,1,,,0,MARCQ EN BAROEUL
arret_point.831,831,1208,Mons Sarts,MONS SARTS 59370 MONS EN BAROEUL,POINT (50.642155 3.099298),3.099298,50.642155,1,,1,,,0,MONS EN BAROEUL
arret_point.832,832,2588,Triez,TRIEZ (AVENUE DE LA MARNE) 59290 WASQUEHAL,POINT (50.692563 3.131191),3.131191,50.692563,1,,1,,,0,MOUVAUX
arret_point.834,834,1258,Docks De L'Oise,DOCKS DE L'OISE 59960 NEUVILLE EN FERRAIN,POINT (50.753678 3.165658),3.165658,50.753678,1,,1,,,0,NEUVILLE EN FERRAIN
arret_point.833,833,5111,Schuman,SCHUMAN 59960 NEUVILLE EN FERRAIN,POINT (50.745508 3.154779),3.154779,50.745508,1,,1,,,0,NEUVILLE EN FERRAIN
arret_point.835,835,4632,Fatima,FATIMA 59139 NOYELLES LEZ SECLIN,POINT (50.578268 3.014244),3.014244,50.578268,1,,1,,,0,NOYELLES LEZ SECLIN
arret_point.836,836,1322,Centre,QUESNOY CENTRE 59890 QUESNOY SUR DEULE,POINT (50.713476 2.999182),2.999182,50.713476,1,,1,,,0,QUESNOY SUR DEULE
arret_point.838,838,1317,Traversiere,TRAVERSIERE 59890 QUESNOY SUR DEULE,POINT (50.716584 3.001625),3.001625,50.716584,1,,1,,,0,QUESNOY SUR DEULE
arret_point.839,839,1333,Carnot,CARNOT (ROGER SALENGRO) 59790 RONCHIN,POINT (50.602371 3.097861),3.097861,50.602371,1,,1,,,0,RONCHIN
arret_point.840,840,4295,18 Juin,18 JUIN 59790 RONCHIN,POINT (50.60136 3.087034),3.087034,50.60136,1,,1,,,0,RONCHIN
arret_point.841,841,7698,La Rousselle,LA ROUSSELLE CLE_COMMUNE: 67,POINT (50.735138 3.114668),3.114668,50.735138,1,,1,,,0,RONCQ
arret_point.842,842,5892,Rue De L'Hospice,RUE DE L'HOSPICE 59100 ROUBAIX,POINT (50.692493 3.170475),3.170475,50.692493,1,,1,,,0,ROUBAIX
arret_point.843,843,5628,Place Du Travail,PLACE DU TRAVAIL 59100 ROUBAIX,POINT (50.677183 3.17828),3.17828,50.677183,1,,1,,,0,ROUBAIX
arret_point.845,845,1524,Square Des Platanes,SQUARE DES PLATANES 59100 ROUBAIX,POINT (50.676776 3.18783),3.18783,50.676776,1,,1,,,0,ROUBAIX
arret_point.844,844,1468,Rue De Denain,RUE DE DENAIN 59100 ROUBAIX,POINT (50.684058 3.177605),3.177605,50.684058,1,,1,,,0,ROUBAIX
arret_point.846,846,1596,Chardonnerets,CHARDONNERETS 59350 SAINT ANDRE,POINT (50.66461 3.031785),3.031785,50.66461,1,,1,,,0,SAINT ANDRE
arret_point.847,847,6345,College Demailly,SECLIN COLLEGE DEMAILLY 59113 SECLIN,POINT (50.543716 3.014945),3.014945,50.543716,1,,1,,,0,SECLIN
arret_point.83,83,6983,Tourcoing Gare,TOURCOING GARE 59200 TOURCOING,POINT (50.717306 3.167272),3.167272,50.717306,1,,1,,,0,TOURCOING
arret_point.852,852,1838,Watt,WATT 59200 TOURCOING,POINT (50.728837 3.13646),3.13646,50.728837,1,,1,,,0,TOURCOING
arret_point.849,849,4472,Hentges,HENTGES 59200 TOURCOING,POINT (50.725336 3.164283),3.164283,50.725336,1,,1,,,0,TOURCOING
arret_point.851,851,1851,Victoire,VICTOIRE 59200 TOURCOING,POINT (50.717912 3.15718),3.15718,50.717912,1,,1,,,0,TOURCOING
arret_point.850,850,5763,Rue Des Champs,RUE DES CHAMPS 59200 TOURCOING,POINT (50.726085 3.141813),3.141813,50.726085,1,,1,,,0,TOURCOING
arret_point.854,854,1879,Place,TRESSIN PLACE 59152 TRESSIN,POINT (50.616613 3.191615),3.191615,50.616613,1,,1,,,0,TRESSIN
arret_point.855,855,1889,Pompidou,POMPIDOU 59237 VERLINGHEM,POINT (50.682488 2.998856),2.998856,50.682488,1,,1,,,0,VERLINGHEM
arret_point.857,857,5416,Le Sart Nord,LE SART NORD 59650 VILLENEUVE D ASCQ,POINT (50.663878 3.139485),3.139485,50.663878,1,,1,,,0,VILLENEUVE D ASCQ
arret_point.858,858,5275,Faidherbe,FAIDHERBE 59650 VILLENEUVE D ASCQ,POINT (50.638928 3.127433),3.127433,50.638928,1,,1,,,0,VILLENEUVE D ASCQ
arret_point.856,856,4333,Cimaise,CIMAISE 59650 VILLENEUVE D ASCQ,POINT (50.646224 3.150488),3.150488,50.646224,1,,1,,,0,VILLENEUVE D ASCQ
arret_point.859,859,1930,Cocteau,COCTEAU 59650 VILLENEUVE D ASCQ,POINT (50.645069 3.165042),3.165042,50.645069,1,,1,,,0,VILLENEUVE D ASCQ
arret_point.860,860,1954,La Fontaine,LA FONTAINE 59650 VILLENEUVE D ASCQ,POINT (50.656994 3.149661),3.149661,50.656994,1,,1,,,0,VILLENEUVE D ASCQ
arret_point.861,861,5646,Grand Ruage,GRAND RUAGE 59650 VILLENEUVE D ASCQ,POINT (50.618061 3.174113),3.174113,50.618061,1,,1,,,0,VILLENEUVE D ASCQ
arret_point.862,862,1945,College Moliere,COLLEGE MOLIERE 59650 VILLENEUVE D ASCQ,POINT (50.65792 3.145302),3.145302,50.65792,1,,1,,,0,VILLENEUVE D ASCQ
arret_point.863,863,7099,Massena,MASSENA 59650 VILLENEUVE D ASCQ,POINT (50.623026 3.162844),3.162844,50.623026,1,,1,,,0,VILLENEUVE D ASCQ
arret_point.867,867,5907,Cavle,CAVLE 59118 WAMBRECHIES,POINT (50.686546 3.049937),3.049937,50.686546,1,,1,,,0,WAMBRECHIES
arret_point.864,864,2022,Maisons Militaires,MAISONS MILITAIRES 59118 WAMBRECHIES,POINT (50.691759 3.028985),3.028985,50.691759,1,,1,,,0,WAMBRECHIES
arret_point.866,866,2032,Rue D'Ypres,RUE D'YPRES 59118 WAMBRECHIES,POINT (50.683334 3.040658),3.040658,50.683334,1,,1,,,0,WAMBRECHIES
arret_point.865,865,2036,Pare,PARE 59118 WAMBRECHIES,POINT (50.684293 3.045486),3.045486,50.684293,1,,1,,,0,WAMBRECHIES
arret_point.869,869,5874,Rue Briqueterie,RUE BRIQUETERIE 59290 WASQUEHAL,POINT (50.691899 3.140938),3.140938,50.691899,1,,1,,,0,WASQUEHAL
arret_point.868,868,2080,Ribot,RIBOT 59290 WASQUEHAL,POINT (50.684509 3.143473),3.143473,50.684509,1,,1,,,0,WASQUEHAL
arret_point.872,872,4707,College Neruda,COLLEGE PABLO NERUDA 59150 WATTRELOS,POINT (50.709108 3.236607),3.236607,50.709108,1,,1,,,0,WATTRELOS
arret_point.870,870,5694,Pole Emploi,POLE EMPLOI 59150 WATTRELOS,POINT (50.693957 3.231858),3.231858,50.693957,1,,1,,,0,WATTRELOS
arret_point.871,871,2595,La Roseliere,LA ROSELIERE 59150 WATTRELOS,POINT (50.703983 3.237052),3.237052,50.703983,1,,1,,,0,WATTRELOS
arret_point.874,874,2212,Lotissement Edf,LOTISSEMENT EDF 59136 WAVRIN,POINT (50.55724 2.923182),2.923182,50.55724,1,,1,,,0,WAVRIN
arret_point.875,875,2239,Theodore Brasme,THEODORE BRASME 59134 WICRES,POINT (50.571 2.8658),2.8658,50.571,1,,1,,,0,WICRES
arret_point.876,876,2450,Institut St Henri ( B ),INSTITUT ST HENRI ( B ) 7780 COMINES BELGIQUE,POINT (50.772609 3.002344),3.002344,50.772609,1,,1,,,0,COMINES BELGIQUE
arret_point.878,878,2460,Casino,CASINO 7700 MOUSCRON BELGIQUE,POINT (50.741727 3.215781),3.215781,50.741727,1,,1,,,0,MOUSCRON BELGIQUE
arret_point.879,879,109,Maternite,MATERNITE 59280 ARMENTIERES,POINT (50.685837 2.867905),2.867905,50.685837,1,,1,,,0,ARMENTIERES
arret_point.882,882,5728,Les Bois,LES BOIS 59166 BOUSBECQUE,POINT (50.762559 3.092386),3.092386,50.762559,1,,1,,,0,BOUSBECQUE
arret_point.881,881,233,Coq Anglais,COQ ANGLAIS 59166 BOUSBECQUE,POINT (50.755933 3.078797),3.078797,50.755933,1,,1,,,0,BOUSBECQUE
arret_point.883,883,7018,Comines Mairie,COMINES MAIRIE 59560 COMINES,POINT (50.765028 3.006075),3.006075,50.765028,1,,1,,,0,COMINES
arret_point.885,885,313,Calmette,CALMETTE 59272 DON,POINT (50.551654 2.916766),2.916766,50.551654,1,,1,,,0,DON
arret_point.886,886,8045,Centre Equestre,CENTRE EQUESTRE CLE_COMMUNE: 18,POINT (50.642889 2.908387),2.908387,50.642889,1,,1,,,0,ENNETIERES EN WEPPES
arret_point.887,887,346,Guesde,JULES GUESDE 59155 FACHES THUMESNIL,POINT (50.610136 3.06413),3.06413,50.610136,1,,1,,,0,FACHES THUMESNIL
arret_point.888,888,7572,La Plaine,LA PLAINE CLE_COMMUNE: 27,POINT (50.592361 3.212678),3.212678,50.592361,1,,1,,,0,GRUSON
arret_point.890,890,2685,Loisel,LOISEL 59250 HALLUIN,POINT (50.780671 3.137489),3.137489,50.780671,1,,1,,,0,HALLUIN
arret_point.891,891,5673,Hantay Eglise,HANTAY EGLISE 59496 HANTAY,POINT (50.532783 2.865847),2.865847,50.532783,1,,1,,,0,HANTAY
arret_point.404,404,494,Mairie D'Hellemmes,HELLEMMES 59260 HELLEMMES LILLE,POINT (50.627213 3.109055),3.109055,50.627213,1,,1,,,0,HELLEMMES LILLE
arret_point.892,892,9124,Jacquard,JACQUARD CLE_COMMUNE: 33,POINT (50.635352 3.112792),3.112792,50.635352,1,,1,,,0,HELLEMMES LILLE
arret_point.893,893,7209,Calmette,CALMETTE 59510 HEM,POINT (50.667904 3.193254),3.193254,50.667904,1,,1,,,0,HEM
arret_point.894,894,8005,Blanchisserie,HEM BLANCHISSERIE CLE_COMMUNE: 34,POINT (50.661863 3.201491),3.201491,50.661863,1,,1,,,0,HEM
arret_point.895,895,5682,La Bassee Hdv,LA BASSEE HOTEL DE VILLE 59480 LA BASSEE,POINT (50.531372 2.804126),2.804126,50.531372,1,,1,,,0,LA BASSEE
arret_point.896,896,9056,La Houssoie,LA HOUSSOYE LA CHAPELLE D'ARMENTIERES,POINT (50.655074 2.899538),2.899538,50.655074,1,,1,,,0,LA CHAPELLE D ARMENTIERES
arret_point.897,897,7723,Zi La Chapelle,ZI LA CHAPELLE CLE_COMMUNE: 40,POINT (50.657348 2.89272),2.89272,50.657348,1,,1,,,0,LA CHAPELLE D ARMENTIERES
arret_point.5,5,9153,Coubertin,LILLE COUBERTIN CREE EN PREVISION DE FUTURS QUAIS,POINT (50.643838 3.071716),3.071716,50.643838,1,,1,,,0,LA MADELEINE
arret_point.2,2,9154,Tgi,CREE EN PRÉVISION DES ARRET BV COUBERTIN,POINT (50.647833 3.069687),3.069687,50.647833,1,,1,,,0,LA MADELEINE
arret_point.1403,1403,5816,Scrive,SCRIVE 59110 LA MADELEINE,POINT (50.662741 3.063583),3.063583,50.662741,1,,1,,,0,LA MADELEINE
arret_point.898,898,654,Cite Familiale,CITE FAMILIALE 59130 LAMBERSART,POINT (50.657148 3.008878),3.008878,50.657148,1,,1,,,0,LAMBERSART
arret_point.899,899,728,Mont De Sainghin,MONT DE SAINGHIN 59810 LESQUIN,POINT (50.58234 3.131767),3.131767,50.58234,1,,1,,,0,LESQUIN
arret_point.900,900,750,Joliot Curie,JOLIOT CURIE 59260 LEZENNES,POINT (50.612265 3.110897),3.110897,50.612265,1,,1,,,0,LEZENNES
arret_point.901,901,920,Gare Lille Flandres,GARE LILLE FLANDRES 59000 LILLE,POINT (50.637689 3.070934),3.070934,50.637689,1,,1,,,0,LILLE
arret_point.903,903,7829,Pont Neuf,PONT NEUF CLE_COMMUNE: 47,POINT (50.643672 3.06181),3.06181,50.643672,1,,1,,,0,LILLE
arret_point.904,904,806,Faubourg D'Arras,FAUBOURG D'ARRAS 59000 LILLE,POINT (50.613888 3.062168),3.062168,50.613888,1,,1,,,0,LILLE
arret_point.905,905,821,Saint Charles,SAINT CHARLES 59000 LILLE,POINT (50.630542 3.026968),3.026968,50.630542,1,,1,,,0,LILLE
arret_point.906,906,846,Arbrisseau,ARBRISSEAU 59000 LILLE,POINT (50.605847 3.048984),3.048984,50.605847,1,,1,,,0,LILLE
arret_point.907,907,1165,Buisson,BUISSON 59700 MARCQ EN BAROEUL,POINT (50.656838 3.08932),3.08932,50.656838,1,,1,,,0,MARCQ EN BAROEUL
arret_point.909,909,1027,Rabelais,RABELAIS 59160 LOMME,POINT (50.640633 2.983829),2.983829,50.640633,1,,1,,,0,LOMME
arret_point.908,908,1000,Eglise Du Marais,EGLISE DU MARAIS 59160 LOMME,POINT (50.630866 3.0071),3.0071,50.630866,1,,1,,,0,LOMME
arret_point.913,913,6632,Recherche,RECHERCHE 59120 LOOS,POINT (50.602571 3.038183),3.038183,50.602571,1,,1,,,0,LOOS
arret_point.914,914,6966,Fac De Medecine,FACULTE DE MEDECINE 59120 LOOS,POINT (50.604619 3.031403),3.031403,50.604619,1,,1,,,0,LOOS
arret_point.911,911,1084,Barbusse,BARBUSSE 59120 LOOS,POINT (50.606261 3.015186),3.015186,50.606261,1,,1,,,0,LOOS
arret_point.912,912,1069,Rue De Londres,RUE DE LONDRES 59120 LOOS,POINT (50.616818 3.02355),3.02355,50.616818,1,,1,,,0,LOOS
arret_point.915,915,6907,Hopital Salengro,HOPITAL ROGER SALENGRO 59120 LOOS,POINT (50.607405 3.030469),3.030469,50.607405,1,,1,,,0,LOOS
arret_point.917,917,1141,Pave Strategique,MARCQ PAVE STRATEGIQUE 59700 MARCQ EN BAROEUL,POINT (50.686688 3.09104),3.09104,50.686688,1,,1,,,0,MARCQ EN BAROEUL
arret_point.918,918,1121,Bailly,BAILLY 59700 MARCQ EN BAROEUL,POINT (50.67987 3.095512),3.095512,50.67987,1,,1,,,0,MARCQ EN BAROEUL
arret_point.916,916,1169,Loridan,LORIDAN 59700 MARCQ EN BAROEUL,POINT (50.700708 3.086521),3.086521,50.700708,1,,1,,,0,MARCQ EN BAROEUL
arret_point.620,620,1137,Croisé Laroche,CROISE LAROCHE 59700 MARCQ EN BAROEUL,POINT (50.664885 3.102228),3.102228,50.664885,1,,1,,,0,MARCQ EN BAROEUL
arret_point.919,919,5851,Les Prieux,LES PRIEUX 59420 MOUVAUX,POINT (50.709312 3.135003),3.135003,50.709312,1,,1,,,0,MOUVAUX
arret_point.920,920,1236,Faidherbe,FAIDHERBE 59420 MOUVAUX,POINT (50.703717 3.142879),3.142879,50.703717,1,,1,,,0,MOUVAUX
arret_point.922,922,1268,Descartes,DESCARTES 59960 NEUVILLE EN FERRAIN,POINT (50.747064 3.162212),3.162212,50.747064,1,,1,,,0,NEUVILLE EN FERRAIN
arret_point.921,921,5891,Eglise,NEUVILLE EN FERRAIN EGLISE 59960 NEUVILLE EN FERRAIN,POINT (50.750693 3.15328),3.15328,50.750693,1,,1,,,0,NEUVILLE EN FERRAIN
arret_point.923,923,1259,Z.I Tourcoing Nord,Z.I TOURCOING NORD 59960 NEUVILLE EN FERRAIN,POINT (50.75672 3.16544),3.16544,50.75672,1,,1,,,0,NEUVILLE EN FERRAIN
arret_point.924,924,2700,Agache,AGACHE 59840 PERENCHIES,POINT (50.667421 2.972772),2.972772,50.667421,1,,1,,,0,PERENCHIES
arret_point.926,926,1334,Comtesse De Segur,COMTESSE DE SEGUR 59790 RONCHIN,POINT (50.602111 3.090485),3.090485,50.602111,1,,1,,,0,RONCHIN
arret_point.925,925,6807,Destoop,DESTOOP (AV JEAN JAURES) 59790 RONCHIN,POINT (50.600109 3.080348),3.080348,50.600109,1,,1,,,0,RONCHIN
arret_point.927,927,1335,Saint Venant,SAINT VENANT 59790 RONCHIN,POINT (50.60026 3.084988),3.084988,50.60026,1,,1,,,0,RONCHIN
arret_point.1232,1232,1453,Roubaix Charles De Gaulle,ROUBAIX CHARLES DE GAULLE  59100 ROUBAIX,POINT (50.686806 3.169236),3.169236,50.686806,1,,1,,,0,ROUBAIX
arret_point.931,931,5725,Guinguette,GUINGUETTE 59100 ROUBAIX,POINT (50.70487 3.170681),3.170681,50.70487,1,,1,,,0,ROUBAIX
arret_point.928,928,6587,Gare Jean Lebas,ROUBAIX GARE JEAN LEBAS 59100 ROUBAIX,POINT (50.695739 3.16399),3.16399,50.695739,1,,1,,,0,ROUBAIX
arret_point.929,929,1452,Coq Francais,COQ FRANCAIS 59100 ROUBAIX,POINT (50.68473 3.182939),3.182939,50.68473,1,,1,,,0,ROUBAIX
arret_point.930,930,7068,Emile Moreau,EMILE MOREAU 59100 ROUBAIX,POINT (50.695265 3.173162),3.173162,50.695265,1,,1,,,0,ROUBAIX
arret_point.932,932,6696,Ep. Montesquieu,EPEULE MONTESQUIEU 59100 ROUBAIX,POINT (50.683743 3.163114),3.163114,50.683743,1,,1,,,0,ROUBAIX
arret_point.168,168,7658,P. De Roubaix,PIERRE DE ROUBAIX CLE_COMMUNE: 68,POINT (50.69026 3.186281),3.186281,50.69026,1,,1,,,0,ROUBAIX
arret_point.934,934,1585,Republique,REPUBLIQUE 59184 SAINGHIN EN WEPPES,POINT (50.559686 2.904522),2.904522,50.559686,1,,1,,,0,SAINGHIN EN WEPPES
arret_point.933,933,1581,Poste,POSTE 59184 SAINGHIN EN WEPPES,POINT (50.562692 2.900514),2.900514,50.562692,1,,1,,,0,SAINGHIN EN WEPPES
arret_point.935,935,6935,Rue Du 8 Mai 45,RUE DU 8 MAI 45 59184 SAINGHIN EN WEPPES,POINT (50.569578 2.891464),2.891464,50.569578,1,,1,,,0,SAINGHIN EN WEPPES
arret_point.936,936,1631,Hotel De Ville,SANTES HOTEL DE VILLE 59211 SANTES,POINT (50.590243 2.963463),2.963463,50.590243,1,,1,,,0,SANTES
arret_point.937,937,1689,Petite Couture,PETITE COUTURE 59320 SEQUEDIN,POINT (50.628685 2.982151),2.982151,50.628685,1,,1,,,0,SEQUEDIN
arret_point.938,938,1710,Mont Saint Bernard,MONT SAINT BERNARD 59390 TOUFFLERS,POINT (50.66078 3.225224),3.225224,50.66078,1,,1,,,0,TOUFFLERS
arret_point.941,941,1866,Amsterdam,AMSTERDAM 59200 TOURCOING,POINT (50.717455 3.135105),3.135105,50.717455,1,,1,,,0,TOURCOING
arret_point.939,939,1803,Les Francs,LES FRANCS 59200 TOURCOING,POINT (50.719713 3.142417),3.142417,50.719713,1,,1,,,0,TOURCOING
arret_point.940,940,5751,Hotel De Ville,TOURCOING HOTEL DE VILLE 59200 TOURCOING,POINT (50.724061 3.159147),3.159147,50.724061,1,,1,,,0,TOURCOING
arret_point.853,853,1787,Virolois,VIROLOIS 59200 TOURCOING,POINT (50.724812 3.174137),3.174137,50.724812,1,,1,,,0,TOURCOING
arret_point.942,942,1886,Les Ormeaux,LES ORMEAUX 59175 VENDEVILLE,POINT (50.574541 3.074545),3.074545,50.574541,1,,1,,,0,VENDEVILLE
arret_point.943,943,1973,Boulevard De Mons,BOULEVARD DE MONS 59650 VILLENEUVE D ASCQ,POINT (50.643748 3.135494),3.135494,50.643748,1,,1,,,0,VILLENEUVE D ASCQ
arret_point.946,946,2974,Bd De L'Ouest,BD DE L'OUEST 59650 VILLENEUVE D ASCQ,POINT (50.637172 3.120169),3.120169,50.637172,1,,1,,,0,VILLENEUVE D ASCQ
arret_point.944,944,4343,Doumer,DOUMER (RUE DES FUSILLES),POINT (50.611535 3.1614),3.1614,50.611535,1,,1,,,0,VILLENEUVE D ASCQ
arret_point.945,945,6385,8 Mai 1945,8 MAI 1945 59650 VILLENEUVE D ASCQ,POINT (50.640755 3.155562),3.155562,50.640755,1,,1,,,0,VILLENEUVE D ASCQ
arret_point.947,947,1903,Triolo,TRIOLO 59650 VILLENEUVE D ASCQ,POINT (50.616294 3.14164),3.14164,50.616294,1,,1,,,0,VILLENEUVE D ASCQ
arret_point.948,948,7014,Harmonie,HARMONIE 59650 VILLENEUVE D ASCQ,POINT (50.603039 3.153366),3.153366,50.603039,1,,1,,,0,VILLENEUVE D ASCQ
arret_point.950,950,6840,Le Colombier,LE COLOMBIER 59118 WAMBRECHIES,POINT (50.696233 3.054495),3.054495,50.696233,1,,1,,,0,WAMBRECHIES
arret_point.949,949,2019,Petit Paradis,PETIT PARADIS 59118 WAMBRECHIES,POINT (50.682798 3.052834),3.052834,50.682798,1,,1,,,0,WAMBRECHIES
arret_point.951,951,5861,Leclerc,LECLERC 59118 WAMBRECHIES,POINT (50.684973 3.047316),3.047316,50.684973,1,,1,,,0,WAMBRECHIES
arret_point.768,768,2040,Sainte Barbe,SAINTE BARBE 59560 WARNETON,POINT (50.743807 2.970381),2.970381,50.743807,1,,1,,,0,WARNETON
arret_point.953,953,5869,Lavoisier,LAVOISIER 59290 WASQUEHAL,POINT (50.675387 3.130974),3.130974,50.675387,1,,1,,,0,WASQUEHAL
arret_point.952,952,2089,Grand Cottignies,GRAND COTTIGNIES (AVENUE FRANCOIS MITTERRAND) 59290 WASQUEHAL,POINT (50.687111 3.123974),3.123974,50.687111,1,,1,,,0,WASQUEHAL
arret_point.954,954,2097,Creps,CREPS 59139 WATTIGNIES,POINT (50.581098 3.039192),3.039192,50.581098,1,,1,,,0,WATTIGNIES
arret_point.957,957,2124,Marechal Joffre,MARECHAL JOFFRE 59150 WATTRELOS,POINT (50.714476 3.174628),3.174628,50.714476,1,,1,,,0,WATTRELOS
arret_point.956,956,4600,Leon Jouhaux,LEON JOUHAUX 59150 WATTRELOS,POINT (50.711463 3.175877),3.175877,50.711463,1,,1,,,0,WATTRELOS
arret_point.955,955,5473,Voltaire,VOLTAIRE  59150 WATTRELOS,POINT (50.714206 3.193215),3.193215,50.714206,1,,1,,,0,WATTRELOS
arret_point.958,958,2148,Stephenson,STEPHENSON 59150 WATTRELOS,POINT (50.696111 3.209145),3.209145,50.696111,1,,1,,,0,WATTRELOS
arret_point.873,873,2141,Ma Campagne,MA CAMPAGNE 59150 WATTRELOS,POINT (50.704075 3.204171),3.204171,50.704075,1,,1,,,0,WATTRELOS
arret_point.959,959,7202,Wattrelos Place,WATTRELOS PLACE 59150 WATTRELOS,POINT (50.701092 3.215037),3.215037,50.701092,1,,1,,,0,WATTRELOS
arret_point.960,960,6331,Petit Baptiste,PETIT BAPTISTE 59780 WILLEMS,POINT (50.630595 3.237522),3.237522,50.630595,1,,1,,,0,WILLEMS
arret_point.963,963,2479,Place,HERSEAUX PLACE 7700 MOUSCRON BELGIQUE,POINT (50.722761 3.232713),3.232713,50.722761,1,,1,,,0,MOUSCRON BELGIQUE
arret_point.964,964,2469,Place De La Justice,PLACE DE LA JUSTICE 7700 MOUSCRON BELGIQUE,POINT (50.738895 3.220551),3.220551,50.738895,1,,1,,,0,MOUSCRON BELGIQUE
arret_point.965,965,2465,Rue De La Pepiniere,RUE DE LA PEPINIERE 7700 MOUSCRON BELGIQUE,POINT (50.74681 3.213594),3.213594,50.74681,1,,1,,,0,MOUSCRON BELGIQUE
arret_point.303,303,8001,Haute Rue,HAUTE RUE CLE_COMMUNE: 793,POINT (50.616216 2.895491),2.895491,50.616216,1,,1,,,0,RADINGHEM EN WEPPES
arret_point.967,967,9128,Bridoux,LE BRIDOUX CLE_COMMUNE: 793,POINT (50.635108 2.891429),2.891429,50.635108,1,,1,,,0,RADINGHEM EN WEPPES
arret_point.968,968,112,Marc Sangnier,MARC SANGNIER 59280 ARMENTIERES,POINT (50.697625 2.883847),2.883847,50.697625,1,,1,,,0,ARMENTIERES
arret_point.969,969,147,Deffontaines,DEFFONTAINE 59780 BAISIEUX,POINT (50.609716 3.229463),3.229463,50.609716,1,,1,,,0,BAISIEUX
arret_point.970,970,155,Cimetiere,BAISIEUX CIMETIERE 59780 BAISIEUX,POINT (50.608501 3.238647),3.238647,50.608501,1,,1,,,0,BAISIEUX
arret_point.974,974,202,Le Golf,LE GOLF 59910 BONDUES,POINT (50.6999 3.071609),3.071609,50.6999,1,,1,,,0,BONDUES
arret_point.973,973,7226,Voie 41,VOIE 41 59910 BONDUES,POINT (50.704515 3.082948),3.082948,50.704515,1,,1,,,0,BONDUES
arret_point.971,971,5781,Bas Chemin,BAS CHEMIN 59910 BONDUES,POINT (50.711064 3.088527),3.088527,50.711064,1,,1,,,0,BONDUES
arret_point.972,972,7221,Voie 213,VOIE 213 59910 BONDUES,POINT (50.713207 3.075266),3.075266,50.713207,1,,1,,,0,BONDUES
arret_point.975,975,249,Beau Bouquet,BEAU BOUQUET 59152 CHERENG,POINT (50.610507 3.207921),3.207921,50.610507,1,,1,,,0,CHERENG
arret_point.978,978,5846,Leclerc,LECLERC 59560 COMINES,POINT (50.761873 3.007404),3.007404,50.761873,1,,1,,,0,COMINES
arret_point.976,976,256,Vieil Dieu,VIEIL DIEU 59560 COMINES,POINT (50.76169 3.011318),3.011318,50.76169,1,,1,,,0,COMINES
arret_point.977,977,5840,3 Ballots,3 BALLOTS 59560 COMINES,POINT (50.764399 3.017959),3.017959,50.764399,1,,1,,,0,COMINES
arret_point.980,980,4630,Villa Cavrois,VILLA CAVROIS 59170 CROIX,POINT (50.668844 3.153651),3.153651,50.668844,1,,1,,,0,CROIX
arret_point.983,983,4554,Hameau Du Lac,HAMEAU DU LAC 59510 FOREST SUR MARQUE,POINT (50.630152 3.187418),3.187418,50.630152,1,,1,,,0,FOREST SUR MARQUE
arret_point.984,984,387,Le Funquereau,LE FUNQUEREAU 59236 FRELINGHIEN,POINT (50.686278 2.967096),2.967096,50.686278,1,,1,,,0,FRELINGHIEN
arret_point.986,986,8902,Moulin Lamblin,MOULIN LAMBLIN CLE_COMMUNE: 28,POINT (50.608163 2.958909),2.958909,50.608163,1,,1,,,0,HALLENNES LEZ HAUBOURDIN
arret_point.985,985,5714,St Vaast,EGLISE SAINT VAAST 59320 HALLENNES LEZ HAUBOURDIN,POINT (50.615263 2.959815),2.959815,50.615263,1,,1,,,0,HALLENNES LEZ HAUBOURDIN
arret_point.989,989,425,Centre Ville,HALLUIN CENTRE VILLE 59250 HALLUIN,POINT (50.78346 3.126358),3.126358,50.78346,1,,1,,,0,HALLUIN
arret_point.988,988,422,Eglise Du Colbras,EGLISE DU COLBRAS 59250 HALLUIN,POINT (50.783967 3.111342),3.111342,50.783967,1,,1,,,0,HALLUIN
arret_point.1388,1388,7133,Hotel De Ville,HALLUIN HOTEL DE VILLE 59250 HALLUIN,POINT (50.782624 3.125298),3.125298,50.782624,1,,1,,,0,HALLUIN
arret_point.992,992,3913,Saint Exupery,SAINT EXUPERY 59250 HALLUIN,POINT (50.778609 3.116308),3.116308,50.778609,1,,1,,,0,HALLUIN
arret_point.991,991,2693,Pasteur,PASTEUR 59250 HALLUIN,POINT (50.778881 3.125634),3.125634,50.778881,1,,1,,,0,HALLUIN
arret_point.990,990,447,L'Octroi,L'OCTROI 59250 HALLUIN,POINT (50.776574 3.098779),3.098779,50.776574,1,,1,,,0,HALLUIN
arret_point.993,993,481,College Jules Ferry,COLLEGE JULES FERRY 59320 HAUBOURDIN,POINT (50.613158 2.99213),2.99213,50.613158,1,,1,,,0,HAUBOURDIN
arret_point.994,994,498,College Saint Exupery,COLLEGE SAINT EXUPERY 59260 HELLEMMES LILLE,POINT (50.629004 3.118067),3.118067,50.629004,1,,1,,,0,HELLEMMES LILLE
arret_point.995,995,490,Docteur Huart,DOCTEUR HUART 59260 HELLEMMES LILLE,POINT (50.634248 3.114383),3.114383,50.634248,1,,1,,,0,HELLEMMES LILLE
arret_point.996,996,5238,Elsa Triolet,ELSA TRIOLET 59510 HEM,POINT (50.653727 3.188637),3.188637,50.653727,1,,1,,,0,HEM
arret_point.997,997,525,Bifur,HEM BIFUR 59510 HEM,POINT (50.652082 3.187833),3.187833,50.652082,1,,1,,,0,HEM
arret_point.998,998,4720,Coty,COTY 59510 HEM,POINT (50.670698 3.199019),3.199019,50.670698,1,,1,,,0,HEM
arret_point.999,999,527,Le Pincon,LE PINCON 59510 HEM,POINT (50.657618 3.219537),3.219537,50.657618,1,,1,,,0,HEM
arret_point.1000,1000,5614,Hem La Vallee 2,HEM LA VALLEE 2 59510 HEM,POINT (50.655796 3.203207),3.203207,50.655796,1,,1,,,0,HEM
arret_point.318,318,9044,Les Nonennes,NONENNES CLE_COMMUNE: 35,POINT (50.583041 2.843877),2.843877,50.583041,1,,1,,,0,HERLIES
arret_point.34,34,574,Bouchery,BOUCHERY 59480 ILLIES,POINT (50.559336 2.833905),2.833905,50.559336,1,,1,,,0,ILLIES
arret_point.1001,1001,6306,Lp Boilly,LA BASSEE LP BOILLY 59480 LA BASSEE,POINT (50.535499 2.811104),2.811104,50.535499,1,,1,,,0,LA BASSEE
arret_point.1002,1002,5659,La Chapelle Parc,PARC DE LA CHAPELLE 59930 LA CHAPELLE D ARMENTIERES,POINT (50.668855 2.908669),2.908669,50.668855,1,,1,,,0,LA CHAPELLE D ARMENTIERES
arret_point.1003,1003,607,Jeanne Maillotte,JEANNE MAILLOTTE 59110 LA MADELEINE,POINT (50.652123 3.069312),3.069312,50.652123,1,,1,,,0,LA MADELEINE
arret_point.604,604,604,Botanique,BOTANIQUE 59110 LA MADELEINE,POINT (50.649017 3.078705),3.078705,50.649017,1,,1,,,0,LA MADELEINE
arret_point.1006,1006,637,Canon D'Or,CANON D'OR 59130 LAMBERSART,POINT (50.648721 3.043444),3.043444,50.648721,1,,1,,,0,LAMBERSART
arret_point.1004,1004,678,Canteleu,CANTELEU 59130 LAMBERSART,POINT (50.637122 3.024435),3.024435,50.637122,1,,1,,,0,LAMBERSART
arret_point.1005,1005,5930,Clouet,CLOUET 59130 LAMBERSART,POINT (50.652569 3.03087),3.03087,50.652569,1,,1,,,0,LAMBERSART
arret_point.1007,1007,7138,Mont Garin,MONT GARIN 59130 LAMBERSART,POINT (50.65926 3.016399),3.016399,50.65926,1,,1,,,0,LAMBERSART
arret_point.1008,1008,640,Republique,LAMBERSART REPUBLIQUE 59130 LAMBERSART,POINT (50.64802 3.037353),3.037353,50.64802,1,,1,,,0,LAMBERSART
arret_point.1009,1009,9037,Parc D'Activités,PARC D'ACTIVITES CLE_COMMUNE: 44,POINT (50.676155 3.23264),3.23264,50.676155,1,,1,,,0,LEERS
arret_point.1011,1011,8058,Coeur De Ville,LEERS COEUR DE VILLE GARE BUS DE LEERS,POINT (50.678159 3.245636),3.245636,50.678159,1,,1,,,0,LEERS
arret_point.1010,1010,686,Porte De France,PORTE DE FRANCE 59115 LEERS,POINT (50.684041 3.254482),3.254482,50.684041,1,,1,,,0,LEERS
arret_point.1012,1012,726,Croix Bougard,CROIX BOUGARD 59810 LESQUIN,POINT (50.579097 3.115555),3.115555,50.579097,1,,1,,,0,LESQUIN
arret_point.1013,1013,7547,Arteparc,ARTEPARC 59810 LESQUIN,POINT (50.595058 3.130926),3.130926,50.595058,1,,1,,,0,LESQUIN
arret_point.1019,1019,964,Dupleix,DUPLEIX 59000 LILLE,POINT (50.638678 3.08545),3.08545,50.638678,1,,1,,,0,LILLE
arret_point.1415,1415,7830,Ramadier,RAMADIER VIEUX LILLE RAO A CRÉER,POINT (50.647202 3.067138),3.067138,50.647202,1,,1,,,0,LILLE
arret_point.1018,1018,7214,Chu-Centre O. Lambret,CHU CENTRE OSCAR LAMBRET 59000 LILLE,POINT (50.613168 3.036216),3.036216,50.613168,1,,1,,,0,LILLE
arret_point.1020,1020,5457,Wazemmes,WAZEMMES 59000 LILLE,POINT (50.622907 3.052386),3.052386,50.622907,1,,1,,,0,LILLE
arret_point.1016,1016,3024,Le Pont,LE PONT 59000 LILLE,POINT (50.631132 3.02242),3.02242,50.631132,1,,1,,,0,LILLE
arret_point.1015,1015,911,Nationale,NATIONALE 59000 LILLE,POINT (50.634545 3.056502),3.056502,50.634545,1,,1,,,0,LILLE
arret_point.1017,1017,4698,Bayart,LILLE BAYART 59000 LILLE,POINT (50.629534 3.024302),3.024302,50.629534,1,,1,,,0,LILLE
arret_point.1022,1022,871,Lion D'Or,LION D'OR 59000 LILLE,POINT (50.640372 3.064753),3.064753,50.640372,1,,1,,,0,LILLE
arret_point.1021,1021,762,Colpin,COLPIN 59000 LILLE,POINT (50.642052 3.053464),3.053464,50.642052,1,,1,,,0,LILLE
arret_point.1023,1023,987,Vandamme,VANDAMME 59126 LINSELLES,POINT (50.733694 3.076643),3.076643,50.733694,1,,1,,,0,LINSELLES
arret_point.1024,1024,5965,La Phalecque,LA PHALECQUE 59160 LOMME,POINT (50.633034 2.989147),2.989147,50.633034,1,,1,,,0,LOMME
arret_point.1025,1025,5819,Le Temple,LE TEMPLE 59840 PERENCHIES,POINT (50.670907 2.978561),2.978561,50.670907,1,,1,,,0,PERENCHIES
arret_point.1026,1026,6373,Eurasante,EURASANTE 59120 LOOS,POINT (50.599501 3.036956),3.036956,50.599501,1,,1,,,0,LOOS
arret_point.1027,1027,9036,Château Bigo Danel,CHATEAU BIGO DANEL CLE_COMMUNE: 52,POINT (50.618864 3.008801),3.008801,50.618864,1,,1,,,0,LOOS
arret_point.1028,1028,1093,Agora,AGORA 59390 LYS LEZ LANNOY,POINT (50.674787 3.209394),3.209394,50.674787,1,,1,,,0,LYS LEZ LANNOY
arret_point.1029,1029,1088,Tonkin,TONKIN 59390 LYS LEZ LANNOY,POINT (50.674792 3.216368),3.216368,50.674792,1,,1,,,0,LYS LEZ LANNOY
arret_point.1032,1032,1151,La Fayette,LA FAYETTE 59700 MARCQ EN BAROEUL,POINT (50.671511 3.089499),3.089499,50.671511,1,,1,,,0,MARCQ EN BAROEUL
arret_point.1034,1034,1099,Pilaterie,PILATERIE 59700 MARCQ EN BAROEUL,POINT (50.652685 3.109604),3.109604,50.652685,1,,1,,,0,MARCQ EN BAROEUL
arret_point.1031,1031,1175,Vandenberghe,VANDENBERGHE 59700 MARCQ EN BAROEUL,POINT (50.650376 3.095642),3.095642,50.650376,1,,1,,,0,MARCQ EN BAROEUL
arret_point.1115,1115,5452,Cerisaie C. D'Affaires,CERISAIE CENTRE D'AFFAIRES 59700 MARCQ EN BAROEUL,POINT (50.677145 3.111154),3.111154,50.677145,1,,1,,,0,MARCQ EN BAROEUL
arret_point.1036,1036,1130,Gladbeck,GLADBECK 59700 MARCQ EN BAROEUL,POINT (50.652932 3.09578),3.09578,50.652932,1,,1,,,0,MARCQ EN BAROEUL
arret_point.1037,1037,9094,Lommelet,MARQUETTE LOMMELET CLE_COMMUNE: 56,POINT (50.6735 3.055312),3.055312,50.6735,1,,1,,,0,MARQUETTE LEZ LILLE
arret_point.1038,1038,1231,Mairie De Mons,MAIRIE DE MONS (AVENUE ROBERT SCHUMAN) 59370 MONS EN BAROEUL,POINT (50.642119 3.110922),3.110922,50.642119,1,,1,,,0,MONS EN BAROEUL
arret_point.1039,1039,1313,Floriade Renaissance,FLORIADE RENAISSANCE 59890 QUESNOY SUR DEULE,POINT (50.71998 3.004016),3.004016,50.71998,1,,1,,,0,QUESNOY SUR DEULE
arret_point.1040,1040,6923,Gambetta,GAMBETTA 59790 RONCHIN,POINT (50.606832 3.088639),3.088639,50.606832,1,,1,,,0,RONCHIN
arret_point.1041,1041,5511,Lierre,LIERRE 59223 RONCQ,POINT (50.757238 3.118915),3.118915,50.757238,1,,1,,,0,RONCQ
arret_point.1043,1043,4674,Verdun,VERDUN 59100 ROUBAIX,POINT (50.687333 3.198388),3.198388,50.687333,1,,1,,,0,ROUBAIX
arret_point.1042,1042,1449,Fosse Aux Chenes,FOSSE AUX CHENES 59100 ROUBAIX,POINT (50.699343 3.174882),3.174882,50.699343,1,,1,,,0,ROUBAIX
arret_point.1044,1044,5625,Delory,DELORY 59100 ROUBAIX,POINT (50.670132 3.186193),3.186193,50.670132,1,,1,,,0,ROUBAIX
arret_point.1045,1045,6978,Creche,CRECHE MONTESQUIEU 59100 ROUBAIX,POINT (50.685842 3.159111),3.159111,50.685842,1,,1,,,0,ROUBAIX
arret_point.1048,1048,1601,Yser,YSER 59350 SAINT ANDRE,POINT (50.661023 3.036434),3.036434,50.661023,1,,1,,,0,SAINT ANDRE
arret_point.1047,1047,6750,Resistance,RESISTANCE (MAL DELATTRE DE TASSIGNY) 59350 SAINT ANDRE,POINT (50.655824 3.042175),3.042175,50.655824,1,,1,,,0,SAINT ANDRE
arret_point.1049,1049,5663,Sequedin Centre,SEQUEDIN CENTRE 59320 SEQUEDIN,POINT (50.622526 2.988262),2.988262,50.622526,1,,1,,,0,SEQUEDIN
arret_point.1050,1050,1705,Eglise,TEMPLEMARS EGLISE 59175 TEMPLEMARS,POINT (50.57126 3.054353),3.054353,50.57126,1,,1,,,0,TEMPLEMARS
arret_point.1051,1051,1704,Villa Saint Eloi,VILLA SAINT ELOI 59175 TEMPLEMARS,POINT (50.579376 3.050144),3.050144,50.579376,1,,1,,,0,TEMPLEMARS
arret_point.1056,1056,1736,C.H. Dron,C.H. DRON 59200 TOURCOING,POINT (50.743757 3.180505),3.180505,50.743757,1,,1,,,0,TOURCOING
arret_point.1052,1052,1859,Berthelot,BERTHELOT 59200 TOURCOING,POINT (50.724436 3.182001),3.182001,50.724436,1,,1,,,0,TOURCOING
arret_point.1054,1054,1722,Jean Xxiii,JEAN XXIII 59200 TOURCOING,POINT (50.704346 3.155121),3.155121,50.704346,1,,1,,,0,TOURCOING
arret_point.1053,1053,6354,Centre Commercial,TOURCOING CENTRE COMMERCIAL 59200 TOURCOING,POINT (50.73908 3.139239),3.139239,50.73908,1,,1,,,0,TOURCOING
arret_point.1055,1055,6666,Tourcoing Centre,TOURCOING CENTRE 59200 TOURCOING,POINT (50.720703 3.159657),3.159657,50.720703,1,,1,,,0,TOURCOING
arret_point.1058,1058,6947,Fin De La Guerre,FIN DE LA GUERRE 59200 TOURCOING,POINT (50.72925 3.144818),3.144818,50.72925,1,,1,,,0,TOURCOING
arret_point.1059,1059,1834,Vauban,VAUBAN 59200 TOURCOING,POINT (50.70172 3.153355),3.153355,50.70172,1,,1,,,0,TOURCOING
arret_point.285,285,1971,Pont De Bois,PONT DE BOIS   59650 VILLENEUVE D ASCQ,POINT (50.624787 3.128126),3.128126,50.624787,1,,1,,,0,VILLENEUVE D ASCQ
arret_point.286,286,4704,4 Cantons Stade,4 CANTONS STADE PIERRE MAUROY VILLENEUVE D'ASCQ,POINT (50.60667 3.137313),3.137313,50.60667,1,,1,,,0,NON RENSEIGNE
arret_point.1062,1062,1990,Cite Babylone,CITE BABYLONE 59650 VILLENEUVE D ASCQ,POINT (50.656722 3.143265),3.143265,50.656722,1,,1,,,0,VILLENEUVE D ASCQ
arret_point.1063,1063,5648,Note Bleue,NOTE BLEUE 59650 VILLENEUVE D ASCQ,POINT (50.649313 3.152711),3.152711,50.649313,1,,1,,,0,VILLENEUVE D ASCQ
arret_point.1061,1061,5643,Ascq 4 Chemins,ASCQ 4 CHEMINS 59650 VILLENEUVE D ASCQ,POINT (50.614778 3.155236),3.155236,50.614778,1,,1,,,0,VILLENEUVE D ASCQ
arret_point.1067,1067,1948,Fiacres,FIACRES 59650 VILLENEUVE D ASCQ,POINT (50.636118 3.126443),3.126443,50.636118,1,,1,,,0,VILLENEUVE D ASCQ
arret_point.1065,1065,7126,Pont Du Breucq,PONT DU BREUCQ 59650 VILLENEUVE D ASCQ,POINT (50.666804 3.141861),3.141861,50.666804,1,,1,,,0,VILLENEUVE D ASCQ
arret_point.1064,1064,1952,Contrescarpe,V. D'ASCQ CONTRESCARPE 59650 VILLENEUVE D ASCQ,POINT (50.644071 3.164067),3.164067,50.644071,1,,1,,,0,VILLENEUVE D ASCQ
arret_point.1068,1068,9150,Jb Lebas,JEAN-BAPTISTE LEBAS WASQUEHAL CLE_COMMUNE: 88,POINT (50.667988 3.133595),3.133595,50.667988,1,,1,,,0,WASQUEHAL
arret_point.1069,1069,5559,Marais,WATTIGNIES MARAIS 59139 WATTIGNIES,POINT (50.581519 3.028222),3.028222,50.581519,1,,1,,,0,WATTIGNIES
arret_point.1071,1071,2199,Place Thomas,PLACE THOMAS 59150 WATTRELOS,POINT (50.709714 3.207038),3.207038,50.709714,1,,1,,,0,WATTRELOS
arret_point.1070,1070,2132,Savary,SAVARY 59150 WATTRELOS,POINT (50.709018 3.198861),3.198861,50.709018,1,,1,,,0,WATTRELOS
arret_point.1072,1072,2219,College Blum,COLLEGE BLUM 59136 WAVRIN,POINT (50.572247 2.940164),2.940164,50.572247,1,,1,,,0,WAVRIN
arret_point.7,7,2398,Ecole,AUBERS ECOLE 59249 AUBERS,POINT (50.597742 2.831228),2.831228,50.597742,1,,1,,,0,AUBERS
arret_point.1074,1074,7884,Comtesse Flandr,COMTESSE DES FLANDRES CLE_COMMUNE: 124,POINT (50.533354 2.927815),2.927815,50.533354,1,,1,,,0,ANNOEULLIN
arret_point.4898,4898,9156,Frontiere,ARRÊT FRONTIÈRE BELGIQUE,POINT (50.686507 3.259427),3.259427,50.686507,1,,1,,,0,LEERS NORD BELGIQUE
arret_point.1077,1077,143,Cimetiere,ARMENTIERES CIMETIERE 59280 ARMENTIERES,POINT (50.694678 2.89305),2.89305,50.694678,1,,1,,,0,ARMENTIERES
arret_point.1078,1078,9095,Inst Ste Marie,STE MARIE H.BOIDIN CLE_COMMUNE: 4,POINT (50.603165 2.912824),2.912824,50.603165,1,,1,,,0,BEAUCAMPS LIGNY
arret_point.1080,1080,5790,Carrousel,CARROUSEL 59910 BONDUES,POINT (50.70435 3.090926),3.090926,50.70435,1,,1,,,0,BONDUES
arret_point.1079,1079,7034,Chateau D'Eau,CHATEAU D EAU 59910 BONDUES,POINT (50.720655 3.109964),3.109964,50.720655,1,,1,,,0,BONDUES
arret_point.1081,1081,242,Enizant,ENIZANT 59160 CAPINGHEM,POINT (50.645493 2.963351),2.963351,50.645493,1,,1,,,0,CAPINGHEM
arret_point.1082,1082,1994,Pont De Croix,PONT DE CROIX 59650 VILLENEUVE D ASCQ,POINT (50.671719 3.144749),3.144749,50.671719,1,,1,,,0,VILLENEUVE D ASCQ
arret_point.1083,1083,329,Rue Du Bourg,RUE DU BOURG 59320 ENNETIERES EN WEPPES,POINT (50.635675 2.942579),2.942579,50.635675,1,,1,,,0,ENNETIERES EN WEPPES
arret_point.1084,1084,5703,Bon Temps,BON TEMPS 59320 ESCOBECQUES,POINT (50.619798 2.931431),2.931431,50.619798,1,,1,,,0,ESCOBECQUES
arret_point.1085,1085,363,Eglise,FACHES EGLISE 59155 FACHES THUMESNIL,POINT (50.58844 3.07699),3.07699,50.58844,1,,1,,,0,FACHES THUMESNIL
arret_point.4,4,9155,Rue Thiers,RUE THIERS FOURNES-EN-WEPPES,POINT (50.584655 2.884149),2.884149,50.584655,1,,1,,,0,FOURNES EN WEPPES
arret_point.1086,1086,7040,Clef Des Champs,LA CLEF DES CHAMPS 59152 GRUSON,POINT (50.595546 3.211395),3.211395,50.595546,1,,1,,,0,GRUSON
arret_point.1087,1087,7150,Zac Du Moulin,ZAC DU MOULIN 59320 HALLENNES LEZ HAUBOURDIN,POINT (50.606173 2.953245),2.953245,50.606173,1,,1,,,0,HALLENNES LEZ HAUBOURDIN
arret_point.1089,1089,428,Oree Du Mont,OREE DU MONT 59250 HALLUIN,POINT (50.773359 3.143411),3.143411,50.773359,1,,1,,,0,HALLUIN
arret_point.1088,1088,2680,Rouge Porte,ROUGE PORTE 59250 HALLUIN,POINT (50.784254 3.139513),3.139513,50.784254,1,,1,,,0,HALLUIN
arret_point.1090,1090,443,Basse Ville,HALLUIN BASSE VILLE 59250 HALLUIN,POINT (50.771727 3.139297),3.139297,50.771727,1,,1,,,0,HALLUIN
arret_point.1091,1091,3908,Saint Hilaire,CROIX SAINT HILAIRE 59250 HALLUIN,POINT (50.777856 3.141419),3.141419,50.777856,1,,1,,,0,HALLUIN
arret_point.1092,1092,475,Le Parc,HAUBOURDIN LE PARC 59320 HAUBOURDIN,POINT (50.614887 2.977137),2.977137,50.614887,1,,1,,,0,HAUBOURDIN
arret_point.1093,1093,6260,Valmy,VALMY 59320 HAUBOURDIN,POINT (50.611255 2.994149),2.994149,50.611255,1,,1,,,0,HAUBOURDIN
arret_point.1094,1094,5652,Nouvelle France,NOUVELLE FRANCE 59116 HOUPLINES,POINT (50.69633 2.914308),2.914308,50.69633,1,,1,,,0,HOUPLINES
arret_point.1095,1095,573,Centre,ILLIES CENTRE 59480 ILLIES,POINT (50.561889 2.832466),2.832466,50.561889,1,,1,,,0,ILLIES
arret_point.5077,5077,677,Gambetta,GAMBETTA 59130 LAMBERSART,POINT (50.649575 3.039957),3.039957,50.649575,1,,1,,,0,LAMBERSART
arret_point.1096,1096,3952,La Carnoy,LA CARNOY 59130 LAMBERSART,POINT (50.650589 3.022264),3.022264,50.650589,1,,1,,,0,LAMBERSART
arret_point.1097,1097,693,Mirabeau,MIRABEAU 59115 LEERS,POINT (50.687131 3.220623),3.220623,50.687131,1,,1,,,0,LEERS
arret_point.1098,1098,5987,Rue De Verdun,RUE DE VERDUN 59810 LESQUIN,POINT (50.589203 3.113401),3.113401,50.589203,1,,1,,,0,LESQUIN
arret_point.1100,1100,6895,Pierre Brizon,PIERRE BRIZON 59810 LESQUIN,POINT (50.596861 3.129559),3.129559,50.596861,1,,1,,,0,LESQUIN
arret_point.1014,1014,744,Defaux,DEFAUX 59260 LEZENNES,POINT (50.617774 3.109304),3.109304,50.617774,1,,1,,,0,LEZENNES
arret_point.324,324,7028,Porte Des Postes,LILLE PORTE DES POSTES 59000 LILLE,POINT (50.618427 3.049868),3.049868,50.618427,1,,1,,,0,LILLE
arret_point.1103,1103,766,Ferrer,FERRER 59000 LILLE,POINT (50.628901 3.088336),3.088336,50.628901,1,,1,,,0,LILLE
arret_point.1102,1102,6964,Coeur Poumon,INSTITUT COEUR POUMON 59000 LILLE,POINT (50.607338 3.034429),3.034429,50.607338,1,,1,,,0,LILLE
arret_point.5031,5031,788,Massena,MASSENA 59000 LILLE,POINT (50.631762 3.053782),3.053782,50.631762,1,,1,,,0,LILLE
arret_point.1101,1101,7536,Lille Europe,GARE LILLE EUROPE 59000 LILLE,POINT (50.639284 3.075697),3.075697,50.639284,1,,1,,,0,LILLE
arret_point.1106,1106,947,Prevoyance,PREVOYANCE 59000 LILLE,POINT (50.614006 3.054232),3.054232,50.614006,1,,1,,,0,LILLE
arret_point.1105,1105,828,Rue De Toul,RUE DE TOUL 59000 LILLE,POINT (50.633517 3.044978),3.044978,50.633517,1,,1,,,0,LILLE
arret_point.1104,1104,786,Rue De Valenciennes,RUE DE VALENCIENNES 59000 LILLE,POINT (50.622764 3.072168),3.072168,50.622764,1,,1,,,0,LILLE
arret_point.1108,1108,5505,Coll Ste Marie,COLLEGE SAINTE MARIE 59126 LINSELLES,POINT (50.739912 3.077625),3.077625,50.739912,1,,1,,,0,LINSELLES
arret_point.1107,1107,5504,Rue Des Ecoles,RUE DES ECOLES 59126 LINSELLES,POINT (50.739648 3.082781),3.082781,50.739648,1,,1,,,0,LINSELLES
arret_point.1109,1109,4005,Lamy,LAMY 59160 LOMME,POINT (50.630074 3.004382),3.004382,50.630074,1,,1,,,0,LOMME
arret_point.1110,1110,1036,Mitterie,LA MITTERIE 59160 LOMME,POINT (50.646857 3.007639),3.007639,50.646857,1,,1,,,0,LOMME
arret_point.1111,1111,1062,La Paix,LA PAIX 59120 LOOS,POINT (50.608358 3.008928),3.008928,50.608358,1,,1,,,0,LOOS
arret_point.1114,1114,1097,Centre Commercial,LEERS CENTRE COMMERCIAL 59390 LYS LEZ LANNOY,POINT (50.67959 3.215266),3.215266,50.67959,1,,1,,,0,LYS LEZ LANNOY
arret_point.1113,1113,5963,Les Aulnes,LES AULNES 59390 LYS LEZ LANNOY,POINT (50.664969 3.206301),3.206301,50.664969,1,,1,,,0,LYS LEZ LANNOY
arret_point.1112,1112,5059,Jeanne D'Arc,JEANNE D'ARC 59390 LYS LEZ LANNOY,POINT (50.671079 3.218716),3.218716,50.671079,1,,1,,,0,LYS LEZ LANNOY
arret_point.1116,1116,6364,Champreuille,CHAMPREUILLE 59700 MARCQ EN BAROEUL,POINT (50.693559 3.126984),3.126984,50.693559,1,,1,,,0,MARCQ EN BAROEUL
arret_point.1117,1117,1157,Lazaro,LAZARO 59700 MARCQ EN BAROEUL,POINT (50.679692 3.083551),3.083551,50.679692,1,,1,,,0,MARCQ EN BAROEUL
arret_point.1118,1118,5936,Hondschoote,HONDSCHOOTE 59520 MARQUETTE LEZ LILLE,POINT (50.666892 3.037547),3.037547,50.666892,1,,1,,,0,MARQUETTE LEZ LILLE
arret_point.1119,1119,7024,Calvaire,CALVAIRE 59274 MARQUILLIES,POINT (50.551495 2.868326),2.868326,50.551495,1,,1,,,0,MARQUILLIES
arret_point.1120,1120,1210,Sabliere,SABLIERE 59370 MONS EN BAROEUL,POINT (50.644252 3.099627),3.099627,50.644252,1,,1,,,0,MONS EN BAROEUL
arret_point.1121,1121,4145,Prevost,PREVOST 59370 MONS EN BAROEUL,POINT (50.638474 3.101273),3.101273,50.638474,1,,1,,,0,MONS EN BAROEUL
arret_point.1122,1122,1214,Bourgogne,BOURGOGNE 59370 MONS EN BAROEUL,POINT (50.645675 3.117354),3.117354,50.645675,1,,1,,,0,MONS EN BAROEUL
arret_point.1124,1124,1235,Saint Francois,SAINT FRANCOIS 59420 MOUVAUX,POINT (50.716601 3.138256),3.138256,50.716601,1,,1,,,0,MOUVAUX
arret_point.1123,1123,5853,Rue Des Duriez,RUE DES DURIEZ 59420 MOUVAUX,POINT (50.69526 3.138648),3.138648,50.69526,1,,1,,,0,MOUVAUX
arret_point.1125,1125,1270,Berquier,BERQUIER 59960 NEUVILLE EN FERRAIN,POINT (50.746245 3.174695),3.174695,50.746245,1,,1,,,0,NEUVILLE EN FERRAIN
arret_point.1127,1127,1278,Cote D'Or,COTE D'OR 59139 NOYELLES LEZ SECLIN,POINT (50.571948 3.031288),3.031288,50.571948,1,,1,,,0,NOYELLES LEZ SECLIN
arret_point.1128,1128,1290,La Paix,LA PAIX 59840 PERENCHIES,POINT (50.66946 2.975705),2.975705,50.66946,1,,1,,,0,PERENCHIES
arret_point.1130,1130,5513,Corteville,CORTEVILLE 59223 RONCQ,POINT (50.741911 3.117262),3.117262,50.741911,1,,1,,,0,RONCQ
arret_point.1129,1129,5478,Ancienne Gare,ANCIENNE GARE  59223 RONCQ,POINT (50.750566 3.120083),3.120083,50.750566,1,,1,,,0,RONCQ
arret_point.1131,1131,1366,Broutteux,BROUTTEUX 59223 RONCQ,POINT (50.737206 3.122403),3.122403,50.737206,1,,1,,,0,RONCQ
arret_point.1133,1133,1508,Euroteleport,EUROTELEPORT 59100 ROUBAIX,POINT (50.691563 3.180598),3.180598,50.691563,1,,1,,,0,ROUBAIX
arret_point.1132,1132,1471,Jean Moulin,JEAN MOULIN 59100 ROUBAIX,POINT (50.684902 3.172127),3.172127,50.684902,1,,1,,,0,ROUBAIX
arret_point.1134,1134,1455,Boulevard De Mulhouse,BOULEVARD DE MULHOUSE 59100 ROUBAIX,POINT (50.683901 3.191326),3.191326,50.683901,1,,1,,,0,ROUBAIX
arret_point.1347,1347,4036,Bel Air,BEL AIR 59350 SAINT ANDRE,POINT (50.658647 3.039463),3.039463,50.658647,1,,1,,,0,SAINT ANDRE
arret_point.1135,1135,1613,Grand St Andre,GRAND ST ANDRE 59350 SAINT ANDRE,POINT (50.664624 3.035694),3.035694,50.664624,1,,1,,,0,SAINT ANDRE
arret_point.1136,1136,6984,Santes Marais,SANTES MARAIS 59211 SANTES,POINT (50.586124 2.967244),2.967244,50.586124,1,,1,,,0,SANTES
arret_point.1137,1137,5665,Sequedin Eglise,SEQUEDIN EGLISE 59320 SEQUEDIN,POINT (50.622931 2.98635),2.98635,50.622931,1,,1,,,0,SEQUEDIN
arret_point.1140,1140,8935,Paul Bert,PAUL BERT CLE_COMMUNE: 80,POINT (50.72917 3.154158),3.154158,50.72917,1,,1,,,0,TOURCOING
arret_point.1139,1139,1715,Calais,CALAIS 59200 TOURCOING,POINT (50.717355 3.151831),3.151831,50.717355,1,,1,,,0,TOURCOING
arret_point.1138,1138,4646,Potente,POTENTE 59200 TOURCOING,POINT (50.726384 3.184451),3.184451,50.726384,1,,1,,,0,TOURCOING
arret_point.1141,1141,6853,Papin,PAPIN (RUE DU BRUN PAIN) 59200 TOURCOING,POINT (50.727826 3.137588),3.137588,50.727826,1,,1,,,0,TOURCOING
arret_point.1142,1142,7211,Lucie Aubrac,LUCIE AUBRAC 59200 TOURCOING,POINT (50.730087 3.141624),3.141624,50.730087,1,,1,,,0,TOURCOING
arret_point.1143,1143,1884,Z I Vendeville,Z I VENDEVILLE 59175 VENDEVILLE,POINT (50.579114 3.085362),3.085362,50.579114,1,,1,,,0,VENDEVILLE
arret_point.1144,1144,1942,Hotel De Ville,V. D'ASCQ HOTEL DE VILLE 59650 VILLENEUVE D ASCQ,POINT (50.61909 3.130941),3.130941,50.61909,1,,1,,,0,VILLENEUVE D ASCQ
arret_point.1145,1145,1968,Les Pres-E. Pisani,LES PRES 59650 VILLENEUVE D ASCQ,POINT (50.650093 3.126565),3.126565,50.650093,1,,1,,,0,VILLENEUVE D ASCQ
arret_point.1148,1148,4534,Hopital Prive,HOPITAL PRIVE 59650 VILLENEUVE D ASCQ,POINT (50.65428 3.15172),3.15172,50.65428,1,,1,,,0,VILLENEUVE D ASCQ
arret_point.1147,1147,1983,Verger,VERGER 59650 VILLENEUVE D ASCQ,POINT (50.60497 3.147505),3.147505,50.60497,1,,1,,,0,VILLENEUVE D ASCQ
arret_point.1149,1149,5912,Plat Pays,PLAT PAYS 59118 WAMBRECHIES,POINT (50.707127 3.067562),3.067562,50.707127,1,,1,,,0,WAMBRECHIES
arret_point.1151,1151,2052,Saint Clement,SAINT CLEMENT 59290 WASQUEHAL,POINT (50.686765 3.144159),3.144159,50.686765,1,,1,,,0,WASQUEHAL
arret_point.1150,1150,4146,Desmoulins,DESMOULINS 59290 WASQUEHAL,POINT (50.685645 3.138578),3.138578,50.685645,1,,1,,,0,WASQUEHAL
arret_point.1153,1153,2164,De Gaulle,DE GAULLE 59150 WATTRELOS,POINT (50.703114 3.219578),3.219578,50.703114,1,,1,,,0,WATTRELOS
arret_point.1152,1152,2205,Wagner,WAGNER 59150 WATTRELOS,POINT (50.713236 3.185612),3.185612,50.713236,1,,1,,,0,WATTRELOS
arret_point.1154,1154,2125,Grimomprez,GRIMOMPREZ 59150 WATTRELOS,POINT (50.715853 3.193625),3.193625,50.715853,1,,1,,,0,WATTRELOS
arret_point.1155,1155,2160,Mousserie,MOUSSERIE 59150 WATTRELOS,POINT (50.710597 3.184479),3.184479,50.710597,1,,1,,,0,WATTRELOS
arret_point.1156,1156,2128,Foch,FOCH 59150 WATTRELOS,POINT (50.705157 3.231013),3.231013,50.705157,1,,1,,,0,WATTRELOS
arret_point.1157,1157,5744,Curie,CURIE 59117 WERVICQ SUD,POINT (50.773998 3.053931),3.053931,50.773998,1,,1,,,0,WERVICQ SUD
arret_point.1158,1158,100,Branly,BRANLY 59152 ANSTAING,POINT (50.603704 3.195567),3.195567,50.603704,1,,1,,,0,ANSTAING
arret_point.1159,1159,134,Pierre Beregovoy,PIERRE BEREGOVOY 59280 ARMENTIERES,POINT (50.691109 2.880782),2.880782,50.691109,1,,1,,,0,ARMENTIERES
arret_point.1162,1162,5784,Le Damier,LE DAMIER 59910 BONDUES,POINT (50.706596 3.102034),3.102034,50.706596,1,,1,,,0,BONDUES
arret_point.1161,1161,5783,Chapelle,CHAPELLE LA CROIX 59910 BONDUES,POINT (50.698296 3.087897),3.087897,50.698296,1,,1,,,0,BONDUES
arret_point.1160,1160,5792,Les Saules,LES SAULES 59910 BONDUES,POINT (50.701645 3.07686),3.07686,50.701645,1,,1,,,0,BONDUES
arret_point.1163,1163,7569,Le Ham,LE HAM CLE_COMMUNE: 6,POINT (50.773525 3.089893),3.089893,50.773525,1,,1,,,0,BOUSBECQUE
arret_point.1164,1164,243,Rue Des Fusilles,RUE DES FUSILLES 59160 CAPINGHEM,POINT (50.64043 2.971145),2.971145,50.64043,1,,1,,,0,CAPINGHEM
arret_point.1165,1165,245,Chateau,CHATEAU 59152 CHERENG,POINT (50.611266 3.19815),3.19815,50.611266,1,,1,,,0,CHERENG
arret_point.1168,1168,265,Cat Malecot,CAT MALECOT 59560 COMINES,POINT (50.743696 3.011839),3.011839,50.743696,1,,1,,,0,COMINES
arret_point.1167,1167,6630,Place De Gaulle,PLACE DE GAULLE  59560 COMINES,POINT (50.762895 3.010769),3.010769,50.762895,1,,1,,,0,COMINES
arret_point.1166,1166,5845,Bonaparte,BONAPARTE 59560 COMINES,POINT (50.761303 2.999944),2.999944,50.761303,1,,1,,,0,COMINES
arret_point.1173,1173,1337,Rubens,RUBENS 59790 RONCHIN,POINT (50.595482 3.08307),3.08307,50.595482,1,,1,,,0,RONCHIN
arret_point.1172,1172,358,Rue De L'Oise,RUE DE L'OISE 59155 FACHES THUMESNIL,POINT (50.612172 3.061171),3.061171,50.612172,1,,1,,,0,FACHES THUMESNIL
arret_point.1171,1171,5545,Jean Rostand,JEAN ROSTAND 59155 FACHES THUMESNIL,POINT (50.586312 3.080383),3.080383,50.586312,1,,1,,,0,FACHES THUMESNIL
arret_point.1170,1170,344,Hoche,HOCHE 59155 FACHES THUMESNIL,POINT (50.606843 3.06583),3.06583,50.606843,1,,1,,,0,FACHES THUMESNIL
arret_point.1174,1174,5707,Cimetiere,FOURNES EN W. CIMETIERE 59134 FOURNES EN WEPPES,POINT (50.583482 2.895633),2.895633,50.583482,1,,1,,,0,FOURNES EN WEPPES
arret_point.1175,1175,5807,Cite Faucheur,CITE FAUCHEUR 59236 FRELINGHIEN,POINT (50.724272 2.940065),2.940065,50.724272,1,,1,,,0,FRELINGHIEN
arret_point.1176,1176,5810,Petite Chapelle,PETITE CHAPELLE 59236 FRELINGHIEN,POINT (50.715724 2.934466),2.934466,50.715724,1,,1,,,0,FRELINGHIEN
arret_point.1177,1177,5711,La Colle,HALLENNES LA COLLE 59320 HALLENNES LEZ HAUBOURDIN,POINT (50.607065 2.952326),2.952326,50.607065,1,,1,,,0,HALLENNES LEZ HAUBOURDIN
arret_point.1178,1178,399,Le Fort,LE FORT 59320 HALLENNES LEZ HAUBOURDIN,POINT (50.613145 2.956419),2.956419,50.613145,1,,1,,,0,HALLENNES LEZ HAUBOURDIN
arret_point.1180,1180,427,Sangnier,SANGNIER 59250 HALLUIN,POINT (50.78493 3.115176),3.115176,50.78493,1,,1,,,0,HALLUIN
arret_point.1179,1179,4124,Cense Manoir,CENSE MANOIR 59250 HALLUIN,POINT (50.777739 3.119067),3.119067,50.777739,1,,1,,,0,HALLUIN
arret_point.1181,1181,2687,Abbe Lemire,ABBE LEMIRE 59250 HALLUIN,POINT (50.778194 3.136318),3.136318,50.778194,1,,1,,,0,HALLUIN
arret_point.1182,1182,456,Dutrey,DUTREY (RUE ROGER SALENGRO) 59320 HAUBOURDIN,POINT (50.600257 2.997458),2.997458,50.600257,1,,1,,,0,HAUBOURDIN
arret_point.1183,1183,6859,Beaupre,BEAUPRE 59320 HAUBOURDIN,POINT (50.602892 2.994618),2.994618,50.602892,1,,1,,,0,HAUBOURDIN
arret_point.1184,1184,463,Rue Du Gal Mesny,RUE DU GAL MESNY 59320 HAUBOURDIN,POINT (50.602665 2.984776),2.984776,50.602665,1,,1,,,0,HAUBOURDIN
arret_point.1185,1185,484,Chapelle D'Elocques,CHAPELLE D'ELOCQUES 59260 HELLEMMES LILLE,POINT (50.634255 3.103184),3.103184,50.634255,1,,1,,,0,HELLEMMES LILLE
arret_point.1186,1186,483,P.S. De Lezennes,P.S. DE LEZENNES 59260 HELLEMMES LILLE,POINT (50.621265 3.094623),3.094623,50.621265,1,,1,,,0,HELLEMMES LILLE
arret_point.1188,1188,8930,Mozart,MOZART CLE_COMMUNE: 34,POINT (50.667915 3.178547),3.178547,50.667915,1,,1,,,0,HEM
arret_point.1189,1189,7940,Blanchisserie,BLANCHISSERIE CLE_COMMUNE: 34,POINT (50.661295 3.201933),3.201933,50.661295,1,,1,,,0,HEM
arret_point.1187,1187,5622,Watteeuw,WATTEEUW 59510 HEM,POINT (50.665165 3.196185),3.196185,50.665165,1,,1,,,0,HEM
arret_point.1190,1190,521,4 Vents,HEM 4 VENTS 59510 HEM,POINT (50.648598 3.19607),3.19607,50.648598,1,,1,,,0,HEM
arret_point.1191,1191,5656,Republique,REPUBLIQUE 59116 HOUPLINES,POINT (50.688851 2.902191),2.902191,50.688851,1,,1,,,0,HOUPLINES
arret_point.1193,1193,7813,Coll Notre Dame,COLLEGE NOTRE DAME CLE_COMMUNE: 39,POINT (50.531068 2.801548),2.801548,50.531068,1,,1,,,0,LA BASSEE
arret_point.1192,1192,5678,Rue De Lille,RUE DE LILLE 59480 LA BASSEE,POINT (50.533166 2.811406),2.811406,50.533166,1,,1,,,0,LA BASSEE
arret_point.1194,1194,603,Victoire,VICTOIRE 59110 LA MADELEINE,POINT (50.655991 3.06436),3.06436,50.655991,1,,1,,,0,LA MADELEINE
arret_point.1195,1195,5581,Josephine,JOSEPHINE 59110 LA MADELEINE,POINT (50.655416 3.061557),3.061557,50.655416,1,,1,,,0,LA MADELEINE
arret_point.1196,1196,602,Pre Catelan,PRE CATELAN 59110 LA MADELEINE,POINT (50.652361 3.060836),3.060836,50.652361,1,,1,,,0,LA MADELEINE
arret_point.1197,1197,5923,Saut Du Loup,SAUT DU LOUP 59130 LAMBERSART,POINT (50.654968 3.034868),3.034868,50.654968,1,,1,,,0,LAMBERSART
arret_point.1198,1198,1003,Pont Superieur,PONT SUPERIEUR 59160 LOMME,POINT (50.64468 3.013817),3.013817,50.64468,1,,1,,,0,LOMME
arret_point.1199,1199,7120,Pierre Curie,PIERRE CURIE 59810 LESQUIN,POINT (50.591165 3.113939),3.113939,50.591165,1,,1,,,0,LESQUIN
arret_point.1200,1200,746,4 Vents,4 VENTS 59260 LEZENNES,POINT (50.612431 3.123038),3.123038,50.612431,1,,1,,,0,LEZENNES
arret_point.1203,1203,932,Bd De L'Usine,BD DE L'USINE 59000 LILLE,POINT (50.62558 3.088666),3.088666,50.62558,1,,1,,,0,LILLE
arret_point.1201,1201,7851,Lille Fives,LILLE FIVES CLE_COMMUNE: 47,POINT (50.63284 3.08965),3.08965,50.63284,1,,1,,,0,LILLE
arret_point.1204,1204,950,Rue Du Port,RUE DU PORT 59000 LILLE,POINT (50.631473 3.04942),3.04942,50.631473,1,,1,,,0,LILLE
arret_point.4900,4900,800,Tanneurs,TANNEURS 59000 LILLE,POINT (50.633352 3.065652),3.065652,50.633352,1,,1,,,0,LILLE
arret_point.1205,1205,982,Victor Hugo,VICTOR HUGO 59126 LINSELLES,POINT (50.74582 3.088584),3.088584,50.74582,1,,1,,,0,LINSELLES
arret_point.1206,1206,1012,Chateau Du Molinel,CHATEAU DU MOLINEL 59160 LOMME,POINT (50.654743 2.975291),2.975291,50.654743,1,,1,,,0,LOMME
arret_point.1207,1207,4002,Egalite,EGALITE 59160 LOMME,POINT (50.631421 3.002468),3.002468,50.631421,1,,1,,,0,LOMME
arret_point.1208,1208,5952,Cite Familiale,CITE FAMILIALE 59840 LOMPRET,POINT (50.659019 3.008014),3.008014,50.659019,1,,1,,,0,LOMPRET
arret_point.1212,1212,6280,Nd De Grace,ND DE GRACE 59120 LOOS,POINT (50.611137 3.012616),3.012616,50.611137,1,,1,,,0,LOOS
arret_point.1211,1211,1044,Leclerc,LECLERC 59120 LOOS,POINT (50.610308 3.019922),3.019922,50.610308,1,,1,,,0,LOOS
arret_point.1210,1210,6965,Hop J De Flandre,HOPITAL JEANNE DE FLANDRE 59120 LOOS,POINT (50.604971 3.034157),3.034157,50.604971,1,,1,,,0,LOOS
arret_point.1209,1209,6277,Ch De La Barre,CHEVALIER DE LA BARRE 59120 LOOS,POINT (50.606299 3.016413),3.016413,50.606299,1,,1,,,0,LOOS
arret_point.1214,1214,1142,Pont De Marcq,PONT DE MARCQ 59700 MARCQ EN BAROEUL,POINT (50.670724 3.077348),3.077348,50.670724,1,,1,,,0,MARCQ EN BAROEUL
arret_point.1213,1213,1132,Rouges Barres,ROUGES BARRES 59700 MARCQ EN BAROEUL,POINT (50.654966 3.094668),3.094668,50.654966,1,,1,,,0,MARCQ EN BAROEUL
arret_point.1215,1215,1181,Saint Jean De Dieu,SAINT JEAN DE DIEU 59520 MARQUETTE LEZ LILLE,POINT (50.666164 3.044029),3.044029,50.666164,1,,1,,,0,MARQUETTE LEZ LILLE
arret_point.1219,1219,5933,Samain,SAMAIN 59520 MARQUETTE LEZ LILLE,POINT (50.664406 3.039431),3.039431,50.664406,1,,1,,,0,MARQUETTE LEZ LILLE
arret_point.1216,1216,5941,Pn De Marquette,PN DE MARQUETTE 59520 MARQUETTE LEZ LILLE,POINT (50.673068 3.05086),3.05086,50.673068,1,,1,,,0,MARQUETTE LEZ LILLE
arret_point.1217,1217,7005,Les Platanes,LES PLATANES 59520 MARQUETTE LEZ LILLE,POINT (50.675298 3.049861),3.049861,50.675298,1,,1,,,0,MARQUETTE LEZ LILLE
arret_point.1218,1218,5938,Pont De L'Abbaye,PONT DE L'ABBAYE 59520 MARQUETTE LEZ LILLE,POINT (50.665698 3.06412),3.06412,50.665698,1,,1,,,0,MARQUETTE LEZ LILLE
arret_point.1220,1220,1183,Les Alouettes,MARQUETTE LES ALOUETTES 59520 MARQUETTE LEZ LILLE,POINT (50.68002 3.063128),3.063128,50.68002,1,,1,,,0,MARQUETTE LEZ LILLE
arret_point.157,157,1199,Rue Du Moisnil,RUE DU MOISNIL 59274 MARQUILLIES,POINT (50.552039 2.858658),2.858658,50.552039,1,,1,,,0,MARQUILLIES
arret_point.1222,1222,5959,Moulin,MOULIN 59960 NEUVILLE EN FERRAIN,POINT (50.744759 3.160958),3.160958,50.744759,1,,1,,,0,NEUVILLE EN FERRAIN
arret_point.1224,1224,5525,Grand Place,NOYELLES GRAND PLACE 59139 NOYELLES LEZ SECLIN,POINT (50.576 3.017298),3.017298,50.576,1,,1,,,0,NOYELLES LEZ SECLIN
arret_point.1223,1223,5526,Marais,MARAIS 59139 NOYELLES LEZ SECLIN,POINT (50.5756 3.01177),3.01177,50.5756,1,,1,,,0,NOYELLES LEZ SECLIN
arret_point.1225,1225,1293,Picardie,PICARDIE 59840 PERENCHIES,POINT (50.671002 2.970587),2.970587,50.671002,1,,1,,,0,PERENCHIES
arret_point.1226,1226,6938,P.A Mauroy,PARC D ACTIVITES P.MAUROY 59223 RONCQ,POINT (50.762695 3.121051),3.121051,50.762695,1,,1,,,0,RONCQ
arret_point.1231,1231,8036,Alfred Mongy,A SUPPRIMER 08/10/2019,POINT (50.688649 3.17651),3.17651,50.688649,1,,1,,,0,ROUBAIX
arret_point.1233,1233,7130,Saint Remi,SAINT REMI 59100 ROUBAIX,POINT (50.69515 3.180715),3.180715,50.69515,1,,1,,,0,ROUBAIX
arret_point.1228,1228,7238,Hopital Victor Provo,HOPITAL VICTOR PROVO 59100 ROUBAIX[ASUP],POINT (50.679951 3.169531),3.169531,50.679951,1,,1,,,0,ROUBAIX
arret_point.1227,1227,1519,Alsace,ALSACE 59100 ROUBAIX,POINT (50.700187 3.161338),3.161338,50.700187,1,,1,,,0,ROUBAIX
arret_point.1229,1229,1496,Rollin,ROLLIN 59100 ROUBAIX,POINT (50.705182 3.18015),3.18015,50.705182,1,,1,,,0,ROUBAIX
arret_point.1230,1230,7110,Dunant,DUNANT 59100 ROUBAIX,POINT (50.688843 3.183531),3.183531,50.688843,1,,1,,,0,ROUBAIX
arret_point.1234,1234,1588,Renovation,RENOVATION 59184 SAINGHIN EN WEPPES,POINT (50.565893 2.89493),2.89493,50.565893,1,,1,,,0,SAINGHIN EN WEPPES
arret_point.1236,1236,1604,Mairie,SAINT ANDRE MAIRIE 59350 SAINT ANDRE,POINT (50.660843 3.050741),3.050741,50.660843,1,,1,,,0,SAINT ANDRE
arret_point.1235,1235,1594,Faidherbe,FAIDHERBE 59350 SAINT ANDRE,POINT (50.652697 3.052389),3.052389,50.652697,1,,1,,,0,SAINT ANDRE
arret_point.1237,1237,7632,Santes Eglise,SANTES EGLISE CLE_COMMUNE: 74,POINT (50.596982 2.955937),2.955937,50.596982,1,,1,,,0,SANTES
arret_point.1238,1238,1697,Muchembus,MUCHEMBUS 59320 SEQUEDIN,POINT (50.625606 2.984128),2.984128,50.625606,1,,1,,,0,SEQUEDIN
arret_point.1240,1240,1874,Ma Campagne,MA CAMPAGNE 59200 TOURCOING,POINT (50.709868 3.152867),3.152867,50.709868,1,,1,,,0,TOURCOING
arret_point.556,556,7834,Lucie Aubrac,LUCIE AUBRAC TOURCOING,POINT (50.730217 3.139478),3.139478,50.730217,1,,1,,,0,TOURCOING
arret_point.648,648,1805,Mercure,MERCURE 59200 TOURCOING,POINT (50.705127 3.160332),3.160332,50.705127,1,,1,,,0,TOURCOING
arret_point.1244,1244,1875,Point Central,POINT CENTRAL 59200 TOURCOING,POINT (50.707016 3.156903),3.156903,50.707016,1,,1,,,0,TOURCOING
arret_point.1243,1243,5589,Clinquet,CLINQUET 59200 TOURCOING,POINT (50.725644 3.130898),3.130898,50.725644,1,,1,,,0,TOURCOING
arret_point.1241,1241,7544,Sebastopol,TOURCOING SEBASTOPOL 59200 TOURCOING,POINT (50.716224 3.164146),3.164146,50.716224,1,,1,,,0,TOURCOING
arret_point.1242,1242,4463,Sacre Coeur,SACRE COEUR 59200 TOURCOING,POINT (50.714699 3.158809),3.158809,50.714699,1,,1,,,0,TOURCOING
arret_point.1252,1252,7145,Chateau,CHATEAU 59650 VILLENEUVE D ASCQ,POINT (50.636222 3.135444),3.135444,50.636222,1,,1,,,0,VILLENEUVE D ASCQ
arret_point.1249,1249,1962,Parmentier,PARMENTIER 59650 VILLENEUVE D ASCQ,POINT (50.639057 3.134022),3.134022,50.639057,1,,1,,,0,VILLENEUVE D ASCQ
arret_point.1248,1248,9122,Rue De Lannoy,RUE DE LANNOY CLE_COMMUNE: 84,POINT (50.648845 3.161183),3.161183,50.648845,1,,1,,,0,VILLENEUVE D ASCQ
arret_point.1251,1251,7193,Haley,HALLEY 59650 VILLENEUVE D ASCQ,POINT (50.605521 3.149742),3.149742,50.605521,1,,1,,,0,VILLENEUVE D ASCQ
arret_point.1245,1245,1995,L.A.M.,L.A.M. 59650 VILLENEUVE D ASCQ,POINT (50.638649 3.148432),3.148432,50.638649,1,,1,,,0,VILLENEUVE D ASCQ
arret_point.1247,1247,6635,4 Cantons Stade,4 CANTONS STADE P . MAUROY 59650 VILLENEUVE D ASCQ,POINT (50.605218 3.13977),3.13977,50.605218,1,,1,,,0,VILLENEUVE D ASCQ
arret_point.1246,1246,5604,Lac De Canteleu,LAC DE CANTELEU 59650 VILLENEUVE D ASCQ,POINT (50.635832 3.155298),3.155298,50.635832,1,,1,,,0,VILLENEUVE D ASCQ
arret_point.1250,1250,2004,Moulin D'Ascq,MOULIN D'ASCQ 59650 VILLENEUVE D ASCQ,POINT (50.617394 3.154418),3.154418,50.617394,1,,1,,,0,VILLENEUVE D ASCQ
arret_point.1253,1253,4344,Residence,RESIDENCE 59650 VILLENEUVE D ASCQ,POINT (50.620265 3.144834),3.144834,50.620265,1,,1,,,0,VILLENEUVE D ASCQ
arret_point.1066,1066,6415,Cité Scientifique,CITE SCIENTIFIQUE 59650 VILLENEUVE D ASCQ,POINT (50.611992 3.14236),3.14236,50.611992,1,,1,,,0,VILLENEUVE D ASCQ
arret_point.1254,1254,5857,Le Bihamel,LE BIHAMEL 59118 WAMBRECHIES,POINT (50.694696 3.045845),3.045845,50.694696,1,,1,,,0,WAMBRECHIES
arret_point.1255,1255,7664,Republique,REPUBLIQUE 59139 WATTIGNIES,POINT (50.581373 3.043029),3.043029,50.581373,1,,1,,,0,WATTIGNIES
arret_point.1256,1256,2096,Amiteuse,AMITEUSE 59139 WATTIGNIES,POINT (50.584483 3.051287),3.051287,50.584483,1,,1,,,0,WATTIGNIES
arret_point.1259,1259,2194,Saint Lievin,SAINT LIEVIN 59150 WATTRELOS,POINT (50.705094 3.222396),3.222396,50.705094,1,,1,,,0,WATTRELOS
arret_point.1258,1258,2130,Cite A. Prouvost,CITE A. PROUVOST 59150 WATTRELOS,POINT (50.709614 3.194436),3.194436,50.709614,1,,1,,,0,WATTRELOS
arret_point.1261,1261,7871,Pont Du Sartel,PONT DU SARTEL CLE_COMMUNE: 68,POINT (50.692793 3.205105),3.205105,50.692793,1,,1,,,0,ROUBAIX
arret_point.1260,1260,2203,D'Hondt,D'HONDT 59150 WATTRELOS,POINT (50.704747 3.204183),3.204183,50.704747,1,,1,,,0,WATTRELOS
arret_point.1262,1262,5746,Victoire,VICTOIRE 59117 WERVICQ SUD,POINT (50.769518 3.039073),3.039073,50.769518,1,,1,,,0,WERVICQ SUD
arret_point.1263,1263,2241,Beau Coin,BEAU COIN 59780 WILLEMS,POINT (50.633185 3.236652),3.236652,50.633185,1,,1,,,0,WILLEMS
arret_point.1264,1264,2252,Le Touquet,LE TOUQUET 59280 BOIS GRENIER,POINT (50.64167 2.880301),2.880301,50.64167,1,,1,,,0,BOIS GRENIER
arret_point.1266,1266,2466,Eglise St Amand,EGLISE ST AMAND 7700 MOUSCRON BELGIQUE,POINT (50.738074 3.233624),3.233624,50.738074,1,,1,,,0,MOUSCRON BELGIQUE
arret_point.1267,1267,7104,Phenix,PHENIX 7700 MOUSCRON BELGIQUE,POINT (50.737737 3.223173),3.223173,50.737737,1,,1,,,0,MOUSCRON BELGIQUE
arret_point.1268,1268,2467,Bocle,BOCLE 7700 MOUSCRON BELGIQUE,POINT (50.743224 3.23342),3.23342,50.743224,1,,1,,,0,MOUSCRON BELGIQUE
arret_point.1269,1269,9132,Radinghem Mairie,RADINGHEM MAIRIE CLE_COMMUNE: 793,POINT (50.622116 2.905851),2.905851,50.622116,1,,1,,,0,RADINGHEM EN WEPPES
arret_point.1270,1270,130,College Jean Rostand,ARMENTIERES COLLEGE JEAN ROSTAND 59280 ARMENTIERES,POINT (50.687124 2.866916),2.866916,50.687124,1,,1,,,0,ARMENTIERES
arret_point.1271,1271,132,Hotel De Ville,ARMENTIERES HOTEL DE VILLE 59280 ARMENTIERES,POINT (50.686937 2.883165),2.883165,50.686937,1,,1,,,0,ARMENTIERES
arret_point.1272,1272,6987,Gustave Dron,ARMENTIERES GUSTAVE DRON 59280 ARMENTIERES,POINT (50.6843 2.89117),2.89117,50.6843,1,,1,,,0,ARMENTIERES
arret_point.1273,1273,145,Jean Monnet,JEAN MONNET 59780 BAISIEUX,POINT (50.614028 3.245937),3.245937,50.614028,1,,1,,,0,BAISIEUX
arret_point.1274,1274,5702,Beaucamps Mairie,BEAUCAMPS-LIGNY MAIRIE  59134 BEAUCAMPS LIGNY,POINT (50.60525 2.915978),2.915978,50.60525,1,,1,,,0,BEAUCAMPS LIGNY
arret_point.1275,1275,167,Mairie,MAIRIE 59134 BEAUCAMPS LIGNY,POINT (50.605666 2.915123),2.915123,50.605666,1,,1,,,0,BEAUCAMPS LIGNY
arret_point.1276,1276,5787,Salle Poher,SALLE POHER 59910 BONDUES,POINT (50.694052 3.088031),3.088031,50.694052,1,,1,,,0,BONDUES
arret_point.1277,1277,5432,Calvaire,CALVAIRE 59160 CAPINGHEM,POINT (50.645221 2.97445),2.97445,50.645221,1,,1,,,0,CAPINGHEM
arret_point.1278,1278,262,Gendarmerie,GENDARMERIE 59560 COMINES,POINT (50.755829 3.005598),3.005598,50.755829,1,,1,,,0,COMINES
arret_point.979,979,302,Croix Centre,CROIX CENTRE 59170 CROIX,POINT (50.674374 3.146203),3.146203,50.674374,1,,1,,,0,CROIX
arret_point.114,114,278,Palais Des Metiers,PALAIS DES METIERS 59170 CROIX,POINT (50.675721 3.14048),3.14048,50.675721,1,,1,,,0,CROIX
arret_point.1279,1279,6315,Emmerin Mairie,EMMERIN MAIRIE 59320 EMMERIN,POINT (50.593503 3.000568),3.000568,50.593503,1,,1,,,0,EMMERIN
arret_point.1280,1280,332,La Vallee,ENNETIERES LA VALLEE 59320 ENNETIERES EN WEPPES,POINT (50.635499 2.928994),2.928994,50.635499,1,,1,,,0,ENNETIERES EN WEPPES
arret_point.1281,1281,6318,Le Bourg,LE BOURG 59193 ERQUINGHEM LYS,POINT (50.678291 2.847285),2.847285,50.678291,1,,1,,,0,ERQUINGHEM LYS
arret_point.1283,1283,342,Rue D'Haubourdin,RUE D'HAUBOURDIN 59155 FACHES THUMESNIL,POINT (50.599625 3.068248),3.068248,50.599625,1,,1,,,0,FACHES THUMESNIL
arret_point.1282,1282,5550,Rue De Bordeaux,RUE DE BORDEAUX 59155 FACHES THUMESNIL,POINT (50.595148 3.080317),3.080317,50.595148,1,,1,,,0,FACHES THUMESNIL
arret_point.1284,1284,7023,Moulin De Faches,MOULIN DE FACHES 59155 FACHES THUMESNIL,POINT (50.584513 3.08564),3.08564,50.584513,1,,1,,,0,FACHES THUMESNIL
arret_point.1285,1285,383,Croix Au Bois,CROIX AU BOIS 59236 FRELINGHIEN,POINT (50.696669 2.976632),2.976632,50.696669,1,,1,,,0,FRELINGHIEN
arret_point.1287,1287,440,Monument Aux Morts,MONUMENT AUX MORTS 59250 HALLUIN,POINT (50.781535 3.12586),3.12586,50.781535,1,,1,,,0,HALLUIN
arret_point.1288,1288,488,Marbrerie,MARBRERIE 59000 LILLE,POINT (50.630315 3.097637),3.097637,50.630315,1,,1,,,0,HELLEMMES LILLE
arret_point.1289,1289,513,Eglise Saint Paul,EGLISE SAINT PAUL 59510 HEM,POINT (50.670156 3.17747),3.17747,50.670156,1,,1,,,0,HEM
arret_point.1292,1292,543,Poste,POSTE 59263 HOUPLIN ANCOISNE,POINT (50.56942 2.998207),2.998207,50.56942,1,,1,,,0,HOUPLIN ANCOISNE
arret_point.1293,1293,555,Rue Brune,RUE BRUNE 59116 HOUPLINES,POINT (50.694899 2.917229),2.917229,50.694899,1,,1,,,0,HOUPLINES
arret_point.1294,1294,595,Poste,POSTE 59930 LA CHAPELLE D ARMENTIERES,POINT (50.670431 2.903507),2.903507,50.670431,1,,1,,,0,LA CHAPELLE D ARMENTIERES
arret_point.1295,1295,600,Gare,LA MADELEINE GARE 59110 LA MADELEINE,POINT (50.65876 3.073869),3.073869,50.65876,1,,1,,,0,LA MADELEINE
arret_point.1320,1320,8874,Montgolfier,LA MADELEINE MONTGOLFIER CLE_COMMUNE: 55,POINT (50.661524 3.073768),3.073768,50.661524,1,,1,,,0,MARCQ EN BAROEUL
arret_point.1296,1296,3985,Marechal Foch,MARECHAL FOCH 59130 LAMBERSART,POINT (50.64814 3.025574),3.025574,50.64814,1,,1,,,0,LAMBERSART
arret_point.1297,1297,634,Alliance Nord-Ouest,ALLIANCE NORD-OUEST 59130 LAMBERSART,POINT (50.658967 3.032003),3.032003,50.658967,1,,1,,,0,LAMBERSART
arret_point.1298,1298,5925,Rue De Lompret,RUE DE LOMPRET 59130 LAMBERSART,POINT (50.653523 3.012343),3.012343,50.653523,1,,1,,,0,LAMBERSART
arret_point.1299,1299,707,Leclerc,LECLERC 59115 LEERS,POINT (50.68088 3.239106),3.239106,50.68088,1,,1,,,0,LEERS
arret_point.1300,1300,687,Eglise,LEERS EGLISE 59115 LEERS,POINT (50.680172 3.247564),3.247564,50.680172,1,,1,,,0,LEERS
arret_point.1301,1301,696,De Vinci,DE VINCI (RUE DE WATTRELOS) 59115 LEERS,POINT (50.685978 3.238676),3.238676,50.685978,1,,1,,,0,LEERS
arret_point.41,41,739,Gare,LESQUIN GARE 59810 LESQUIN,POINT (50.590326 3.116026),3.116026,50.590326,1,,1,,,0,LESQUIN
arret_point.1302,1302,731,Basquin,BASQUIN 59810 LESQUIN,POINT (50.5936 3.110439),3.110439,50.5936,1,,1,,,0,LESQUIN
arret_point.1099,1099,7852,Pic Au Vent,PIC AU VENT CLE_COMMUNE: 45,POINT (50.582076 3.105555),3.105555,50.582076,1,,1,,,0,LESQUIN
arret_point.1305,1305,717,Haie Plouvier,HAIE PLOUVIER 59810 LESQUIN,POINT (50.577607 3.124267),3.124267,50.577607,1,,1,,,0,LESQUIN
arret_point.1303,1303,741,11 Novembre,11 NOVEMBRE  59810 LESQUIN,POINT (50.5923 3.10598),3.10598,50.5923,1,,1,,,0,LESQUIN
arret_point.1304,1304,712,Voyette,VOYETTE 59810 LESQUIN,POINT (50.583039 3.127804),3.127804,50.583039,1,,1,,,0,LESQUIN
arret_point.1310,1310,930,Liberte,LIBERTE 59000 LILLE,POINT (50.628469 3.067626),3.067626,50.628469,1,,1,,,0,LILLE
arret_point.1308,1308,803,Courbet,COURBET 59000 LILLE,POINT (50.607602 3.043145),3.043145,50.607602,1,,1,,,0,LILLE
arret_point.1309,1309,4696,Wagner,WAGNER 59000 LILLE,POINT (50.605392 3.053193),3.053193,50.605392,1,,1,,,0,LILLE
arret_point.1307,1307,850,Dieu De Marcq,DIEU DE MARCQ (RUE DE LA LOUVRIERE) 59000 LILLE,POINT (50.644928 3.084344),3.084344,50.644928,1,,1,,,0,LILLE
arret_point.1306,1306,6002,P I De Douai,P I DE DOUAI 59000 LILLE,POINT (50.612081 3.075028),3.075028,50.612081,1,,1,,,0,LILLE
arret_point.1311,1311,944,Isly,ISLY 59000 LILLE,POINT (50.621301 3.035244),3.035244,50.621301,1,,1,,,0,LILLE
arret_point.1312,1312,981,Castelnau,CASTELNAU 59126 LINSELLES,POINT (50.735855 3.073594),3.073594,50.735855,1,,1,,,0,LINSELLES
arret_point.1313,1313,1008,Marais,LOMME MARAIS 59160 LOMME,POINT (50.630449 3.001355),3.001355,50.630449,1,,1,,,0,LOMME
arret_point.1314,1314,5953,Lompret Gare,LOMPRET GARE 59840 LOMPRET,POINT (50.664102 2.998528),2.998528,50.664102,1,,1,,,0,LOMPRET
arret_point.1315,1315,6273,La Marliere,LA MARLIERE 59120 LOOS,POINT (50.604298 3.013285),3.013285,50.604298,1,,1,,,0,LOOS
arret_point.1316,1316,9123,Meunier,MEUNIER CLE_COMMUNE: 54,POINT (50.66321 3.216573),3.216573,50.66321,1,,1,,,0,LYS LEZ LANNOY
arret_point.1319,1319,5991,Ecole J. Manuel,ECOLE J. MANUEL 59700 MARCQ EN BAROEUL,POINT (50.69066 3.120076),3.120076,50.69066,1,,1,,,0,MARCQ EN BAROEUL
arret_point.1317,1317,1125,Piscine,MARCQ PISCINE 59700 MARCQ EN BAROEUL,POINT (50.665857 3.087099),3.087099,50.665857,1,,1,,,0,MARCQ EN BAROEUL
arret_point.1318,1318,1152,Meunier,MEUNIER 59700 MARCQ EN BAROEUL,POINT (50.674418 3.084955),3.084955,50.674418,1,,1,,,0,MARCQ EN BAROEUL
arret_point.1321,1321,9093,Moulins,MARQUETTE MOULINS CLE_COMMUNE: 56,POINT (50.670227 3.054983),3.054983,50.670227,1,,1,,,0,MARQUETTE LEZ LILLE
arret_point.1322,1322,1201,Route De Sainghin,ROUTE DE SAINGHIN 59274 MARQUILLIES,POINT (50.553681 2.873221),2.873221,50.553681,1,,1,,,0,MARQUILLIES
arret_point.1323,1323,7021,Gare Marquillies,GARE DE MARQUILLIES 59274 MARQUILLIES,POINT (50.548662 2.867902),2.867902,50.548662,1,,1,,,0,MARQUILLIES
arret_point.1523,1523,1222,Fort De Mons,FORT DE MONS 59370 MONS EN BAROEUL,POINT (50.642189 3.119627),3.119627,50.642189,1,,1,,,0,MONS EN BAROEUL
arret_point.1324,1324,4138,Montesquieu,MONTESQUIEU 59370 MONS EN BAROEUL,POINT (50.646338 3.106092),3.106092,50.646338,1,,1,,,0,MONS EN BAROEUL
arret_point.1326,1326,1243,Lorthiois,LORTHIOIS 59420 MOUVAUX,POINT (50.714533 3.134832),3.134832,50.714533,1,,1,,,0,MOUVAUX
arret_point.1327,1327,1245,Isly,ISLY 59420 MOUVAUX,POINT (50.695526 3.130673),3.130673,50.695526,1,,1,,,0,MOUVAUX
arret_point.1328,1328,5818,Cite Saint Leger,CITE SAINT LEGER 59840 PERENCHIES,POINT (50.66476 2.975758),2.975758,50.66476,1,,1,,,0,PERENCHIES
arret_point.1329,1329,1352,Ferrer,FERRER 59790 RONCHIN,POINT (50.60417 3.09411),3.09411,50.60417,1,,1,,,0,RONCHIN
arret_point.1330,1330,752,Oree Du Golf,OREE DU GOLF 59260 LEZENNES,POINT (50.60922 3.108623),3.108623,50.60922,1,,1,,,0,LEZENNES
arret_point.1336,1336,6411,Parc Barbieux,PARC BARBIEUX 59100 ROUBAIX,POINT (50.677467 3.162728),3.162728,50.677467,1,,1,,,0,ROUBAIX
arret_point.1332,1332,4450,La Vigne,LA VIGNE 59100 ROUBAIX,POINT (50.701112 3.183881),3.183881,50.701112,1,,1,,,0,ROUBAIX
arret_point.1335,1335,1469,Hommelet,HOMMELET 59100 ROUBAIX,POINT (50.692893 3.184278),3.184278,50.692893,1,,1,,,0,ROUBAIX
arret_point.1334,1334,7903,Roubaix Place,ROUBAIX PLACE CLE_COMMUNE: 68,POINT (50.691386 3.173633),3.173633,50.691386,1,,1,,,0,ROUBAIX
arret_point.1333,1333,1419,Les Hauts Champs,LES HAUTS CHAMPS 59100 ROUBAIX,POINT (50.675143 3.195693),3.195693,50.675143,1,,1,,,0,ROUBAIX
arret_point.1339,1339,1382,Coubertin,COUBERTIN 59100 ROUBAIX,POINT (50.680849 3.21094),3.21094,50.680849,1,,1,,,0,ROUBAIX
arret_point.1338,1338,5571,Carnot,CARNOT 59100 ROUBAIX,POINT (50.688851 3.196819),3.196819,50.688851,1,,1,,,0,ROUBAIX
arret_point.1337,1337,1521,Boulevard De Reims,BOULEVARD DE REIMS 59100 ROUBAIX,POINT (50.678323 3.185951),3.185951,50.678323,1,,1,,,0,ROUBAIX
arret_point.1340,1340,7662,Blanchemaille,BLANCHEMAILLE CLE_COMMUNE: 68,POINT (50.696162 3.167683),3.167683,50.696162,1,,1,,,0,ROUBAIX
arret_point.1341,1341,1439,Rue D'Orchies,RUE D'ORCHIES 59100 ROUBAIX,POINT (50.689502 3.201207),3.201207,50.689502,1,,1,,,0,ROUBAIX
arret_point.1342,1342,4392,Tourne Bride,TOURNE BRIDE 59390 SAILLY LEZ LANNOY,POINT (50.647465 3.22819),3.22819,50.647465,1,,1,,,0,SAILLY LEZ LANNOY
arret_point.1343,1343,2557,Cimetiere,SAINGHIN EN M. CIMETIERE 59262 SAINGHIN EN MELANTOIS,POINT (50.59355 3.166544),3.166544,50.59355,1,,1,,,0,SAINGHIN EN MELANTOIS
arret_point.1344,1344,1584,Marie Curie,MARIE CURIE 59184 SAINGHIN EN WEPPES,POINT (50.562733 2.903247),2.903247,50.562733,1,,1,,,0,SAINGHIN EN WEPPES
arret_point.1346,1346,4043,Moliere,MOLIERE 59350 SAINT ANDRE,POINT (50.657749 3.052066),3.052066,50.657749,1,,1,,,0,SAINT ANDRE
arret_point.1345,1345,1611,Resistance,RESISTANCE (AVENUE DE LA RESISTANCE) 59350 SAINT ANDRE,POINT (50.658162 3.04424),3.04424,50.658162,1,,1,,,0,SAINT ANDRE
arret_point.1349,1349,1646,La Mouchonniere,LA MOUCHONNIERE 59113 SECLIN,POINT (50.540994 3.027044),3.027044,50.540994,1,,1,,,0,SECLIN
arret_point.8,8,1660,Hentges,HENTGES 59113 SECLIN,POINT (50.553589 3.031949),3.031949,50.553589,1,,1,,,0,SECLIN
arret_point.1348,1348,6928,Rte Pt A Marcq,ROUTE DE PONT A MARCQ 59113 SECLIN,POINT (50.556443 3.03327),3.03327,50.556443,1,,1,,,0,SECLIN
arret_point.1352,1352,6346,Rue Du Pont,RUE DU PONT 59320 SEQUEDIN,POINT (50.622229 2.981589),2.981589,50.622229,1,,1,,,0,SEQUEDIN
arret_point.1351,1351,5664,Archelois,ARCHELOIS 59320 SEQUEDIN,POINT (50.629767 2.9861),2.9861,50.629767,1,,1,,,0,SEQUEDIN
arret_point.1350,1350,5666,Vert Touquet,VERT TOUQUET 59320 SEQUEDIN,POINT (50.625368 2.985183),2.985183,50.625368,1,,1,,,0,SEQUEDIN
arret_point.1353,1353,1691,Boutillerie,BOUTILLERIE 59320 SEQUEDIN,POINT (50.628536 2.969302),2.969302,50.628536,1,,1,,,0,SEQUEDIN
arret_point.1354,1354,1713,Place,TOUFFLERS PLACE 59390 TOUFFLERS,POINT (50.661087 3.228701),3.228701,50.661087,1,,1,,,0,TOUFFLERS
arret_point.1360,1360,6972,Florence,TOURCOING FLORENCE 59200 TOURCOING,POINT (50.729531 3.16732),3.16732,50.729531,1,,1,,,0,TOURCOING
arret_point.1357,1357,1865,La Forgette,LA FORGETTE 59200 TOURCOING,POINT (50.746675 3.177487),3.177487,50.746675,1,,1,,,0,TOURCOING
arret_point.1356,1356,1813,Les Arcades,DRON 59200 TOURCOING,POINT (50.719738 3.161718),3.161718,50.719738,1,,1,,,0,TOURCOING
arret_point.1358,1358,1719,Bourgogne,BOURGOGNE 59200 TOURCOING,POINT (50.739549 3.179473),3.179473,50.739549,1,,1,,,0,TOURCOING
arret_point.1355,1355,1829,Lycee Gambetta,LYCEE GAMBETTA (BOULEVARD GAMBETTA) 59200 TOURCOING,POINT (50.712957 3.159049),3.159049,50.712957,1,,1,,,0,TOURCOING
arret_point.1361,1361,1986,College Rimbaud,COLLEGE RIMBAUD 59650 VILLENEUVE D ASCQ,POINT (50.618082 3.157532),3.157532,50.618082,1,,1,,,0,VILLENEUVE D ASCQ
arret_point.1362,1362,1939,Courteline,COURTELINE 59650 VILLENEUVE D ASCQ,POINT (50.645192 3.161461),3.161461,50.645192,1,,1,,,0,VILLENEUVE D ASCQ
arret_point.1363,1363,5294,Epoux Labrousse,EPOUX LABROUSSE 59650 VILLENEUVE D ASCQ,POINT (50.623116 3.127098),3.127098,50.623116,1,,1,,,0,VILLENEUVE D ASCQ
arret_point.1364,1364,2105,Guillain,GUILLAIN 59139 WATTIGNIES,POINT (50.587712 3.041934),3.041934,50.587712,1,,1,,,0,WATTIGNIES
arret_point.1365,1365,2143,Carriere Andre,CARRIERE ANDRE 59150 WATTRELOS,POINT (50.70928 3.230296),3.230296,50.70928,1,,1,,,0,WATTRELOS
arret_point.1366,1366,2156,Flandre,FLANDRE 59150 WATTRELOS,POINT (50.708167 3.227861),3.227861,50.708167,1,,1,,,0,WATTRELOS
arret_point.1368,1368,2220,Marais,MARAIS 59136 WAVRIN,POINT (50.563186 2.927322),2.927322,50.563186,1,,1,,,0,WAVRIN
arret_point.1367,1367,2222,Rue Des Wazieres,RUE DES WAZIERES 59136 WAVRIN,POINT (50.564782 2.919904),2.919904,50.564782,1,,1,,,0,WAVRIN
arret_point.1369,1369,2298,Mairie,FROMELLES MAIRIE 59249 FROMELLES,POINT (50.605874 2.853989),2.853989,50.605874,1,,1,,,0,FROMELLES
arret_point.961,961,9143,La Joierie,FROMELLES LA JOIERIE FROMELLES,POINT (50.599796 2.870135),2.870135,50.599796,1,,1,,,0,FROMELLES
arret_point.1370,1370,2464,Citadelle,CITADELLE 7700 MOUSCRON BELGIQUE,POINT (50.71207 3.238808),3.238808,50.71207,1,,1,,,0,MOUSCRON BELGIQUE
arret_point.1371,1371,2462,Rue De La Liesse,RUE DE LA LIESSE 7700 MOUSCRON BELGIQUE,POINT (50.742676 3.234781),3.234781,50.742676,1,,1,,,0,MOUSCRON BELGIQUE
arret_point.1373,1373,6901,Europe,EUROPE 59280 ARMENTIERES,POINT (50.689533 2.865643),2.865643,50.689533,1,,1,,,0,ARMENTIERES
arret_point.1374,1374,6950,Armentieres Gare,ARMENTIERES GARE 59280 ARMENTIERES,POINT (50.680822 2.878411),2.878411,50.680822,1,,1,,,0,ARMENTIERES
arret_point.1372,1372,105,Leo Lagrange,LEO LAGRANGE 59280 ARMENTIERES,POINT (50.694524 2.887414),2.887414,50.694524,1,,1,,,0,ARMENTIERES
arret_point.1375,1375,6988,Lp De  Flandres,LP ILE DE FLANDRE 59280 ARMENTIERES,POINT (50.688861 2.89019),2.89019,50.688861,1,,1,,,0,ARMENTIERES
arret_point.1376,1376,9090,Ste Marie,STE MARIE H. BOIDIN CLE_COMMUNE: 4,POINT (50.602813 2.913299),2.913299,50.602813,1,,1,,,0,BEAUCAMPS LIGNY
arret_point.1377,1377,5838,Coll Ph Commynes,COLLEGE PH. DE COMMYNES 59560 COMINES,POINT (50.759255 3.012304),3.012304,50.759255,1,,1,,,0,COMINES
arret_point.1378,1378,5802,Belle Vue,BELLE VUE 59890 DEULEMONT,POINT (50.737583 2.957935),2.957935,50.737583,1,,1,,,0,DEULEMONT
arret_point.1379,1379,5800,Deulemont Mairie,DEULEMONT MAIRIE 59890 DEULEMONT,POINT (50.734956 2.945098),2.945098,50.734956,1,,1,,,0,DEULEMONT
arret_point.1380,1380,319,Delory,DELORY 59320 EMMERIN,POINT (50.595615 3.003218),3.003218,50.595615,1,,1,,,0,EMMERIN
arret_point.1381,1381,2540,Le Bosquiel,LE BOSQUIEL 59193 ERQUINGHEM LYS,POINT (50.678266 2.8532),2.8532,50.678266,1,,1,,,0,ERQUINGHEM LYS
arret_point.1384,1384,5708,4 Chemins,4 CHEMINS 59134 FOURNES EN WEPPES,POINT (50.580447 2.873916),2.873916,50.580447,1,,1,,,0,FOURNES EN WEPPES
arret_point.1383,1383,5704,Mairie,FOURNES EN W. MAIRIE 59134 FOURNES EN WEPPES,POINT (50.5841 2.889793),2.889793,50.5841,1,,1,,,0,FOURNES EN WEPPES
arret_point.1382,1382,372,Lion Noir,LION NOIR 59134 FOURNES EN WEPPES,POINT (50.583847 2.884126),2.884126,50.583847,1,,1,,,0,FOURNES EN WEPPES
arret_point.1385,1385,382,La Chapelette,LA CHAPELETTE 59236 FRELINGHIEN,POINT (50.692473 2.94057),2.94057,50.692473,1,,1,,,0,FRELINGHIEN
arret_point.1386,1386,7210,Le Poumon Vert,LE POUMON VERT 59152 GRUSON,POINT (50.593903 3.206462),3.206462,50.593903,1,,1,,,0,GRUSON
arret_point.1387,1387,462,La Pepiniere,LA PEPINIERE 59320 HAUBOURDIN,POINT (50.611147 2.968377),2.968377,50.611147,1,,1,,,0,HAUBOURDIN
arret_point.987,987,423,Cimetiere,HALLUIN CIMETIERE 59250 HALLUIN,POINT (50.779215 3.129544),3.129544,50.779215,1,,1,,,0,HALLUIN
arret_point.1389,1389,437,Bellefontaine,BELLEFONTAINE 59250 HALLUIN,POINT (50.770764 3.121603),3.121603,50.770764,1,,1,,,0,HALLUIN
arret_point.691,691,6254,Mairie,HAUBOURDIN MAIRIE 59320 HAUBOURDIN,POINT (50.610532 2.983186),2.983186,50.610532,1,,1,,,0,HAUBOURDIN
arret_point.1391,1391,460,Beaupre Canteraine,BEAUPRE CANTERAINE 59320 HAUBOURDIN,POINT (50.598641 2.985837),2.985837,50.598641,1,,1,,,0,HAUBOURDIN
arret_point.1392,1392,6258,Jacquard,JACQUARD 59320 HAUBOURDIN,POINT (50.605068 2.990262),2.990262,50.605068,1,,1,,,0,HAUBOURDIN
arret_point.1393,1393,492,Square Flandres,SQUARE FLANDRES 59000 LILLE,POINT (50.625204 3.116047),3.116047,50.625204,1,,1,,,0,HELLEMMES LILLE
arret_point.1395,1395,523,Hem La Vallee,HEM LA VALLEE 2 59510 HEM,POINT (50.649048 3.197107),3.197107,50.649048,1,,1,,,0,HEM
arret_point.1394,1394,7042,Trois Fermes,TROIS FERMES 59510 HEM,POINT (50.661639 3.198905),3.198905,50.661639,1,,1,,,0,HEM
arret_point.1396,1396,8981,Rue Du Moulin,RUE DU MOULIN CLE_COMMUNE: 35,POINT (50.577307 2.850947),2.850947,50.577307,1,,1,,,0,HERLIES
arret_point.1397,1397,564,Ligny-Le-Grand,LIGNY-LE-GRAND 59480 ILLIES,POINT (50.57267 2.82412),2.82412,50.57267,1,,1,,,0,ILLIES
arret_point.1400,1400,586,Monument Aux Morts,LA BASSEE MONUMENT AUX MORTS 59480 LA BASSEE,POINT (50.536466 2.804554),2.804554,50.536466,1,,1,,,0,LA BASSEE
arret_point.1399,1399,6307,Coll Schweitzer,LA BASSEE COLLEGE SCHWEITZER 59480 LA BASSEE,POINT (50.540713 2.813082),2.813082,50.540713,1,,1,,,0,LA BASSEE
arret_point.1398,1398,8980,Clg Schweitzer,COLLEGE SCHWEITZER CLE_COMMUNE: 39,POINT (50.539113 2.811674),2.811674,50.539113,1,,1,,,0,LA BASSEE
arret_point.1402,1402,618,Romarin,ROMARIN 59110 LA MADELEINE,POINT (50.645602 3.075184),3.075184,50.645602,1,,1,,,0,LA MADELEINE
arret_point.1404,1404,5946,Les Terres Ocres,LES TERRES OCRES 59130 LAMBERSART,POINT (50.651527 3.00337),3.00337,50.651527,1,,1,,,0,LAMBERSART
arret_point.1405,1405,3963,Rue De Lille,RUE DE LILLE 59130 LAMBERSART,POINT (50.652654 3.039492),3.039492,50.652654,1,,1,,,0,LAMBERSART
arret_point.1406,1406,679,Tour Eiffel,TOUR EIFFEL 59390 LANNOY,POINT (50.665233 3.214633),3.214633,50.665233,1,,1,,,0,LANNOY
arret_point.1409,1409,4644,Charles Perrault,CHARLES PERRAULT  59115 LEERS,POINT (50.68695 3.214577),3.214577,50.68695,1,,1,,,0,LEERS
arret_point.1408,1408,699,Leers Bifur,LEERS BIFUR 59115 LEERS,POINT (50.680343 3.242598),3.242598,50.680343,1,,1,,,0,LEERS
arret_point.1407,1407,701,Buisson,BUISSON 59115 LEERS,POINT (50.683184 3.230606),3.230606,50.683184,1,,1,,,0,LEERS
arret_point.1412,1412,751,Mairie,LEZENNES MAIRIE 59260 LEZENNES,POINT (50.614948 3.119285),3.119285,50.614948,1,,1,,,0,LEZENNES
arret_point.1413,1413,848,G. Lyon,G. LYON 59000 LILLE,POINT (50.623973 3.081563),3.081563,50.623973,1,,1,,,0,LILLE
arret_point.1416,1416,4189,Henri Regnault,HENRI REGNAULT 59000 LILLE,POINT (50.632818 3.030624),3.030624,50.632818,1,,1,,,0,LILLE
arret_point.1417,1417,934,Port De Lille,PORT DE LILLE 59000 LILLE,POINT (50.630053 3.035733),3.035733,50.630053,1,,1,,,0,LILLE
arret_point.1414,1414,951,Jeanne D'Arc,JEANNE D'ARC 59000 LILLE,POINT (50.626411 3.063675),3.063675,50.626411,1,,1,,,0,LILLE
arret_point.1418,1418,811,Douai Arras,DOUAI ARRAS 59000 LILLE,POINT (50.624427 3.067073),3.067073,50.624427,1,,1,,,0,LILLE
arret_point.1419,1419,1009,Blanchisseurs,BLANCHISSEURS 59160 LOMME,POINT (50.628822 3.010288),3.010288,50.628822,1,,1,,,0,LOMME
arret_point.1422,1422,1078,Les Oliveaux,LOOS LES OLIVEAUX 59120 LOOS,POINT (50.606727 3.00541),3.00541,50.606727,1,,1,,,0,LOOS
arret_point.1423,1423,1086,Descartes Physicien,DESCARTES PHYSICIEN 59390 LYS LEZ LANNOY,POINT (50.672125 3.221812),3.221812,50.672125,1,,1,,,0,LYS LEZ LANNOY
arret_point.1426,1426,1105,Le Quesne,LE QUESNE 59700 MARCQ EN BAROEUL,POINT (50.673406 3.10672),3.10672,50.673406,1,,1,,,0,MARCQ EN BAROEUL
arret_point.1424,1424,1170,Chemin De Wervicq,CHEMIN DE WERVICQ 59700 MARCQ EN BAROEUL,POINT (50.676854 3.081081),3.081081,50.676854,1,,1,,,0,MARCQ EN BAROEUL
arret_point.1425,1425,1124,Foch,FOCH 59700 MARCQ EN BAROEUL,POINT (50.666473 3.103734),3.103734,50.666473,1,,1,,,0,MARCQ EN BAROEUL
arret_point.1427,1427,2606,Simone Veil,ABBE PIERRE 59520 MARQUETTE LEZ LILLE,POINT (50.680572 3.072906),3.072906,50.680572,1,,1,,,0,MARQUETTE LEZ LILLE
arret_point.1428,1428,7198,Chemin Wervicq,CHEMIN DE WERVICQ 59520 MARQUETTE LEZ LILLE,POINT (50.676356 3.080452),3.080452,50.676356,1,,1,,,0,MARQUETTE LEZ LILLE
arret_point.1429,1429,7805,Verdun,RUE DE VERDUN CLE_COMMUNE: 57,POINT (50.553959 2.865015),2.865015,50.553959,1,,1,,,0,MARQUILLIES
arret_point.1431,1431,1265,Centre,NEUVILLE CENTRE 59960 NEUVILLE EN FERRAIN,POINT (50.748591 3.15244),3.15244,50.748591,1,,1,,,0,NEUVILLE EN FERRAIN
arret_point.1430,1430,5890,Le Christ,LE CHRIST 59960 NEUVILLE EN FERRAIN,POINT (50.745769 3.158685),3.158685,50.745769,1,,1,,,0,NEUVILLE EN FERRAIN
arret_point.1432,1432,7820,Hotel De Ville,HOTEL DE VILLE CLE_COMMUNE: 62,POINT (50.668502 2.973618),2.973618,50.668502,1,,1,,,0,PERENCHIES
arret_point.1433,1433,6992,Europe,PERENCHIES EUROPE 59840 PERENCHIES ATTENTION 17/05/2024  NE PAS METTRE EN ASUP NI OBS ADUBOIS,POINT (50.66717 2.979684),2.979684,50.66717,1,,1,,,0,PERENCHIES
arret_point.1434,1434,7906,Grand Cabaret,GRAND CABARET CLE_COMMUNE: 65,POINT (50.715199 2.980246),2.980246,50.715199,1,,1,,,0,QUESNOY SUR DEULE
arret_point.1435,1435,4285,Marronniers,MARRONNIERS 59790 RONCHIN,POINT (50.607453 3.076412),3.076412,50.607453,1,,1,,,0,RONCHIN
arret_point.1436,1436,7032,Clinique St Roch,CLINIQUE SAINT ROCH 59223 RONCQ,POINT (50.733596 3.114559),3.114559,50.733596,1,,1,,,0,RONCQ
arret_point.1437,1437,5479,La Vallee,LA VALLEE  59223 RONCQ,POINT (50.747166 3.118871),3.118871,50.747166,1,,1,,,0,RONCQ
arret_point.1438,1438,1401,St Jean Baptiste,ST JEAN BAPTISTE 59100 ROUBAIX,POINT (50.679323 3.178796),3.178796,50.679323,1,,1,,,0,ROUBAIX
arret_point.1439,1439,6831,Henri Carrette,HENRI CARRETTE (RUE DE L'ALMA) 59100 ROUBAIX,POINT (50.699845 3.170922),3.170922,50.699845,1,,1,,,0,ROUBAIX
arret_point.1440,1440,4428,Grand Chemin,GRAND CHEMIN 59100 ROUBAIX,POINT (50.693431 3.161707),3.161707,50.693431,1,,1,,,0,ROUBAIX
arret_point.1441,1441,1580,Place De Gaulle,PLACE DE GAULLE 59184 SAINGHIN EN WEPPES,POINT (50.562967 2.899109),2.899109,50.562967,1,,1,,,0,SAINGHIN EN WEPPES
arret_point.1443,1443,1617,Egalite,EGALITE 59496 SALOME,POINT (50.536754 2.840734),2.840734,50.536754,1,,1,,,0,SALOME
arret_point.1444,1444,1634,Faidherbe,FAIDHERBE 59211 SANTES,POINT (50.594393 2.965953),2.965953,50.594393,1,,1,,,0,SANTES
arret_point.1445,1445,1632,Gaston Slosse,GASTON SLOSSE 59211 SANTES,POINT (50.597113 2.967397),2.967397,50.597113,1,,1,,,0,SANTES
arret_point.1446,1446,2533,Lorival,LORIVAL 0 NON RENSEIGNEE,POINT (50.566464 3.034959),3.034959,50.566464,1,,1,,,0,NON RENSEIGNE
arret_point.1447,1447,1701,Mairie,TEMPLEMARS MAIRIE 59175 TEMPLEMARS,POINT (50.576031 3.05304),3.05304,50.576031,1,,1,,,0,TEMPLEMARS
arret_point.1448,1448,1702,Pasteur,PASTEUR 59175 TEMPLEMARS,POINT (50.568542 3.055793),3.055793,50.568542,1,,1,,,0,TEMPLEMARS
arret_point.1449,1449,1712,Toufflers Douane,TOUFFLERS DOUANE 59390 TOUFFLERS,POINT (50.661292 3.232599),3.232599,50.661292,1,,1,,,0,TOUFFLERS
arret_point.1450,1450,1711,Bon Poste,TOUFFLERS BON POSTE (RUE DU MARECHAL LECLERC) 59390 TOUFFLERS,POINT (50.661366 3.218573),3.218573,50.661366,1,,1,,,0,TOUFFLERS
arret_point.1451,1451,1876,Anatole France,ANATOLE FRANCE 59200 TOURCOING,POINT (50.732725 3.135815),3.135815,50.732725,1,,1,,,0,TOURCOING
arret_point.4913,4913,9158,Olympiade,OLYMPIADE - VERLINGHEM,POINT (50.678565 2.997858),2.997858,50.678565,1,,1,,,0,VERLINGHEM
arret_point.1454,1454,6837,La Marque,LA MARQUE (AVENUE DE LA MARQUE) 59650 VILLENEUVE D ASCQ,POINT (50.641532 3.147901),3.147901,50.641532,1,,1,,,0,VILLENEUVE D ASCQ
arret_point.1455,1455,6858,Valmy,VALMY 59650 VILLENEUVE D ASCQ,POINT (50.616645 3.133101),3.133101,50.616645,1,,1,,,0,VILLENEUVE D ASCQ
arret_point.1453,1453,1989,Courtilles,COURTILLES 59650 VILLENEUVE D ASCQ,POINT (50.644161 3.154616),3.154616,50.644161,1,,1,,,0,VILLENEUVE D ASCQ
arret_point.1456,1456,7049,Baratte,BARATTE 59650 VILLENEUVE D ASCQ,POINT (50.616943 3.157456),3.157456,50.616943,1,,1,,,0,VILLENEUVE D ASCQ
arret_point.1457,1457,5859,Chariot D'Or,CHARIOT D'OR 59118 WAMBRECHIES,POINT (50.692657 3.052509),3.052509,50.692657,1,,1,,,0,WAMBRECHIES
arret_point.294,294,2086,Cartelot,CARTELOT 59290 WASQUEHAL,POINT (50.683499 3.119243),3.119243,50.683499,1,,1,,,0,WASQUEHAL
arret_point.1458,1458,2085,Sentier Des Briques,SENTIER DES BRIQUES 59290 WASQUEHAL,POINT (50.690118 3.147249),3.147249,50.690118,1,,1,,,0,WASQUEHAL
arret_point.1459,1459,2047,Pont De Wasquehal,PONT DE WASQUEHAL 59290 WASQUEHAL,POINT (50.664502 3.117605),3.117605,50.664502,1,,1,,,0,WASQUEHAL
arret_point.1461,1461,6941,Bleriot,BLERIOT 59139 WATTIGNIES,POINT (50.588919 3.039584),3.039584,50.588919,1,,1,,,0,WATTIGNIES
arret_point.1460,1460,5542,Terray,TERRAY 59139 WATTIGNIES,POINT (50.589999 3.035822),3.035822,50.589999,1,,1,,,0,WATTIGNIES
arret_point.1462,1462,5540,Fleming,FLEMING 59139 WATTIGNIES,POINT (50.588654 3.04516),3.04516,50.588654,1,,1,,,0,WATTIGNIES
arret_point.1467,1467,2144,Rue Des Ecoles,RUE DES ECOLES 59150 WATTRELOS,POINT (50.71281 3.1822),3.1822,50.71281,1,,1,,,0,WATTRELOS
arret_point.1463,1463,2175,Vallon,VALLON 59150 WATTRELOS,POINT (50.704467 3.225944),3.225944,50.704467,1,,1,,,0,WATTRELOS
arret_point.1465,1465,2138,Cimetiere Intercommunal,CIMETIERE INTERCOMMUNAL 59150 WATTRELOS,POINT (50.696508 3.226367),3.226367,50.696508,1,,1,,,0,WATTRELOS
arret_point.1257,1257,2188,Curie,CURIE 59150 WATTRELOS,POINT (50.706635 3.238823),3.238823,50.706635,1,,1,,,0,WATTRELOS
arret_point.203,203,6789,Cretinier,CRETINIER (RUE DES PARTIOTES) 59150 WATTRELOS,POINT (50.706023 3.198795),3.198795,50.706023,1,,1,,,0,WATTRELOS
arret_point.1464,1464,2147,Sapin Vert,SAPIN VERT 59150 WATTRELOS,POINT (50.715022 3.180147),3.180147,50.715022,1,,1,,,0,WATTRELOS
arret_point.1466,1466,2209,Herriot,HERRIOT 59150 WATTRELOS,POINT (50.704639 3.233278),3.233278,50.704639,1,,1,,,0,WATTRELOS
arret_point.1468,1468,2136,La Fontaine,LA FONTAINE 59150 WATTRELOS,POINT (50.711929 3.19562),3.19562,50.711929,1,,1,,,0,WATTRELOS
arret_point.1470,1470,2215,Republique,REPUBLIQUE 59136 WAVRIN,POINT (50.568862 2.931587),2.931587,50.568862,1,,1,,,0,WAVRIN
arret_point.1471,1471,2214,Eglise,WAVRIN EGLISE 59136 WAVRIN,POINT (50.5735 2.938911),2.938911,50.5735,1,,1,,,0,WAVRIN
arret_point.1073,1073,2251,Gris Pot,GRIS POT 59280 BOIS GRENIER,POINT (50.659295 2.872167),2.872167,50.659295,1,,1,,,0,BOIS GRENIER
arret_point.1472,1472,2250,Mairie,BOIS GRENIER MAIRIE 59280 BOIS GRENIER,POINT (50.650317 2.876162),2.876162,50.650317,1,,1,,,0,BOIS GRENIER
arret_point.1474,1474,8917,Sacre Coeur,SACRE COEUR CLE_COMMUNE: 150,POINT (50.594487 2.821796),2.821796,50.594487,1,,1,,,0,AUBERS
arret_point.1473,1473,2397,Sacre Coeur,SACRE COEUR 59249 AUBERS,POINT (50.594416 2.821485),2.821485,50.594416,1,,1,,,0,AUBERS
arret_point.1475,1475,8983,Rue D'Houtem,RUE D'HOUTHEM CLE_COMMUNE: 76841,POINT (50.775093 2.99058),2.99058,50.775093,1,,1,,,0,COMINES BELGIQUE
arret_point.1476,1476,2455,5 Chemins,5 CHEMINS 7780 COMINES BELGIQUE,POINT (50.776784 2.996345),2.996345,50.776784,1,,1,,,0,COMINES BELGIQUE
arret_point.1477,1477,2840,L'Ours,L'OURS 7700 MOUSCRON BELGIQUE,POINT (50.741992 3.210046),3.210046,50.741992,1,,1,,,0,MOUSCRON BELGIQUE
arret_point.1478,1478,2471,La Carpe,LA CARPE 7700 MOUSCRON BELGIQUE,POINT (50.740831 3.230748),3.230748,50.740831,1,,1,,,0,MOUSCRON BELGIQUE
arret_point.1479,1479,9062,Sainte Helene,SAINT HELENE CLE_COMMUNE: 881,POINT (50.661495 3.055718),3.055718,50.661495,1,,1,,,0,ST ANDRE LEZ LILLE
arret_point.1480,1480,6898,Faidherbe,FAIDHERBE 59280 ARMENTIERES,POINT (50.681957 2.873299),2.873299,50.681957,1,,1,,,0,ARMENTIERES
arret_point.1481,1481,6311,Herons,HERONS 59280 ARMENTIERES,POINT (50.701263 2.888759),2.888759,50.701263,1,,1,,,0,ARMENTIERES
arret_point.1482,1482,7199,Les Poetes,LES POETES 59780 BAISIEUX,POINT (50.611716 3.248038),3.248038,50.611716,1,,1,,,0,BAISIEUX
arret_point.1483,1483,152,Sin,BAISIEUX SIN 59780 BAISIEUX,POINT (50.614363 3.230772),3.230772,50.614363,1,,1,,,0,BAISIEUX
arret_point.389,389,154,Maison D'Accueil,MAISON D'ACCUEIL 59780 BAISIEUX,POINT (50.603088 3.251377),3.251377,50.603088,1,,1,,,0,BAISIEUX
arret_point.1484,1484,153,Grand Baisieux,GRAND BAISIEUX 59780 BAISIEUX,POINT (50.608904 3.246182),3.246182,50.608904,1,,1,,,0,BAISIEUX
arret_point.1486,1486,7010,Bondues Ravennes,BONDUES RAVENNES 59910 BONDUES,POINT (50.722712 3.127926),3.127926,50.722712,1,,1,,,0,BONDUES
arret_point.1485,1485,7738,Les Genêts,LES GENÊTS CLE_COMMUNE: 5,POINT (50.702281 3.075429),3.075429,50.702281,1,,1,,,0,BONDUES
arret_point.1488,1488,241,La Perdriere,LA PERDRIERE 59160 CAPINGHEM,POINT (50.646644 2.959246),2.959246,50.646644,1,,1,,,0,CAPINGHEM
arret_point.1489,1489,260,Eglise,STE MARGUERITE EGLISE 59560 COMINES,POINT (50.740057 3.013118),3.013118,50.740057,1,,1,,,0,COMINES
arret_point.1490,1490,263,Les Glycines,LES GLYCINES 59560 COMINES,POINT (50.753666 3.007463),3.007463,50.753666,1,,1,,,0,COMINES
arret_point.1491,1491,300,La Fonderie,LA FONDERIE 59170 CROIX,POINT (50.6757 3.144997),3.144997,50.6757,1,,1,,,0,CROIX
arret_point.1494,1494,8007,Rue De La Gare,RUE DE LA GARE CLE_COMMUNE: 18,POINT (50.648832 2.911051),2.911051,50.648832,1,,1,,,0,ENNETIERES EN WEPPES
arret_point.1493,1493,325,Trois Chenes,TROIS CHENES 59320 ENNETIERES EN WEPPES,POINT (50.630023 2.966105),2.966105,50.630023,1,,1,,,0,ENNETIERES EN WEPPES
arret_point.1492,1492,7750,Fleur D'Ecosse,FLEUR D'ECOSSE CLE_COMMUNE: 18,POINT (50.654158 2.936185),2.936185,50.654158,1,,1,,,0,ENNETIERES EN WEPPES
arret_point.1495,1495,335,Mairie,ENNETIERES MAIRIE 59320 ENNETIERES EN WEPPES,POINT (50.634919 2.939523),2.939523,50.634919,1,,1,,,0,ENNETIERES EN WEPPES
arret_point.1496,1496,2547,Vieux Chene,VIEUX CHENE 59193 ERQUINGHEM LYS,POINT (50.676541 2.840887),2.840887,50.676541,1,,1,,,0,ERQUINGHEM LYS
arret_point.1497,1497,5709,Carnot,CARNOT 59134 FOURNES EN WEPPES,POINT (50.586298 2.887816),2.887816,50.586298,1,,1,,,0,FOURNES EN WEPPES
arret_point.1498,1498,384,Bon Coin,BON COIN 59236 FRELINGHIEN,POINT (50.707051 2.928896),2.928896,50.707051,1,,1,,,0,FRELINGHIEN
arret_point.1499,1499,389,Petit Quinquin,PETIT QUINQUIN 59273 FRETIN,POINT (50.580327 3.13661),3.13661,50.580327,1,,1,,,0,FRETIN
arret_point.1500,1500,402,Les Riez,LES RIEZ 59320 HALLENNES LEZ HAUBOURDIN,POINT (50.612474 2.966787),2.966787,50.612474,1,,1,,,0,HALLENNES LEZ HAUBOURDIN
arret_point.1502,1502,6261,Europe,EUROPE 59320 HAUBOURDIN,POINT (50.611952 2.975718),2.975718,50.611952,1,,1,,,0,HAUBOURDIN
arret_point.1503,1503,7019,Frometz,FROMETZ 59320 HAUBOURDIN,POINT (50.607027 2.968861),2.968861,50.607027,1,,1,,,0,HAUBOURDIN
arret_point.1504,1504,7069,Avenir,AVENIR 59260 HELLEMMES LILLE,POINT (50.61946 3.099305),3.099305,50.61946,1,,1,,,0,HELLEMMES LILLE
arret_point.1505,1505,5653,Rue Lutun,RUE LUTUN 59116 HOUPLINES,POINT (50.698258 2.916251),2.916251,50.698258,1,,1,,,0,HOUPLINES
arret_point.1506,1506,5681,Place L.Orval,PLACE LEFEBVRE D'ORVAL 59480 LA BASSEE,POINT (50.532257 2.809807),2.809807,50.532257,1,,1,,,0,LA BASSEE
arret_point.1507,1507,622,Mairie,LA MADELEINE MAIRIE 59110 LA MADELEINE,POINT (50.654878 3.07367),3.07367,50.654878,1,,1,,,0,LA MADELEINE
arret_point.1509,1509,3973,Guynemer,GUYNEMER 59130 LAMBERSART,POINT (50.654195 3.036663),3.036663,50.654195,1,,1,,,0,LAMBERSART
arret_point.1510,1510,727,Jean Jaures,LESQUIN JEAN JAURES 59810 LESQUIN,POINT (50.585531 3.105298),3.105298,50.585531,1,,1,,,0,LESQUIN
arret_point.1512,1512,797,St Maurice Pellevoisin,ST MAURICE PELLEVOISIN 59000 LILLE,POINT (50.642393 3.088299),3.088299,50.642393,1,,1,,,0,LILLE
arret_point.1513,1513,942,Rihour,RIHOUR 59000 LILLE,POINT (50.636062 3.062306),3.062306,50.636062,1,,1,,,0,LILLE
arret_point.1514,1514,935,Mairie De Lille,MAIRIE DE LILLE (RUE SAINT SAUVEUR) 59000 LILLE,POINT (50.631934 3.070258),3.070258,50.631934,1,,1,,,0,LILLE
arret_point.1515,1515,3941,Euratechnologies,EURATECHNOLOGIES 59000 LILLE,POINT (50.633472 3.019378),3.019378,50.633472,1,,1,,,0,LILLE
arret_point.743,743,1616,Halte,HALTE 59496 SALOME,POINT (50.539975 2.838612),2.838612,50.539975,1,,1,,,0,SALOME
arret_point.1516,1516,983,Lotissement Joffre,LOTISSEMENT JOFFRE 59126 LINSELLES,POINT (50.730849 3.079823),3.079823,50.730849,1,,1,,,0,LINSELLES
arret_point.1517,1517,5966,A. Thoor,A. THOOR 59160 LOMME,POINT (50.638533 2.990841),2.990841,50.638533,1,,1,,,0,LOMME
arret_point.1518,1518,1133,Place,MARCQ PLACE 59700 MARCQ EN BAROEUL,POINT (50.676042 3.092362),3.092362,50.676042,1,,1,,,0,MARCQ EN BAROEUL
arret_point.1035,1035,1134,Brossolette,BROSSOLETTE 59700 MARCQ EN BAROEUL,POINT (50.660309 3.093775),3.093775,50.660309,1,,1,,,0,MARCQ EN BAROEUL
arret_point.1519,1519,1155,Chapelle St Roch,CHAPELLE ST ROCH 59700 MARCQ EN BAROEUL,POINT (50.668089 3.072411),3.072411,50.668089,1,,1,,,0,MARCQ EN BAROEUL
arret_point.1520,1520,1202,Rue De La Franquise,RUE DE LA FRANQUISE 59274 MARQUILLIES,POINT (50.549908 2.851187),2.851187,50.549908,1,,1,,,0,MARQUILLIES
arret_point.1521,1521,5685,Mairie,MARQUILLIES MAIRIE 59274 MARQUILLIES,POINT (50.55835 2.870117),2.870117,50.55835,1,,1,,,0,MARQUILLIES
arret_point.1522,1522,4143,Schweitzer,SCHWEITZER 59370 MONS EN BAROEUL,POINT (50.639354 3.114053),3.114053,50.639354,1,,1,,,0,MONS EN BAROEUL
arret_point.1524,1524,1239,Trois Suisses,TROIS SUISSES 59420 MOUVAUX,POINT (50.698963 3.138848),3.138848,50.698963,1,,1,,,0,MOUVAUX
arret_point.1325,1325,1252,College Van Der Meersch,COLLEGE VAN DER MEERSCH 59420 MOUVAUX,POINT (50.707102 3.128512),3.128512,50.707102,1,,1,,,0,MOUVAUX
arret_point.1525,1525,1273,Verne,VERNE 59960 NEUVILLE EN FERRAIN,POINT (50.749419 3.160144),3.160144,50.749419,1,,1,,,0,NEUVILLE EN FERRAIN
arret_point.1526,1526,1257,Ferme Des Enfants,FERME DES ENFANTS 59960 NEUVILLE EN FERRAIN,POINT (50.749095 3.154922),3.154922,50.749095,1,,1,,,0,NEUVILLE EN FERRAIN
arret_point.1527,1527,1282,Moulin,MOULIN 59139 NOYELLES LEZ SECLIN,POINT (50.57515 3.029825),3.029825,50.57515,1,,1,,,0,NOYELLES LEZ SECLIN
arret_point.1529,1529,5820,Ph. De Girard,PHILIPPE DE GIRARD 59840 PERENCHIES,POINT (50.664785 2.967375),2.967375,50.664785,1,,1,,,0,PERENCHIES
arret_point.1528,1528,1298,Le Bas,LE BAS 59840 PERENCHIES,POINT (50.675104 2.966489),2.966489,50.675104,1,,1,,,0,PERENCHIES
arret_point.1530,1530,4555,Chemin Ecoliers,CHEMIN DES ECOLIERS 59273 PERONNE EN MELANTOIS,POINT (50.567401 3.164969),3.164969,50.567401,1,,1,,,0,PERONNE EN MELANTOIS
arret_point.1531,1531,5825,La Montagne,LA MONTAGNE 59840 PREMESQUES,POINT (50.663212 2.964462),2.964462,50.663212,1,,1,,,0,PREMESQUES
arret_point.1532,1532,5509,Le Chien,LE CHIEN 59890 QUESNOY SUR DEULE,POINT (50.710106 3.028194),3.028194,50.710106,1,,1,,,0,QUESNOY SUR DEULE
arret_point.1533,1533,1320,Vingtieme Siecle,VINGTIEME SIECLE 59890 QUESNOY SUR DEULE,POINT (50.703788 3.006102),3.006102,50.703788,1,,1,,,0,QUESNOY SUR DEULE
arret_point.1534,1534,1349,Republique,RONCHIN REPUBLIQUE 59790 RONCHIN,POINT (50.598455 3.098562),3.098562,50.598455,1,,1,,,0,RONCHIN
arret_point.1536,1536,2663,Parc Des Lions,PARC DES LIONS 59223 RONCQ,POINT (50.747092 3.131903),3.131903,50.747092,1,,1,,,0,RONCQ
arret_point.1535,1535,7191,Piscine,PISCINE 59223 RONCQ,POINT (50.755587 3.124701),3.124701,50.755587,1,,1,,,0,RONCQ
arret_point.1538,1538,1376,Centre Social,CENTRE SOCIAL 59223 RONCQ,POINT (50.756338 3.120782),3.120782,50.756338,1,,1,,,0,RONCQ
arret_point.1537,1537,4521,Ctre Commercial,RONCQ CENTRE COMMERCIAL 59223 RONCQ,POINT (50.736073 3.132717),3.132717,50.736073,1,,1,,,0,RONCQ
arret_point.1545,1545,6979,Paul Gelle,PAUL GELLE 59100 ROUBAIX,POINT (50.683662 3.198706),3.198706,50.683662,1,,1,,,0,ROUBAIX
arret_point.1541,1541,4436,Motte,MOTTE 59100 ROUBAIX,POINT (50.677642 3.1988),3.1988,50.677642,1,,1,,,0,ROUBAIX
arret_point.1542,1542,6991,Union,UNION 59100 ROUBAIX,POINT (50.70714 3.169222),3.169222,50.70714,1,,1,,,0,ROUBAIX
arret_point.1539,1539,1507,Bois Le Duc,BOIS LE DUC 59100 ROUBAIX,POINT (50.688601 3.210737),3.210737,50.688601,1,,1,,,0,ROUBAIX
arret_point.1544,1544,4427,Montgolfier,MONTGOLFIER 59100 ROUBAIX,POINT (50.68484 3.189139),3.189139,50.68484,1,,1,,,0,ROUBAIX
arret_point.1546,1546,6744,Roubaix Man Fraternité,ROUBAIX FRATERNITE (AVENUE JULIEN LAGACHE) 59100 ROUBAIX,POINT (50.682851 3.196673),3.196673,50.682851,1,,1,,,0,ROUBAIX
arret_point.1547,1547,1569,Spriet,SPRIET 59100 ROUBAIX,POINT (50.67412 3.185456),3.185456,50.67412,1,,1,,,0,ROUBAIX
arret_point.1548,1548,5905,Lommelet,LOMMELET 59350 SAINT ANDRE,POINT (50.666033 3.049686),3.049686,50.666033,1,,1,,,0,SAINT ANDRE
arret_point.77,77,1642,Fenelon,FENELON 59113 SECLIN,POINT (50.548836 3.028363),3.028363,50.548836,1,,1,,,0,SECLIN
arret_point.1549,1549,5529,Hotel De Ville,SECLIN HOTEL DE VILLE 59113 SECLIN,POINT (50.545552 3.025319),3.025319,50.545552,1,,1,,,0,SECLIN
arret_point.1550,1550,6925,Commune De Paris,COMMUNE DE PARIS 59113 SECLIN,POINT (50.547556 3.042172),3.042172,50.547556,1,,1,,,0,SECLIN
arret_point.1552,1552,1873,Croix Rouge,CROIX ROUGE 59200 TOURCOING,POINT (50.732425 3.181091),3.181091,50.732425,1,,1,,,0,TOURCOING
arret_point.1551,1551,5961,Faidherbe,FAIDHERBE 59200 TOURCOING,POINT (50.703896 3.142953),3.142953,50.703896,1,,1,,,0,TOURCOING
arret_point.1553,1553,6892,Flocon,FLOCON 59200 TOURCOING,POINT (50.711256 3.14916),3.14916,50.711256,1,,1,,,0,TOURCOING
arret_point.1554,1554,6583,Orions,ORIONS 59200 TOURCOING,POINT (50.730987 3.134176),3.134176,50.730987,1,,1,,,0,TOURCOING
arret_point.1556,1556,1885,Mairie,VENDEVILLE MAIRIE 59175 VENDEVILLE,POINT (50.575441 3.078587),3.078587,50.575441,1,,1,,,0,VENDEVILLE
arret_point.1557,1557,5799,Mairie,VERLINGHEM MAIRIE 59237 VERLINGHEM,POINT (50.681016 2.995618),2.995618,50.681016,1,,1,,,0,VERLINGHEM
arret_point.1559,1559,9058,Rondeloir,RONDELOIR CLE_COMMUNE: 84,POINT (50.650525 3.14854),3.14854,50.650525,1,,1,,,0,VILLENEUVE D ASCQ
arret_point.1558,1558,4351,Flers Bourg,FLERS BOURG 59650 VILLENEUVE D ASCQ,POINT (50.63635 3.127985),3.127985,50.63635,1,,1,,,0,VILLENEUVE D ASCQ
arret_point.1560,1560,7066,Campus,CAMPUS 59650 VILLENEUVE D ASCQ,POINT (50.643629 3.138525),3.138525,50.643629,1,,1,,,0,VILLENEUVE D ASCQ
arret_point.1561,1561,2031,P.A. Du Moulin,P.A. DU MOULIN 59118 WAMBRECHIES,POINT (50.685395 3.06123),3.06123,50.685395,1,,1,,,0,WAMBRECHIES
arret_point.1563,1563,2044,Hotel De Ville,WASQUEHAL HOTEL DE VILLE 59290 WASQUEHAL,POINT (50.670188 3.131809),3.131809,50.670188,1,,1,,,0,WASQUEHAL
arret_point.1562,1562,2087,Centre,WASQUEHAL CENTRE (RUE PASTEUR) 59290 WASQUEHAL,POINT (50.670814 3.127923),3.127923,50.670814,1,,1,,,0,WASQUEHAL
arret_point.1564,1564,6943,Bargues Marais,BARGUES MARAIS 59139 WATTIGNIES,POINT (50.580033 3.034105),3.034105,50.580033,1,,1,,,0,WATTIGNIES
arret_point.1565,1565,7555,Centre Commercial,WATTIGNIES CENTRE COMMERCIAL 59139 : WATTIG,POINT (50.589746 3.051743),3.051743,50.589746,1,,1,,,0,WATTIGNIES
arret_point.199,199,2095,Salengro,SALENGRO 59139 WATTIGNIES,POINT (50.582934 3.033413),3.033413,50.582934,1,,1,,,0,WATTIGNIES
arret_point.1569,1569,5695,Cimetiere Centre,CIMETIERE DU CENTRE 59150 WATTRELOS,POINT (50.698068 3.223966),3.223966,50.698068,1,,1,,,0,WATTRELOS
arret_point.1566,1566,4670,Delecourt,DELECOURT 59150 WATTRELOS,POINT (50.714022 3.179466),3.179466,50.714022,1,,1,,,0,WATTRELOS
arret_point.1567,1567,2177,La Houzarde,LA HOUZARDE 59150 WATTRELOS,POINT (50.710435 3.233085),3.233085,50.710435,1,,1,,,0,WATTRELOS
arret_point.1568,1568,4454,Republique,REPUBLIQUE 59150 WATTRELOS,POINT (50.697712 3.205897),3.205897,50.697712,1,,1,,,0,WATTRELOS
arret_point.1570,1570,2197,Vieille Place,VIEILLE PLACE 59150 WATTRELOS,POINT (50.703225 3.210174),3.210174,50.703225,1,,1,,,0,WATTRELOS
arret_point.1572,1572,2400,Eglise,AUBERS EGLISE 59249 AUBERS,POINT (50.595501 2.826104),2.826104,50.595501,1,,1,,,0,AUBERS
arret_point.962,962,2867,Saint Martin,SAINT MARTIN 59112 ANNOEULLIN,POINT (50.523424 2.936846),2.936846,50.523424,1,,1,,,0,ANNOEULLIN
arret_point.1573,1573,2453,Place Sainte Anne,PLACE SAINTE ANNE 7780 COMINES BELGIQUE,POINT (50.769045 2.999566),2.999566,50.769045,1,,1,,,0,COMINES BELGIQUE
arret_point.1574,1574,7103,Rue Leopold,RUE LEOPOLD 7700 MOUSCRON BELGIQUE,POINT (50.743454 3.222695),3.222695,50.743454,1,,1,,,0,MOUSCRON BELGIQUE
arret_point.1575,1575,2508,Gare,MOUSCRON GARE 0 NON RENSEIGNEE,POINT (50.741186 3.228747),3.228747,50.741186,1,,1,,,0,NON RENSEIGNE
arret_point.1576,1576,BGU002,Bargues,RUE DE WATTIGNIES 59139 NOYELLES LES SECLIN -,POINT (50.575127 3.022569),3.022569,50.575127,1,,0,6995,,1,NOYELLES LES SECLIN
arret_point.1580,1580,SOL003,Parc Des Saules,RUE DE L'ÉGLISE 59134 LE MAISNIL - À DROITE DE LA SORTIE RAQUETTE,POINT (50.615386 2.884527),2.884527,50.615386,1,,0,7812,,2,LE MAISNIL
arret_point.1578,1578,RAP001,Place Rd,RUE HAUTE LOGE 59134 LE MAISNIL -,POINT (50.614326 2.886898),2.886898,50.614326,1,,0,7849,,2,LE MAISNIL
arret_point.1581,1581,SOL002,Parc Des Saules,RUE DE L EGLISE 59134 LE MAISNIL - A L OPPOSE DE LA RAQUETTE,POINT (50.615342 2.884329),2.884329,50.615342,1,,0,7812,,2,LE MAISNIL
arret_point.1582,1582,SOL001,Parc Des Saules,RUE DE L EGLISE 59134 LE MAISNIL - À DROITE DU N°9,POINT (50.615556 2.884698),2.884698,50.615556,1,,0,7812,,2,LE MAISNIL
arret_point.1586,1586,SHL001,Sainte Helene,RUE SADI CARNOT 59350 ST ANDRE LEZ LILLE - À L'OPPOSÉ DU N°123,POINT (50.661834 3.056132),3.056132,50.661834,1,,0,9062,,2,ST ANDRE LEZ LILLE
arret_point.1594,1594,RDM001,Radinghem Mairie,RUE DE LA FETERIE 59320 RADINGHEM EN WEPPES -,POINT (50.622098 2.905879),2.905879,50.622098,1,,0,9132,,2,RADINGHEM EN WEPPES
arret_point.1592,1592,HRU001,Haute Rue,RUE LA HAUTE RUE 59320 RADINGHEM EN WEPPES - AU DROIT DU N° 32,POINT (50.616093 2.894968),2.894968,50.616093,1,,0,8001,,1,RADINGHEM EN WEPPES
arret_point.1593,1593,RAD001,Radinghem Place,RUE DU BAS 59320 RADINGHEM EN WEPPES - ANGLE DE L'ALLÉE LÉON D'HEM,POINT (50.621476 2.906492),2.906492,50.621476,1,,0,9131,,2,RADINGHEM EN WEPPES
arret_point.1590,1590,DHT001,Rue Duthoit,RUE DU BAS 59320 RADINGHEM EN WEPPES - AU DROIT DU N° 106,POINT (50.629002 2.898666),2.898666,50.629002,1,,0,9129,,2,RADINGHEM EN WEPPES
arret_point.1596,1596,BRD002,Bridoux,RUE DU BAS 59320 RADINGHEM EN WEPPES -,POINT (50.635297 2.891191),2.891191,50.635297,1,,0,9128,,1,RADINGHEM EN WEPPES
arret_point.1599,1599,AMA001,Mairie,RUE CAMILLE DUFAY 59152 ANSTAING - AU DROIT DU N° 10,POINT (50.604084 3.189864),3.189864,50.604084,1,,0,97,,2,ANSTAING
arret_point.1598,1598,NCI002,Cimetiere,RUE PASTEUR 59152 ANSTAING - AU DROIT DU N° 15A,POINT (50.606579 3.18713),3.18713,50.606579,1,,0,99,,2,ANSTAING
arret_point.1597,1597,AMA002,Mairie,RUE CAMILLE DUFAY 59152 ANSTAING - A L'OPPOSE DU N° 12,POINT (50.604111 3.189907),3.189907,50.604111,1,,0,97,,2,ANSTAING
arret_point.1600,1600,ANB002,Branly,RUE CAMILLE DUFAY 59152 ANSTAING - AU DROIT DU 11BIS,POINT (50.603712 3.195637),3.195637,50.603712,1,,0,100,,1,ANSTAING
arret_point.1643,1643,PMT004,Place Aux Toiles,PLACE DU MARCHE AUX TOILES 59280 ARMENTIERES -,POINT (50.688895 2.882354),2.882354,50.688895,1,,0,6961,,2,ARMENTIERES
arret_point.1642,1642,CJR004,College Jean Rostand,BOULEVARD FAIDHERBE 59280 ARMENTIERES - AU DROIT DU N°187,POINT (50.68745 2.866016),2.866016,50.68745,1,,0,130,,2,ARMENTIERES
arret_point.1644,1644,RAY002,Raymond Lis,RUE RAYMOND LIS 59280 ARMENTIERES - AU DROIT DU N° 81,POINT (50.69206 2.88469),2.88469,50.69206,1,,0,110,,1,ARMENTIERES
arret_point.1636,1636,BRV002,Pierre Beregovoy,RUE DES FUSILLES 59280 ARMENTIERES - AU DROIT DU N°62,POINT (50.691387 2.880715),2.880715,50.691387,1,,0,134,,2,ARMENTIERES
arret_point.1640,1640,BLT001,Louis Bleriot,RUE LEON BLUM 59280 ARMENTIERES - A L'OPP DU N° 1180,POINT (50.703186 2.887961),2.887961,50.703186,1,,0,133,,1,ARMENTIERES
arret_point.1631,1631,AAB002,Aristide Briand,AVENUE ARISTIDE BRIAND 59280 ARMENTIERES - CÔTÉ MAGASIN CARREFOUR,POINT (50.690941 2.886287),2.886287,50.690941,1,,0,6960,,2,ARMENTIERES
arret_point.1635,1635,ARM001,Hotel De Ville,PLACE SAINT VAAST 59280 ARMENTIERES - AU DROIT DE L'EGLISE,POINT (50.686998 2.883392),2.883392,50.686998,1,,0,132,,1,ARMENTIERES
arret_point.1605,1605,RLI001,Rue De Lille,RUE DE LILLE 59280 ARMENTIERES -,POINT (50.683617 2.879275),2.879275,50.683617,1,,0,6962,,1,ARMENTIERES
arret_point.1603,1603,THI002,Place Thiers,RUE NATIONALE 59280 ARMENTIERES - AVENUE FRANÇOIS MITTERAND,POINT (50.687282 2.877917),2.877917,50.687282,1,,0,5887,,2,ARMENTIERES
arret_point.1606,1606,AHO001,Ct Hospitalier,BOULEVARD FAIDHERBE 59280 ARMENTIERES -,POINT (50.683602 2.870437),2.870437,50.683602,1,,0,6899,,1,ARMENTIERES
arret_point.1608,1608,PLC001,Place Chanzy,RUE DES DÉPORTÉS 59280 ARMENTIERES -,POINT (50.685882 2.892275),2.892275,50.685882,1,,0,5771,,1,ARMENTIERES
arret_point.1604,1604,IDH002,Faidherbe,BOULEVARD FAIDHERBE 59280 ARMENTIERES - AU DROIT DE MATCH,POINT (50.682064 2.873286),2.873286,50.682064,1,,0,6898,,1,ARMENTIERES
arret_point.1620,1620,JCT002,Jacques Cartier,AVENUE LEON BLUM 59280 ARMENTIERES - AU DROIT DU 394,POINT (50.696889 2.887949),2.887949,50.696889,1,,0,102,,1,ARMENTIERES
arret_point.1622,1622,ARG083,Armentieres Gare,AU DROIT STATION 59280 ARMENTIERES - A L'OPP VOIES SNCF,POINT (50.680742 2.878382),2.878382,50.680742,1,,0,6950,,1,ARMENTIERES
arret_point.1615,1615,ISA002,Piscine,AVENUE DE L'EUROPE 59280 ARMENTIERES - AU DROIT DU N°10,POINT (50.689732 2.869415),2.869415,50.689732,1,,0,6880,,1,ARMENTIERES
arret_point.1616,1616,ISA001,Piscine,AVENUE DE L'EUROPE 59280 ARMENTIERES - AU DROIT DU N°13,POINT (50.689642 2.869555),2.869555,50.689642,1,,0,6880,,1,ARMENTIERES
arret_point.1621,1621,LEO001,Leo Lagrange,RUE LEON BLUM 59280 ARMENTIERES - AU DROIT DU N° 195,POINT (50.694587 2.887316),2.887316,50.694587,1,,0,105,,1,ARMENTIERES
arret_point.1618,1618,RLI002,Rue De Lille,RUE DE LILLE 59280 ARMENTIERES -,POINT (50.684123 2.88041),2.88041,50.684123,1,,0,6962,,1,ARMENTIERES
arret_point.1665,1665,BLT002,Louis Bleriot,RUE LEON BLUM 59280 ARMENTIERES - AU DROIT DU N° 1180,POINT (50.703374 2.887992),2.887992,50.703374,1,,0,133,,1,ARMENTIERES
arret_point.1661,1661,CJR001,College Jean Rostand,BOULEVARD FAIDHERBE 59280 ARMENTIERES - VOIE D'ACCES PARKING COLLEGE,POINT (50.686851 2.867803),2.867803,50.686851,1,,0,130,,2,ARMENTIERES
arret_point.1664,1664,THI001,Place Thiers,RUE NATIONALE AVE F. MITTERAND 59280 ARMENTIERES - A L'OPP DU N° 55,POINT (50.687434 2.878045),2.878045,50.687434,1,,0,5887,,2,ARMENTIERES
arret_point.1660,1660,PMT002,Place Aux Toiles,RUE ARISTIDE BRIAND 59280 ARMENTIERES - À L'OPPOSÉ DU N°11,POINT (50.688624 2.882817),2.882817,50.688624,1,,0,6961,,2,ARMENTIERES
arret_point.1652,1652,APH098,Pres Du Hem,RUE LEO LAGRANGE 59280 ARMENTIERES - A L'OPP DU N° 33/35,POINT (50.694902 2.882998),2.882998,50.694902,1,,0,6958,,2,ARMENTIERES
arret_point.1646,1646,ARM083,Hotel De Ville,PLACE SAINT VAAST 59280 ARMENTIERES - AU DROIT DE L'EGLISE,POINT (50.687041 2.883971),2.883971,50.687041,1,,0,132,,1,ARMENTIERES
arret_point.1650,1650,JJA001,Jean Jaures,RUE JEAN JAURES 59280 ARMENTIERES - A L'OPP DU N° 43,POINT (50.685833 2.887262),2.887262,50.685833,1,,0,5776,,1,ARMENTIERES
arret_point.1657,1657,GUD001,Gustave Dron,RUE GUSTAVE DRON 59280 ARMENTIERES - A L'OPP DU N°37,POINT (50.6843 2.89117),2.89117,50.6843,1,,0,6987,,1,ARMENTIERES
arret_point.1647,1647,SSO001,Securite Sociale,RUE DES NIEULLES 59280 ARMENTIERES -,POINT (50.681761 2.881146),2.881146,50.681761,1,,0,6953,,1,ARMENTIERES
arret_point.1648,1648,MAT001,Maternite,RUE JULES LEBLEU 59280 ARMENTIERES - AU DROIT DE LA MATERNITE,POINT (50.685533 2.867563),2.867563,50.685533,1,,0,109,,2,ARMENTIERES
arret_point.1651,1651,PLC002,Place Chanzy,RUE DES DÉPORTÉS 59280 ARMENTIERES - À L'OPPOSÉ DU N°22,POINT (50.685805 2.891624),2.891624,50.685805,1,,0,5771,,1,ARMENTIERES
arret_point.1654,1654,ABI001,Le Bizet,CHEMIN DES RABECQUES 59280 ARMENTIERES - AU DROIT DU N° 4,POINT (50.705885 2.884051),2.884051,50.705885,1,,0,140,,1,ARMENTIERES
arret_point.1677,1677,MAT002,Maternite,RUE JULES LEBLEU 59280 ARMENTIERES - OPPOSE A LA MATERNITE,POINT (50.685713 2.867607),2.867607,50.685713,1,,0,109,,2,ARMENTIERES
arret_point.1675,1675,HAZ001,Lycee Hazard,RUE JULES LEBLEU 59280 ARMENTIERES - A L'OPP DU 59,POINT (50.688288 2.873649),2.873649,50.688288,1,,0,5775,,1,ARMENTIERES
arret_point.1669,1669,AJO002,Marechal Joffre,RUE DU MAL JOFFRE 59280 ARMENTIERES - AU DROIT DU CENTRE SOCIAL,POINT (50.697724 2.885797),2.885797,50.697724,1,,0,123,,2,ARMENTIERES
arret_point.1671,1671,LEO003,Leo Lagrange,AVENUE LEO LAGRANGE 59280 ARMENTIERES - À GAUCHE DU N°95,POINT (50.694916 2.887941),2.887941,50.694916,1,,0,105,,1,ARMENTIERES
arret_point.1667,1667,MAT004,Maternite,BOULEVARD FAIDHERBE 59280 ARMENTIERES - AU DROIT DE LA SALLE DE SPORT,POINT (50.686348 2.867896),2.867896,50.686348,1,,0,109,,1,ARMENTIERES
arret_point.1666,1666,AJO001,Marechal Joffre,RUE DU MAL JOFFRE 59280 ARMENTIERES - A L'OPP DU N° 3,POINT (50.697559 2.886586),2.886586,50.697559,1,,0,123,,2,ARMENTIERES
arret_point.1680,1680,BRV001,Pierre Beregovoy,RUE DES FUSILLES 59280 ARMENTIERES - A L'OPP DU N° 52,POINT (50.690831 2.880836),2.880836,50.690831,1,,0,134,,2,ARMENTIERES
arret_point.1682,1682,BPT002,Les Poetes,RUE DE LA MAIRIE 59780 BAISIEUX - AU DROIT DU N° 1481,POINT (50.611876 3.248252),3.248252,50.611876,1,,0,7199,,1,BAISIEUX
arret_point.1684,1684,BCA001,Calmette,RUE DE TOURNAI 59780 BAISIEUX - AU DROIT DU N°21,POINT (50.609125 3.251388),3.251388,50.609125,1,,0,146,,1,BAISIEUX
arret_point.1687,1687,SIN002,Sin,RUE LOUIS DEFFONTAINES 59780 BAISIEUX - AU DROIT DU N° 51,POINT (50.614141 3.23043),3.23043,50.614141,1,,0,152,,2,BAISIEUX
arret_point.1698,1698,EFF002,Deffontaines,RUE DE LILLE 59780 BAISIEUX - AU DROIT DU N° 7,POINT (50.609967 3.228241),3.228241,50.609967,1,,0,147,,2,BAISIEUX
arret_point.1693,1693,ACC002,Maison D'Accueil,RUE CAMPHIN 59780 BAISIEUX - A L OPPOSE DU N° 35,POINT (50.603034 3.25146),3.25146,50.603034,1,,0,154,,1,BAISIEUX
arret_point.1704,1704,BFR002,Frontiere,RUE DE TOURNAI 59780 BAISIEUX - A L'OPPOSE DU FLEURISTE,POINT (50.607892 3.253184),3.253184,50.607892,1,,0,159,,1,BAISIEUX
arret_point.1701,1701,CIB002,Cimetiere,RUE DE LILLE 59780 BAISIEUX - AU DROIT DU CIMETIERE,POINT (50.608538 3.238577),3.238577,50.608538,1,,0,155,,2,BAISIEUX
arret_point.1705,1705,EFF003,Deffontaines,RUE DE LILLE 59780 BAISIEUX - AU DROIT DU N° 36,POINT (50.609575 3.230461),3.230461,50.609575,1,,0,147,,2,BAISIEUX
arret_point.1703,1703,SIN001,Sin,RUE LOUIS DEFFONTAINES 59780 BAISIEUX - A L'OPPOSE DU N° 53,POINT (50.614576 3.231114),3.231114,50.614576,1,,0,152,,1,BAISIEUX
arret_point.1706,1706,OGI002,Ogimont,RUE DE LA MAIRIE 59780 BAISIEUX - AU DROIT DU N° 707,POINT (50.614838 3.240594),3.240594,50.614838,1,,0,151,,1,BAISIEUX
arret_point.1702,1702,EFF001,Deffontaines,RUE DE LILLE 59780 BAISIEUX - AU DROIT DU N° 24,POINT (50.609926 3.228945),3.228945,50.609926,1,,0,147,,2,BAISIEUX
arret_point.1711,1711,FDF002,Ferme Du Faux,RUE DE RADINGHEM 59134 BEAUCAMPS LIGNY - A L'OPP DU N°62,POINT (50.616888 2.909514),2.909514,50.616888,1,,0,169,,2,BEAUCAMPS LIGNY
arret_point.1710,1710,BSM005,Ste Marie,RUE DE FOURNES 59134 BEAUCAMPS LIGNY - NVELLE GARE BUS À GAUCHE N°34B,POINT (50.602813 2.913299),2.913299,50.602813,1,,0,9090,,1,BEAUCAMPS LIGNY
arret_point.1708,1708,BSM006,Inst Ste Marie,RUE DE FOURNES 59134 BEAUCAMPS LIGNY - NVELLE GARE BUS À GAUCHE N°34B,POINT (50.603255 2.912853),2.912853,50.603255,1,,0,9095,,1,BEAUCAMPS LIGNY
arret_point.1714,1714,FDF001,Ferme Du Faux,RUE DE RADINGHEM 59134 BEAUCAMPS LIGNY -,POINT (50.616888 2.909471),2.909471,50.616888,1,,0,169,,1,BEAUCAMPS LIGNY
arret_point.1759,1759,AER002,Aerodrome,AVENUE GENERAL DE GAULLE 59910 BONDUES - AU DROIT DE L AERODROME,POINT (50.68723 3.085909),3.085909,50.68723,1,,0,216,,1,BONDUES
arret_point.1750,1750,OUS001,Carrousel,AVENUE LOUIS DERVAUX 59910 BONDUES - AU DROIT DU N° 18,POINT (50.704324 3.090798),3.090798,50.704324,1,,0,5790,,2,BONDUES
arret_point.1760,1760,DAR002,Le Damier,AVENUE DU GÉNÉRAL DE GAULLE 59910 BONDUES - À L'OPPOSÉ DU N° 1162,POINT (50.706543 3.101906),3.101906,50.706543,1,,0,5784,,2,BONDUES
arret_point.1758,1758,DDG001,Le Golf,ROUTE DE BONDUES 59910 BONDUES - ANGLE AVENUE G. BRASSENS,POINT (50.699944 3.071793),3.071793,50.699944,1,,0,202,,2,BONDUES
arret_point.1753,1753,V27001,Voie 227,DOMAINE DE LA VIGNE 59910 BONDUES - A L OPPOSE DU N° 824,POINT (50.717444 3.073181),3.073181,50.717444,1,,0,5173,,2,BONDUES
arret_point.1754,1754,POH002,Salle Poher,CHEMIN SAINT GEORGES 59910 BONDUES - AU DROIT DU N° 79,POINT (50.694377 3.087725),3.087725,50.694377,1,,0,5787,,2,BONDUES
arret_point.1757,1757,PAY001,La Payelle,AVENUE DU GAL DE GAULLE 59910 BONDUES - AU DROIT DU N° 954,POINT (50.702964 3.097501),3.097501,50.702964,1,,0,5795,,1,BONDUES
arret_point.1743,1743,FOU002,Les Fougères,RUE DE RAVENNES 59910 BONDUES - AU DROIT DU CENTRE FOUGÈRES,POINT (50.713145 3.130247),3.130247,50.713145,1,,0,6584,,2,BONDUES
arret_point.1718,1718,CRB002,Inst Cx Blanche,AVENUE DU GÉNÉRAL DE GAULLE 59910 BONDUES - À L'OPPOSÉ DU N° 1726,POINT (50.717918 3.108749),3.108749,50.717918,1,,0,7037,,2,BONDUES
arret_point.1721,1721,DCB002,Dom Cx Blanche,RUE DE L'ABBÉ SIX 59910 BONDUES - À L'OPPOSÉ DU N° 17BIS,POINT (50.72306 3.10254),3.10254,50.72306,1,,0,5835,,2,BONDUES
arret_point.1719,1719,ARR001,Carrel,AVENUE D'AMSTERDAM 59910 BONDUES - AU DROIT ETS LMC,POINT (50.721298 3.130362),3.130362,50.721298,1,,0,217,,1,BONDUES
arret_point.1724,1724,PRV001,Jacques Prevert,59910 BONDUES -,POINT (50.702066 3.069409),3.069409,50.702066,1,,0,7232,,0,BONDUES
arret_point.1722,1722,CRB003,Inst Cx Blanche,AVENUE DU GAL DE GAULLE 59910 BONDUES - AU DROIT DU COLLEGE,POINT (50.7202 3.109603),3.109603,50.7202,1,,0,7037,,1,BONDUES
arret_point.1726,1726,IDA001,Loridan,CHEMIN SAINT GEORGES 59910 BONDUES - AU DROIT DU N° 19,POINT (50.700294 3.086783),3.086783,50.700294,1,,0,6360,,1,BONDUES
arret_point.1738,1738,ABE001,Jb Lebas,RUE J.B LEBAS 59910 BONDUES - AU DROIT DU N° 41,POINT (50.715945 3.114496),3.114496,50.715945,1,,0,226,,2,BONDUES
arret_point.1725,1725,BMN002,Bas Chemin,RUE RENE HESPEL 59910 BONDUES - AU DROIT DU N° 39,POINT (50.711315 3.088573),3.088573,50.711315,1,,0,5781,,2,BONDUES
arret_point.1734,1734,DSA001,Les Saules,AVENUE DE WAMBRECHIES 59910 BONDUES - ANGLE CHEMIN DES GRANDS OBEAUX,POINT (50.701776 3.077427),3.077427,50.701776,1,,0,5792,,2,BONDUES
arret_point.1732,1732,DCB001,Dom Cx Blanche,RUE DE L'ABBÉ SIX 59910 BONDUES - AU DROIT DU N° 15,POINT (50.722744 3.102903),3.102903,50.722744,1,,0,5835,,2,BONDUES
arret_point.1728,1728,UVR002,Ouvroir,RUE RENE D HESPEL 59910 BONDUES - ANGLE AVENUE DE WAMBRECHIES,POINT (50.706531 3.090704),3.090704,50.706531,1,,0,5786,,1,BONDUES
arret_point.1739,1739,DVI002,Saint Georges,AVENUE DE WAMBRECHIES 59910 BONDUES - 20M APRES LE ROND POINT,POINT (50.70361 3.082737),3.082737,50.70361,1,,0,5794,,1,BONDUES
arret_point.1733,1733,BOE002,Eglise,RUE RENÉ  HESPEL 59910 BONDUES - AU DROIT DU N° 1,POINT (50.704125 3.092533),3.092533,50.704125,1,,0,224,,2,BONDUES
arret_point.1783,1783,IDA002,Loridan,CHEMIN SAINT GEORGES 59910 BONDUES - AU DROIT DU N° 17,POINT (50.701095 3.086244),3.086244,50.701095,1,,0,6360,,2,BONDUES
arret_point.1779,1779,DDG002,Le Golf,ROUTE DE BONDUES 59910 BONDUES - AU DROIT DU DOMAINE DU GOLF,POINT (50.699857 3.07141),3.07141,50.699857,1,,0,202,,2,BONDUES
arret_point.1766,1766,V22002,Voie 22,DOMAINE DE LA VIGNE 59910 BONDUES - AU DROIT DU N° 677,POINT (50.708228 3.078526),3.078526,50.708228,1,,0,7220,,2,BONDUES
arret_point.1774,1774,ABE002,Jb Lebas,RUE J.B LEBAS 59910 BONDUES - A L'OPP DU N° 37,POINT (50.716342 3.114163),3.114163,50.716342,1,,0,226,,1,BONDUES
arret_point.1771,1771,ASA002,Les Genêts,59910 BONDUES -,POINT (50.702326 3.075387),3.075387,50.702326,1,,0,7738,,0,BONDUES
arret_point.1768,1768,V41001,Voie 41,DOMAINE DE LA VIGNE 59910 BONDUES - VOIE 2 - AU DROIT DU N° 6,POINT (50.704362 3.082974),3.082974,50.704362,1,,0,7226,,2,BONDUES
arret_point.1772,1772,CLC002,Chapelle,CHEMIN SAINT GEORGES 59910 BONDUES - AU DROIT DU N° 29,POINT (50.69861 3.087831),3.087831,50.69861,1,,0,5783,,1,BONDUES
arret_point.1778,1778,DAR001,Le Damier,AVENUE DU GÉNÉRAL DE GAULLE 59910 BONDUES - AU DROIT DU N° 1162,POINT (50.70664 3.102147),3.102147,50.70664,1,,0,5784,,2,BONDUES
arret_point.1767,1767,LAQ002,La Quenouille,AVENUE DU GAL DE GAULLE 59910 BONDUES - AU DROIT DU N°527,POINT (50.693832 3.088931),3.088931,50.693832,1,,0,5780,,2,BONDUES
arret_point.1785,1785,FFO001,Fort De Bondues,AVENUE DU GÉNÉRAL DE GAULLE 59910 BONDUES - À L'OPPOSÉ DU N° 369,POINT (50.691651 3.087571),3.087571,50.691651,1,,0,180,,2,BONDUES
arret_point.1787,1787,RIT001,Le Christ,RUE RENE HESPEL 59910 BONDUES - AU DROIT DU N° 56,POINT (50.724449 3.080688),3.080688,50.724449,1,,0,197,,1,BONDUES
arret_point.1791,1791,BON001,N. Segard,RUE NORBERT SÉGARD 59910 BONDUES - FACE AU CENTRE ANDRE VANDAELE,POINT (50.70492 3.09455),3.09455,50.70492,1,,0,198,,2,BONDUES
arret_point.1793,1793,LAQ001,La Quenouille,AVENUE DU GENERAL DE GAULLE 59910 BONDUES - A L'OPPOSE DU N°523,POINT (50.694294 3.089644),3.089644,50.694294,1,,0,5780,,2,BONDUES
arret_point.1796,1796,BCE001,Bondues Centre,AVENUE DU GENERAL DE GAULLE 59910 BONDUES - AU DROIT DU N° 840,POINT (50.700647 3.095093),3.095093,50.700647,1,,0,5793,,2,BONDUES
arret_point.1794,1794,BOE001,Eglise,RUE RENÉ  HESPEL 59910 BONDUES - A L'OPPOSÉ DU N°1,POINT (50.704135 3.092307),3.092307,50.704135,1,,0,224,,1,BONDUES
arret_point.1809,1809,BBO001,Les Bois,RUE HAMEAU DES BOIS 59166 BOUSBECQUE - AU DROIT DU N° 68,POINT (50.762516 3.092173),3.092173,50.762516,1,,0,5728,,1,BOUSBECQUE
arret_point.1813,1813,GCH001,Gros Chene,RUE DE LINSELLES 59166 BOUSBECQUE - À L'OPPOSÉ DU CENTRE ÉQUESTRE,POINT (50.762881 3.077641),3.077641,50.762881,1,,0,5730,,1,BOUSBECQUE
arret_point.1811,1811,PLI001,Les Peupliers,RUE AUGER 59166 BOUSBECQUE - ANGLE AVENUE DES PEUPLIERS,POINT (50.769552 3.083949),3.083949,50.769552,1,,0,229,,2,BOUSBECQUE
arret_point.1801,1801,COQ001,Coq Anglais,RUE DE LINSELLES 59166 BOUSBECQUE - AU DROIT DU N° 73,POINT (50.755807 3.078851),3.078851,50.755807,1,,0,233,,1,BOUSBECQUE
arret_point.1805,1805,COS002,Complexe Sportif,RUE DE LINSELLES 59166 BOUSBECQUE - AU DROIT DU N° 23,POINT (50.768885 3.078579),3.078579,50.768885,1,,0,230,,1,BOUSBECQUE
arret_point.1807,1807,VAC002,Chem Des Vaches,RUE DE WERVICQ 59166 BOUSBECQUE - AU DROIT DU N° 138,POINT (50.773011 3.064794),3.064794,50.773011,1,,0,5731,,1,BOUSBECQUE
arret_point.1821,1821,PLI002,Les Peupliers,AVENUE DES PEUPLIERS 59166 BOUSBECQUE - AU DROIT DU N° 4,POINT (50.769523 3.082902),3.082902,50.769523,1,,0,229,,1,BOUSBECQUE
arret_point.1820,1820,COQ002,Coq Anglais,RUE DE LINSELLES 59166 BOUSBECQUE - A L OPPOSE DU N° 73BIS,POINT (50.755844 3.078654),3.078654,50.755844,1,,0,233,,1,BOUSBECQUE
arret_point.1814,1814,CAT002,Bousbecque Cat,RUE DE WERVICQ 59166 BOUSBECQUE -,POINT (50.772916 3.068809),3.068809,50.772916,1,,0,5732,,1,BOUSBECQUE
arret_point.1818,1818,LEH002,Le Ham,RUE LÉON SIX 59166 BOUSBECQUE - A L OPPOSE DU N° 78,POINT (50.773526 3.089794),3.089794,50.773526,1,,0,7569,,1,BOUSBECQUE
arret_point.1815,1815,PPA001,Petit Paris,HAMEAU DES BOIS 59166 BOUSBECQUE - AU DROIT DU N° 102,POINT (50.758518 3.093243),3.093243,50.758518,1,,0,5736,,2,BOUSBECQUE
arret_point.1823,1823,ETE001,Papeterie,RUE LÉON SIX 59166 BOUSBECQUE - AU DROIT DE L'USINE,POINT (50.77218 3.083989),3.083989,50.77218,1,,0,5737,,2,BOUSBECQUE
arret_point.1824,1824,BMI002,Mairie,RUE DE WERVICQ 59166 BOUSBECQUE - AU DROIT DU 22,POINT (50.772309 3.07583),3.07583,50.772309,1,,0,234,,1,BOUSBECQUE
arret_point.1828,1828,NIZ001,Enizant,RUE POINCARE 59160 CAPINGHEM -,POINT (50.645466 2.963294),2.963294,50.645466,1,,0,242,,1,CAPINGHEM
arret_point.1826,1826,ALV001,Calvaire,RUE DU GRAND BUT 59160 CAPINGHEM - AU DROIT DU N° 12,POINT (50.645032 2.974533),2.974533,50.645032,1,,0,5432,,2,CAPINGHEM
arret_point.1825,1825,LAP001,La Perdriere,RUE POINCARE 59160 CAPINGHEM -,POINT (50.646572 2.959316),2.959316,50.646572,1,,0,241,,2,CAPINGHEM
arret_point.1829,1829,RDF002,Rue Des Fusilles,RUE DES FUSILLES 59160 CAPINGHEM - AU DROIT DU N° 70,POINT (50.640171 2.970789),2.970789,50.640171,1,,0,243,,1,CAPINGHEM
arret_point.1831,1831,NIZ002,Enizant,RUE POINCARE 59160 CAPINGHEM -,POINT (50.645519 2.963394),2.963394,50.645519,1,,0,242,,2,CAPINGHEM
arret_point.1833,1833,CCH001,Chateau,ROUTE NATIONALE 59152 CHERENG - AU DROIT DU N° 26,POINT (50.61127 3.198883),3.198883,50.61127,1,,0,245,,1,CHERENG
arret_point.1834,1834,BEB001,Beau Bouquet,ROUTE NATIONALE 59152 CHERENG - AU DROIT DE L'ECOLE J. FERRY,POINT (50.610435 3.207948),3.207948,50.610435,1,,0,249,,2,CHERENG
arret_point.1858,1858,SCO006,Comines Mairie,RUE DE LA REPUBLIQUE 59560 COMINES - AU DROIT HDV,POINT (50.765017 3.006414),3.006414,50.765017,1,,0,7018,,1,COMINES
arret_point.1854,1854,ECL002,Leclerc,RUE GAMBETTA 59560 COMINES -,POINT (50.761802 3.007346),3.007346,50.761802,1,,0,5846,,1,COMINES
arret_point.1859,1859,VRO001,Chevron D'Or,RUE D'ARMENTIERES 59560 COMINES - A L'OPP DU N° 149,POINT (50.758068 2.992803),2.992803,50.758068,1,,0,5842,,2,COMINES
arret_point.1863,1863,PCS001,Desire Ducarin,RUE DES PROCESSIONS 59560 COMINES - A L'OPPOSE DU N° 175,POINT (50.757344 3.00402),3.00402,50.757344,1,,0,253,,1,COMINES
arret_point.1855,1855,MAL001,Cat Malecot,RUE DE LILLE 59560 COMINES - AU DROIT DU N° 42,POINT (50.742159 3.012397),3.012397,50.742159,1,,0,265,,1,COMINES
arret_point.1862,1862,CRI001,Le Christ,RUE DE WERVICQ 59560 COMINES - AU DROIT DU N° 222,POINT (50.767508 3.033035),3.033035,50.767508,1,,0,5740,,1,COMINES
arret_point.1843,1843,SHC001,Hopital,RUE DE QUESNOY 59560 COMINES - A L'OPPOSE DU N° 97,POINT (50.758461 3.003159),3.003159,50.758461,1,,0,274,,1,COMINES
arret_point.1839,1839,HUR002,Place De Gaulle,RUE HURLUPIN 59560 COMINES - AU DROIT DU N° 104,POINT (50.762652 3.01102),3.01102,50.762652,1,,0,6630,,2,COMINES
arret_point.1842,1842,HEL001,Le Hel,ROUTE DEPARTEMENTALE 945 59560 COMINES - AU DROIT DU GARAGE AGRICOLE,POINT (50.750301 2.984162),2.984162,50.750301,1,,0,7655,,2,COMINES
arret_point.1848,1848,SSM001,Eglise,RUE DE LILLE 59560 COMINES - A L'OPPOSE DU N°91,POINT (50.739895 3.013102),3.013102,50.739895,1,,0,260,,1,COMINES
arret_point.1847,1847,SHC002,Hopital,RUE DE QUESNOY 59560 COMINES - AU DROIT DU N° 91,POINT (50.758873 3.003192),3.003192,50.758873,1,,0,274,,2,COMINES
arret_point.1878,1878,SCO004,Comines Mairie,RUE DU MARECHAL FOCH 59560 COMINES - A LOPPOSE DU N° 5,POINT (50.764958 3.005876),3.005876,50.764958,1,,0,7018,,1,COMINES
arret_point.1880,1880,SPL002,Coll Ph Commynes,RUE SAINT EXUPERY 59560 COMINES - AU DROIT DU N° 7,POINT (50.759254 3.01236),3.01236,50.759254,1,,0,5838,,2,COMINES
arret_point.1881,1881,VRO002,Chevron D'Or,RUE D'ARMENTIERES 59560 COMINES - AU DROIT DU N° 135 BIS,POINT (50.757561 2.992047),2.992047,50.757561,1,,0,5842,,2,COMINES
arret_point.1875,1875,ARL002,Charles Legrand,RUE DES PROCESSIONS 59560 COMINES - AU DROIT DU N° 73,POINT (50.760392 3.009335),3.009335,50.760392,1,,0,252,,2,COMINES
arret_point.1882,1882,CRI002,Le Christ,RUE DE WERVICQ 59560 COMINES - AU DROIT DU  N° 203,POINT (50.767721 3.033434),3.033434,50.767721,1,,0,5740,,2,COMINES
arret_point.1872,1872,PCS002,Desire Ducarin,RUE DE FLANDRE 59560 COMINES - A L'OPPOSE DU N° 2,POINT (50.757075 3.004017),3.004017,50.757075,1,,0,253,,1,COMINES
arret_point.1867,1867,CSJ002,College St Joseph (F),RUE CARNOT 59560 COMINES - 20M APRÈS LA RUE GAMBETTA,POINT (50.761288 3.004455),3.004455,50.761288,1,,0,255,,2,COMINES
arret_point.1866,1866,FDH002,Faidherbe,RUE DE WERVICQ 59560 COMINES - AU DROIT DU N° 87,POINT (50.765665 3.022572),3.022572,50.765665,1,,0,5738,,2,COMINES
arret_point.1869,1869,CGA001,Gambetta,RUE GAMBETTA 59560 COMINES - AU DROIT DU N° 140,POINT (50.760985 3.004168),3.004168,50.760985,1,,0,5841,,1,COMINES
arret_point.1870,1870,HEL002,Le Hel,ROUTE DÉPARTEMENTALE 945 59560 COMINES -,POINT (50.750202 2.984274),2.984274,50.750202,1,,0,7655,,1,COMINES
arret_point.1884,1884,COG004,Vieil Dieu,RUE DES PROCESSIONS 59560 COMINES -,POINT (50.761726 3.011432),3.011432,50.761726,1,,0,256,,1,COMINES
arret_point.1887,1887,3BL002,3 Ballots,RUE DE WERVICQ 59560 COMINES - AU DROIT DU N°5,POINT (50.764303 3.017477),3.017477,50.764303,1,,0,5840,,1,COMINES
arret_point.1886,1886,GLY002,Les Glycines,RUE DE FLANDRES 59560 COMINES - À L'OPPOSÉ DU N° 72,POINT (50.754098 3.007314),3.007314,50.754098,1,,0,263,,1,COMINES
arret_point.1885,1885,SGE001,Gendarmerie,RUE DE FLANDRE 59560 COMINES - AU DROIT DU N° 42,POINT (50.755974 3.005345),3.005345,50.755974,1,,0,262,,1,COMINES
arret_point.1904,1904,CLD001,Villa Cavrois,AVENUE DE FLANDRE 59170 CROIX - APRES LE CARREFOUR 30M APRES,POINT (50.6691 3.154361),3.154361,50.6691,1,,0,4630,,1,CROIX
arret_point.1900,1900,CXM004,Mairie De Croix,RUE JEAN JAURES 59170 CROIX - AU DROIT N° 268,POINT (50.680086 3.157251),3.157251,50.680086,1,,0,7017,,1,CROIX
arret_point.1891,1891,LOD001,La Fonderie,BOULEVARD EMILE ZOLA 59170 CROIX - A L'OPPOSE DU N° 8,POINT (50.675861 3.145084),3.145084,50.675861,1,,0,300,,2,CROIX
arret_point.1895,1895,CPL011,Croix Centre,RUE DE LA GARE 59170 CROIX - AU DROIT DU MÉTRO,POINT (50.674302 3.146244),3.146244,50.674302,1,,0,302,,2,CROIX
arret_point.1893,1893,CMS002,Centre Medico Social,BOULEVARD EMILE ZOLA 59170 CROIX - AU DROIT DE L'ECOLE,POINT (50.680793 3.153493),3.153493,50.680793,1,,0,281,,1,CROIX
arret_point.1912,1912,CKL001,Kleber,RUE KLEBER 59170 CROIX - A L'OPPOSE DU N° 137,POINT (50.684329 3.154553),3.154553,50.684329,1,,0,307,,1,CROIX
arret_point.1913,1913,ALL001,L'Allumette,RUE KLEBER 59170 CROIX - AU DROIT DU N° 226/228,POINT (50.685844 3.150639),3.150639,50.685844,1,,0,290,,1,CROIX
arret_point.1914,1914,CXM099,Mairie De Croix,RUE JEAN JAURES 59170 CROIX - AU DROIT DE LA STATION,POINT (50.679064 3.155921),3.155921,50.679064,1,,0,7017,,1,CROIX
arret_point.1915,1915,DMO001,Deux Moulins,BOULEVARD ÉMILE ZOLA 59170 CROIX - AU DROIT DU MAGASIN ALDI,POINT (50.679657 3.151682),3.151682,50.679657,1,,0,287,,2,CROIX
arret_point.1908,1908,ARQ001,La Marque,"AVENUE DE FLANDRE 59170 CROIX - APES LE CARREFOUR,APRES PASSAG",POINT (50.666537 3.149845),3.149845,50.666537,1,,0,288,,1,CROIX
arret_point.1916,1916,CMS001,Centre Medico Social,BOULEVARD EMILE ZOLA 59170 CROIX - AU DROIT DU N° 239,POINT (50.680928 3.153368),3.153368,50.680928,1,,0,281,,2,CROIX
arret_point.1920,1920,BEL002,Bel Arbre,RUE DU MARECHAL FOCH 59890 DEULEMONT - AU DROIT DE L' ESPACE VERT,POINT (50.733107 2.947252),2.947252,50.733107,1,,0,311,,2,DEULEMONT
arret_point.1919,1919,VUE002,Belle Vue,ROUTE DE LILLE 59890 DEULEMONT - AU DROIT DU SUPER MARCHE MACHT,POINT (50.737655 2.957823),2.957823,50.737655,1,,0,5802,,1,DEULEMONT
arret_point.1922,1922,VUE001,Belle Vue,ROUTE DE WARNETON 59890 DEULEMONT - GIRATOIRE DE LA BELLE VUE,POINT (50.737835 2.957839),2.957839,50.737835,1,,0,5802,,1,DEULEMONT
arret_point.1923,1923,DMA001,Deulemont Mairie,PLACE LOUIS CLARO 59890 DEULEMONT - AU DROIT DE LA MAIRIE,POINT (50.734822 2.94504),2.94504,50.734822,1,,0,5800,,2,DEULEMONT
arret_point.1924,1924,PTG002,Pont Rouge,RUE DU PONT ROUGE 59890 DEULEMONT - AVANT CARREFOUR RUE D'YPRES,POINT (50.727325 2.941048),2.941048,50.727325,1,,0,5803,,1,DEULEMONT
arret_point.1926,1926,DON001,Mairie,RUE ANATOLE FRANCE 59272 DON - AVANT ANGLE RUE DE LA DEÛLE,POINT (50.548059 2.919977),2.919977,50.548059,1,,0,314,,1,DON
arret_point.9,9,DCA001,Calmette,RUE DU DOCTEUR CALMETTE 59272 DON -,POINT (50.551717 2.916809),2.916809,50.551717,1,,0,313,,1,DON
arret_point.1931,1931,EMC001,Calvaire,RUE PAUL LAFARGUE 59320 EMMERIN - A L'OPPOSE DU N° 7,POINT (50.592095 3.003904),3.003904,50.592095,1,,0,5576,,1,EMMERIN
arret_point.1932,1932,SOU002,Source,RUE DE SECLIN 59320 EMMERIN - APRÈS ANGLE RUE DE LA SOURCE,POINT (50.583381 3.012664),3.012664,50.583381,1,,0,5588,,1,EMMERIN
arret_point.1934,1934,EDA001,Daudet,RUE GUYNEMER 59320 EMMERIN - A L'OPPOSE DU N° 1,POINT (50.592133 3.006765),3.006765,50.592133,1,,0,5524,,2,EMMERIN
arret_point.1936,1936,EMC002,Calvaire,RUE DES FUSILLÉS 59320 EMMERIN -,POINT (50.592065 3.002846),3.002846,50.592065,1,,0,5576,,1,EMMERIN
arret_point.1937,1937,LGH001,Ghesquiere,RUE D'HAUBOURDIN 59320 EMMERIN -,POINT (50.597544 2.999819),2.999819,50.597544,1,,0,5523,,2,EMMERIN
arret_point.1941,1941,EMM001,Emmerin Mairie,RUE AUGUSTE POTIÉ 59320 EMMERIN - A L'OPP DE LA MAIRIE N°4,POINT (50.593486 3.00054),3.00054,50.593486,1,,0,6315,,2,EMMERIN
arret_point.1938,1938,EDE001,Delory,RUE GUSTAVE DELORY 59320 EMMERIN - À L'OPPOSÉ DU N° 28 (2),POINT (50.595554 3.002836),3.002836,50.595554,1,,0,319,,2,EMMERIN
arret_point.1944,1944,RUH001,Rue D'Haubourdin,RUE DES FUSILLÉS 59320 ENGLOS - A L'OPPOSÉ DU N°10,POINT (50.625185 2.957809),2.957809,50.625185,1,,0,7660,,1,ENGLOS
arret_point.1946,1946,MAD001,Ste M. Madeleine,RUE PAUL PROCUREUR 59320 ENGLOS -,POINT (50.627515 2.956611),2.956611,50.627515,1,,0,5888,,1,ENGLOS
arret_point.1943,1943,MAD002,Ste M. Madeleine,RUE PAUL PROCUREUR 59320 ENGLOS - OPP DU N°22,POINT (50.627398 2.956553),2.956553,50.627398,1,,0,5888,,1,ENGLOS
arret_point.1947,1947,RUH003,Rue D'Haubourdin,ROUTE DU MOULIN 59320 ENGLOS - 10 M AVANT LE ROND POINT,POINT (50.625283 2.959742),2.959742,50.625283,1,,0,7660,,1,ENGLOS
arret_point.1952,1952,EWS001,Centre Equestre,RUE DU QUESNE 59320 ENNETIERES EN WEPPES -,POINT (50.642698 2.908765),2.908765,50.642698,1,,0,8045,,2,ENNETIERES EN WEPPES
arret_point.1955,1955,RGR001,Rue De La Gare,AVENUE INDUSTRIELLE 59320 ENNETIERES EN WEPPES - 20M AVANT LE ROND POINT,POINT (50.648662 2.911077),2.911077,50.648662,1,,0,8007,,1,ENNETIERES EN WEPPES
arret_point.1954,1954,LMI005,M.I.N.,RUE DES FUSILLES 59320 ENNETIERES EN WEPPES - OPP DU N°352,POINT (50.636629 2.967077),2.967077,50.636629,1,,0,330,,2,ENNETIERES EN WEPPES
arret_point.1953,1953,EWS002,Centre Equestre,RUE DU QUESNE 59320 ENNETIERES EN WEPPES -,POINT (50.64307 2.907994),2.907994,50.64307,1,,0,8045,,1,ENNETIERES EN WEPPES
arret_point.1948,1948,FEC001,Fleur D'Ecosse,ROUTE NATIONALE 59320 ENNETIERES EN WEPPES - APRÈS ANGLE RUE D'HANCARDRIE,POINT (50.654158 2.936185),2.936185,50.654158,1,,0,7750,,1,ENNETIERES EN WEPPES
arret_point.1961,1961,EWL001,La Vallee,RUE DE LA VALLEE 59320 ENNETIERES EN WEPPES - A L OPPOSE DE NR 60,POINT (50.635389 2.929528),2.929528,50.635389,1,,0,332,,2,ENNETIERES EN WEPPES
arret_point.1957,1957,EBU001,Rue Du Bourg,RUE D'ESCOBECQUES 59320 ENNETIERES EN WEPPES - AU DROIT DE SALLE PAROISSIALE,POINT (50.635675 2.942579),2.942579,50.635675,1,,0,329,,1,ENNETIERES EN WEPPES
arret_point.1965,1965,CCE001,Ctre Commercial,CENTRE COMMERCIAL LES GÉANTS 59320 ENNETIERES EN WEPPES - A L'OPPOSE DE KALICO,POINT (50.632369 2.965246),2.965246,50.632369,1,,0,6921,,1,ENNETIERES EN WEPPES
arret_point.1967,1967,RLG002,Route De Fournes,RUE DE FOURNES 59320 ERQUINGHEM LE SEC -,POINT (50.614089 2.928487),2.928487,50.614089,1,,0,337,,1,ERQUINGHEM LE SEC
arret_point.1974,1974,EBO001,Le Bourg,RUE D'ARMENTIERES 59193 ERQUINGHEM LYS -,POINT (50.678386 2.848161),2.848161,50.678386,1,,0,6318,,1,ERQUINGHEM LYS
arret_point.1971,1971,FMA001,Fort Mahieu,RUE D'ARMENTIÈRES 59193 ERQUINGHEM LYS - APRÈS LE N° 1038,POINT (50.680776 2.859931),2.859931,50.680776,1,,0,6316,,1,ERQUINGHEM LYS
arret_point.1978,1978,ERM002,Rue Du Moulin,RUE DU BAC 59193 ERQUINGHEM LYS - OPPOSE AU N° 633,POINT (50.67583 2.836885),2.836885,50.67583,1,,0,2537,,1,ERQUINGHEM LYS
arret_point.1976,1976,VCN002,Vieux Chene,RUE DU BAC 59193 ERQUINGHEM LYS -,POINT (50.676515 2.840505),2.840505,50.676515,1,,0,2547,,2,ERQUINGHEM LYS
arret_point.1977,1977,ERM001,Rue Du Moulin,RUE DU BAC 59193 ERQUINGHEM LYS - SITUE SUR LE ROND POINT,POINT (50.675213 2.834394),2.834394,50.675213,1,,0,2537,,2,ERQUINGHEM LYS
arret_point.1980,1980,BOS002,Le Bosquiel,RUE D'ARMENTIÈRES 59193 ERQUINGHEM LYS - OPPOSÉ DU N° 438,POINT (50.678367 2.852608),2.852608,50.678367,1,,0,2540,,2,ERQUINGHEM LYS
arret_point.1981,1981,BTP002,Bon Temps,RUE DU DEBOUCHE NEUF 59320 ESCOBECQUES -,POINT (50.619655 2.931457),2.931457,50.619655,1,,0,5703,,2,ESCOBECQUES
arret_point.1983,1983,BTP001,Bon Temps,RUE DU DEBOUCHÉ NEUF 59320 ESCOBECQUES - A L'OPP DU N° 6,POINT (50.619942 2.931404),2.931404,50.619942,1,,0,5703,,1,ESCOBECQUES
arret_point.1982,1982,FDG001,Fin De La Guerre,ROUTE DE FOURNES 59320 ESCOBECQUES -,POINT (50.618817 2.937679),2.937679,50.618817,1,,0,5974,,2,ESCOBECQUES
arret_point.1984,1984,FDG002,Fin De La Guerre,ROUTE DE FOURNES 59320 ESCOBECQUES -,POINT (50.619099 2.938642),2.938642,50.619099,1,,0,5974,,2,ESCOBECQUES
arret_point.2001,2001,SUE001,Guesde,RUE FERRER 59155 FACHES THUMESNIL -,POINT (50.610473 3.064811),3.064811,50.610473,1,,0,346,,2,FACHES THUMESNIL
arret_point.2002,2002,RDL002,Rue De L'Oise,ROUTE D'ARRAS 59155 FACHES THUMESNIL - À L'OPPOSÉ DE LA RÉSIDENCE SUD,POINT (50.612016 3.06176),3.06176,50.612016,1,,0,358,,1,FACHES THUMESNIL
arret_point.1985,1985,GEY002,De Geyter,ROUTE D'ARRAS 59155 FACHES THUMESNIL -,POINT (50.605641 3.058172),3.058172,50.605641,1,,0,870,,1,FACHES THUMESNIL
arret_point.1996,1996,ARO002,Av. De  Roubaix,AVENUE DE ROUBAIX 59155 FACHES THUMESNIL - A L'OPPOSÉ DU N°2,POINT (50.596941 3.07014),3.07014,50.596941,1,,0,5544,,1,FACHES THUMESNIL
arret_point.1987,1987,FCI001,Cimetiere,RUE HENRI DILLIES 59155 FACHES THUMESNIL - À GAUCHE DU N°170,POINT (50.591211 3.075707),3.075707,50.591211,1,,0,356,,1,FACHES THUMESNIL
arret_point.1997,1997,FAM001,Mairie,RUE ROGER SALENGRO 59155 FACHES THUMESNIL - À DROITE DU N°8,POINT (50.603974 3.068565),3.068565,50.603974,1,,0,355,,2,FACHES THUMESNIL
arret_point.1989,1989,FHO002,Hoche,RUE CARNOT 59155 FACHES THUMESNIL - A L'OPP DU N°38,POINT (50.606905 3.065859),3.065859,50.606905,1,,0,344,,1,FACHES THUMESNIL
arret_point.2008,2008,FHO001,Hoche,RUE CARNOT 59155 FACHES THUMESNIL -,POINT (50.606771 3.065787),3.065787,50.606771,1,,0,344,,1,FACHES THUMESNIL
arret_point.2014,2014,SUE002,Guesde,RUE GAMBETTA 59155 FACHES THUMESNIL - A L'OPP DU N°49,POINT (50.60979 3.063448),3.063448,50.60979,1,,0,346,,1,FACHES THUMESNIL
arret_point.2012,2012,MDF002,Moulin De Faches,RUE DES FOURMESTRAUX 59155 FACHES THUMESNIL - DEVANT PARKING,POINT (50.584432 3.085583),3.085583,50.584432,1,,0,7023,,2,FACHES THUMESNIL
arret_point.2013,2013,MDF001,Moulin De Faches,RUE DES FRAMESTRAUX 59155 FACHES THUMESNIL - À L'OPPOSÉ DU N°1,POINT (50.584584 3.085698),3.085698,50.584584,1,,0,7023,,2,FACHES THUMESNIL
arret_point.2009,2009,RHA001,Rue D'Haubourdin,RUE CARNOT 59155 FACHES THUMESNIL - AU DROIT DU N° 218-220,POINT (50.599239 3.068285),3.068285,50.599239,1,,0,342,,1,FACHES THUMESNIL
arret_point.2017,2017,JRO002,Jean Rostand,RUE HENRY BARBUSSE 59155 FACHES THUMESNIL - À GAUCHE DU N° 105,POINT (50.586465 3.080301),3.080301,50.586465,1,,0,5545,,2,FACHES THUMESNIL
arret_point.2025,2025,HDL001,Hameau Du Lac,RUE PRINCIPALE 59510 FOREST SUR MARQUE - AU DROIT DU N° 161,POINT (50.630393 3.187647),3.187647,50.630393,1,,0,4554,,2,FOREST SUR MARQUE
arret_point.2021,2021,RTR001,Rue De Tressin,RUE DE TRESSIN 59510 FOREST SUR MARQUE - AU DROIT DU N° 11,POINT (50.632545 3.192888),3.192888,50.632545,1,,0,366,,1,FOREST SUR MARQUE
arret_point.2022,2022,HDL002,Hameau Du Lac,RUE PRINCIPALE 59510 FOREST SUR MARQUE -,POINT (50.629911 3.187188),3.187188,50.629911,1,,0,4554,,1,FOREST SUR MARQUE
arret_point.2028,2028,FEG002,Eglise,RUE PRINCIPALE 59510 FOREST SUR MARQUE - À L'OPPOSÉ DU N° 28,POINT (50.636214 3.189044),3.189044,50.636214,1,,0,367,,1,FOREST SUR MARQUE
arret_point.2034,2034,FWC001,Carnot,RUE PASTEUR 59134 FOURNES EN WEPPES -,POINT (50.586067 2.887391),2.887391,50.586067,1,,0,5709,,2,FOURNES EN WEPPES
arret_point.2035,2035,FWV001,Victor Hugo,BOULEVARD VICTOR HUGO 59134 FOURNES EN WEPPES -,POINT (50.589692 2.893054),2.893054,50.589692,1,,0,375,,2,FOURNES EN WEPPES
arret_point.2032,2032,WIC001,4 Chemins,RUE FAIDHERBE 59134 FOURNES EN WEPPES - ANGLE RUE PILLY À HERLIES,POINT (50.580564 2.87396),2.87396,50.580564,1,,0,5708,,1,FOURNES EN WEPPES
arret_point.2031,2031,MAI002,Mairie,RUE FAIDHERBE 59134 FOURNES EN WEPPES - À L'OPPOSÉ DU N°1255,POINT (50.584101 2.88968),2.88968,50.584101,1,,0,5704,,1,FOURNES EN WEPPES
arret_point.2029,2029,FWL002,Lion Noir,RUE FAIDHERBE 59134 FOURNES EN WEPPES -,POINT (50.5839 2.884282),2.884282,50.5839,1,,0,372,,1,FOURNES EN WEPPES
arret_point.2041,2041,FWV002,Victor Hugo,BOULEVARD VICTOR HUGO 59134 FOURNES EN WEPPES - AU DROIT DOMAINE CHEMIN VERT,POINT (50.590227 2.893919),2.893919,50.590227,1,,0,375,,1,FOURNES EN WEPPES
arret_point.2042,2042,MAI001,Mairie,RUE FAIDHERBE 59134 FOURNES EN WEPPES -,POINT (50.5841 2.889892),2.889892,50.5841,1,,0,5704,,2,FOURNES EN WEPPES
arret_point.2040,2040,FWD001,Desprez,BOULEVARD VICTOR HUGO 59134 FOURNES EN WEPPES -,POINT (50.596856 2.901829),2.901829,50.596856,1,,0,374,,2,FOURNES EN WEPPES
arret_point.2039,2039,FWL001,Lion Noir,RUE FAIDHERBE 59134 FOURNES EN WEPPES -,POINT (50.583794 2.88397),2.88397,50.583794,1,,0,372,,2,FOURNES EN WEPPES
arret_point.2053,2053,LAH002,La Houlette,ROUTE DE MESSINES 59236 FRELINGHIEN -,POINT (50.70632 2.955597),2.955597,50.70632,1,,0,377,,2,FRELINGHIEN
arret_point.2057,2057,CAB003,Croix Au Bois,ANGLE RUE DE QUESNOY 59236 FRELINGHIEN - 10M AVANT LE ROND POINT,POINT (50.696716 2.976336),2.976336,50.696716,1,,0,383,,1,FRELINGHIEN
arret_point.2055,2055,FUN002,Le Funquereau,RUE DE QUESNOY 59236 FRELINGHIEN -,POINT (50.686036 2.966952),2.966952,50.686036,1,,0,387,,1,FRELINGHIEN
arret_point.2052,2052,COI001,Bon Coin,RUE ARMENTIERES 59236 FRELINGHIEN -,POINT (50.707141 2.928925),2.928925,50.707141,1,,0,384,,2,FRELINGHIEN
arret_point.2046,2046,ZAF002,Zone Artisanale,RUE D'ARMENTIERES 59236 FRELINGHIEN -,POINT (50.709138 2.931421),2.931421,50.709138,1,,0,5806,,2,FRELINGHIEN
arret_point.2045,2045,FUN001,Le Funquereau,RUE DE QUESNOY 59236 FRELINGHIEN -,POINT (50.68651 2.96724),2.96724,50.68651,1,,0,387,,1,FRELINGHIEN
arret_point.2049,2049,CEN001,Centre,PLACE DES COMBATTANTS 59236 FRELINGHIEN - À L'OPPOSÉ DU N°10,POINT (50.712192 2.932305),2.932305,50.712192,1,,0,5808,,1,FRELINGHIEN
arret_point.2051,2051,LPT002,La Chapelette,CHEMIN DE L'AVENTURE 59236 FRELINGHIEN -,POINT (50.692337 2.940936),2.940936,50.692337,1,,0,382,,1,FRELINGHIEN
arret_point.2050,2050,ZAF001,Zone Artisanale,RUE ARMENTIERES 59236 FRELINGHIEN - À GAUCHE DU N°11,POINT (50.709085 2.931138),2.931138,50.709085,1,,0,5806,,2,FRELINGHIEN
arret_point.2047,2047,COI002,Bon Coin,RUE D ARMENTIERES 59236 FRELINGHIEN - ANGLE RUE DU BON COIN,POINT (50.706961 2.928852),2.928852,50.706961,1,,0,384,,1,FRELINGHIEN
arret_point.2060,2060,LAH001,La Houlette,ROUTE DE MESSINES 59236 FRELINGHIEN -,POINT (50.705877 2.956142),2.956142,50.705877,1,,0,377,,1,FRELINGHIEN
arret_point.2064,2064,CEN002,Centre,PLACE DES COMBATTANTS 59236 FRELINGHIEN - A L 'OPP DE L' EGLISE,POINT (50.71229 2.932362),2.932362,50.71229,1,,0,5808,,2,FRELINGHIEN
arret_point.2063,2063,NEL002,Le Fresnel,RUE DE LA PREVOTE 59236 FRELINGHIEN - À L'OPPOSÉ DU N° 273,POINT (50.680231 2.960144),2.960144,50.680231,1,,0,1295,,1,FRELINGHIEN
arret_point.2059,2059,PTE001,Petite Chapelle,RUE DU PONT ROUGE 59236 FRELINGHIEN -,POINT (50.715859 2.934482),2.934482,50.715859,1,,0,5810,,1,FRELINGHIEN
arret_point.2067,2067,CFA002,Cite Faucheur,RUE DU PONT ROUGE 59236 FRELINGHIEN - ANGLE CHEMIN WILLEMOTS,POINT (50.724289 2.940164),2.940164,50.724289,1,,0,5807,,1,FRELINGHIEN
arret_point.2066,2066,AVE001,L'Aventure,CHEMIN DE L'AVENTURE 59236 FRELINGHIEN - À L'OPPOSÉ DU N°3758,POINT (50.688548 2.94723),2.94723,50.688548,1,,0,380,,1,FRELINGHIEN
arret_point.2071,2071,PTQ001,Petit Quinquin,RUE DES FAMARDS 59273 FRETIN - ANGLE BD DU PETIT QUINQUIN,POINT (50.580327 3.13661),3.13661,50.580327,1,,0,389,,1,FRETIN
arret_point.2075,2075,NOI001,Noisetiers,RUE CALMETTE 59152 GRUSON - AU DROIT DU N°14,POINT (50.590785 3.210974),3.210974,50.590785,1,,0,7573,,2,GRUSON
arret_point.2073,2073,PMV001,Le Poumon Vert,RUE DE VERDUN 59152 GRUSON - AU DROIT DU N°19,POINT (50.593903 3.206462),3.206462,50.593903,1,,0,7210,,1,GRUSON
arret_point.2074,2074,GCC001,Clef Des Champs,RUE CALMETTE 59152 GRUSON - AU DROIT DU N° 2,POINT (50.595546 3.211395),3.211395,50.595546,1,,0,7040,,2,GRUSON
arret_point.2077,2077,GCA002,Gruson Calvaire,RUE DU MARÉCHAL LECLERC 59152 GRUSON - AU DROIT DU N° 4,POINT (50.596965 3.203541),3.203541,50.596965,1,,0,397,,1,GRUSON
arret_point.2084,2084,HPE005,La Pepiniere,RUE GENERAL DE GAULLE 59320 HALLENNES LEZ HAUBOURDIN -,POINT (50.610998 2.967642),2.967642,50.610998,1,,0,462,,2,HALLENNES LEZ HAUBOURDIN
arret_point.2083,2083,BLI002,Moulin Lamblin,RUE DU GÉNÉRAL DE GAULLE 59320 HALLENNES LEZ HAUBOURDIN - AU DROIT DU N° 261,POINT (50.608191 2.958683),2.958683,50.608191,1,,0,8902,,1,HALLENNES LEZ HAUBOURDIN
arret_point.2080,2080,ZAC001,Zac Du Moulin,RUE PAUL COLETTE 59320 HALLENNES LEZ HAUBOURDIN - À L'OPPOSÉ DU N°1,POINT (50.605038 2.9524),2.9524,50.605038,1,,0,7150,,1,HALLENNES LEZ HAUBOURDIN
arret_point.2081,2081,HCO002,La Colle,RUE DE L'EGALITE 59320 HALLENNES LEZ HAUBOURDIN - A L'OPPOSÉ DU N°14,POINT (50.607138 2.952158),2.952158,50.607138,1,,0,5711,,1,HALLENNES LEZ HAUBOURDIN
arret_point.2079,2079,MAH003,St Vaast,RUE PASTEUR 59320 HALLENNES LEZ HAUBOURDIN - À L'OPPOSÉ DU N°17,POINT (50.615166 2.959545),2.959545,50.615166,1,,0,5714,,1,HALLENNES LEZ HAUBOURDIN
arret_point.2095,2095,MAH004,St Vaast,RUE PASTEUR 59320 HALLENNES LEZ HAUBOURDIN - À L'OPPOSÉ DE L'ÉGLISE,POINT (50.615351 2.960069),2.960069,50.615351,1,,0,5714,,1,HALLENNES LEZ HAUBOURDIN
arret_point.2089,2089,HBA001,La Bascule,RUE ÉMILE ZOLA 59320 HALLENNES LEZ HAUBOURDIN - AU DROIT DU N° 6,POINT (50.614227 2.969558),2.969558,50.614227,1,,0,407,,1,HALLENNES LEZ HAUBOURDIN
arret_point.2090,2090,AST001,Maison D'Arret,RUE PASTEUR 59320 HALLENNES LEZ HAUBOURDIN - AU DROIT DU N° 32,POINT (50.617946 2.964853),2.964853,50.617946,1,,0,400,,1,HALLENNES LEZ HAUBOURDIN
arret_point.2088,2088,MAH001,Hallennes Mairie,RUE GAMBETTA 59320 HALLENNES LEZ HAUBOURDIN - AU DROIT DU N°48,POINT (50.613707 2.962361),2.962361,50.613707,1,,0,5715,,1,HALLENNES LEZ HAUBOURDIN
arret_point.2100,2100,HCM002,Cimetiere,RUE DE L'EGALITE 59320 HALLENNES LEZ HAUBOURDIN - A L'OPPOSE DU CIMETIERE,POINT (50.609704 2.953824),2.953824,50.609704,1,,0,403,,1,HALLENNES LEZ HAUBOURDIN
arret_point.2122,2122,MOH001,Oree Du Mont,RUE DE L ABBE COULON 59250 HALLUIN - A L'OPPOSE DU N°55,POINT (50.773359 3.143411),3.143411,50.773359,1,,0,428,,1,HALLUIN
arret_point.2118,2118,MOR002,Monument Aux Morts,RUE DE LILLE 59250 HALLUIN - A L OPPOSE DU N° 105,POINT (50.78142 3.125576),3.125576,50.78142,1,,0,440,,2,HALLUIN
arret_point.2102,2102,MHA002,Mont D'Halluin,ROUTE DE NEUVILLE 59250 HALLUIN - A L'OPPOSE DU N°288,POINT (50.765326 3.144299),3.144299,50.765326,1,,0,5945,,2,HALLUIN
arret_point.2103,2103,VIE003,Mont Fleuri,ROUTE DE NEUVILLE 59250 HALLUIN - A L'OPPOSE DU N° 43,POINT (50.775964 3.134471),3.134471,50.775964,1,,0,439,,2,HALLUIN
arret_point.2112,2112,HGO002,Gounod,RUE OER ERKENSCHWICK 59250 HALLUIN - ANGLE RUE DU 8 MAI 45,POINT (50.779791 3.109438),3.109438,50.779791,1,,0,417,,1,HALLUIN
arret_point.2117,2117,JAU002,Jean Jaures,RUE DE LA LYS 59250 HALLUIN - A L OPPOSE DU N° 22,POINT (50.785731 3.118952),3.118952,50.785731,1,,0,433,,1,HALLUIN
arret_point.2114,2114,HGO001,Gounod,RUE OER ERKENSCHWICK 59250 HALLUIN - ANGLE RUE HECTOR BERLIOZ,POINT (50.779326 3.111963),3.111963,50.779326,1,,0,417,,1,HALLUIN
arret_point.2105,2105,SEM001,Semard,ROUTE DE LINSELLES 59250 HALLUIN - A L'OPPOSE DU N°57,POINT (50.780959 3.119132),3.119132,50.780959,1,,0,5979,,1,HALLUIN
arret_point.2107,2107,KNI001,Koninginnestraat,59250 HALLUIN -,POINT (50.787587 3.133172),3.133172,50.787587,1,,0,6651,,0,HALLUIN
arret_point.2115,2115,MPL001,Malplaquet,ROUTE DE LA LYS 59250 HALLUIN - A L'OPP DU N'230,POINT (50.779797 3.105463),3.105463,50.779797,1,,0,445,,2,HALLUIN
arret_point.2111,2111,BFO002,Bellefontaine,RUE DE LILLE 59250 HALLUIN - A L'OPPOSÉ DU N° 283,POINT (50.770496 3.121358),3.121358,50.770496,1,,0,437,,1,HALLUIN
arret_point.2138,2138,RNG001,Sangnier,RUE DE LA LYS 59250 HALLUIN - A L OPPOSE DU N° 221,POINT (50.784966 3.115149),3.115149,50.784966,1,,0,427,,2,HALLUIN
arret_point.2139,2139,HDO001,Douane,RUE DE LILLE 59250 HALLUIN - AU DROIT DU N° 17,POINT (50.785805 3.127031),3.127031,50.785805,1,,0,432,,1,HALLUIN
arret_point.2140,2140,VIE004,Mont Fleuri,ROUTE DE NEUVILLE 59250 HALLUIN - AU DROIT DU N° 69,POINT (50.77514 3.135745),3.135745,50.77514,1,,0,439,,1,HALLUIN
arret_point.2133,2133,BVI002,Basse Ville,ROUTE DE NEUVILLE 59250 HALLUIN - AU DROIT DU N° 143,POINT (50.772187 3.138852),3.138852,50.772187,1,,0,443,,2,HALLUIN
arret_point.2132,2132,PHA001,Porte D'Halluin,RUE DE LILLE 59250 HALLUIN - AU DROIT DU N° 363,POINT (50.767967 3.12129),3.12129,50.767967,1,,0,434,,1,HALLUIN
arret_point.2126,2126,MOR001,Monument Aux Morts,RUE DE LILLE 59250 HALLUIN - AU DROIT DU N° 103,POINT (50.781794 3.125921),3.125921,50.781794,1,,0,440,,1,HALLUIN
arret_point.2127,2127,HCA002,Cimetiere,ROUTE DE NEUVILLE 59250 HALLUIN - AU DROIT DU CIMETIÈRE,POINT (50.779467 3.129506),3.129506,50.779467,1,,0,423,,2,HALLUIN
arret_point.2141,2141,HDO003,Douane,RUE DE LA LYS 59250 HALLUIN - AU DROIT DE LA PLACE,POINT (50.786531 3.125741),3.125741,50.786531,1,,0,432,,1,HALLUIN
arret_point.2147,2147,HRM001,L'Harmonieuse,RUE DES FRÈRES MARTEL 59250 HALLUIN - AU CROISEMENT RUE ROUGE PORTE,POINT (50.784181 3.135551),3.135551,50.784181,1,,0,3906,,2,HALLUIN
arret_point.2149,2149,EGO004,Eglise Du Colbras,RUE DE LA LYS 59250 HALLUIN - AU DROIT DE L ' EGLISE,POINT (50.784301 3.112493),3.112493,50.784301,1,,0,422,,2,HALLUIN
arret_point.2142,2142,HDO002,Douane,RUE DE LA LYS 59250 HALLUIN - AU DROIT DU N° 5,POINT (50.786367 3.126121),3.126121,50.786367,1,,0,432,,1,HALLUIN
arret_point.2150,2150,HAL001,Centre Ville,RUE DE LILLE 59250 HALLUIN - AU DROIT DU N° 77,POINT (50.783083 3.126323),3.126323,50.783083,1,,0,425,,1,HALLUIN
arret_point.2153,2153,BVI001,Basse Ville,ROUTE DE NEUVILLE 59250 HALLUIN - AU DROIT DU N° 180,POINT (50.771257 3.139742),3.139742,50.771257,1,,0,443,,1,HALLUIN
arret_point.2152,2152,BFO001,Bellefontaine,RUE DE LILLE 59250 HALLUIN - AU DROIT DU N° 283,POINT (50.771022 3.121833),3.121833,50.771022,1,,0,437,,1,HALLUIN
arret_point.2158,2158,HEG002,Hantay Eglise,RUE MIRABEAU 59496 HANTAY - À GAUCHE DU N°7,POINT (50.532817 2.866185),2.866185,50.532817,1,,0,5673,,1,HANTAY
arret_point.2159,2159,HMI002,Mirabeau,RUE MIRABEAU 59496 HANTAY - A L OPPOSE DU N° 54,POINT (50.535568 2.873239),2.873239,50.535568,1,,0,5672,,2,HANTAY
arret_point.2162,2162,GLL001,Gallodrome,RUE SALENGRO 59496 HANTAY - ANGLE RUE DU MARAIS,POINT (50.539927 2.875509),2.875509,50.539927,1,,0,5671,,1,HANTAY
arret_point.2178,2178,HPE006,La Pepiniere,RUE GENERAL DE GAULLE 59320 HAUBOURDIN -,POINT (50.610908 2.967754),2.967754,50.610908,1,,0,462,,2,HAUBOURDIN
arret_point.2181,2181,RUE001,Rue De La Canteraine,RUE DE LA CANTERAINE 59320 HAUBOURDIN -,POINT (50.596015 2.987128),2.987128,50.596015,1,,0,473,,1,HAUBOURDIN
arret_point.2186,2186,HMA003,Mairie,RUE LÉON GAMBETTA 59320 HAUBOURDIN - À L'OPPOSÉ DU  N° 1,POINT (50.6102 2.983125),2.983125,50.6102,1,,0,6254,,1,HAUBOURDIN
arret_point.2179,2179,OPE001,Europe,RUE ALBERT VANDERHAGEN 59320 HAUBOURDIN -,POINT (50.612081 2.97517),2.97517,50.612081,1,,0,6261,,1,HAUBOURDIN
arret_point.2184,2184,ISS001,Blanchisserie,RUE DE LA CANTERAINE 59320 HAUBOURDIN - À L'OPPOSÉ DU N°240,POINT (50.591592 2.981955),2.981955,50.591592,1,,0,7007,,1,HAUBOURDIN
arret_point.2182,2182,HJA001,Jardin Public,RUE SADI CARNOT 59320 HAUBOURDIN - À L'OPPOSÉ DU JARDIN PUBLIC,POINT (50.611529 2.988119),2.988119,50.611529,1,,0,6264,,1,HAUBOURDIN
arret_point.2169,2169,HMA002,Mairie,RUE SADI CARNOT 59320 HAUBOURDIN - À L'OPPOSÉ DE L'HÔTEL DE VILLE,POINT (50.610561 2.982806),2.982806,50.610561,1,,0,6254,,1,HAUBOURDIN
arret_point.2166,2166,JDL002,J. Luxembourg,RUE D ENGLOS 59320 HAUBOURDIN -,POINT (50.612685 2.972725),2.972725,50.612685,1,,0,461,,2,HAUBOURDIN
arret_point.2165,2165,HGA001,Gare,RUE DU MARÉCHAL JUIN 59320 HAUBOURDIN - AU DROIT DE LA GARE,POINT (50.607204 2.989924),2.989924,50.607204,1,,0,454,,2,HAUBOURDIN
arret_point.2168,2168,COD001,College Jules Ferry,RUE DU CAPITAINE HAZEBROUCK 59320 HAUBOURDIN - AU DROIT DU COLLEGE DEPARTEMEN,POINT (50.613158 2.99213),2.99213,50.613158,1,,0,481,,2,HAUBOURDIN
arret_point.2164,2164,HMA001,Mairie,PLACE FREMAUX 59320 HAUBOURDIN - AU DROIT DE LA POSTE,POINT (50.610826 2.983613),2.983613,50.610826,1,,0,6254,,1,HAUBOURDIN
arret_point.2170,2170,PAR002,Le Parc,RUE DU TAPIS VERT 59320 HAUBOURDIN - AU DROIT DES APPARTEMENTS,POINT (50.614815 2.977249),2.977249,50.614815,1,,0,475,,1,HAUBOURDIN
arret_point.2173,2173,LVA002,Valmy,RUE SADI CARNOT 59320 HAUBOURDIN -,POINT (50.611209 2.994332),2.994332,50.611209,1,,0,6260,,1,HAUBOURDIN
arret_point.2174,2174,DUT002,Dutrey,RUE ROGER SALENGRO 59320 HAUBOURDIN - À L'OPPOSÉ DU N° 205,POINT (50.599392 2.996531),2.996531,50.599392,1,,0,456,,1,HAUBOURDIN
arret_point.2193,2193,BOP001,Beaupre Canteraine,RUE DU GÉNÉRAL MESNY 59320 HAUBOURDIN - A L'OPPOSÉ DU LYCÉE BEAUPRÉ,POINT (50.598641 2.985837),2.985837,50.598641,1,,0,460,,1,HAUBOURDIN
arret_point.2194,2194,RUE004,Rue De La Canteraine,59320 HAUBOURDIN -,POINT (50.593111 2.98485),2.98485,50.593111,1,,0,473,,0,HAUBOURDIN
arret_point.2195,2195,GLE002,Gambetta Leclerc,RUE LÉON GAMBETTA 59320 HAUBOURDIN - FACE À L'EGLISE,POINT (50.607622 2.985601),2.985601,50.607622,1,,0,6827,,2,HAUBOURDIN
arret_point.2192,2192,LVA001,Valmy,RUE SADI CARNOT 59320 HAUBOURDIN -,POINT (50.611301 2.993953),2.993953,50.611301,1,,0,6260,,1,HAUBOURDIN
arret_point.2190,2190,HJA002,Jardin Public,RUE SADI CARNOT 59320 HAUBOURDIN - AU DROIT DU N°86,POINT (50.611337 2.988709),2.988709,50.611337,1,,0,6264,,1,HAUBOURDIN
arret_point.2191,2191,MEY001,Rue Du Gal Mesny,RUE DU GENERAL MESNY 59320 HAUBOURDIN -,POINT (50.603352 2.985588),2.985588,50.603352,1,,0,463,,2,HAUBOURDIN
arret_point.2198,2198,ETZ002,Frometz,RUE DE SANTES 59320 HAUBOURDIN - AU DROIT LOTISSEMENT MAISON,POINT (50.607027 2.968861),2.968861,50.607027,1,,0,7019,,1,HAUBOURDIN
arret_point.2200,2200,JAQ001,Jacquard,RUE RU GENERAL DAME 59320 HAUBOURDIN -,POINT (50.605183 2.990447),2.990447,50.605183,1,,0,6258,,2,HAUBOURDIN
arret_point.2201,2201,HCP002,Caserne Des Pompiers,RUE ALBERT VANDERHAEGHEN 59320 HAUBOURDIN - À L'OPPOSÉ DU N° 22,POINT (50.611127 2.97926),2.97926,50.611127,1,,0,6255,,1,HAUBOURDIN
arret_point.2214,2214,ENI002,Avenir,VOIE DEVIATION DU CD 146 59260 HELLEMMES LILLE - À L'OPPOSÉ DE CASTORAMA,POINT (50.619703 3.099097),3.099097,50.619703,1,,0,7069,,1,HELLEMMES LILLE
arret_point.2207,2207,POI001,Pave Du Moulin,RUE PAVE DU MOULIN 59260 HELLEMMES LILLE - AU DROIT DU N°8,POINT (50.622435 3.12132),3.12132,50.622435,1,,0,5914,,1,HELLEMMES LILLE
arret_point.2208,2208,DVE002,Derville,RUE JULES GUESDE 59260 HELLEMMES LILLE - À L'OPPOSÉ DU N° 85,POINT (50.633362 3.111139),3.111139,50.633362,1,,0,482,,2,HELLEMMES LILLE
arret_point.2205,2205,INN001,Innovation,RUE DE L INNOVATION 59260 HELLEMMES LILLE - AU DROIT DU N°22,POINT (50.62507 3.103156),3.103156,50.62507,1,,0,486,,2,HELLEMMES LILLE
arret_point.2225,2225,ZIH003,Zi Hellu - Epine,BOULEVARD DE LEZENNES 59260 HELLEMMES LILLE - ANGLE RUE VICTOR HUGO,POINT (50.618079 3.10209),3.10209,50.618079,1,,0,7151,,1,HELLEMMES LILLE
arret_point.2217,2217,MHE099,Mairie D'Hellemmes,RUE ROGER SALENGRO 59260 HELLEMMES LILLE -,POINT (50.627187 3.108787),3.108787,50.627187,1,,0,494,,1,HELLEMMES LILLE
arret_point.2222,2222,ZIH001,Zi Hellu - Epine,BOULEVARD DE LEZENNES 59260 HELLEMMES LILLE - AVT L'ANGLE DE LA R PAUL KIMPE,POINT (50.617929 3.104611),3.104611,50.617929,1,,0,7151,,1,HELLEMMES LILLE
arret_point.2216,2216,FRR002,Ferry,RUE CHANZY 59260 HELLEMMES LILLE - À L'OPPOSÉ DU N° 116,POINT (50.625109 3.101182),3.101182,50.625109,1,,0,6936,,1,HELLEMMES LILLE
arret_point.2219,2219,LPZ001,P.S. De Lezennes,RUE VICTOR HUGO 59260 HELLEMMES LILLE - AU DROIT DU N° 38,POINT (50.621028 3.095197),3.095197,50.621028,1,,0,483,,0,HELLEMMES LILLE
arret_point.2221,2221,FRR001,Ferry,RUE JULES FERRY 59260 HELLEMMES LILLE - AU DROIT DU N° 39,POINT (50.623443 3.099225),3.099225,50.623443,1,,0,6936,,2,HELLEMMES LILLE
arret_point.2231,2231,CHD002,Chapelle D'Elocques,RUE JACQUARD 59260 HELLEMMES LILLE - A L'OPPOSE DU N° 13,POINT (50.634135 3.103675),3.103675,50.634135,1,,0,484,,1,HELLEMMES LILLE
arret_point.2226,2226,LPZ002,P.S. De Lezennes,RUE VICTOR HUGO 59260 HELLEMMES LILLE - AU DROIT DU N° 19,POINT (50.621493 3.094034),3.094034,50.621493,1,,0,483,,2,HELLEMMES LILLE
arret_point.2227,2227,FEL002,Fenelon,RUE JULES GUESDE 59260 HELLEMMES LILLE - AU DROIT DU N° 30,POINT (50.630638 3.110645),3.110645,50.630638,1,,0,7073,,2,HELLEMMES LILLE
arret_point.2253,2253,REC002,Rue Des Ecoles,RUE DES ECOLES 59510 HEM - AU DROIT DU N° 82,POINT (50.663648 3.191149),3.191149,50.663648,1,,0,5620,,2,HEM
arret_point.2255,2255,AMM001,Mozart,AVENUE DE LA MARNE 59510 HEM - A L OPPOSE DU N° 99,POINT (50.667915 3.178547),3.178547,50.667915,1,,0,8930,,1,HEM
arret_point.2256,2256,HPM002,Hempempont,RUE DU GÉNÉRAL LECLERC 59510 HEM - À L'OPPOSÉ DU N° 236,POINT (50.654562 3.174033),3.174033,50.654562,1,,0,512,,1,HEM
arret_point.2252,2252,LEK004,Laennec,AVENUE LAENNEC 59510 HEM - A L OPPOSE DU N° 57,POINT (50.666384 3.197688),3.197688,50.666384,1,,0,6939,,1,HEM
arret_point.2232,2232,LEK003,Laennec,RUE DES TROIS FERMES 59510 HEM -,POINT (50.665841 3.198384),3.198384,50.665841,1,,0,6939,,2,HEM
arret_point.2234,2234,VOI001,Voisinage,AVENUE HENRI DELCROIX 59510 HEM - AU DROIT DU N° 74,POINT (50.64449 3.193502),3.193502,50.64449,1,,0,522,,2,HEM
arret_point.2236,2236,TTE001,Watteeuw,RUE DES ECOLES 59510 HEM - A L OPPOSE DU N° 124,POINT (50.665255 3.196173),3.196173,50.665255,1,,0,5622,,1,HEM
arret_point.2233,2233,SPH002,Eglise Saint Paul,AVENUE GORGHEMETZ 59510 HEM - AU DROIT DU N° 1,POINT (50.67004 3.177299),3.177299,50.67004,1,,0,513,,2,HEM
arret_point.2249,2249,DER001,Lionderie,RUE JULES GUESDE 59510 HEM - À L'OPPOSÉ DU N° 236,POINT (50.659087 3.194359),3.194359,50.659087,1,,0,516,,1,HEM
arret_point.2240,2240,HTR001,Elsa Triolet,RUE JULES GUESDE 59510 HEM - AU DROIT DU N° 23,POINT (50.65371 3.188468),3.188468,50.65371,1,,0,5238,,1,HEM
arret_point.2248,2248,SPH001,Eglise Saint Paul,AVENUE GORGHEMETZ 59510 HEM - AU DROIT DU N° 3,POINT (50.670262 3.177641),3.177641,50.670262,1,,0,513,,1,HEM
arret_point.2250,2250,SAT002,Dunant,AVENUE HENRI DUNANT 59510 HEM - A L OPPOSE DU N° 221,POINT (50.668421 3.201421),3.201421,50.668421,1,,0,4672,,1,HEM
arret_point.2239,2239,3FE001,Trois Fermes,RUE JULES GUESDE 59510 HEM - AU DROIT DU N° 303,POINT (50.661516 3.19855),3.19855,50.661516,1,,0,7042,,1,HEM
arret_point.2241,2241,LEK005,Laennec,AVENUE HENRI DUNANT 59510 HEM - COULOIR BUS,POINT (50.666397 3.198338),3.198338,50.666397,1,,0,6939,,1,HEM
arret_point.2247,2247,COT002,Coty,RUE CLAUDE BERNARD 59510 HEM - A L OPPOSE DU N° 30,POINT (50.67076 3.19909),3.19909,50.67076,1,,0,4720,,1,HEM
arret_point.2237,2237,HTR002,Elsa Triolet,RUE JULES GUESDE 59510 HEM - A L'OPPOSE DU N° 25,POINT (50.653743 3.188807),3.188807,50.653743,1,,0,5238,,1,HEM
arret_point.2244,2244,MHM002,Mairie,RUE DU GENERAL LECLERC 59510 HEM - A L'OPPOSE DU N° 44,POINT (50.654197 3.182846),3.182846,50.654197,1,,0,514,,1,HEM
arret_point.2274,2274,SAT001,Dunant,AVENUE HENRI DUNANT 59510 HEM - AU DROIT DU N° 221,POINT (50.668423 3.201139),3.201139,50.668423,1,,0,4672,,1,HEM
arret_point.2277,2277,BLN001,Blanchisserie,AVENUE ARISTIDE BRIAND 59510 HEM - AVANT ANGLE RUE JULES GUESDE,POINT (50.661863 3.201491),3.201491,50.661863,1,,0,8005,,1,HEM
arret_point.2275,2275,PHE002,Poste,RUE JEAN JAURES 59510 HEM - AU DROIT DU N° 8,POINT (50.660908 3.185274),3.185274,50.660908,1,,0,5618,,2,HEM
arret_point.2268,2268,PSC001,Pascal,RUE DES ECOLES 59510 HEM - AU DROIT DU N° 79,POINT (50.664638 3.193311),3.193311,50.664638,1,,0,5621,,1,HEM
arret_point.2272,2272,REC003,Rue Des Ecoles,RUE DES ECOLES 59510 HEM - A L' OPPOSE DU N° 28,POINT (50.663528 3.190399),3.190399,50.663528,1,,0,5620,,2,HEM
arret_point.2266,2266,HPI001,4 Vents,RUE DU CALVAIRE 59510 HEM - AU DROIT DU N° 96,POINT (50.648598 3.19607),3.19607,50.648598,1,,0,521,,2,HEM
arret_point.2283,2283,HEB002,Bifur,RUE DU DOCTEUR COUBRONNE 59510 HEM - AU DROIT DU N° 70,POINT (50.652044 3.188044),3.188044,50.652044,1,,0,525,,2,HEM
arret_point.2284,2284,HPM001,Hempempont,RUE DU GÉNÉRAL LECLERC 59510 HEM - AU DROIT DU N° 236,POINT (50.654086 3.172783),3.172783,50.654086,1,,0,512,,2,HEM
arret_point.2282,2282,3FE002,Trois Fermes,RUE JULES GUESDE 59510 HEM - A L'OPPOSE DU N° 309 BIS,POINT (50.661753 3.199245),3.199245,50.661753,1,,0,7042,,1,HEM
arret_point.2286,2286,HEM001,Hem Eglise,PLACE DE LA RÉPUBLIQUE 59510 HEM - AU DROIT DU N° 14,POINT (50.649563 3.191402),3.191402,50.649563,1,,0,6912,,1,HEM
arret_point.2278,2278,MES001,Mesanges,RUE JULES GUESDE 59510 HEM - A L'OPPOSE DU N° 432,POINT (50.66361 3.203074),3.203074,50.66361,1,,0,502,,2,HEM
arret_point.2281,2281,HLV002,Hem La Vallee,AVENUE ANTOINE PINAY 59510 HEM - À L'OPPOSÉ DU TERMINUS,POINT (50.649101 3.197292),3.197292,50.649101,1,,0,523,,1,HEM
arret_point.2298,2298,HLI002,Mairie,RUE DU PILLY 59134 HERLIES - A L'OPPOSE DE L'ECOLE,POINT (50.576752 2.854914),2.854914,50.576752,1,,0,530,,1,HERLIES
arret_point.2288,2288,HML002,Rue Du Moulin,RUE DU MOULIN 59134 HERLIES - À DROITE DU N°17,POINT (50.57701 2.851085),2.851085,50.57701,1,,0,8981,,1,HERLIES
arret_point.2289,2289,HML001,Rue Du Moulin,RUE DU MOULIN 59134 HERLIES -,POINT (50.577603 2.850795),2.850795,50.577603,1,,0,8981,,1,HERLIES
arret_point.2290,2290,RUS001,Rue Du Stade,RUE DU STADE 59134 HERLIES - À GUACHE DU N°11,POINT (50.578379 2.847718),2.847718,50.578379,1,,0,536,,1,HERLIES
arret_point.2295,2295,WGL002,Egalite,RUE CHOBOURDIN 59134 HERLIES - A L'OPP DU N°5,POINT (50.57913 2.852502),2.852502,50.57913,1,,0,5724,,1,HERLIES
arret_point.2291,2291,RUS002,Rue Du Stade,RUE DU STADE 59134 HERLIES - AU MILIEU DU 16-18,POINT (50.578358 2.848267),2.848267,50.578358,1,,0,536,,2,HERLIES
arret_point.2294,2294,LNO002,Les Nonennes,ROUTE ROUTE D'AUBERS 59134 HERLIES - AU DROIT DU N° 29,POINT (50.582887 2.844255),2.844255,50.582887,1,,0,9044,,1,HERLIES
arret_point.2301,2301,HLI001,Mairie,RUE DU PILLY 59134 HERLIES - AU DROIT DE L'ECOLE,POINT (50.576779 2.854816),2.854816,50.576779,1,,0,530,,1,HERLIES
arret_point.2299,2299,CHC001,Rue Chobourdin,RUE CHOBOURDIN 59134 HERLIES - AU DROIT DU N° 51,POINT (50.583384 2.852024),2.852024,50.583384,1,,0,5722,,1,HERLIES
arret_point.2307,2307,HPP002,Place,RUE ROGER SALENGRO 59263 HOUPLIN ANCOISNE - À DROITE DU N° 376,POINT (50.562001 3.003249),3.003249,50.562001,1,,0,540,,2,HOUPLIN ANCOISNE
arret_point.2304,2304,HPA001,Pasteur,RUE ROGER SALENGRO 59263 HOUPLIN ANCOISNE -,POINT (50.56457 2.99934),2.99934,50.56457,1,,0,6286,,2,HOUPLIN ANCOISNE
arret_point.2305,2305,HPP001,Place,RUE ROGER SALENGRO 59263 HOUPLIN ANCOISNE - A L'OPPOSE DU N° 390,POINT (50.5622 3.002844),3.002844,50.5622,1,,0,540,,2,HOUPLIN ANCOISNE
arret_point.2310,2310,HPH002,Pharmacie,RUE JEAN JAURÈS 59263 HOUPLIN ANCOISNE - À L'OPPOSÉ DU N°11,POINT (50.573252 2.996341),2.996341,50.573252,1,,0,6355,,2,HOUPLIN ANCOISNE
arret_point.2320,2320,POC002,Pont Casier,RUE VICTOR HUGO 59116 HOUPLINES - A L'OPP DU N° 19,POINT (50.691426 2.909831),2.909831,50.691426,1,,0,5655,,1,HOUPLINES
arret_point.2321,2321,RBR001,Rue Brune,RUE SAINT EXUPÉRY 59116 HOUPLINES - A L'OPP DU N°1,POINT (50.694364 2.918479),2.918479,50.694364,1,,0,555,,1,HOUPLINES
arret_point.2316,2316,HHV002,Hotel De Ville,RUE VICTOR HUGO 59116 HOUPLINES - À L'OPPOSE DU N°51,POINT (50.689773 2.906523),2.906523,50.689773,1,,0,556,,1,HOUPLINES
arret_point.2314,2314,RMI002,Ermitage,RUE CARNOT 59116 HOUPLINES - À L'OPPOSÉ ANGLE LA LIBERTÉ,POINT (50.693298 2.912338),2.912338,50.693298,1,,0,559,,1,HOUPLINES
arret_point.2327,2327,LUT001,Rue Lutun,RUE DU LUTUN 59116 HOUPLINES -,POINT (50.697964 2.915795),2.915795,50.697964,1,,0,5653,,2,HOUPLINES
arret_point.2324,2324,RSA002,College,RUE ROGER SALENGRO 59116 HOUPLINES - QUAI DEVANT LE COLLEGE,POINT (50.688261 2.91934),2.91934,50.688261,1,,0,5651,,2,HOUPLINES
arret_point.2331,2331,RMI001,Ermitage,RUE CARNOT 59116 HOUPLINES - JUSTE AVANT LES GARAGES,POINT (50.693684 2.912427),2.912427,50.693684,1,,0,559,,2,HOUPLINES
arret_point.2329,2329,RMI003,Ermitage,RUE THIERS 59116 HOUPLINES -,POINT (50.693749 2.913756),2.913756,50.693749,1,,0,559,,1,HOUPLINES
arret_point.2328,2328,EPY002,Saint Exupery,RUE ST EXUPÈRY 59116 HOUPLINES - À DROITE DU N°27,POINT (50.695584 2.920259),2.920259,50.695584,1,,0,4539,,1,HOUPLINES
arret_point.2338,2338,BCR001,Bouchery,RUE MAURICE BOUCHERY 59480 ILLIES - AU DROIT DU N° 2A,POINT (50.559227 2.834101),2.834101,50.559227,1,,0,574,,1,ILLIES
arret_point.2339,2339,IGR002,Gravelin,HAMEAU DE GRAVELIN 59480 ILLIES - APRÈS HAM. DE GRAVELIN,POINT (50.556199 2.837634),2.837634,50.556199,1,,0,567,,1,ILLIES
arret_point.2336,2336,AVT001,L'Aventure,VOIE HAMEAU DE L'AVENTURE 59480 ILLIES - AU DROIT DU BOULODROME,POINT (50.576695 2.822469),2.822469,50.576695,1,,0,569,,1,ILLIES
arret_point.2334,2334,BDR002,Botte D'Or,ROUTE NATIONALE 59480 ILLIES - AU ROND POINT,POINT (50.558534 2.836855),2.836855,50.558534,1,,0,571,,1,ILLIES
arret_point.2341,2341,ILC001,Centre,RUE DU CHAMOINE RIGAUT 59480 ILLIES - A L'OPPOSE DU N°16,POINT (50.561584 2.832576),2.832576,50.561584,1,,0,573,,1,ILLIES
arret_point.2344,2344,AVT002,L'Aventure,ROUTE DEPARTEMENTALE 141 59480 ILLIES - AU DROIT DU N° 36,POINT (50.576613 2.822736),2.822736,50.576613,1,,0,569,,1,ILLIES
arret_point.2342,2342,ILC002,Centre,RUE RUE DU CHAMOINE RIGAUT 59480 ILLIES - A L'OPPOSE DU N° 19,POINT (50.562195 2.832356),2.832356,50.562195,1,,0,573,,1,ILLIES
arret_point.2359,2359,BMM002,Monument Aux Morts,AVENUE DE DUNKERQUE 59480 LA BASSEE - AU DROIT DU N°2,POINT (50.5366 2.804766),2.804766,50.5366,1,,0,586,,1,LA BASSEE
arret_point.2360,2360,CND001,Coll Notre Dame,RUE DE LENS 59480 LA BASSEE - A L OPP DE L EGLISE,POINT (50.530841 2.802249),2.802249,50.530841,1,,0,7813,,1,LA BASSEE
arret_point.2357,2357,CSC005,Coll Schweitzer,RUE DU COLLÈGE 59480 LA BASSEE - À DROITE DANS LA RAQUETTE,POINT (50.541115 2.813438),2.813438,50.541115,1,,0,6307,,1,LA BASSEE
arret_point.2356,2356,LBS001,Saint Roch,RUE DE LILLE 59480 LA BASSEE -,POINT (50.535961 2.814797),2.814797,50.535961,1,,0,5683,,2,LA BASSEE
arret_point.2351,2351,CSC004,Clg Schweitzer,RUE DU COLLEGE 59480 LA BASSEE - AU DROIT DU COLLEGE,POINT (50.539113 2.811674),2.811674,50.539113,1,,0,8980,,1,LA BASSEE
arret_point.2349,2349,LEV001,Place L.Orval,RUE DU GENERAL LECLERC 59480 LA BASSEE - AU DROIT DU N° 83,POINT (50.532434 2.810273),2.810273,50.532434,1,,0,5681,,1,LA BASSEE
arret_point.2364,2364,CND002,Coll Notre Dame,RUE DU BOIS SAINT MAUR 59480 LA BASSEE - AU DROIT DE L'ÉCOLE NOTRE DAME,POINT (50.531295 2.800832),2.800832,50.531295,1,,0,7813,,2,LA BASSEE
arret_point.2366,2366,LBH002,La Bassee Hdv,PLACE DU GEN DE GAULLE 59480 LA BASSEE - AU DROIT DU N° 2,POINT (50.531876 2.803835),2.803835,50.531876,1,,0,7814,,2,LA BASSEE
arret_point.2365,2365,LBN001,Le Nouveau Monde,ROUTE DE LILLE 59480 LA BASSEE - DEVANT LA CONCESSION RENAULT,POINT (50.539868 2.818156),2.818156,50.539868,1,,0,6915,,1,LA BASSEE
arret_point.2367,2367,LPB001,Lp Boilly,RUE DU COLLEGE 59480 LA BASSEE - AU DROIT DU LYCEE,POINT (50.535499 2.811104),2.811104,50.535499,1,,0,6306,,1,LA BASSEE
arret_point.2368,2368,CSC001,Coll Schweitzer,RUE DU COLLEGE 59480 LA BASSEE - A L'OPPOSE DU COLLEGE,POINT (50.539212 2.811548),2.811548,50.539212,1,,0,6307,,1,LA BASSEE
arret_point.2381,2381,SJA001,Saint Jacques,ROUTE NATIONALE CD 933 59930 LA CHAPELLE D ARMENTIERES - AU DROIT D'UN CHAMP,POINT (50.663761 2.920099),2.920099,50.663761,1,,0,5658,,1,LA CHAPELLE D ARMENTIERES
arret_point.2382,2382,SJA002,Saint Jacques,ROUTE NATIONALE 59930 LA CHAPELLE D ARMENTIERES - A L'OPPOSE DU N° 1220,POINT (50.664303 2.919287),2.919287,50.664303,1,,0,5658,,1,LA CHAPELLE D ARMENTIERES
arret_point.2383,2383,PRH002,La Perche,AVENUE PAUL HARRIS 59930 LA CHAPELLE D ARMENTIERES - 50M AVANT LE ROND POINT,POINT (50.679842 2.872853),2.872853,50.679842,1,,0,9127,,2,LA CHAPELLE D ARMENTIERES
arret_point.2371,2371,PAA001,La Chapelle Parc,ROUTE NATIONALE 59930 LA CHAPELLE D ARMENTIERES -,POINT (50.668665 2.909077),2.909077,50.668665,1,,0,5659,,2,LA CHAPELLE D ARMENTIERES
arret_point.2373,2373,HOE001,La Houssoie,RUE AMBROISE PARÉ 59930 LA CHAPELLE D ARMENTIERES - AU DROIT DE L'ENTREPRISE SDI,POINT (50.654804 2.899803),2.899803,50.654804,1,,0,9056,,1,LA CHAPELLE D ARMENTIERES
arret_point.2376,2376,VIC002,Hotel De Ville,ROUTE NATIONALE 59930 LA CHAPELLE D ARMENTIERES - AU DROIT DU N°267 - CD933,POINT (50.672843 2.895687),2.895687,50.672843,1,,0,591,,1,LA CHAPELLE D ARMENTIERES
arret_point.2387,2387,AEE002,L'Armee,RUE MARLE 59930 LA CHAPELLE D ARMENTIERES - AL'OPP N°162,POINT (50.669334 2.869706),2.869706,50.669334,1,,0,5568,,1,LA CHAPELLE D ARMENTIERES
arret_point.2386,2386,RIN002,Ringot,ROUTE NATIONALE 59930 LA CHAPELLE D ARMENTIERES -,POINT (50.676234 2.889655),2.889655,50.676234,1,,0,589,,2,LA CHAPELLE D ARMENTIERES
arret_point.2388,2388,WEZ001,Wez-Macquart,ROUTE NATIONALE 59930 LA CHAPELLE D ARMENTIERES - AU DROIT DU N° 1998,POINT (50.659554 2.927628),2.927628,50.659554,1,,0,596,,1,LA CHAPELLE D ARMENTIERES
arret_point.2385,2385,CHP002,Poste,ROUTE NATIONALE CD 933 59930 LA CHAPELLE D ARMENTIERES - AU DROIT DU 383,POINT (50.670448 2.903649),2.903649,50.670448,1,,0,595,,1,LA CHAPELLE D ARMENTIERES
arret_point.2389,2389,AEE001,L'Armee,RUE MARLE 59930 LA CHAPELLE D ARMENTIERES - AU DROIT N°164,POINT (50.669065 2.869604),2.869604,50.669065,1,,0,5568,,1,LA CHAPELLE D ARMENTIERES
arret_point.2391,2391,EAI002,Av Industrielle,AVENUE INDUSTRIEL 59930 LA CHAPELLE D ARMENTIERES - À GAUCHE DES ETS HUNNEBECK,POINT (50.654648 2.906419),2.906419,50.654648,1,,0,9005,,2,LA CHAPELLE D ARMENTIERES
arret_point.2407,2407,JEM001,Jeanne Maillotte,RUE JEANNE MAILLOTTE 59110 LA MADELEINE -,POINT (50.652123 3.069312),3.069312,50.652123,1,,0,607,,2,LA MADELEINE
arret_point.2404,2404,ROM032,Romarin,"AVENUE DE LA REPUBLIQUE 59110 LA MADELEINE - AU DROIT DE LA PASSERELLE,",POINT (50.645424 3.074984),3.074984,50.645424,1,,0,618,,1,LA MADELEINE
arret_point.2406,2406,MVI001,Victoire,RUE DU PRESIDENT GEORGES POMPIDOU 59110 LA MADELEINE -,POINT (50.65599 3.064501),3.064501,50.65599,1,,0,603,,2,LA MADELEINE
arret_point.2395,2395,BOT012,Botanique,AVENUE DE LA REPUBLIQUE 59110 LA MADELEINE - AU DROIT DU N° 183 A 187,POINT (50.64882 3.078576),3.078576,50.64882,1,,0,604,,1,LA MADELEINE
arret_point.2398,2398,PLB002,Place De La Boucherie,RUE DU PRESIDENT GEORGES POMPIDOU 59110 LA MADELEINE - FACE CROIS. RUE DU CIMETIÈRE,POINT (50.658004 3.06374),3.06374,50.658004,1,,0,617,,1,LA MADELEINE
arret_point.2394,2394,MGA002,Gare,RUE DU GENERAL DE GAULLE 59110 LA MADELEINE - À L'OPPOSÉ SUPERMARCHÉ MATCH,POINT (50.657972 3.073645),3.073645,50.657972,1,,0,600,,1,LA MADELEINE
arret_point.2397,2397,TGI001,Tgi,BOULEVARD PIERRE DE COUBERTIN 59110 LA MADELEINE - AVT L'ANGLE GÉNÉRAL DE GAULLE,POINT (50.648396 3.070076),3.070076,50.648396,1,,0,9154,,1,LA MADELEINE
arret_point.2401,2401,ENG002,Salengro,RUE ROGER SALENGRO 59110 LA MADELEINE - À GAUCHE DU 187 BIS,POINT (50.654828 3.057654),3.057654,50.654828,1,,0,2623,,1,LA MADELEINE
arret_point.2400,2400,MLA001,Mairie,RUE DU GENERAL DE GAULLE 59110 LA MADELEINE -,POINT (50.654922 3.07377),3.07377,50.654922,1,,0,622,,1,LA MADELEINE
arret_point.2413,2413,OFF001,Joffre,RUE GEORGES POMPIDOU 59110 LA MADELEINE - À L'OPPOSÉ DU N°81BIS,POINT (50.654012 3.068352),3.068352,50.654012,1,,0,7115,,1,LA MADELEINE
arret_point.2411,2411,OFF002,Joffre,RUE DES GANTOIS 59110 LA MADELEINE - À GAUCHE DU N°72,POINT (50.652986 3.06584),3.06584,50.652986,1,,0,7115,,2,LA MADELEINE
arret_point.2417,2417,PRC001,Pre Catelan,RUE DU PRE CATELAN 59110 LA MADELEINE - AVT ROND POINT R DS PROMENADES,POINT (50.652414 3.060893),3.060893,50.652414,1,,0,602,,2,LA MADELEINE
arret_point.2423,2423,CHF002,Chaufour,RUE DU GENERAL DE GAULLE 59110 LA MADELEINE - AU DROIT DU N° 31,POINT (50.650513 3.071518),3.071518,50.650513,1,,0,5573,,1,LA MADELEINE
arret_point.3196,3196,MTG001,Montgolfier,RUE GÉNÉRAL DE GAULLE 59110 LA MADELEINE -,POINT (50.661524 3.073768),3.073768,50.661524,1,,0,8874,,2,LA MADELEINE
arret_point.2425,2425,CHF001,Chaufour,RUE DU GENERAL DE GAULLE 59110 LA MADELEINE - AU DROIT DU N° 60,POINT (50.650405 3.071559),3.071559,50.650405,1,,0,5573,,1,LA MADELEINE
arret_point.2424,2424,JOS004,Josephine,RUE ROGER SALENGRO 59110 LA MADELEINE -,POINT (50.655365 3.060978),3.060978,50.655365,1,,0,5581,,1,LA MADELEINE
arret_point.4911,4911,AVU001,Avenue De Gaulle,AVENUE DE GAULLE 59130 LAMBERSART -,POINT (50.653722 3.031549),3.031549,50.653722,1,,0,9157,,1,LAMBERSART
arret_point.2445,2445,CDO002,Canon D'Or,RUE DE LILLE 59130 LAMBERSART - A L'OPPOSE DU N°294,POINT (50.64901 3.043024),3.043024,50.64901,1,,0,637,,2,LAMBERSART
arret_point.2446,2446,LBO004,Lambersart Bourg,RUE DESMAZIERES 59130 LAMBERSART - A L OPPOSE DU N° 33,POINT (50.65301 3.02725),3.02725,50.65301,1,,0,7092,,1,LAMBERSART
arret_point.2452,2452,LJU002,Jussieu,AVENUE BECQUART 59130 LAMBERSART - JUSTE AVANT LE N°150,POINT (50.651107 3.033897),3.033897,50.651107,1,,0,5947,,1,LAMBERSART
arret_point.2448,2448,ARY003,La Carnoy,AVENUE DE L'HIPPODROME 59130 LAMBERSART - A L'OPP DU N° 400,POINT (50.650691 3.023281),3.023281,50.650691,1,,0,3952,,2,LAMBERSART
arret_point.2432,2432,MAF002,Marechal Foch,AVENUE DE L  HIPPODROME 59130 LAMBERSART - À DROITE DU N°319,POINT (50.647933 3.025656),3.025656,50.647933,1,,0,3985,,2,LAMBERSART
arret_point.2433,2433,EUG001,Les Terres Ocres,RUE EUGÈNE DESCAMPS 59130 LAMBERSART - À L'OPPOSÉ DU N° 141,POINT (50.651463 3.003525),3.003525,50.651463,1,,0,5946,,1,LAMBERSART
arret_point.2430,2430,CLN001,Clinique De Lambersart,AVENUE DE L'HIPPODROME 59130 LAMBERSART - AU DROIT DU N° 221,POINT (50.643464 3.029347),3.029347,50.643464,1,,0,653,,1,LAMBERSART
arret_point.2443,2443,SCC005,Sainte Cecile,AVENUE DE L'HIPPODROME 59130 LAMBERSART -,POINT (50.642345 3.030389),3.030389,50.642345,1,,0,675,,1,LAMBERSART
arret_point.2440,2440,LVI001,Victoire,AVENUE GEORGES CLEMENCEAU 59130 LAMBERSART -,POINT (50.646616 3.023832),3.023832,50.646616,1,,0,633,,2,LAMBERSART
arret_point.2434,2434,VRS002,Viersen,AVENUE DE VIERSEN 59130 LAMBERSART - A L'OPPOSE DU N° 2,POINT (50.651816 3.011177),3.011177,50.651816,1,,0,673,,1,LAMBERSART
arret_point.2475,2475,LAC001,Cite Familiale,RUE PAUL BRAME 59130 LAMBERSART - A L'OPP DU N° 392,POINT (50.657148 3.008878),3.008878,50.657148,1,,0,654,,2,LAMBERSART
arret_point.2474,2474,SCC006,Sainte Cecile,AVENUE DE L'HIPPODROME 59130 LAMBERSART -,POINT (50.641822 3.030989),3.030989,50.641822,1,,0,675,,1,LAMBERSART
arret_point.2478,2478,LRP002,Rue De Lompret,RUE DE LOMPRET 59130 LAMBERSART - A L'OPP DU N° 234,POINT (50.653405 3.012651),3.012651,50.653405,1,,0,5925,,2,LAMBERSART
arret_point.2464,2464,LCE002,La Cessoie,PLACE DE LA CESSOIE 59130 LAMBERSART -,POINT (50.657976 3.035898),3.035898,50.657976,1,,0,5948,,1,LAMBERSART
arret_point.2455,2455,NMI002,Cimetiere Nord,RUE DE VERLINGHEM 59130 LAMBERSART - A L'OPP DE MAISON FUNERAIRE,POINT (50.657157 3.02028),3.02028,50.657157,1,,0,3986,,1,LAMBERSART
arret_point.2459,2459,LLO002,Lomme-Lambersart,AVENUE DE DUNKERQUE 59130 LAMBERSART - AU DROIT D'UN PARKING,POINT (50.640743 3.018546),3.018546,50.640743,1,,0,997,,1,LAMBERSART
arret_point.2462,2462,LGU002,Guynemer,RUE DE LILLE 59130 LAMBERSART - A L'OPP DU N° 38,POINT (50.654276 3.036622),3.036622,50.654276,1,,0,3973,,2,LAMBERSART
arret_point.2457,2457,LNG003,Lenglet,RUE RUE DE LOMPRET 59130 LAMBERSART - APRES LE CROIS. R DE LA DOUVE,POINT (50.654449 3.010295),3.010295,50.654449,1,,0,665,,2,LAMBERSART
arret_point.2468,2468,HIP001,Hippodrome,AVENUE DE L'HIPPODROME 59130 LAMBERSART -,POINT (50.645904 3.027575),3.027575,50.645904,1,,0,3962,,2,LAMBERSART
arret_point.2458,2458,SMG002,Mont Garin,RUE DE VERLINGHEM 59130 LAMBERSART - À DROITE DU N°260,POINT (50.659016 3.016636),3.016636,50.659016,1,,0,7138,,1,LAMBERSART
arret_point.2454,2454,PSU001,Pont Superieur,RUE AUGUSTE BONTE 59130 LAMBERSART -,POINT (50.644993 3.014019),3.014019,50.644993,1,,0,1003,,2,LAMBERSART
arret_point.2480,2480,LLE001,Lemire,RUE DU BOURG 59130 LAMBERSART - DEVANT LA RÉSIDENCE ANÉMONES,POINT (50.65385 3.032637),3.032637,50.65385,1,,0,664,,1,LAMBERSART
arret_point.2481,2481,LBL002,Blanchisseurs,AVENUE SAINTE CECILE 59130 LAMBERSART - A L'OPP DU N° 113,POINT (50.640126 3.027876),3.027876,50.640126,1,,0,652,,1,LAMBERSART
arret_point.2484,2484,LAR005,Republique,AVENUE VAUBAN 59130 LAMBERSART - AVANT CARREFOUR RUE GAMBETTA,POINT (50.647723 3.037603),3.037603,50.647723,1,,0,640,,1,LAMBERSART
arret_point.2485,2485,LVO002,Lavoisier,RUE VAILLANT 59130 LAMBERSART - A L'OPP DU N° 66,POINT (50.641958 3.02271),3.02271,50.641958,1,,0,635,,1,LAMBERSART
arret_point.2493,2493,SMG001,Mont Garin,RUE DE VERLINGHEM 59130 LAMBERSART - A L'OPP DU 270,POINT (50.659494 3.016163),3.016163,50.659494,1,,0,7138,,1,LAMBERSART
arret_point.2483,2483,DNS001,Ingenieur Bertin,RUE FERDINAND DE LESSEPS 59130 LAMBERSART - AU DROIT DU MAGASIN KING,POINT (50.659682 3.013075),3.013075,50.659682,1,,0,3957,,1,LAMBERSART
arret_point.2496,2496,LRP001,Rue De Lompret,RUE DE LOMPRET 59130 LAMBERSART - A L'OPP DU N° 235,POINT (50.653642 3.012034),3.012034,50.653642,1,,0,5925,,1,LAMBERSART
arret_point.2495,2495,RDS002,Saut Du Loup,RUE DU BOURG 59130 LAMBERSART - A L'OPP DU N° 2,POINT (50.654932 3.034952),3.034952,50.654932,1,,0,5923,,1,LAMBERSART
arret_point.2492,2492,FCL001,Foucault,RUE MONGE 59130 LAMBERSART - AU DROIT DU N° 43,POINT (50.65372 3.01734),3.01734,50.65372,1,,0,671,,1,LAMBERSART
arret_point.2486,2486,SCL002,St Clement,RUE DE VERLINGHEM 59130 LAMBERSART - AVANT LE PASSAGE À NIVEAU,POINT (50.654293 3.024107),3.024107,50.654293,1,,0,648,,1,LAMBERSART
arret_point.2487,2487,SCL001,St Clement,RUE DE VERLINGHEM 59130 LAMBERSART -,POINT (50.654827 3.023225),3.023225,50.654827,1,,0,648,,2,LAMBERSART
arret_point.2491,2491,LCE001,La Cessoie,RUE CHARLES GOUNOD 59130 LAMBERSART -,POINT (50.658087 3.035363),3.035363,50.658087,1,,0,5948,,1,LAMBERSART
arret_point.2497,2497,LVI002,Victoire,AVENUE GEORGES CLEMENCEAU 59130 LAMBERSART -,POINT (50.64641 3.023744),3.023744,50.64641,1,,0,633,,2,LAMBERSART
arret_point.2503,2503,EIF001,Tour Eiffel,RUE DU GENERAL LECLERC 59390 LANNOY - AU DROIT DU N°24,POINT (50.665233 3.214633),3.214633,50.665233,1,,0,679,,1,LANNOY
arret_point.2499,2499,LAN003,Place,RUE NATIONALE 59390 LANNOY - AU DROIT DU N° 24,POINT (50.667252 3.209531),3.209531,50.667252,1,,0,682,,2,LANNOY
arret_point.2498,2498,LAN002,Place,AVENUE ALBERT  BOURGEOIS 59390 LANNOY - AU DROIT DU N° 5,POINT (50.66636 3.210023),3.210023,50.66636,1,,0,682,,1,LANNOY
arret_point.2500,2500,BTM004,Boutemy,RUE JEAN BAPTISTE LEBAS 59390 LANNOY - 9,POINT (50.668731 3.210912),3.210912,50.668731,1,,0,683,,1,LANNOY
arret_point.2501,2501,LAN001,Place,RUE VENDOME 59390 LANNOY - A L'OPP DU N°2,POINT (50.666977 3.210345),3.210345,50.666977,1,,0,682,,1,LANNOY
arret_point.2504,2504,PNL001,Pn Lannoy,RUE JULES GUESDE 59390 LANNOY - AU DROIT DU N° 29,POINT (50.67063 3.207458),3.207458,50.67063,1,,0,681,,1,LANNOY
arret_point.2506,2506,BTM003,Boutemy,RUE JEAN-BAPTISTE LEBAS 59390 LANNOY - A L'OPPOSÉ DU N° 5,POINT (50.668774 3.211209),3.211209,50.668774,1,,0,683,,2,LANNOY
arret_point.2521,2521,CED002,Chateau D'Eau,RUE DE LA LYS 59115 LEERS - AU DROIT DU N° 57,POINT (50.677932 3.236286),3.236286,50.677932,1,,0,692,,1,LEERS
arret_point.2520,2520,FEH001,Ferme D'Halluin,RUE DU MARÉCHAL LECLERC 59115 LEERS - AU DROIT DU N° 126,POINT (50.686168 3.223628),3.223628,50.686168,1,,0,694,,0,LEERS
arret_point.2524,2524,BER001,Leclerc,RUE DU MARECHAL LECLERC 59115 LEERS - AU DROIT DU N° 26,POINT (50.68111 3.238418),3.238418,50.68111,1,,0,707,,2,LEERS
arret_point.2525,2525,LER003,Eglise,RUE DU GENERAL DE GAULLE 59115 LEERS - A L'OPPOSE DU N°1,POINT (50.680227 3.247438),3.247438,50.680227,1,,0,687,,2,LEERS
arret_point.2511,2511,CRA001,Charles Perrault,RUE DU CARIHEM 59115 LEERS - AU DROIT DU N° 173,POINT (50.686988 3.214224),3.214224,50.686988,1,,0,4644,,1,LEERS
arret_point.2512,2512,GPO002,Grimonpont,RUE DE WATTRELOS 59115 LEERS - AU DROIT DU N° 108,POINT (50.689916 3.236276),3.236276,50.689916,1,,0,695,,2,LEERS
arret_point.2509,2509,BIF001,Leers Bifur,RUE VICTOR HUGO 59115 LEERS - AU DROIT D'UN MUR AVEUGLE,POINT (50.680936 3.242495),3.242495,50.680936,1,,0,699,,2,LEERS
arret_point.2507,2507,RBU002,Buisson,RUE DU MARECHAL LECLERC 59115 LEERS - AU DROIT DU N° 7521,POINT (50.683058 3.230759),3.230759,50.683058,1,,0,701,,2,LEERS
arret_point.2518,2518,GPO001,Grimonpont,RUE DE LILLE 59115 LEERS - AU DROIT DU N° 111BIS,POINT (50.690017 3.235953),3.235953,50.690017,1,,0,695,,2,LEERS
arret_point.2514,2514,BIF002,Leers Bifur,RUE JOSEPH LEROY 59115 LEERS - AU DROIT DU N° 55,POINT (50.679742 3.2427),3.2427,50.679742,1,,0,699,,1,LEERS
arret_point.2519,2519,LER001,Eglise,PLACE SADI  CARNOT 59115 LEERS - AU DROIT DU N° 6,POINT (50.680118 3.247676),3.247676,50.680118,1,,0,687,,1,LEERS
arret_point.2534,2534,ZIL004,Parc D'Activités,RUE DE LA PLAINE 59115 LEERS - A L OPPOSE DU N° 6,POINT (50.675723 3.232816),3.232816,50.675723,1,,0,9037,,2,LEERS
arret_point.2535,2535,ZIL003,Parc D'Activités,RUE DE LA PLAINE 59115 LEERS - AU DROIT DU N° 6,POINT (50.675644 3.232631),3.232631,50.675644,1,,0,9037,,2,LEERS
arret_point.2537,2537,AUL006,Centre Commercial,AVENUE NELSON MANDELA 59115 LEERS - AU DROIT DE NORAUTO,POINT (50.682515 3.222617),3.222617,50.682515,1,,0,689,,1,LEERS
arret_point.2538,2538,POD001,Porte De France,RUE VICTOR HUGO 59115 LEERS - A L'OPPOSE DU N° 84,POINT (50.684157 3.254541),3.254541,50.684157,1,,0,686,,2,LEERS
arret_point.2533,2533,IXR002,Mirabeau,RUE DU MARECHAL LECLERC 59115 LEERS - AU DROIT DU N° 179,POINT (50.687039 3.220989),3.220989,50.687039,1,,0,693,,2,LEERS
arret_point.2531,2531,EEG004,Coeur De Ville,RUE ROGER SALENGRO 59115 LEERS - AU DROIT DU N° 13,POINT (50.677938 3.245236),3.245236,50.677938,1,,0,8058,,1,LEERS
arret_point.2532,2532,EEG003,Coeur De Ville,RUE ROGER SALENGRO 59115 LEERS - AU DROIT DU N° 13,POINT (50.678372 3.246021),3.246021,50.678372,1,,0,8058,,1,LEERS
arret_point.2528,2528,POD002,Porte De France,RUE VICTORE HUGO 59115 LEERS - AU DROIT DU N° 84,POINT (50.683916 3.254423),3.254423,50.683916,1,,0,686,,2,LEERS
arret_point.2546,2546,HUG011,Victor Hugo,RUE VICTOR HUGO 59115 LEERS - A L OPPOSE DU N° 46,POINT (50.682688 3.245803),3.245803,50.682688,1,,0,709,,2,LEERS
arret_point.2544,2544,PIN002,Papinerie,RUE DE LA PLAINE 59115 LEERS - 20M APRES RUE DE LA PAPINERIE,POINT (50.673491 3.235063),3.235063,50.673491,1,,0,6951,,1,LEERS
arret_point.2549,2549,LBW001,Bauwens,RUE DE WATTRELOS 59115 LEERS - AU DROIT DU N° 4,POINT (50.683418 3.241665),3.241665,50.683418,1,,0,691,,2,LEERS
arret_point.2548,2548,PLN001,La Plaine,RUE DU TRIEU DE QUESNOY 59115 LEERS - A L OPPOSE DU N°12,POINT (50.67018 3.237699),3.237699,50.67018,1,,0,688,,2,LEERS
arret_point.2540,2540,LDV001,De Vinci,RUE DE WATTRELOS 59115 LEERS - AU DROIT DU N° 59,POINT (50.685935 3.238505),3.238505,50.685935,1,,0,696,,1,LEERS
arret_point.2547,2547,HUG002,Victor Hugo,RUE DE WATTRELOS 59115 LEERS - AU DROIT DU N° 6,POINT (50.682439 3.24433),3.24433,50.682439,1,,0,709,,1,LEERS
arret_point.2565,2565,RTN001,Centre Retention,ROUTE DE L'AÉROPORT 59810 LESQUIN - ANGLE RUE DE LA DRÈVE,POINT (50.575254 3.096082),3.096082,50.575254,1,,0,8931,,2,LESQUIN
arret_point.2568,2568,PCV002,Pic Au Vent,RUE DES 2 TILLEULS 59810 LESQUIN - ANGLE RUE DU PIC AU VENT,POINT (50.582103 3.105499),3.105499,50.582103,1,,0,7852,,1,LESQUIN
arret_point.2570,2570,LMQ002,Moulin De Lesquin,RUE DOUAI 59810 LESQUIN - AU DROIT DU N°17,POINT (50.588039 3.086961),3.086961,50.588039,1,,0,347,,2,LESQUIN
arret_point.2566,2566,LSG002,Gare,RUE DE HAINE SAINT PIERRE 59810 LESQUIN - AU DROIT DU N°1,POINT (50.590362 3.115998),3.115998,50.590362,1,,0,739,,1,LESQUIN
arret_point.2551,2551,LTI001,Cimetiere,RUE VOLTAIRE 59810 LESQUIN - ANGLE AVENUE DE LA LIBERTE,POINT (50.591799 3.101463),3.101463,50.591799,1,,0,736,,2,LESQUIN
arret_point.2552,2552,PCU001,Pierre Curie,RUE PIERRE CURIE 59810 LESQUIN - A L'OPPOSE DU N°3,POINT (50.591165 3.113939),3.113939,50.591165,1,,0,7120,,1,LESQUIN
arret_point.2557,2557,RPC002,Petite Chapelle,AVENUE DU DOCTEUR SCHWEITZER 59810 LESQUIN - A L'OPPOSE DU N° 38,POINT (50.590499 3.102711),3.102711,50.590499,1,,0,715,,2,LESQUIN
arret_point.2562,2562,BEN001,Bois D'Enchemont,RUE DE LA CROIX BOUGARD 59810 LESQUIN -,POINT (50.582336 3.114098),3.114098,50.582336,1,,0,733,,2,LESQUIN
arret_point.2554,2554,INH002,Linnich,RUE GUSTAVE DELORY 59810 LESQUIN - AU DROIT DU N° 75 BIS,POINT (50.588181 3.10035),3.10035,50.588181,1,,0,734,,2,LESQUIN
arret_point.2559,2559,PPC001,Petit Prince,RUE PIERRE DE BRIZON 59810 LESQUIN - A L OPPOSE DU CENTRE CULTUREL,POINT (50.59324 3.122004),3.122004,50.59324,1,,0,7534,,1,LESQUIN
arret_point.2587,2587,ANF001,Anatole France,RUE DES FERMES 59810 LESQUIN -,POINT (50.584847 3.124197),3.124197,50.584847,1,,0,724,,2,LESQUIN
arret_point.2589,2589,LQM002,La Motte,RUE JEAN JAURES 59810 LESQUIN - A L OPPOSE DU N° 33,POINT (50.5832 3.099288),3.099288,50.5832,1,,0,7710,,1,LESQUIN
arret_point.2590,2590,LQM001,La Motte,RUE JEAN JAURES 59810 LESQUIN - AU DROIT DU N° 43,POINT (50.583287 3.099754),3.099754,50.583287,1,,0,7710,,1,LESQUIN
arret_point.2586,2586,HPO001,Haie Plouvier,RUE DE LA LOUVIÈRE 59810 LESQUIN - À L'OPPOSÉ D'AUCHAN,POINT (50.577473 3.124194),3.124194,50.577473,1,,0,717,,2,LESQUIN
arret_point.2591,2591,PPC002,Petit Prince,RUE PIERRE BRIZON 59810 LESQUIN - AU DROIT DU N° 65,POINT (50.592655 3.120839),3.120839,50.592655,1,,0,7534,,1,LESQUIN
arret_point.2592,2592,VER001,Verdun,AVENUE DE VERDUN 59810 LESQUIN - AU DROIT DU N°11,POINT (50.589731 3.113719),3.113719,50.589731,1,,0,725,,1,LESQUIN
arret_point.2583,2583,RJA005,Jean Jaures,RUE JEAN JAURES 59810 LESQUIN - A L'OPPOSE DU N° 62,POINT (50.585619 3.105581),3.105581,50.585619,1,,0,727,,1,LESQUIN
arret_point.2584,2584,BAS001,Basquin,RUE GEORGES BASQUIN 59810 LESQUIN - AU DROIT DU N° 36,POINT (50.59369 3.110314),3.110314,50.59369,1,,0,731,,2,LESQUIN
arret_point.2585,2585,INH001,Linnich,RUE GUSTAVE DELORY 59810 LESQUIN - À L'OPPOSÉ DU N°69,POINT (50.588204 3.100985),3.100985,50.588204,1,,0,734,,2,LESQUIN
arret_point.2718,2718,TIM003,Tilmant,RUE FAUBOURG D'ARRAS 59000 LILLE -,POINT (50.607715 3.059316),3.059316,50.607715,1,,0,949,,1,LILLE
arret_point.2578,2578,CRG001,Croix Bougard,RUE DE LA HAIE PLOUVIER 59810 LESQUIN -,POINT (50.579071 3.115512),3.115512,50.579071,1,,0,726,,2,LESQUIN
arret_point.2575,2575,11N002,11 Novembre,AVENUE DU DOCTEUR SCHWEITZER 59810 LESQUIN - AU DROIT DU N° 43,POINT (50.592246 3.105993),3.105993,50.592246,1,,0,741,,2,LESQUIN
arret_point.2580,2580,RCT002,Crt 3,BOULEVARD DU PETIT QUINQUIN 59810 LESQUIN - ANGLE RUE DES FAMARDS,POINT (50.579684 3.136022),3.136022,50.579684,1,,0,738,,1,LESQUIN
arret_point.2572,2572,APC001,Arteparc,RUE MARCEL SEMBAT 59810 LESQUIN - RUE DES PEUPLIERS,POINT (50.595058 3.130926),3.130926,50.595058,1,,0,7547,,1,LESQUIN
arret_point.2573,2573,11N001,11 Novembre,AVENUE DU DOCTEUR SCHWEITZER 59810 LESQUIN - À L'OPPOSÉ DU N° 43,POINT (50.592345 3.105967),3.105967,50.592345,1,,0,741,,1,LESQUIN
arret_point.2571,2571,LMQ003,Moulin De Lesquin,RUE GUSTAVE DELORY 59810 LESQUIN - AU DROIT DU N° 139,POINT (50.587601 3.088195),3.088195,50.587601,1,,0,347,,2,LESQUIN
arret_point.2593,2593,IVE002,Rue De Verdun,RUE FAIDHERBE 59810 LESQUIN - AU DROIT DU N° 62,POINT (50.589149 3.113457),3.113457,50.589149,1,,0,5987,,1,LESQUIN
arret_point.2596,2596,CLM001,College Charlemagne,RUE ANATOLE FRANCE 59810 LESQUIN - AU DROIT DU COLLÈGE,POINT (50.588955 3.117273),3.117273,50.588955,1,,0,714,,2,LESQUIN
arret_point.2597,2597,RJA004,Jean Jaures,IMPASSE DES 2 TILLEULS 59810 LESQUIN - AU DROIT DU N° 8,POINT (50.585108 3.105503),3.105503,50.585108,1,,0,727,,1,LESQUIN
arret_point.2605,2605,4VE002,4 Vents,RUE CHANZY 59260 LEZENNES - AU DROIT DU N°105,POINT (50.612624 3.12228),3.12228,50.612624,1,,0,746,,1,LEZENNES
arret_point.2604,2604,LZN198,Square Flandres,RUE ROGER SALENGRO 59260 LEZENNES - AU DROIT DU N° 294,POINT (50.625295 3.115865),3.115865,50.625295,1,,0,747,,1,LEZENNES
arret_point.2599,2599,4VE001,4 Vents,RUE CHANZY 59260 LEZENNES - AU DROIT DU N° 78,POINT (50.612481 3.122221),3.122221,50.612481,1,,0,746,,1,LEZENNES
arret_point.2601,2601,LEZ001,Mairie,RUE CHANZY 59260 LEZENNES - A L OPPOSE DU N° 1,POINT (50.614664 3.117504),3.117504,50.614664,1,,0,751,,1,LEZENNES
arret_point.2606,2606,LZN098,Square Flandres,RUE ROGER SALENGRO 59260 LEZENNES - AU DROIT DU N° 301,POINT (50.625258 3.115992),3.115992,50.625258,1,,0,747,,1,LEZENNES
arret_point.2608,2608,ERB002,Faidherbe,RUE JEAN-BAPTISTE DEFAUX 59260 LEZENNES - AU DROIT DU N° 42,POINT (50.615137 3.113508),3.113508,50.615137,1,,0,7070,,2,LEZENNES
arret_point.2607,2607,DEF001,Defaux,RUE JEAN JAURÈS 59260 LEZENNES - AU DROIT DU N° 29,POINT (50.617487 3.109258),3.109258,50.617487,1,,0,744,,1,LEZENNES
arret_point.2709,2709,ARA003,Arago,RUE ARTOIS 59000 LILLE - A OPP DU 139,POINT (50.620156 3.061131),3.061131,50.620156,1,,0,845,,1,LILLE
arret_point.2727,2727,REP098,République Beaux-Arts,59000 LILLE -,POINT (50.631776 3.060608),3.060608,50.631776,1,,0,773,,1,LILLE
arret_point.2744,2744,VTR001,Dupleix,RUE VANTROYEN 59000 LILLE - À L'OPPOSÉ DU N°18,POINT (50.639017 3.084355),3.084355,50.639017,1,,0,964,,1,LILLE
arret_point.4977,4977,RMD002,Ramadier,RUE DES BATELIERS 59000 LILLE - À L'OPPSÉ DU NOUVEAU TGI,POINT (50.647369 3.067775),3.067775,50.647369,1,,0,7830,,1,LILLE
arret_point.2699,2699,PTT002,Pont De Tournai,AVENUE DENIS CORDONNIER 59000 LILLE - AVANT ANGLE RUE JEAN PERRIN,POINT (50.621504 3.08625),3.08625,50.621504,1,,0,928,,1,LILLE
arret_point.2705,2705,ERR002,Ferrer,RUE DU LONG POT 59000 LILLE - AU DROIT DE LA PISCINE,POINT (50.628936 3.088435),3.088435,50.628936,1,,0,766,,1,LILLE
arret_point.2721,2721,PMA002,G. Lyon,AVENUE  DENIS CORDONNIER 59000 LILLE - 20M AVANT LE CARREFOUR,POINT (50.62391 3.08152),3.08152,50.62391,1,,0,848,,1,LILLE
arret_point.2746,2746,LBE001,Courbet,RUE GUSTAVE COURBET 59000 LILLE - À L'OPPOSÉ PISCINE PLEIN SUD,POINT (50.60739 3.042578),3.042578,50.60739,1,,0,803,,1,LILLE
arret_point.2703,2703,LIG006,Gare Lille Flandres,PLACE DES BUISSES 59000 LILLE - AVANT ANGLE RUE DE CANONNIERS,POINT (50.637428 3.071114),3.071114,50.637428,1,,0,920,,1,LILLE
arret_point.2719,2719,CHR098,Chu-Centre O. Lambret,AVENUE OSCAR LAMBRET 59000 LILLE - A L'ARRIERE DE LA STATION,POINT (50.613222 3.036062),3.036062,50.613222,1,,0,7214,,1,LILLE
arret_point.2724,2724,EBA003,Liberte,BOULEVARD DE LA LIBERTÉ 59000 LILLE - AU DROIT DU N° 223,POINT (50.628613 3.067572),3.067572,50.628613,1,,0,930,,1,LILLE
arret_point.2731,2731,SIM001,Simons,RUE DE MARQUILLIES 59000 LILLE - À L'OPPOSÉ DU N°19,POINT (50.615063 3.049919),3.049919,50.615063,1,,0,7137,,1,LILLE
arret_point.2742,2742,PTL099,Port De Lille,RUE DE TURENNE 59000 LILLE - AU DROIT DE LA STATION METRO,POINT (50.630034 3.035916),3.035916,50.630034,1,,0,934,,1,LILLE
arret_point.2748,2748,RLE002,Renoir,BOULEVARD DE METZ 59000 LILLE -,POINT (50.620207 3.036667),3.036667,50.620207,1,,0,755,,0,LILLE
arret_point.2712,2712,JVA001,Champ De Mars,BOULEVARD VAUBAN 59000 LILLE - A L'OPP DU N° 7,POINT (50.637069 3.051192),3.051192,50.637069,1,,0,7661,,1,LILLE
arret_point.2729,2729,CHR099,Chu-Centre O. Lambret,AVENUE OSCAR LAMBRET 59000 LILLE - AU DROIT DE LA STATION DE METR,POINT (50.613222 3.036062),3.036062,50.613222,1,,0,7214,,1,LILLE
arret_point.2739,2739,SFO002,Solferino,BOULEVARD VAUBAN 59000 LILLE -,POINT (50.634018 3.048328),3.048328,50.634018,1,,0,4242,,1,LILLE
arret_point.2720,2720,LCI002,Wagner,RUE RICHARD WAGNER 59000 LILLE - À L'OPPOSÉ N°280,POINT (50.605272 3.053727),3.053727,50.605272,1,,0,4696,,1,LILLE
arret_point.2736,2736,GAS002,Gassendi,RUE DU BOIS 59000 LILLE -,POINT (50.648134 3.089669),3.089669,50.648134,1,,0,6828,,1,LILLE
arret_point.2697,2697,PIS003,Piscine M. Dormoy,AVENUE MAX DORMOY 59000 LILLE - A L'OPP DE LA PISCINE,POINT (50.636063 3.035733),3.035733,50.636063,1,,0,760,,1,LILLE
arret_point.2713,2713,PDP008,Porte Des Postes,BOULEVARD BOULEVARD DE METZ 59000 LILLE - A L'OPPOSÉ DES N°104-106,POINT (50.618479 3.048755),3.048755,50.618479,1,,0,7028,,1,LILLE
arret_point.2750,2750,DIE002,Dieu De Marcq,RUE DE LA LOUVIÈRE 59000 LILLE - AU DROIT DU N° 92,POINT (50.645306 3.085718),3.085718,50.645306,1,,0,850,,1,LILLE
arret_point.2732,2732,LIG111,Gare Lille Flandres,59000 LILLE -,POINT (50.636405 3.071141),3.071141,50.636405,1,,0,920,,1,LILLE
arret_point.2737,2737,LIG098,Gare Lille Flandres,59000 LILLE -,POINT (50.637096 3.071067),3.071067,50.637096,1,,0,920,,1,LILLE
arret_point.2730,2730,SMP099,St Maurice Pellevoisin,59000 LILLE -,POINT (50.64251 3.088244),3.088244,50.64251,1,,0,797,,1,LILLE
arret_point.2696,2696,DUO001,Universite Catholique,BOULEVARD VAUBAN 59000 LILLE - AU DROIT DU N° 62,POINT (50.632539 3.046586),3.046586,50.632539,1,,0,955,,1,LILLE
arret_point.2702,2702,GNA002,Montagnards,RUE DE LANNOY 59000 LILLE - AU DROIT DU MAGASIN LECLERC,POINT (50.634322 3.098192),3.098192,50.634322,1,,0,807,,1,LILLE
arret_point.2738,2738,SFO001,Solferino,BOULEVARD VAUBAN 59000 LILLE -,POINT (50.634857 3.048974),3.048974,50.634857,1,,0,4242,,2,LILLE
arret_point.2704,2704,DIE001,Dieu De Marcq,RUE DE LA MADELEINE 59000 LILLE - AU DROIT DU CIMETIERE,POINT (50.644551 3.08297),3.08297,50.644551,1,,0,850,,2,LILLE
arret_point.2618,2618,EUR099,Lille Europe,AVENUE LECORBUSIER 59000 LILLE - AU DROIT DE LA GARE LILLE EURO,POINT (50.639583 3.076774),3.076774,50.639583,1,,0,7536,,1,LILLE
arret_point.2619,2619,LEG002,Legrand,RUE BOURJEMBOIS 59000 LILLE -,POINT (50.631712 3.089365),3.089365,50.631712,1,,0,833,,2,LILLE
arret_point.2632,2632,CCD002,Coeur Poumon,RUE PIERRE DELCOULX 59000 LILLE - A L'OPP LH ROGER SALENGRO,POINT (50.607472 3.034516),3.034516,50.607472,1,,0,6964,,1,LILLE
arret_point.2622,2622,DFI002,Lille Fives,RUE PIERRE LEGRAND 59000 LILLE - A L OPPOSE DE LA POSTE,POINT (50.63292 3.089736),3.089736,50.63292,1,,0,7851,,1,LILLE
arret_point.2629,2629,RIH001,Rihour,PLACE RIHOUR 59000 LILLE - À L'OPPOSÉ DU N°28,POINT (50.635665 3.06271),3.06271,50.635665,1,,0,942,,2,LILLE
arret_point.2633,2633,LIG011,Gare Lille Flandres,59000 LILLE -,POINT (50.636405 3.071141),3.071141,50.636405,1,,0,920,,1,LILLE
arret_point.2636,2636,EUR021,Lille Europe,59000 LILLE -,POINT (50.63959 3.074136),3.074136,50.63959,1,,0,7536,,1,LILLE
arret_point.4902,4902,REP072,République Beaux-Arts,PLACE RICHEBÉ 59000 LILLE - À L'OPPOSÉ DU N°9,POINT (50.63191 3.062176),3.062176,50.63191,1,,0,773,,1,LILLE
arret_point.2634,2634,CAL007,Chu Eurasanté,RUE DU PROFESSEUR LAGUESSE 59000 LILLE - AU DROIT STATION,POINT (50.608031 3.038809),3.038809,50.608031,1,,0,974,,1,LILLE
arret_point.2624,2624,PLV001,Le Pont,RUE DU PONT A FOURCHON 59000 LILLE -,POINT (50.630897 3.022699),3.022699,50.630897,1,,0,3024,,1,LILLE
arret_point.2631,2631,CHU002,W. Churchill,AVENUE DU PEUPLE BELGE 59000 LILLE - AU DROIT DE L'ESPACE VERT,POINT (50.648073 3.060957),3.060957,50.648073,1,,0,6971,,1,LILLE
arret_point.2614,2614,LIG024,Gare Lille Flandres,RUE DES CANNONIERS 59000 LILLE - AU DROIT DU N° 37,POINT (50.638689 3.070258),3.070258,50.638689,1,,0,920,,1,LILLE
arret_point.2626,2626,URB002,Coubertin,BOULEVARD PIERRE DE COUBERTIN 59000 LILLE - AVANT CARREFOUR PASTEUR,POINT (50.643434 3.071696),3.071696,50.643434,1,,0,9153,,1,LILLE
arret_point.2627,2627,TGI002,Tgi,BOULEVARD PIERRE DE COUBERTIN 59000 LILLE - APRÈS ANGLE RUE GANDHI,POINT (50.64727 3.069297),3.069297,50.64727,1,,0,9154,,1,LILLE
arret_point.2628,2628,LCB003,Colbert,RUE NATIONALE 59000 LILLE - AU DROIT DU N°320,POINT (50.629314 3.044171),3.044171,50.629314,1,,0,966,,1,LILLE
arret_point.2645,2645,PDO001,Porte De Douai,BOULEVARD D'ALSACE 59000 LILLE -,POINT (50.618194 3.072792),3.072792,50.618194,1,,0,776,,1,LILLE
arret_point.2666,2666,MDL099,Mairie De Lille,RUE SAINT SAUVEUR 59000 LILLE - AU DROIT DE LA STATION METRO,POINT (50.632422 3.071125),3.071125,50.632422,1,,0,935,,1,LILLE
arret_point.2695,2695,LCD001,Chasseurs De Driant,AVENUE BETHOVEN 59000 LILLE - CÔTÉ ÉCOLE SAMAIN-TRULIN,POINT (50.618359 3.03189),3.03189,50.618359,1,,0,5999,,1,LILLE
arret_point.2640,2640,RIH098,Rihour,RUE NATIONALE 59000 LILLE - AU DROIT DU N°25,POINT (50.6357 3.062908),3.062908,50.6357,1,,0,942,,1,LILLE
arret_point.2689,2689,EBA001,Jb Lebas,BOULEVARD J-B LEBAS (CENTRALE) 59000 LILLE - AU DROIT D'IMMEUBLES,POINT (50.62582 3.069646),3.069646,50.62582,1,,0,838,,1,LILLE
arret_point.2650,2650,PDO006,Porte De Douai,RUE DE DOUAI 59000 LILLE -,POINT (50.619169 3.073215),3.073215,50.619169,1,,0,776,,1,LILLE
arret_point.2690,2690,CTA001,Place Catinat,RUE COLBERT 59000 LILLE - AU DROIT DU PARKING CTR VAUBAN,POINT (50.634131 3.041108),3.041108,50.634131,1,,0,921,,2,LILLE
arret_point.2651,2651,STR002,Saint Charles,RUE DU GAL ANNE DE LA BOURDONNAYE 59000 LILLE -,POINT (50.630523 3.027024),3.027024,50.630523,1,,0,821,,1,LILLE
arret_point.2662,2662,ROB002,Bayart,RUE DU PONT À FOURCHON 59000 LILLE -,POINT (50.629489 3.02433),3.02433,50.629489,1,,0,4698,,1,LILLE
arret_point.2653,2653,ARA004,Arago,RUE D'ARTOIS 59000 LILLE - AU DROIT DU N°123,POINT (50.620586 3.061292),3.061292,50.620586,1,,0,845,,1,LILLE
arret_point.2691,2691,CIE198,Madeleine Caulier,RUE EUGENE JACQUET 59000 LILLE - AU DROI DU N° 77,POINT (50.636531 3.087576),3.087576,50.636531,1,,0,774,,1,LILLE
arret_point.2646,2646,PMA001,G. Lyon,AVENUE DENIS CORDONNIER 59000 LILLE - À L'OPPOSÉ DU N°90,POINT (50.624026 3.081606),3.081606,50.624026,1,,0,848,,1,LILLE
arret_point.2642,2642,SMP002,St Maurice Pellevoisin,RUE FB DE ROUBAIX 59000 LILLE - À L'OPPOSÉ DU N°198,POINT (50.642293 3.08841),3.08841,50.642293,1,,0,797,,2,LILLE
arret_point.2673,2673,MSI003,Citadelle,RUE DE LA BARRE 59000 LILLE -,POINT (50.638438 3.054823),3.054823,50.638438,1,,0,5485,,2,LILLE
arret_point.2686,2686,TSU002,Lycee Pasteur,BOULEVARD CARNOT 59000 LILLE - À L'OPPOSÉ DU N°91,POINT (50.640169 3.070167),3.070167,50.640169,1,,0,7846,,1,LILLE
arret_point.2687,2687,RLE001,Renoir,BOULEVARD DE METZ 59000 LILLE - À L'OPPOSÉ DU N°6 BIS,POINT (50.620185 3.0374),3.0374,50.620185,1,,0,755,,1,LILLE
arret_point.5032,5032,DOA001,Douai Arras,RUE SOLFÉRINO 59000 LILLE - AU DROIT DU N° 309,POINT (50.624658 3.067387),3.067387,50.624658,1,,0,811,,1,LILLE
arret_point.2679,2679,BLE003,Lycee Pasteur,RUE DES CANONNIERS 59000 LILLE - AU DROIT DU N°13,POINT (50.640528 3.068705),3.068705,50.640528,1,,0,7846,,1,LILLE
arret_point.2681,2681,PDO012,Porte De Douai,BOULEVARD DE BELFORT 59000 LILLE -,POINT (50.618273 3.074584),3.074584,50.618273,1,,0,776,,1,LILLE
arret_point.2637,2637,PDO007,Porte De Douai,RUE DE DOUAI 59000 LILLE -,POINT (50.619304 3.073301),3.073301,50.619304,1,,0,776,,1,LILLE
arret_point.2664,2664,RDL001,Rue De L'Oise,RUE DU FAUBOURG D'ARRAS 59000 LILLE - À L'OPPOSÉ DU N°27,POINT (50.611516 3.061302),3.061302,50.611516,1,,0,358,,1,LILLE
arret_point.2648,2648,LEU001,Lille Europe,AVENUE LECORBUSIER 59000 LILLE - AU DROIT GARE LILLE EUROPE,POINT (50.639331 3.075346),3.075346,50.639331,1,,0,7536,,1,LILLE
arret_point.2656,2656,PDP003,Porte Des Postes,BOULEVARD DE METZ 59000 LILLE - AU DROIT DES N°104-106,POINT (50.618326 3.048697),3.048697,50.618326,1,,0,7028,,1,LILLE
arret_point.2694,2694,CIE199,Madeleine Caulier,RUE EUGÈNE JACQUET 59000 LILLE - AU DROIT DU  MÉTRO,POINT (50.63654 3.087449),3.087449,50.63654,1,,0,774,,1,LILLE
arret_point.2657,2657,LEG001,Legrand,RUE DU LONG POT 59000 LILLE -,POINT (50.632035 3.087804),3.087804,50.632035,1,,0,833,,2,LILLE
arret_point.2658,2658,LIG115,Gare Lille Flandres,RUE DES CANONIERS 59000 LILLE - AU DROIT DE LA PL ST HUBERT,POINT (50.638408 3.070733),3.070733,50.638408,1,,0,920,,1,LILLE
arret_point.2809,2809,STR001,Saint Charles,RUE DU GAL ANNE DE LA BOURDONNAYE 59000 LILLE -,POINT (50.630551 3.026911),3.026911,50.630551,1,,0,821,,2,LILLE
arret_point.2820,2820,BAJ002,Bas Jardin,BOULEVARD VICTOR HUGO 59000 LILLE - AU DROIT DU N° 59,POINT (50.62315 3.064502),3.064502,50.62315,1,,0,953,,1,LILLE
arret_point.2815,2815,TRV001,Trevise,RUE DE DOUAI 59000 LILLE - À L'OPPOSÉ DU N°116,POINT (50.621264 3.07247),3.07247,50.621264,1,,0,873,,1,LILLE
arret_point.4978,4978,HOS002,Les Bateliers,RUE DES BATELIERS 59000 LILLE - AU DROIT DU N° 4,POINT (50.645427 3.062428),3.062428,50.645427,1,,0,863,,2,LILLE
arret_point.2821,2821,COR001,Cormontaigne,PLACE CORMONTAIGNE 59000 LILLE - AU DROIT DU N° 34,POINT (50.626046 3.039936),3.039936,50.626046,1,,0,809,,1,LILLE
arret_point.2823,2823,PCG002,Place Garonne,RUE DE L ESCAUT 59000 LILLE - AVANT ANGLE RUE DE LA SCÈNE,POINT (50.612753 3.058486),3.058486,50.612753,1,,0,7783,,1,LILLE
arret_point.2825,2825,PVY002,Prevoyance,RUE RUE DE LA PREVOYANCE 59000 LILLE - OPP AU 2,POINT (50.613514 3.052449),3.052449,50.613514,1,,0,947,,1,LILLE
arret_point.2817,2817,CHQ002,Rue Du Port,RUE NATIONALE 59000 LILLE - AU DROIT DU N° 207,POINT (50.631676 3.050043),3.050043,50.631676,1,,0,950,,1,LILLE
arret_point.2812,2812,GBE002,Gaston Berger,RUE ARMAND CARREL 59000 LILLE - COULOIR BUS,POINT (50.614434 3.074499),3.074499,50.614434,1,,0,917,,1,LILLE
arret_point.2827,2827,PDP055,Porte Des Postes,PLACE BARTHELEMY DOREZ 59000 LILLE -,POINT (50.618586 3.05042),3.05042,50.618586,1,,0,7028,,1,LILLE
arret_point.2784,2784,DFI001,Lille Fives,RUE PIERRE LEGRAND 59000 LILLE - AU DROIT MAIRIE DE QUARTIER,POINT (50.633233 3.089924),3.089924,50.633233,1,,0,7851,,1,LILLE
arret_point.2791,2791,PID002,P I De Douai,RUE DU FAUBOURG DE DOUAI 59000 LILLE -,POINT (50.61183 3.074954),3.074954,50.61183,1,,0,6002,,1,LILLE
arret_point.2797,2797,PDP098,Porte Des Postes,PLACE BARTHÉLEMY DOREZ 59000 LILLE -,POINT (50.618722 3.050014),3.050014,50.618722,1,,0,7028,,2,LILLE
arret_point.2781,2781,NOX001,Le Bois Habite,BOULEVARD DU PRÉSIDENT HOOVER 59000 LILLE - À L'OPPOSÉ DU DU N°413,POINT (50.627551 3.078782),3.078782,50.627551,1,,0,7112,,1,LILLE
arret_point.2800,2800,RDT001,Rue De Toul,RUE DU PORT 59000 LILLE -,POINT (50.633104 3.044972),3.044972,50.633104,1,,0,828,,2,LILLE
arret_point.2764,2764,RIH099,Rihour,RUE NATIONALE 59000 LILLE - AU DROIT DU N° 29,POINT (50.6357 3.062908),3.062908,50.6357,1,,0,942,,1,LILLE
arret_point.2777,2777,REP099,République Beaux-Arts,PLACE DE LA REPUBLIQUE 59000 LILLE - AU DROIT DU 2 BIS,POINT (50.631776 3.060608),3.060608,50.631776,1,,0,773,,1,LILLE
arret_point.2789,2789,MTT006,Mont De Terre,RUE DE SAINT AMAND 59000 LILLE -,POINT (50.622304 3.091861),3.091861,50.622304,1,,0,7108,,1,LILLE
arret_point.2790,2790,DFI199,Fives,RUE PIERRE LEGRAND 59000 LILLE - AU DROIT DE LA STATION,POINT (50.632951 3.090597),3.090597,50.632951,1,,0,778,,2,LILLE
arret_point.2761,2761,HRE002,Henri Regnault,RUE HENRI REGNAULT 59000 LILLE - A L'OPP DU LYCEE,POINT (50.632958 3.03119),3.03119,50.632958,1,,0,4189,,2,LILLE
arret_point.2783,2783,CGA098,Gambetta,RUE RUE DES POSTES 59000 LILLE - ANGLE RUE BRULE MAISON,POINT (50.626343 3.052322),3.052322,50.626343,1,,0,5456,,1,LILLE
arret_point.2786,2786,RDV001,Rue De Valenciennes,RUE DE MAUBEUGE 59000 LILLE - À L'OPPOSÉ DES N° 44-54,POINT (50.62305 3.072257),3.072257,50.62305,1,,0,786,,1,LILLE
arret_point.2794,2794,PDP004,Porte Des Postes,BOULEVARD DE METZ 59000 LILLE - À L'OPPOSÉ DU N°102,POINT (50.61858 3.048277),3.048277,50.61858,1,,0,7028,,2,LILLE
arret_point.2771,2771,SAC002,Sacre Coeur,RUE NATIONALE 59000 LILLE -,POINT (50.632852 3.052923),3.052923,50.632852,1,,0,7541,,2,LILLE
arret_point.2772,2772,LBM001,Boulevard De Metz,BOULEVARD DE METZ 59000 LILLE -,POINT (50.619602 3.040621),3.040621,50.619602,1,,0,872,,1,LILLE
arret_point.2798,2798,ISL002,Isly,RUE D'ISLY 59000 LILLE -,POINT (50.62122 3.035243),3.035243,50.62122,1,,0,944,,1,LILLE
arret_point.2803,2803,RDV004,Rue De Valenciennes,RUE DE MAUBEUGE 59000 LILLE -,POINT (50.622477 3.072065),3.072065,50.622477,1,,0,786,,1,LILLE
arret_point.2801,2801,SMP098,St Maurice Pellevoisin,59000 LILLE -,POINT (50.64251 3.088244),3.088244,50.64251,1,,0,797,,1,LILLE
arret_point.2765,2765,LGP002,Grand Palais,BOULEVARD LOUIS XIV 59000 LILLE - AU DROIT DE LA STATION METRO,POINT (50.629081 3.074856),3.074856,50.629081,1,,0,6841,,1,LILLE
arret_point.2773,2773,ARJ005,Jeanne D'Arc,RUE SOLFERINO 59000 LILLE - AU DROIT DU N° 257,POINT (50.626572 3.063748),3.063748,50.626572,1,,0,951,,1,LILLE
arret_point.4862,4862,PRR003,Porte D'Arras,RUE ARTOIS 59000 LILLE - AU DROIT DU N°202,POINT (50.618272 3.061132),3.061132,50.618272,1,,0,866,,2,LILLE
arret_point.2775,2775,LIG003,Gare Lille Flandres,PLACE DES BUISSES 59000 LILLE - AU DROIT DE LA STATION METRO,POINT (50.637206 3.070716),3.070716,50.637206,1,,0,920,,1,LILLE
arret_point.2759,2759,PDO002,Porte De Douai,BOULEVARD D 'ALSACE 59000 LILLE - AU DROIT DU N° 49,POINT (50.618139 3.072988),3.072988,50.618139,1,,0,776,,1,LILLE
arret_point.2766,2766,CIL004,Champ De Mars,BOULEVARD DE LA LIBERTE 59000 LILLE - AU DROIT DU N° 11,POINT (50.637134 3.05242),3.05242,50.637134,1,,0,7652,,1,LILLE
arret_point.2799,2799,MAB004,Buisson,AVENUE DE LA REPUBLIQUE 59000 LILLE - AU DROIT DES ESPACES VERTS,POINT (50.657057 3.090029),3.090029,50.657057,1,,0,1165,,0,LILLE
arret_point.2763,2763,LGP099,Grand Palais,RUE GEORGES LEFEVRE 59000 LILLE - ANGLE AVENUE E VARLIN,POINT (50.629215 3.074886),3.074886,50.629215,1,,0,6841,,1,LILLE
arret_point.4901,4901,MCX002,Tanneurs,RUE DU MOLINEL 59000 LILLE - AU DROIT DU N°115,POINT (50.633245 3.065496),3.065496,50.633245,1,,0,800,,1,LILLE
arret_point.5033,5033,DOA002,Douai Arras,RUE SOLFÉRINO 59000 LILLE -,POINT (50.624778 3.066811),3.066811,50.624778,1,,0,811,,1,LILLE
arret_point.2854,2854,EBA002,Jb Lebas,BOULEVARD J-B LEBAS (LATERALE2) 59000 LILLE - AU DROIT DU COLLEGE JEAN MACE,POINT (50.625845 3.068434),3.068434,50.625845,1,,0,838,,1,LILLE
arret_point.2865,2865,DOA005,Douai Arras,BOULEVARD VICTOR HUGO 59000 LILLE - AU DROIT DU CRÉDIT AGRICOLE,POINT (50.624283 3.067114),3.067114,50.624283,1,,0,811,,1,LILLE
arret_point.2874,2874,PDP012,Porte Des Postes,BOULEVARD DE METZ 59000 LILLE - AU DROIT DE LA CAF,POINT (50.618401 3.048261),3.048261,50.618401,1,,0,7028,,2,LILLE
arret_point.2839,2839,REP005,République Beaux-Arts,BOULEVARD DE LA LIBERTE 59000 LILLE - A L'OPPOSÉ DU N° 151,POINT (50.631389 3.062352),3.062352,50.631389,1,,0,773,,1,LILLE
arret_point.2861,2861,CHR063,Chu-Centre O. Lambret,AVENUE OSCAR LAMBRET 59000 LILLE - AU DROIT DE STATION DE METRO,POINT (50.613111 3.036681),3.036681,50.613111,1,,0,7214,,1,LILLE
arret_point.2882,2882,LCB002,Colbert,BOULEVARD VAUBAN 59000 LILLE -,POINT (50.630735 3.045093),3.045093,50.630735,1,,0,966,,1,LILLE
arret_point.2836,2836,LCB005,Colbert,BOULEVARD VAUBAN 59000 LILLE - AU DROIT DES N° 110-114,POINT (50.630309 3.044269),3.044269,50.630309,1,,0,966,,1,LILLE
arret_point.2866,2866,CHR001,Chu-Centre O. Lambret,AVENUE OSCAR LAMBRET 59000 LILLE - A L'ARRIERE DE LA STATION,POINT (50.613177 3.036202),3.036202,50.613177,1,,0,7214,,1,LILLE
arret_point.2883,2883,UET002,Jacquet,RUE EUGENE JACQUET 59000 LILLE -,POINT (50.637337 3.086304),3.086304,50.637337,1,,0,2647,,1,LILLE
arret_point.2845,2845,ISL001,Isly,RUE D'ISLY 59000 LILLE -,POINT (50.621381 3.035231),3.035231,50.621381,1,,0,944,,2,LILLE
arret_point.2867,2867,FBG004,Faubourg D'Arras,RUE DU  FAUBOURG D'ARRAS 59000 LILLE - AU DROIT DU N° 18,POINT (50.613492 3.062388),3.062388,50.613492,1,,0,806,,2,LILLE
arret_point.4863,4863,PRR002,Porte D'Arras,RUE ARTOIS 59000 LILLE - AU DROIT DU N° 195,POINT (50.618316 3.06126),3.06126,50.618316,1,,0,866,,2,LILLE
arret_point.2840,2840,LCI001,Wagner,RUE DE CANNES 59000 LILLE - À L'OPPOSÉ DU N°341,POINT (50.605502 3.052659),3.052659,50.605502,1,,0,4696,,1,LILLE
arret_point.2849,2849,LFU002,Fulton,RUE D'ISLY 59000 LILLE -,POINT (50.623556 3.037687),3.037687,50.623556,1,,0,969,,2,LILLE
arret_point.2877,2877,EUR098,Lille Europe,AVENUE LECORBUSIER 59000 LILLE - AU DROIT DE LA GARE,POINT (50.639583 3.076774),3.076774,50.639583,1,,0,7536,,1,LILLE
arret_point.2852,2852,MTT002,Mont De Terre,PLACE DU MONT DE TERRE 59000 LILLE - PRES DU SPLENDIDE,POINT (50.623173 3.090605),3.090605,50.623173,1,,0,7108,,1,LILLE
arret_point.2856,2856,COR004,Cormontaigne,BOULEVARD MONTEBELLO 59000 LILLE - AU DROIT DU N°2,POINT (50.625647 3.040777),3.040777,50.625647,1,,0,809,,1,LILLE
arret_point.2857,2857,LCD004,Chasseurs De Driant,AVENUE BEETHOVEN 59000 LILLE - CÔTÉ ÉCOLE SAMAIN-TRULIN,POINT (50.618246 3.031282),3.031282,50.618246,1,,0,5999,,1,LILLE
arret_point.2837,2837,ARB002,Arbrisseau,RUE RICHARD WAGNER 59000 LILLE -,POINT (50.605708 3.049729),3.049729,50.605708,1,,0,846,,1,LILLE
arret_point.2841,2841,COP002,Colpin,FACADE DE L'ESPLANADE 59000 LILLE - À L'OPPOSÉ DU N° 34BIS,POINT (50.641739 3.053375),3.053375,50.641739,1,,0,762,,1,LILLE
arret_point.2846,2846,MDL098,Mairie De Lille,RUE SAINT SAUVEUR 59000 LILLE - AU DROIT DE LA STATION METRO,POINT (50.632422 3.071125),3.071125,50.632422,1,,0,935,,1,LILLE
arret_point.4906,4906,MCX001,Tanneurs,RUE DU MOLINEL 59000 LILLE - AU DROIT DU N°106,POINT (50.633458 3.065809),3.065809,50.633458,1,,0,800,,1,LILLE
arret_point.2853,2853,LPC099,Bois Blancs,59000 LILLE -,POINT (50.634125 3.030981),3.030981,50.634125,1,,0,971,,1,LILLE
arret_point.2868,2868,GNA001,Montagnards,RUE DE LANNOY 59000 LILLE -,POINT (50.634327 3.097317),3.097317,50.634327,1,,0,807,,2,LILLE
arret_point.2833,2833,LIG091,Gare Lille Flandres,PLACE DES BUISSES 59000 LILLE - AU DROIT DE LA STATION METRO,POINT (50.63709 3.070545),3.070545,50.63709,1,,0,920,,1,LILLE
arret_point.2859,2859,RTA001,Artois,RUE BRULE MAISON 59000 LILLE -,POINT (50.626145 3.061655),3.061655,50.626145,1,,0,757,,1,LILLE
arret_point.2880,2880,SIM002,Simons,RUE DU FAUBOURG DES POSTES 59000 LILLE - À L'OPPOSÉ DU N°2,POINT (50.6157 3.04842),3.04842,50.6157,1,,0,7137,,1,LILLE
arret_point.2842,2842,STM002,St Maurice,RUE ST-GABRIEL 59000 LILLE - DEVANT LA MAIRIE DE QUARTIER,POINT (50.64139 3.086436),3.086436,50.64139,1,,0,847,,1,LILLE
arret_point.2886,2886,DUO002,Universite Catholique,BOULEVARD VAUBAN 59000 LILLE - AU DROIT DU N° 67/69,POINT (50.632359 3.046668),3.046668,50.632359,1,,0,955,,2,LILLE
arret_point.2843,2843,CSK001,Caserne Kleber,RUE DU PONT NEUF 59000 LILLE - DEVANT LA CASERNE MILITAIRE,POINT (50.64547 3.065702),3.065702,50.64547,1,,0,7833,,1,LILLE
arret_point.2870,2870,NOX002,Le Bois Habite,BOULEVARD PDT HOOVER 59000 LILLE -,POINT (50.627233 3.079299),3.079299,50.627233,1,,0,7112,,1,LILLE
arret_point.2872,2872,LCD002,Chasseurs De Driant,AVENUE BETHOVEN 59000 LILLE - AU DROIT DE LA MAIRIE,POINT (50.619352 3.03399),3.03399,50.619352,1,,0,5999,,1,LILLE
arret_point.2844,2844,DFI003,Lille Fives,RUE PIERRE LEGRAND 59000 LILLE -,POINT (50.632358 3.089304),3.089304,50.632358,1,,0,7851,,1,LILLE
arret_point.2847,2847,CHQ001,Rue Du Port,RUE NATIONALE 59000 LILLE - AU DROIT DU N°234,POINT (50.631261 3.048782),3.048782,50.631261,1,,0,950,,2,LILLE
arret_point.2881,2881,PDP399,Porte Des Postes,59000 LILLE -,POINT (50.617947 3.050665),3.050665,50.617947,1,,0,7028,,1,LILLE
arret_point.2848,2848,NAT004,Nationale,RUE NATIONALE 59000 LILLE - AU DROIT DU N°126,POINT (50.634358 3.056132),3.056132,50.634358,1,,0,911,,1,LILLE
arret_point.2902,2902,CAU002,Castelnau,RUE CASTELNAU 59126 LINSELLES - AU DROIT DU N° 78,POINT (50.73609 3.073428),3.073428,50.73609,1,,0,981,,2,LINSELLES
arret_point.2890,2890,TFT001,Les Trois Fetus,CHEMIN DE QUESNOY 59126 LINSELLES - A L'OPPOSE DU N°96,POINT (50.727845 3.052364),3.052364,50.727845,1,,0,978,,2,LINSELLES
arret_point.2888,2888,ISC001,La Viscourt,RUE DE LA  VISCOURT 59126 LINSELLES - A L'OPP DU N° 73,POINT (50.738447 3.101801),3.101801,50.738447,1,,0,990,,2,LINSELLES
arret_point.2889,2889,LJO001,Lotissement Joffre,RUE DU MARECHAL JOFFRE 59126 LINSELLES - À CÔTÉ N°1 RUE DE SCHIEFBHAN,POINT (50.730751 3.079765),3.079765,50.730751,1,,0,983,,1,LINSELLES
arret_point.2897,2897,VFE002,Vert Feuillage,RUE DE LA VIGNETTE 59126 LINSELLES - AU DROIT DU N° 1,POINT (50.743115 3.084939),3.084939,50.743115,1,,0,5500,,1,LINSELLES
arret_point.2895,2895,CYG002,Enclos Du Cygne,RUE DE LA VISCOURT 59126 LINSELLES - AU DROIT DU N° 17,POINT (50.743219 3.092969),3.092969,50.743219,1,,0,986,,1,LINSELLES
arret_point.2896,2896,LIP002,Linselles Place,PLACE JEANNE D'ARC 59126 LINSELLES - AU DROIT DU N°4,POINT (50.738936 3.078954),3.078954,50.738936,1,,0,5503,,1,LINSELLES
arret_point.2892,2892,CYG001,Enclos Du Cygne,RUE DE LA VISCOURT 59126 LINSELLES - À L'OPPOSÉ DU N° 21,POINT (50.74283 3.093458),3.093458,50.74283,1,,0,986,,1,LINSELLES
arret_point.2898,2898,LIC002,Cimetiere,RUE DE BOUSBECQUE 59126 LINSELLES - AU DROIT DU N° 50,POINT (50.742024 3.07989),3.07989,50.742024,1,,0,991,,1,LINSELLES
arret_point.2891,2891,LIC006,Cimetiere,RUE SAINT VINCENT DE PAUL 59126 LINSELLES - AU DROIT DES ETS REMORY,POINT (50.741753 3.080268),3.080268,50.741753,1,,0,991,,2,LINSELLES
arret_point.2911,2911,LIC001,Cimetiere,RUE DE BOUSBECQUE 59126 LINSELLES - AU DROIT DU N° 75,POINT (50.741072 3.080102),3.080102,50.741072,1,,0,991,,1,LINSELLES
arret_point.2910,2910,VHU001,Victor Hugo,RUE DE LA VISCOURT 59126 LINSELLES - A L'OPPOSE DU N°2,POINT (50.745567 3.088778),3.088778,50.745567,1,,0,982,,2,LINSELLES
arret_point.2905,2905,STE001,Stemberg,RUE DE BOUSBECQUE 59126 LINSELLES - A L OPPOSE DU N° 50,POINT (50.746824 3.078195),3.078195,50.746824,1,,0,984,,2,LINSELLES
arret_point.2907,2907,VGN002,La Vignette,RUE DE LA VIGNETTE 59126 LINSELLES - A L'OPPOSE DU  N° 104,POINT (50.746169 3.085649),3.085649,50.746169,1,,0,5499,,2,LINSELLES
arret_point.2921,2921,TFT002,Les Trois Fetus,CHEMIN DE QUESNOY 59126 LINSELLES - AU DROIT DU N°100,POINT (50.727786 3.051755),3.051755,50.727786,1,,0,978,,2,LINSELLES
arret_point.2915,2915,ISC002,La Viscourt,RUE DE LA VISCOURT 59126 LINSELLES - AU DROIT DU N° 73,POINT (50.73858 3.101973),3.101973,50.73858,1,,0,990,,2,LINSELLES
arret_point.2912,2912,CAU001,Castelnau,RUE CASTELNAU 59126 LINSELLES - À L'OPPOSÉ DU N° 60,POINT (50.735612 3.073746),3.073746,50.735612,1,,0,981,,1,LINSELLES
arret_point.2917,2917,DSC001,Robert Descamps,AVENUE ROBERT DESCAMPS 59126 LINSELLES -,POINT (50.734516 3.086124),3.086124,50.734516,1,,0,5498,,1,LINSELLES
arret_point.2953,2953,EUG002,Les Terres Ocres,RUE EUGÈNE DESCAMPS 59160 LOMME - AU DROIT DU N° 141,POINT (50.651591 3.003202),3.003202,50.651591,1,,0,5946,,2,LOMME
arret_point.2948,2948,LLA001,Leo Lagrange,RUE VICTOR HUGO 59160 LOMME - AU DROIT DU N° 67,POINT (50.630343 3.009322),3.009322,50.630343,1,,0,996,,2,LOMME
arret_point.2956,2956,LLO099,Lomme-Lambersart,59160 LOMME -,POINT (50.640822 3.018871),3.018871,50.640822,1,,0,997,,1,LOMME
arret_point.2954,2954,MDE001,Maison Des Enfants,AVENUE DE DUNKERQUE 59160 LOMME - A L'OPP STATION DE METRO,POINT (50.646294 2.993905),2.993905,50.646294,1,,0,1004,,2,LOMME
arret_point.2947,2947,MLM004,Hotel De Ville,AVENUE DE LA RÉPUBLIQUE 59160 LOMME - À L'OPPOSÉ DU N°G2,POINT (50.640357 3.01043),3.01043,50.640357,1,,0,1020,,1,LOMME
arret_point.2949,2949,BLC001,Blanchisseurs,RUE DES BLANCHISSEURS 59160 LOMME - AU DROIT DU N° 1,POINT (50.629275 3.011042),3.011042,50.629275,1,,0,1009,,1,LOMME
arret_point.2951,2951,RAL002,Rabelais,RUE RABELAIS 59160 LOMME - À DROITE DU N°61,POINT (50.640569 2.98404),2.98404,50.640569,1,,0,1027,,1,LOMME
arret_point.2926,2926,LAY003,Lamy,RUE ALEXANDRE DESROUSSEAUX 59160 LOMME - À DROITE DU N°50B,POINT (50.629434 3.004952),3.004952,50.629434,1,,0,4005,,1,LOMME
arret_point.2928,2928,CDT002,Croix Du Temple,RUE DE LEGALITE 59160 LOMME - AU DROIT DU N° 5,POINT (50.633031 3.004844),3.004844,50.633031,1,,0,1014,,2,LOMME
arret_point.2929,2929,MLM002,Hotel De Ville,AVENUE DE LA REPUBLIQUE 59160 LOMME - AU DROIT DU G2,POINT (50.638716 3.011917),3.011917,50.638716,1,,0,1020,,2,LOMME
arret_point.5119,5119,LAF006,Anatole France,AVENUE DE LA RÉPUBLIQUE 59160 LOMME - À L'OPPOSÉ DU N°131,POINT (50.636145 3.009569),3.009569,50.636145,1,,0,7539,,1,LOMME
arret_point.2939,2939,LLO098,Lomme-Lambersart,59160 LOMME -,POINT (50.640822 3.018871),3.018871,50.640822,1,,0,997,,1,LOMME
arret_point.2938,2938,HSP063,St. Philibert,RUE DU GRAND BUT 59160 LOMME - AU LATÉRAL DE LA STATION,POINT (50.6521 2.974538),2.974538,50.6521,1,,0,999,,1,LOMME
arret_point.2943,2943,MTY002,Martyrs,RUE WINSTON CHURCHILL 59160 LOMME - À L'OPPOSÉ DU N°1,POINT (50.634653 3.015134),3.015134,50.634653,1,,0,1033,,2,LOMME
arret_point.2936,2936,MTY005,Martyrs,RUE ANATOLE FRANCE 59160 LOMME -,POINT (50.635422 3.013861),3.013861,50.635422,1,,0,1033,,1,LOMME
arret_point.2946,2946,DEL002,Delivrance,AVENUE ROGER SALENGRO 59160 LOMME - À L'OPPOSÉ DU N° 51,POINT (50.641156 2.990254),2.990254,50.641156,1,,0,5951,,2,LOMME
arret_point.2940,2940,CHM001,Chateau Du Molinel,RUE DU GRAND BUT 59160 LOMME - A L'OPP DU  N° 221,POINT (50.655074 2.975451),2.975451,50.655074,1,,0,1012,,2,LOMME
arret_point.2934,2934,VIS002,Beau Visage,AVENUE DE DUNKERQUE 59160 LOMME -,POINT (50.645723 2.988212),2.988212,50.645723,1,,0,4021,,1,LOMME
arret_point.2932,2932,NOT001,Anatole France,RUE A. NOTEBART 59160 LOMME -,POINT (50.635034 3.0093),3.0093,50.635034,1,,0,7539,,1,LOMME
arret_point.2944,2944,ATH002,A. Thoor,AVENUE ROGER SALENGRO 59160 LOMME - AU DROIT DU N°36,POINT (50.638739 2.990871),2.990871,50.638739,1,,0,5966,,2,LOMME
arret_point.2945,2945,RDF001,Rue Des Fusilles,RUE DES FUSILLES 59160 LOMME - À L'OPPOSÉ DU N°64,POINT (50.640688 2.971487),2.971487,50.640688,1,,0,243,,1,LOMME
arret_point.2979,2979,LAF003,Anatole France,RUE ANATOLE FRANCE 59160 LOMME -,POINT (50.634798 3.008267),3.008267,50.634798,1,,0,7539,,1,LOMME
arret_point.2982,2982,LAY001,Lamy,RUE DE L'EGLISE 59160 LOMME - À L'OPPOSÉ DU N°81,POINT (50.630496 3.004176),3.004176,50.630496,1,,0,4005,,1,LOMME
arret_point.2961,2961,PSU099,Pont Superieur,AVENUE DE DUNKERQUE 59160 LOMME - AU DROIT DE LA STATION METRO,POINT (50.644607 3.014056),3.014056,50.644607,1,,0,1003,,1,LOMME
arret_point.2963,2963,ALB003,A.Thomas,RUE DE LA MITERIE 59160 LOMME -,POINT (50.647405 3.002497),3.002497,50.647405,1,,0,1011,,2,LOMME
arret_point.2974,2974,MLM003,Hotel De Ville,AVENUE DE LA RÉPUBLIQUE 59160 LOMME - À L'OPPOSÉ DU N°69,POINT (50.637319 3.013097),3.013097,50.637319,1,,0,1020,,2,LOMME
arret_point.2976,2976,HSP009,St. Philibert,RUE DU GRAND BUT 59160 LOMME - COTE CARREFOUR,POINT (50.651864 2.975142),2.975142,50.651864,1,,0,999,,2,LOMME
arret_point.2960,2960,BRG198,Bourg,AVENUE DE DUNKERQUE 59160 LOMME - AU DRIOIT DU N°791,POINT (50.645566 2.985713),2.985713,50.645566,1,,0,1034,,1,LOMME
arret_point.2993,2993,LAF002,Anatole France,AVENUE DE LA REPUBLIQUE 59160 LOMME - CÔTÉ ÉCOLE DU PETIT QUINQUIN,POINT (50.635546 3.009208),3.009208,50.635546,1,,0,7539,,0,LOMME
arret_point.2984,2984,RAL001,Rabelais,RUE RABELAIS 59160 LOMME - À L'OPPOSÉ DU N°61,POINT (50.640697 2.983618),2.983618,50.640697,1,,0,1027,,1,LOMME
arret_point.2989,2989,ETC006,Euratechnologies,AVENUE DELWALLE 59160 LOMME -,POINT (50.633509 3.019308),3.019308,50.633509,1,,0,3941,,0,LOMME
arret_point.2994,2994,LOE001,Lomme Hegel,AVENUE ARTHUR NOTEBART 59160 LOMME - AU DROIT DES APPARTEMENT,POINT (50.629115 3.015609),3.015609,50.629115,1,,0,6426,,1,LOMME
arret_point.2995,2995,CDT001,Croix Du Temple,RUE ANATOLE FRANCE 59160 LOMME - AU DROIT DU N° 10,POINT (50.633681 3.005869),3.005869,50.633681,1,,0,1014,,2,LOMME
arret_point.2987,2987,CMY001,Cite Mouray,AVENUE DE DUNKERQUE 59160 LOMME -,POINT (50.646605 2.997831),2.997831,50.646605,1,,0,3999,,2,LOMME
arret_point.2999,2999,GAR001,Les Garennes,RUE PAUL BRAME 59840 LOMPRET - À L'OPPOSÉ DU N° 12,POINT (50.661569 3.005875),3.005875,50.661569,1,,0,5957,,2,LOMPRET
arret_point.3001,3001,LTE001,Le Temple,ROUTE DE PÉRENCHIES 59840 LOMPRET - ANGLE CHEM. DU VIEUX SOLDAT,POINT (50.671172 2.979439),2.979439,50.671172,1,,0,5819,,2,LOMPRET
arret_point.3007,3007,LGA002,Lompret Gare,RUE PAUL BRAME 59840 LOMPRET - AU DROIT DU PASSGE A NIVEAU,POINT (50.664183 2.998458),2.998458,50.664183,1,,0,5953,,2,LOMPRET
arret_point.3006,3006,LGA001,Lompret Gare,RUE PAUL BRAME 59840 LOMPRET - APRÈS LE PASSAGE A NIVEAU,POINT (50.664012 2.998583),2.998583,50.664012,1,,0,5953,,2,LOMPRET
arret_point.3029,3029,SOI004,Recherche,CARREFOUR DE LA RECHERCHE 59120 LOOS - COULOIR BUS,POINT (50.60232 3.038151),3.038151,50.60232,1,,0,6632,,1,LOOS
arret_point.3037,3037,LRE001,Republique,RUE PIERRE BROSSOLETTE 59120 LOOS - À L'OPPOSÉ DU N°33,POINT (50.608429 3.017345),3.017345,50.608429,1,,0,1068,,1,LOOS
arret_point.3030,3030,LOG002,Longchamp,ROUTE DE SEQUEDIN 59120 LOOS - AU DROIT DU PARC LONGCHAMP,POINT (50.614841 3.002825),3.002825,50.614841,1,,0,6282,,1,LOOS
arret_point.3031,3031,LCR001,Leclerc,RUE MIRABEAU 59120 LOOS -,POINT (50.609583 3.019545),3.019545,50.609583,1,,0,1044,,1,LOOS
arret_point.3012,3012,LRE002,Republique,PLACE JEAN JAURÈS 59120 LOOS - A L'OPP DU N° 43,POINT (50.609493 3.016358),3.016358,50.609493,1,,0,1068,,2,LOOS
arret_point.3010,3010,FDP002,Faculte De Pharmacie,RUE PAUL DOUMER 59120 LOOS - AU DROIT DU N°127,POINT (50.604115 3.041235),3.041235,50.604115,1,,0,970,,2,LOOS
arret_point.3016,3016,LPX002,La Paix,RUE DES FRÈRES LUMIÈRE 59120 LOOS - À L'OPPOSÉ DU N°4 R DE LA PAIX,POINT (50.60836 3.008688),3.008688,50.60836,1,,0,1062,,1,LOOS
arret_point.3018,3018,LRD001,Rue De Londres,RUE DU MARECHEL FOCH 59120 LOOS - AU DROIT DE LA CLINIQUE,POINT (50.616784 3.023295),3.023295,50.616784,1,,0,1069,,1,LOOS
arret_point.3022,3022,EUL006,Eurasante,AVENUE PIERRE MAUROY 59120 LOOS - À L'OPPOSÉ N°31,POINT (50.59985 3.03713),3.03713,50.59985,1,,0,6373,,1,LOOS
arret_point.3017,3017,BZH002,Bazinghien,RUE GALILLEE 59120 LOOS - A L OPPOSE DU PARC NOTRE DAME,POINT (50.620534 3.015112),3.015112,50.620534,1,,0,1083,,1,LOOS
arret_point.3014,3014,FDP001,Faculte De Pharmacie,RUE PAUL DOUMER 59120 LOOS - AU DROIT DU N° 116,POINT (50.60432 3.041506),3.041506,50.60432,1,,0,970,,2,LOOS
arret_point.3025,3025,LOL003,Les Oliveaux,AVENUE DE FLANDRES 59120 LOOS -,POINT (50.606609 3.005577),3.005577,50.606609,1,,0,1078,,2,LOOS
arret_point.3052,3052,BAE002,Barbusse,RUE HENRY BARBUSSE 59120 LOOS - AU DROIT DU N° 197,POINT (50.606396 3.015047),3.015047,50.606396,1,,0,1084,,1,LOOS
arret_point.2983,2983,SFI002,Hopital Fontan,RUE HENRI GHESQUIÈRE 59120 LOOS - AU DROIT DU N°56,POINT (50.609644 3.027934),3.027934,50.609644,1,,0,6967,,1,LOOS
arret_point.3042,3042,LOO001,Loos Mairie,RUE DU MARÉCHAL FOCH 59120 LOOS -,POINT (50.615075 3.015983),3.015983,50.615075,1,,0,6284,,1,LOOS
arret_point.3044,3044,GEE002,Château Bigo Danel,RUE GALILÉE 59120 LOOS -,POINT (50.618829 3.008631),3.008631,50.618829,1,,0,9036,,2,LOOS
arret_point.3045,3045,GEE001,Château Bigo Danel,RUE DE GALILÉE 59120 LOOS - A L OPPOSE DU N° 535,POINT (50.61889 3.00897),3.00897,50.61889,1,,0,9036,,1,LOOS
arret_point.3059,3059,LMB001,Mirabeau,RUE HENRI GHESQUIÈRE 59120 LOOS - À DROITE DU N°7,POINT (50.611633 3.023493),3.023493,50.611633,1,,0,1050,,2,LOOS
arret_point.3056,3056,JEF002,Fac De Medecine,RUE E. AVINÉE 59120 LOOS - AU DROIT DE LA FAC DE MÉDECINE,POINT (50.604539 3.031331),3.031331,50.604539,1,,0,6966,,1,LOOS
arret_point.3062,3062,LCR002,Leclerc,RUE SAINTE ANNE 59120 LOOS -,POINT (50.611032 3.020298),3.020298,50.611032,1,,0,1044,,1,LOOS
arret_point.3057,3057,NDG002,Nd De Grace,BOULEVARD DE LA REPUBLIQUE 59120 LOOS -,POINT (50.611075 3.012559),3.012559,50.611075,1,,0,6280,,2,LOOS
arret_point.3063,3063,LMR003,La Marliere,RUE GUY MOCQUET 59120 LOOS - DERRIÈRE  N°1 R AUGUSTE RODIN,POINT (50.603842 3.012927),3.012927,50.603842,1,,0,6273,,2,LOOS
arret_point.3064,3064,LMB002,Mirabeau,RUE 8 MAI 1945 59120 LOOS - À DROITE DU N° 4,POINT (50.611397 3.024124),3.024124,50.611397,1,,0,1050,,1,LOOS
arret_point.3067,3067,ENC003,Clemenceau,RUE GEORGES CLEMENCEAU 59120 LOOS - ANGLE RUE MARECHAL FOCH,POINT (50.614547 3.010858),3.010858,50.614547,1,,0,6281,,1,LOOS
arret_point.3066,3066,HSA002,Hopital Salengro,RUE HENRY GUESQUIÈRE 59120 LOOS - À L'OPPOSÉ DE HÔPITAL SALENGRO,POINT (50.607145 3.030451),3.030451,50.607145,1,,0,6907,,1,LOOS
arret_point.3054,3054,HSA001,Hopital Salengro,RUE HENRY GHESQUIÈRE 59120 LOOS - AU DROIT DE L'HÔPITAL SALENGRO,POINT (50.607656 3.030472),3.030472,50.607656,1,,0,6907,,1,LOOS
arret_point.3079,3079,AUL002,Centre Commercial,RUE GAMBETTA 59390 LYS LEZ LANNOY - OPPOSE AU COLLEGE GAMBETTA,POINT (50.678935 3.215269),3.215269,50.678935,1,,0,1097,,2,LYS LEZ LANNOY
arret_point.3081,3081,ENT002,Pa V. Nord Est,RUE DE LA PAPINERIE 59390 LYS LEZ LANNOY - A L'OPP DU N° 71,POINT (50.672936 3.226343),3.226343,50.672936,1,,0,8986,,2,LYS LEZ LANNOY
arret_point.3078,3078,SLU002,Saint Luc,RUE PIERRE FRANCOIS DEPLECHIN 59390 LYS LEZ LANNOY - AU DROIT DU N° 1,POINT (50.671849 3.217685),3.217685,50.671849,1,,0,1091,,2,LYS LEZ LANNOY
arret_point.3652,3652,UST001,Justice,RUE JULES GUESDE 59390 LYS LEZ LANNOY - A L'OPPOSE DU N° 146,POINT (50.674069 3.203185),3.203185,50.674069,1,,0,6876,,2,LYS LEZ LANNOY
arret_point.3068,3068,RTO002,Rue De Toufflers,RUE DE TOUFFLERS 59390 LYS LEZ LANNOY -,POINT (50.66883 3.227173),3.227173,50.66883,1,,0,1096,,2,LYS LEZ LANNOY
arret_point.3069,3069,SLU001,Saint Luc,RUE HESPEL 59390 LYS LEZ LANNOY - AU DROIT DE LA POSTE,POINT (50.672297 3.218992),3.218992,50.672297,1,,0,1091,,2,LYS LEZ LANNOY
arret_point.3070,3070,NSE001,Fresnoy,RUE DU FRESNOY 59390 LYS LEZ LANNOY - AU DROIT DU N° 31,POINT (50.673825 3.22619),3.22619,50.673825,1,,0,1085,,1,LYS LEZ LANNOY
arret_point.3575,3575,UST003,Justice,RUE JULES GUESDE 59390 LYS LEZ LANNOY - AU DROIT DU N° 162,POINT (50.674697 3.20304),3.20304,50.674697,1,,0,6876,,2,LYS LEZ LANNOY
arret_point.3076,3076,ENT001,Pa V. Nord Est,RUE DE LA PAPINERIE 59390 LYS LEZ LANNOY - AU DROIT DU N°65,POINT (50.672735 3.226805),3.226805,50.672735,1,,0,8986,,2,LYS LEZ LANNOY
arret_point.3071,3071,SLU003,Jeanne D'Arc,RUE JB  LEBAS 59390 LYS LEZ LANNOY - A L'OPPOSE DU N° 81,POINT (50.671025 3.218814),3.218814,50.671025,1,,0,5059,,2,LYS LEZ LANNOY
arret_point.3091,3091,DPH002,Descartes Physicien,RUE JEAN BAPTISTE LEBAS 59390 LYS LEZ LANNOY - AU DROIT DU N° 192,POINT (50.672194 3.222194),3.222194,50.672194,1,,0,1086,,2,LYS LEZ LANNOY
arret_point.3089,3089,VEP001,Vert Pre,RUE GAMBETTA 59390 LYS LEZ LANNOY - AU DROIT DU N° 2,POINT (50.677272 3.215762),3.215762,50.677272,1,,0,1095,,1,LYS LEZ LANNOY
arret_point.3082,3082,DPH001,Descartes Physicien,RUE JEAN BAPTISTE LEBAS 59390 LYS LEZ LANNOY - À L'OPPOSÉ DU N° 182,POINT (50.672056 3.221429),3.221429,50.672056,1,,0,1086,,2,LYS LEZ LANNOY
arret_point.3085,3085,DME002,Desmulliez,AVENUE PAUL BERT 59390 LYS LEZ LANNOY - AU DROIT DU N° 3,POINT (50.670712 3.213656),3.213656,50.670712,1,,0,1092,,2,LYS LEZ LANNOY
arret_point.3088,3088,PNL002,Pn Lannoy,RUE JULES GUSDE 59390 LYS LEZ LANNOY - A L'OPPOSE DU N° 31,POINT (50.670357 3.208032),3.208032,50.670357,1,,0,1098,,1,LYS LEZ LANNOY
arret_point.3084,3084,TOM001,Meunier,RUE DU GENERAL LECLERC 59390 LYS LEZ LANNOY - AU DROIT DU N° 60,POINT (50.663382 3.216364),3.216364,50.663382,1,,0,9123,,1,LYS LEZ LANNOY
arret_point.3087,3087,DME001,Desmulliez,AVENUE PAUL BERT 59390 LYS LEZ LANNOY - AU DROIT DE LA SALLE DES FETES,POINT (50.670692 3.21391),3.21391,50.670692,1,,0,1092,,1,LYS LEZ LANNOY
arret_point.3095,3095,VEP002,Vert Pre,RUE DU VERT PRE 59390 LYS LEZ LANNOY - AU DROIT DU N° 28,POINT (50.676564 3.214338),3.214338,50.676564,1,,0,1095,,1,LYS LEZ LANNOY
arret_point.3096,3096,TOM002,Meunier,RUE DU GENERAL LECLERC 59390 LYS LEZ LANNOY - AU DROIT DU N°87,POINT (50.663038 3.216782),3.216782,50.663038,1,,0,9123,,1,LYS LEZ LANNOY
arret_point.3125,3125,OCT001,Pont Courroy,RUE DU COLLEGE 59700 MARCQ EN BAROEUL - AU DROIT DU N° 106,POINT (50.681433 3.101112),3.101112,50.681433,1,,0,1164,,1,MARCQ EN BAROEUL
arret_point.3149,3149,MAB032,Buisson,AVENUE DE LA REPUBLIQUE 59700 MARCQ EN BAROEUL - AU DROIT DU N° 681 A 695,POINT (50.656333 3.088254),3.088254,50.656333,1,,0,1165,,1,MARCQ EN BAROEUL
arret_point.3145,3145,CTR021,Chateau Rouge,AVENUE DE LA MARNE 59700 MARCQ EN BAROEUL - L'EXTREMITE VOIE INTERSECTION,POINT (50.679627 3.114453),3.114453,50.679627,1,,0,1126,,1,MARCQ EN BAROEUL
arret_point.3127,3127,GPE002,Peri,RUE GABRIEL PERI 59700 MARCQ EN BAROEUL - AU DROIT DU N° 33,POINT (50.675491 3.088542),3.088542,50.675491,1,,0,2630,,2,MARCQ EN BAROEUL
arret_point.3128,3128,MA4001,Place,AVENUE DU MARECHAL FOCH 59700 MARCQ EN BAROEUL - AU DROIT DU N° 120,POINT (50.67623 3.092308),3.092308,50.67623,1,,0,1133,,1,MARCQ EN BAROEUL
arret_point.3148,3148,MAB021,Buisson,59700 MARCQ EN BAROEUL -,POINT (50.65683 3.089122),3.089122,50.65683,1,,0,1165,,1,MARCQ EN BAROEUL
arret_point.3129,3129,DCQ002,Ducroquet,RUE DUCROQUET 59700 MARCQ EN BAROEUL - À L'OPPOSÉ DU N° 106,POINT (50.681069 3.090123),3.090123,50.681069,1,,0,1174,,2,MARCQ EN BAROEUL
arret_point.3150,3150,FIE002,Montgolfier,RUE NATIONALE 59700 MARCQ EN BAROEUL - À L'OPPOSÉ DU N° 121,POINT (50.663077 3.075033),3.075033,50.663077,1,,0,8873,,2,MARCQ EN BAROEUL
arret_point.3537,3537,FCO002,P.A Mauroy,RUE DE LILLE 59223 RONCQ - AU DROIT DU N° 579,POINT (50.763117 3.12103),3.12103,50.763117,1,,0,6938,,1,RONCQ
arret_point.3133,3133,PGI001,Pave Strategique,ALLEE DES OLYMPIADES 59700 MARCQ EN BAROEUL - A L'OPPOSE DU N° 1,POINT (50.686688 3.09104),3.09104,50.686688,1,,0,1141,,1,MARCQ EN BAROEUL
arret_point.3136,3136,MMA002,Quesne Mairie,AVENUE DU MARECHAL FOCH 59700 MARCQ EN BAROEUL - AU DROIT DU N°111,POINT (50.674435 3.093947),3.093947,50.674435,1,,0,4106,,1,MARCQ EN BAROEUL
arret_point.3124,3124,FSL003,Isly,RUE D'ISLY 59700 MARCQ EN BAROEUL - AU DROIT DU N° 26,POINT (50.694513 3.131998),3.131998,50.694513,1,,0,9076,,1,MARCQ EN BAROEUL
arret_point.3137,3137,ACA012,Acacias,AVENUE DE FLANDRE 59700 MARCQ EN BAROEUL - AU DROIT DU RESTO COURTE PAILL,POINT (50.66493 3.10944),3.10944,50.66493,1,,0,1120,,1,MARCQ EN BAROEUL
arret_point.3105,3105,RGB001,Rouges Barres,RUE SHUMAN 59700 MARCQ EN BAROEUL - A L'OPPOSE DU N° 97,POINT (50.654886 3.094596),3.094596,50.654886,1,,0,1132,,2,MARCQ EN BAROEUL
arret_point.3099,3099,AND002,Vandenberghe,RUE EMILE VANDENBERGHE 59700 MARCQ EN BAROEUL - AU DROIT DU N° 44,POINT (50.650313 3.095698),3.095698,50.650313,1,,0,1175,,1,MARCQ EN BAROEUL
arret_point.3103,3103,CHW004,Chemin De Wervicq,RUE DE MENIN 59700 MARCQ EN BAROEUL - AU DROIT DU PARKING,POINT (50.676854 3.081081),3.081081,50.676854,1,,0,1170,,1,MARCQ EN BAROEUL
arret_point.3120,3120,REG001,Rue De L'Eglise,RUE NATIONALE 59700 MARCQ EN BAROEUL - AU DROIT DU N° 73,POINT (50.665081 3.075881),3.075881,50.665081,1,,0,1131,,2,MARCQ EN BAROEUL
arret_point.3117,3117,PTM002,Pont De Marcq,RUE DE MENIN 59700 MARCQ EN BAROEUL - AU DROIT DU N° 31,POINT (50.67041 3.077202),3.077202,50.67041,1,,0,1142,,1,MARCQ EN BAROEUL
arret_point.3107,3107,MCL031,Clemenceau Hippodrome,AVENUE DE LA REPUBLIQUE 59700 MARCQ EN BAROEUL - AU DROIT DU N)930 A 938 INCLUS,POINT (50.661995 3.096637),3.096637,50.661995,1,,0,1113,,1,MARCQ EN BAROEUL
arret_point.3115,3115,MRC022,College,59700 MARCQ EN BAROEUL -,POINT (50.680849 3.107018),3.107018,50.680849,1,,0,1115,,0,MARCQ EN BAROEUL
arret_point.3111,3111,DMR002,Doumer,BOULEVARD CLEMENCEAU 59700 MARCQ EN BAROEUL - AU DROIT DU N° 14,POINT (50.665378 3.077241),3.077241,50.665378,1,,0,2628,,1,MARCQ EN BAROEUL
arret_point.3114,3114,CBG001,Cimetiere Bourg,RUE GABRIEL PÉRI 59700 MARCQ EN BAROEUL - A L OPPOSE DU N° 100,POINT (50.672031 3.082138),3.082138,50.672031,1,,0,2627,,2,MARCQ EN BAROEUL
arret_point.3116,3116,OCH021,Foch,59700 MARCQ EN BAROEUL -,POINT (50.666687 3.103794),3.103794,50.666687,1,,0,1124,,1,MARCQ EN BAROEUL
arret_point.3118,3118,BSN001,Buisson,AVENUE DE LA REPUBLIQUE 59700 MARCQ EN BAROEUL -,POINT (50.657537 3.089387),3.089387,50.657537,1,,0,1165,,2,MARCQ EN BAROEUL
arret_point.4947,4947,MCL008,Clemenceau Hippodrome,59700 MARCQ EN BAROEUL -,POINT (50.662453 3.09663),3.09663,50.662453,1,,0,1113,,0,MARCQ EN BAROEUL
arret_point.3106,3106,CRL001,Croisé Laroche,AVENUE DE LA REPUBLIQUE 59700 MARCQ EN BAROEUL - AU DROIT DU MONOPRIX,POINT (50.664501 3.101911),3.101911,50.664501,1,,0,1137,,1,MARCQ EN BAROEUL
arret_point.3110,3110,CTR032,Chateau Rouge,AVENUE DE LA MARNE 59700 MARCQ EN BAROEUL - AU DROIT DU MAGASIN HABITAT,POINT (50.679673 3.114369),3.114369,50.679673,1,,0,1126,,1,MARCQ EN BAROEUL
arret_point.3179,3179,CRL032,Croisé Laroche,AVENUE DE LA MARNE 59700 MARCQ EN BAROEUL - AU DROIT DU N°2 A 6,POINT (50.664663 3.10197),3.10197,50.664663,1,,0,1137,,1,MARCQ EN BAROEUL
arret_point.3165,3165,MAN001,Ecole J. Manuel,RUE ALBERT BAILLY 59700 MARCQ EN BAROEUL - AU DROIT DU N°418,POINT (50.690696 3.120147),3.120147,50.690696,1,,0,5991,,1,MARCQ EN BAROEUL
arret_point.3166,3166,EME001,Clemenceau,BOULEVARD CLEMENCEAU 59700 MARCQ EN BAROEUL - AU DROIT DU N° 120,POINT (50.66459 3.083001),3.083001,50.66459,1,,0,5748,,2,MARCQ EN BAROEUL
arret_point.3172,3172,HIM003,Hippodrome,BOULEVARD CLEMENCEAU 59700 MARCQ EN BAROEUL - AU DROIT D'ESSO EXPRESS,POINT (50.664387 3.088361),3.088361,50.664387,1,,0,2973,,1,MARCQ EN BAROEUL
arret_point.3158,3158,MRC001,College,RUE DU COLLEGE 59700 MARCQ EN BAROEUL - AU DROIT DU N° 133,POINT (50.683271 3.104062),3.104062,50.683271,1,,0,1115,,1,MARCQ EN BAROEUL
arret_point.3159,3159,PIM002,Piscine,AVENUE DU MAL DE LATTRE DE TASSIGNY 59700 MARCQ EN BAROEUL - A L OPPOSE DU N° 361,POINT (50.665481 3.086952),3.086952,50.665481,1,,0,1125,,1,MARCQ EN BAROEUL
arret_point.3174,3174,MCL002,Clemenceau Hippodrome,BOULEVARD CLEMENCEAU 59700 MARCQ EN BAROEUL - AU DROIT DU N° 260,POINT (50.661636 3.096759),3.096759,50.661636,1,,0,1113,,1,MARCQ EN BAROEUL
arret_point.3177,3177,MA4031,Place,AVENUE MAL FOCH 59700 MARCQ EN BAROEUL - AU DROIT DU N° 125,POINT (50.675853 3.092416),3.092416,50.675853,1,,0,1133,,1,MARCQ EN BAROEUL
arret_point.3152,3152,VED002,Verdun,AVENUE DU MARECHAL FOCH 59700 MARCQ EN BAROEUL - AU DROIT DU N° 93 BIS,POINT (50.672176 3.096623),3.096623,50.672176,1,,0,1110,,2,MARCQ EN BAROEUL
arret_point.3164,3164,PTS001,Ferme Aux Oies,RUE ALBERT BAILLY 59700 MARCQ EN BAROEUL - AVT ANGLE RUE PAVE STRATEGIQUE,POINT (50.685874 3.102366),3.102366,50.685874,1,,0,5932,,2,MARCQ EN BAROEUL
arret_point.3157,3157,FIE001,Montgolfier,RUE NATIONALE 59700 MARCQ EN BAROEUL - AU DROIT DU N° 119,POINT (50.663228 3.075233),3.075233,50.663228,1,,0,8873,,2,MARCQ EN BAROEUL
arret_point.3173,3173,RGB002,Rouges Barres,RUE SHUMAN 59700 MARCQ EN BAROEUL - AU DROIT DU N° 97,POINT (50.655046 3.094726),3.094726,50.655046,1,,0,1132,,2,MARCQ EN BAROEUL
arret_point.3153,3153,OSS012,Brossolette,AVENUE DE LA REPUBLIQUE 59700 MARCQ EN BAROEUL - AU DROIT DU N° 885 A 891,POINT (50.66012 3.093772),3.093772,50.66012,1,,0,1134,,1,MARCQ EN BAROEUL
arret_point.3154,3154,VED001,Verdun,AVENUE DU MARECHAL FOCH 59700 MARCQ EN BAROEUL - AU DROIT DU N° 78,POINT (50.672328 3.096823),3.096823,50.672328,1,,0,1110,,2,MARCQ EN BAROEUL
arret_point.3175,3175,BAR002,Barrois,AVENUE DU MARECHAL FOCH 59700 MARCQ EN BAROEUL - AU DROIT DU N° 51,POINT (50.669241 3.099966),3.099966,50.669241,1,,0,1119,,2,MARCQ EN BAROEUL
arret_point.3169,3169,GLA002,Gladbeck,AVENUE DE L'EUROPE 59700 MARCQ EN BAROEUL - À L'OPPOSÉ DU N° 24,POINT (50.652724 3.096059),3.096059,50.652724,1,,0,1130,,1,MARCQ EN BAROEUL
arret_point.3170,3170,REG002,Rue De L'Eglise,RUE NATIONALE 59700 MARCQ EN BAROEUL - A L'OPPOSÉ DU N°79,POINT (50.664787 3.075651),3.075651,50.664787,1,,0,1131,,2,MARCQ EN BAROEUL
arret_point.3171,3171,PIL001,Pilon,RUE DES ROUGES BARRES 59700 MARCQ EN BAROEUL - A L'OPPOSE DU N°445,POINT (50.65163 3.090102),3.090102,50.65163,1,,0,6756,,2,MARCQ EN BAROEUL
arret_point.3202,3202,TPL001,Place Tiers,BOULEVARD CLEMENCEAU 59700 MARCQ EN BAROEUL - AU DROIT DU N° 294,POINT (50.658409 3.102242),3.102242,50.658409,1,,0,1123,,1,MARCQ EN BAROEUL
arret_point.3203,3203,MMA001,Quesne Mairie,AVENUE DU MARECHAL FOCH 59700 MARCQ EN BAROEUL - AU DROIT DU N° 102,POINT (50.674667 3.09419),3.09419,50.674667,1,,0,4106,,1,MARCQ EN BAROEUL
arret_point.3184,3184,ZPI002,Pilaterie,AVENUE DE BAROEUL 59700 MARCQ EN BAROEUL - 30 M APRES ROND POINT PILATERI,POINT (50.652605 3.109546),3.109546,50.652605,1,,0,1099,,2,MARCQ EN BAROEUL
arret_point.3188,3188,MEU002,Meunier,RUE GABRIEL PERI 59700 MARCQ EN BAROEUL - AU DROIT DU N° 48,POINT (50.674473 3.084871),3.084871,50.674473,1,,0,1152,,2,MARCQ EN BAROEUL
arret_point.3190,3190,BAI002,Bailly,RUE ALBERT BAILLY 59700 MARCQ EN BAROEUL - AU DROIT DU N° 145,POINT (50.679783 3.095087),3.095087,50.679783,1,,0,1121,,2,MARCQ EN BAROEUL
arret_point.3195,3195,CRL002,Croisé Laroche,PLACE LISFRANC 59700 MARCQ EN BAROEUL - CROISE LAROCHE,POINT (50.665732 3.103017),3.103017,50.665732,1,,0,1137,,1,MARCQ EN BAROEUL
arret_point.3200,3200,OCH032,Foch,59700 MARCQ EN BAROEUL -,POINT (50.665999 3.103501),3.103501,50.665999,1,,0,1124,,1,MARCQ EN BAROEUL
arret_point.3186,3186,CRL021,Croisé Laroche,59700 MARCQ EN BAROEUL -,POINT (50.664626 3.102012),3.102012,50.664626,1,,0,1137,,1,MARCQ EN BAROEUL
arret_point.3185,3185,TPL002,Place Tiers,BOULEVARD CLEMENCEAU 59700 MARCQ EN BAROEUL - AU DROIT DU N° 296,POINT (50.658402 3.101875),3.101875,50.658402,1,,0,1123,,1,MARCQ EN BAROEUL
arret_point.3194,3194,BAR001,Barrois,AVENUE DU MARECHAL FOCH 59700 MARCQ EN BAROEUL - AU DROIT DU N° 36,POINT (50.669373 3.100264),3.100264,50.669373,1,,0,1119,,2,MARCQ EN BAROEUL
arret_point.3229,3229,LAZ002,Lazaro,RUE DE MENIN 59520 MARQUETTE LEZ LILLE -,POINT (50.680186 3.083418),3.083418,50.680186,1,,0,8966,,1,MARQUETTE LEZ LILLE
arret_point.3227,3227,LSM002,Samain,BOULEVARD DE L'ALLIANCE NORD OUEST 59520 MARQUETTE LEZ LILLE - APRES CAREFOUR RUE SAMAIN,POINT (50.664376 3.03984),3.03984,50.664376,1,,0,5933,,2,MARQUETTE LEZ LILLE
arret_point.3210,3210,PNM001,Pn De Marquette,RUE D'YPRES 59520 MARQUETTE LEZ LILLE -,POINT (50.673328 3.050765),3.050765,50.673328,1,,0,5941,,1,MARQUETTE LEZ LILLE
arret_point.3208,3208,LAL003,Lalau,RUE LALAU 59520 MARQUETTE LEZ LILLE - A L'OPP DU N° 34,POINT (50.673526 3.067706),3.067706,50.673526,1,,0,1180,,2,MARQUETTE LEZ LILLE
arret_point.3313,3313,DDZ002,Rue Des Duriez,RUE DES DURIEZ 59420 MOUVAUX - AU DROIT DU N° 5,POINT (50.695197 3.138576),3.138576,50.695197,1,,0,5853,,2,MOUVAUX
arret_point.3206,3206,SJD001,Saint Jean De Dieu,RUE GEORGES MAERTENS 59520 MARQUETTE LEZ LILLE - A L'OPPOSÉ DU N°22,POINT (50.666399 3.04375),3.04375,50.666399,1,,0,1181,,1,MARQUETTE LEZ LILLE
arret_point.3207,3207,ABP001,Simone Veil,RUE DE L ABBE PIERRE 59520 MARQUETTE LEZ LILLE - A L'OPP DU N°39,POINT (50.680572 3.072906),3.072906,50.680572,1,,0,2606,,1,MARQUETTE LEZ LILLE
arret_point.3222,3222,PNM002,Pn De Marquette,RUE D'YPRES 59520 MARQUETTE LEZ LILLE - AU DROIT DU PARKING,POINT (50.672798 3.05094),3.05094,50.672798,1,,0,5941,,1,MARQUETTE LEZ LILLE
arret_point.3213,3213,PLA003,Les Platanes,RUE DE L HUMANITE 59520 MARQUETTE LEZ LILLE - À L'OPPOSÉ DU N°1,POINT (50.675342 3.050003),3.050003,50.675342,1,,0,7005,,2,MARQUETTE LEZ LILLE
arret_point.3216,3216,LAL001,Lalau,RUE DE LILLE 59520 MARQUETTE LEZ LILLE - AU DROIT DU N°11,POINT (50.673747 3.066665),3.066665,50.673747,1,,0,1180,,2,MARQUETTE LEZ LILLE
arret_point.3215,3215,CAS002,Cassel,RUE DE CASSEL 59520 MARQUETTE LEZ LILLE - À L'OPPOSÉ DU N° 23,POINT (50.668245 3.040868),3.040868,50.668245,1,,0,5939,,1,MARQUETTE LEZ LILLE
arret_point.3211,3211,PAP001,Papeterie,RUE DE LILLE 59520 MARQUETTE LEZ LILLE - AU DROIT DU N°199,POINT (50.670601 3.066252),3.066252,50.670601,1,,0,5942,,1,MARQUETTE LEZ LILLE
arret_point.3218,3218,QAM002,Marquette Mairie,RUE DE WAMBRECHIES 59520 MARQUETTE LEZ LILLE - A L'OPPOSE DU N° 36,POINT (50.677365 3.064685),3.064685,50.677365,1,,0,4082,,1,MARQUETTE LEZ LILLE
arret_point.3220,3220,PTA002,Pont De L'Abbaye,RUE DE LILLE 59520 MARQUETTE LEZ LILLE -,POINT (50.665565 3.063793),3.063793,50.665565,1,,0,5938,,1,MARQUETTE LEZ LILLE
arret_point.3230,3230,PAP002,Papeterie,RUE DE LILLE 59520 MARQUETTE LEZ LILLE - AU DROIT DU N°88,POINT (50.671402 3.065798),3.065798,50.671402,1,,0,5942,,2,MARQUETTE LEZ LILLE
arret_point.3235,3235,AVN002,Lommelet,RUE PASTEUR 59520 MARQUETTE LEZ LILLE - A L'OPPOSÉ DU 154,POINT (50.673614 3.055667),3.055667,50.673614,1,,0,9094,,2,MARQUETTE LEZ LILLE
arret_point.3237,3237,LHO002,Hondschoote,RUE D' HONDSCHOOTE 59520 MARQUETTE LEZ LILLE - AVANT LE N°64,POINT (50.666617 3.036978),3.036978,50.666617,1,,0,5936,,1,MARQUETTE LEZ LILLE
arret_point.3231,3231,PLA004,Les Platanes,RUE DE L'HUMANITÉ 59520 MARQUETTE LEZ LILLE -,POINT (50.675458 3.050174),3.050174,50.675458,1,,0,7005,,1,MARQUETTE LEZ LILLE
arret_point.3244,3244,PLA001,Les Platanes,RUE D'YPRES 59520 MARQUETTE LEZ LILLE - AU DROIT DU N° 5,POINT (50.675479 3.049666),3.049666,50.675479,1,,0,7005,,1,MARQUETTE LEZ LILLE
arret_point.3243,3243,EUQ001,Les Alouettes,RUE DE WAMBRECHIES 59520 MARQUETTE LEZ LILLE - À L'OPPOSÉ DU N° 49,POINT (50.679076 3.063453),3.063453,50.679076,1,,0,1183,,1,MARQUETTE LEZ LILLE
arret_point.3247,3247,MDP002,Moulins,AVENUE DECAUVILLE 59520 MARQUETTE LEZ LILLE - AP CARREFOUR RUE FÉLIX FAURE,POINT (50.670058 3.054882),3.054882,50.670058,1,,0,9093,,1,MARQUETTE LEZ LILLE
arret_point.3240,3240,EUQ002,Les Alouettes,RUE DE WAMBRECHIES 59520 MARQUETTE LEZ LILLE - AU DROIT DU N° 75,POINT (50.67985 3.062956),3.062956,50.67985,1,,0,1183,,1,MARQUETTE LEZ LILLE
arret_point.3241,3241,MQC001,College Debeyre,RUE DU TOUQUET 59520 MARQUETTE LEZ LILLE - AU DROIT DU COLLEGE,POINT (50.679808 3.067064),3.067064,50.679808,1,,0,4077,,2,MARQUETTE LEZ LILLE
arret_point.3250,3250,PLA002,Les Platanes,RUE D'YPRES 59520 MARQUETTE LEZ LILLE - A L'OPP DU N° 5,POINT (50.674905 3.049587),3.049587,50.674905,1,,0,7005,,1,MARQUETTE LEZ LILLE
arret_point.3245,3245,LSM001,Samain,BOULEVARD DE L'ALLIANCE NORD OUEST 59520 MARQUETTE LEZ LILLE - APR CARREF RUE SAMAIN,POINT (50.664273 3.038992),3.038992,50.664273,1,,0,5933,,1,MARQUETTE LEZ LILLE
arret_point.3257,3257,MRS001,Route De Sainghin,ROUTE DE SAINGHIN 59274 MARQUILLIES -,POINT (50.553841 2.873476),2.873476,50.553841,1,,0,1201,,2,MARQUILLIES
arret_point.3204,3204,MMC002,Calvaire,RUE DE L'ARBRE DE PARADIS 59274 MARQUILLIES -,POINT (50.551477 2.86841),2.86841,50.551477,1,,0,7024,,2,MARQUILLIES
arret_point.3258,3258,VEM003,Verdun,RUE DU MOISNIL 59274 MARQUILLIES - À L'OPPOSÉ DU N°36,POINT (50.553835 2.86452),2.86452,50.553835,1,,0,7805,,1,MARQUILLIES
arret_point.3256,3256,MQL001,Mairie,RUE LEON BOCQUET 59274 MARQUILLIES - AU DROIT DE L'EGLISE,POINT (50.558288 2.869961),2.869961,50.558288,1,,0,5685,,2,MARQUILLIES
arret_point.3253,3253,MRS003,Route De Sainghin,RUE JOLIOT CURIE 59274 MARQUILLIES - ANGLE R DE LA PLACE DU CHATEAU,POINT (50.553618 2.873249),2.873249,50.553618,1,,0,1201,,1,MARQUILLIES
arret_point.3264,3264,GMA001,Gare Marquillies,RUE JEAN JAURÈS 59274 MARQUILLIES - AU DROIT DU N° 309,POINT (50.548617 2.868028),2.868028,50.548617,1,,0,7021,,1,MARQUILLIES
arret_point.3262,3262,VEM002,Verdun,RUE DE L ARBRE DE PARADIS 59274 MARQUILLIES - AU DROIT DU N° 45,POINT (50.553759 2.865421),2.865421,50.553759,1,,0,7805,,1,MARQUILLIES
arret_point.3265,3265,MOI001,Rue Du Moisnil,RUE DU MOISNIL 59274 MARQUILLIES -,POINT (50.552022 2.858418),2.858418,50.552022,1,,0,1199,,1,MARQUILLIES
arret_point.3279,3279,ANM002,Ancienne Mairie,RUE DU GAL DE GAULLE 59370 MONS EN BAROEUL - AU DROIT DU N° 126,POINT (50.645499 3.102524),3.102524,50.645499,1,,0,4126,,2,MONS EN BAROEUL
arret_point.3283,3283,PEO001,Mairie De Mons,AVENUE COTY 59370 MONS EN BAROEUL - A L'OPPOSE DU N° 7,POINT (50.641323 3.111996),3.111996,50.641323,1,,0,1231,,1,MONS EN BAROEUL
arret_point.3285,3285,BEC001,Bd Leclerc,BOULEVARD LECLERC 59370 MONS EN BAROEUL - A L'OPPOSE DU N° 10,POINT (50.637348 3.104952),3.104952,50.637348,1,,0,4127,,1,MONS EN BAROEUL
arret_point.3269,3269,SHW002,Schweitzer,AVENUE COTY 59370 MONS EN BAROEUL - AU DROIT DU N° 29,POINT (50.639615 3.113902),3.113902,50.639615,1,,0,4143,,2,MONS EN BAROEUL
arret_point.3268,3268,MDM002,Mairie De Mons,AVENUE MARC SANGNIER 59370 MONS EN BAROEUL - A L'OPPOSE DU N° 1,POINT (50.64244 3.111124),3.111124,50.64244,1,,0,1231,,1,MONS EN BAROEUL
arret_point.3276,3276,MDM099,Mairie De Mons,AVENUE SCHUMAN 59370 MONS EN BAROEUL - A L'OPP DE LA STATION,POINT (50.642387 3.109543),3.109543,50.642387,1,,0,1231,,1,MONS EN BAROEUL
arret_point.3271,3271,ANM001,Ancienne Mairie,RUE DU GAL DE GAULLE 59370 MONS EN BAROEUL - AU DROIT DU N° 137,POINT (50.645426 3.101267),3.101267,50.645426,1,,0,4126,,2,MONS EN BAROEUL
arret_point.3273,3273,SAB001,Sabliere,RUE DU GAL DE GAULLE 59370 MONS EN BAROEUL - AU DROIT DU N° 89,POINT (50.644341 3.099713),3.099713,50.644341,1,,0,1210,,2,MONS EN BAROEUL
arret_point.3294,3294,MDM098,Mairie De Mons,AVENUE SCHUMAN 59370 MONS EN BAROEUL - FACE A LA STATION METRO,POINT (50.642387 3.109543),3.109543,50.642387,1,,0,1231,,1,MONS EN BAROEUL
arret_point.3297,3297,MSA098,Mons Sarts,AVENUE SCHUMAN 59370 MONS EN BAROEUL - FACE A LA STATION METRO,POINT (50.642272 3.099201),3.099201,50.642272,1,,0,1208,,1,MONS EN BAROEUL
arret_point.3292,3292,MBO012,Bourgogne,RUE DE NORMANDIE 59370 MONS EN BAROEUL - AU DROIT DU N° 25,POINT (50.64555 3.117338),3.117338,50.64555,1,,0,1214,,2,MONS EN BAROEUL
arret_point.3302,3302,VOS001,Prevost,RUE J. J. ROUSSEAU 59370 MONS EN BAROEUL - AU DROIT DU N° 52,POINT (50.638385 3.101187),3.101187,50.638385,1,,0,4145,,1,MONS EN BAROEUL
arret_point.3307,3307,ISI001,Lavoisier,RUE JACQUARD 59370 MONS EN BAROEUL - A L'OPPOSE DU N° 44,POINT (50.634493 3.106798),3.106798,50.634493,1,,0,1218,,1,MONS EN BAROEUL
arret_point.3300,3300,MSA001,Mons Sarts,RUE J .J. ROUSSEAU 59370 MONS EN BAROEUL - A L'OPPOSE DU N° 1,POINT (50.641769 3.099292),3.099292,50.641769,1,,0,1208,,1,MONS EN BAROEUL
arret_point.3301,3301,FOR004,Fort De Mons,RUE JULES FERRY 59370 MONS EN BAROEUL - POLE ECHANGES FORT DE MONS,POINT (50.64256 3.120564),3.120564,50.64256,1,,0,1222,,2,MONS EN BAROEUL
arret_point.3299,3299,FOR005,Fort De Mons,RUE JULES FERRY 59370 MONS EN BAROEUL - POLE ECHANGES FORT DE MONS,POINT (50.642617 3.120184),3.120184,50.642617,1,,0,1222,,2,MONS EN BAROEUL
arret_point.3305,3305,BEC002,Bd Leclerc,BOULEVARD GENERAL LECLERC 59370 MONS EN BAROEUL - AU DROIT DU N° 8,POINT (50.637446 3.105052),3.105052,50.637446,1,,0,4127,,1,MONS EN BAROEUL
arret_point.3319,3319,3SU002,Trois Suisses,RUE DE ROUBAIX 59420 MOUVAUX - AU DROIT DU 114,POINT (50.698223 3.139514),3.139514,50.698223,1,,0,1239,,1,MOUVAUX
arret_point.3315,3315,IRA002,College Van Der Meersch,RUE MIRABEAU 59420 MOUVAUX - AU DROIT SALLE LUCIEN VALET,POINT (50.70719 3.12881),3.12881,50.70719,1,,0,1252,,1,MOUVAUX
arret_point.3308,3308,PDX001,Place De La Paix,RUE DE LILLE 59420 MOUVAUX - A L OPPOSE DU N° 93,POINT (50.699361 3.13281),3.13281,50.699361,1,,0,5852,,2,MOUVAUX
arret_point.5121,5121,3SU003,Trois Suisses,59420 MOUVAUX -,POINT (50.699422 3.138531),3.138531,50.699422,1,,0,1239,,0,MOUVAUX
arret_point.3314,3314,SFR001,Saint Francois,RUE DE PARIS 59420 MOUVAUX - A L OPPOSE DE L'ÉGLISE,POINT (50.716591 3.138397),3.138397,50.716591,1,,0,1235,,1,MOUVAUX
arret_point.3311,3311,PRU001,Les Prieux,RUE DE TOURCOING 59420 MOUVAUX - AU DROIT DU N° 247,POINT (50.709357 3.134933),3.134933,50.709357,1,,0,5851,,1,MOUVAUX
arret_point.3310,3310,IRA001,College Van Der Meersch,RUE MIRABEAU 59420 MOUVAUX - A L OPPOSE DU N° 33BIS,POINT (50.707252 3.128854),3.128854,50.707252,1,,0,1252,,1,MOUVAUX
arret_point.3331,3331,LOR001,Lorthiois,RUE DE TOURCOING 59420 MOUVAUX - AU DROIT DU N° 502,POINT (50.71471 3.135216),3.135216,50.71471,1,,0,1243,,1,MOUVAUX
arret_point.3336,3336,BRT001,Rue Briqueterie,RUE NOUVELLE 59420 MOUVAUX - AU DROIT DU N° 100,POINT (50.691891 3.14081),3.14081,50.691891,1,,0,7735,,1,MOUVAUX
arret_point.3330,3330,SDU001,Mouvaux Coeur De Ville,RUE FRANKLIN ROOSEVELT 59420 MOUVAUX - A L'OPPOSE DU N° 24,POINT (50.701109 3.135705),3.135705,50.701109,1,,0,5850,,1,MOUVAUX
arret_point.3332,3332,MXC002,Cimetiere,RUE MIRABEAU 59420 MOUVAUX - AU DROIT DU  N° 35,POINT (50.70886 3.127071),3.127071,50.70886,1,,0,1232,,1,MOUVAUX
arret_point.3329,3329,FOU001,Les Fougères,RUE DES RAVENNES 59420 MOUVAUX -,POINT (50.713019 3.130386),3.130386,50.713019,1,,0,6584,,1,MOUVAUX
arret_point.3333,3333,IRA003,College Van Der Meersch,59420 MOUVAUX -,POINT (50.706873 3.127887),3.127887,50.706873,1,,0,1252,,2,MOUVAUX
arret_point.3334,3334,3SU021,Trois Suisses,AVENUE DE LA MARNE 59420 MOUVAUX - AU DROIT DU RESTO COURTE PAILL,POINT (50.699293 3.139065),3.139065,50.699293,1,,0,1239,,1,MOUVAUX
arret_point.3325,3325,DAI001,Faidherbe,AVENUE DE LA MARNE 59420 MOUVAUX - AU DROIT DU N° 148,POINT (50.703769 3.143163),3.143163,50.703769,1,,0,1236,,1,MOUVAUX
arret_point.3321,3321,SFR002,Saint Francois,RUE DE PARIS 59420 MOUVAUX - AU DROIT DE L'ÉGLISE,POINT (50.716611 3.138115),3.138115,50.716611,1,,0,1235,,1,MOUVAUX
arret_point.3322,3322,TRI002,Triez,RUE DU TRIEZ 59420 MOUVAUX - A L'OPPOSE DU N° 2,POINT (50.692202 3.131467),3.131467,50.692202,1,,0,6732,,1,MOUVAUX
arret_point.5004,5004,3SU099,Trois Suisses,BOULEVARD CARNOT 59420 MOUVAUX -,POINT (50.699256 3.139206),3.139206,50.699256,1,,0,1239,,1,MOUVAUX
arret_point.3338,3338,VEL001,Le Velo,RUE DE RAVENNES 59420 MOUVAUX - A L'OPPOSE DU N° 38,POINT (50.711364 3.12687),3.12687,50.711364,1,,0,5849,,1,MOUVAUX
arret_point.3342,3342,DDZ001,Rue Des Duriez,RUE DES DURIEZ 59420 MOUVAUX - À L'OPPOSÉ DU N°45,POINT (50.695313 3.138719),3.138719,50.695313,1,,0,5853,,2,MOUVAUX
arret_point.3356,3356,DOC002,Docks De L'Oise,RUE DU VERTUQUET 59960 NEUVILLE EN FERRAIN - AU DROIT DU CAT ROITELET,POINT (50.754075 3.165353),3.165353,50.754075,1,,0,1258,,1,NEUVILLE EN FERRAIN
arret_point.3343,3343,NEG002,Eglise,RUE DE TOURCOING 59960 NEUVILLE EN FERRAIN - AU DROIT DU N° 25,POINT (50.750856 3.153099),3.153099,50.750856,1,,0,5891,,2,NEUVILLE EN FERRAIN
arret_point.3345,3345,ODO002,Berquier,RUE DE LA BRIQUETERIE 59960 NEUVILLE EN FERRAIN - AU DROIT CHATEAU D ' EAU,POINT (50.746245 3.174695),3.174695,50.746245,1,,0,1270,,1,NEUVILLE EN FERRAIN
arret_point.3349,3349,CNE001,College Jules Verne,RUE DU CHRIST 59960 NEUVILLE EN FERRAIN - AU DROIT DU COLLÈGE,POINT (50.748282 3.167901),3.167901,50.748282,1,,0,1260,,1,NEUVILLE EN FERRAIN
arret_point.3347,3347,PRF002,Prom De Flandre,ROUTE DE RONCQ 59960 NEUVILLE EN FERRAIN -,POINT (50.742873 3.146311),3.146311,50.742873,1,,0,7636,,1,NEUVILLE EN FERRAIN
arret_point.3353,3353,FDE002,Ferme Des Enfants,RUE ÉDOUARD BRANLY 59960 NEUVILLE EN FERRAIN - AU DROIT DE LA FERME,POINT (50.749233 3.154373),3.154373,50.749233,1,,0,1257,,2,NEUVILLE EN FERRAIN
arret_point.3365,3365,MLN002,Moulin,RUE DE TOURCOING 59960 NEUVILLE EN FERRAIN - AU DROIT DU N° 275,POINT (50.744812 3.161072),3.161072,50.744812,1,,0,5959,,2,NEUVILLE EN FERRAIN
arret_point.3359,3359,NSC002,Schuman,RUE DU BAILLY 59960 NEUVILLE EN FERRAIN - AU DROIT DU N° 91,POINT (50.745734 3.154584),3.154584,50.745734,1,,0,5111,,1,NEUVILLE EN FERRAIN
arret_point.3360,3360,BYR001,Labyrinthe,RUE D'HALLLUIN 59960 NEUVILLE EN FERRAIN - AU DROIT DU N° 79,POINT (50.757186 3.147957),3.147957,50.757186,1,,0,5958,,1,NEUVILLE EN FERRAIN
arret_point.3368,3368,CNE002,College Jules Verne,RUE DU CHRIST 59960 NEUVILLE EN FERRAIN - A L OPPOSE DU N° 107,POINT (50.7484 3.168963),3.168963,50.7484,1,,0,1260,,1,NEUVILLE EN FERRAIN
arret_point.3373,3373,CDM001,Lhermitte,RUE DU MONT DE TEMLPEMARS 59139 NOYELLES LEZ SECLIN - AU DROIT DES ETS GRAND MERE,POINT (50.573635 3.031185),3.031185,50.573635,1,,0,1283,,2,NOYELLES LEZ SECLIN
arret_point.3375,3375,GPL002,Grand Place,RUE D'ANCOISNE 59139 NOYELLES LEZ SECLIN - AU DROIT DU N° 1,POINT (50.575945 3.017396),3.017396,50.575945,1,,0,5525,,2,NOYELLES LEZ SECLIN
arret_point.3374,3374,NMA002,Marais,RUE D'ANCOISNE 59139 NOYELLES LEZ SECLIN - A L'OPPOSE DU N° 32,POINT (50.575564 3.011643),3.011643,50.575564,1,,0,5526,,2,NOYELLES LEZ SECLIN
arret_point.3372,3372,BGU001,Bargues,RUE DE WATTIGNIES 59139 NOYELLES LEZ SECLIN - AU DROIT DU N°26,POINT (50.575147 3.022217),3.022217,50.575147,1,,0,6995,,2,NOYELLES LEZ SECLIN
arret_point.3371,3371,CTD003,Cote D'Or,RUE DU MONT DE TEMPLEMARS 59139 NOYELLES LEZ SECLIN -,POINT (50.571984 3.031204),3.031204,50.571984,1,,0,1278,,1,NOYELLES LEZ SECLIN
arret_point.3381,3381,FAT002,Fatima,RUE D'EMMERIN 59139 NOYELLES LEZ SECLIN - À L'OPPOSÉ DU N°44,POINT (50.578124 3.01434),3.01434,50.578124,1,,0,4632,,2,NOYELLES LEZ SECLIN
arret_point.3379,3379,NSM002,Moulin,RUE DU MONT DE TEMPLEMARS 59139 NOYELLES LEZ SECLIN -,POINT (50.57523 3.029812),3.029812,50.57523,1,,0,1282,,1,NOYELLES LEZ SECLIN
arret_point.3377,3377,CDM002,Lhermitte,RUE DU MONT DE TEMLPEMARS 59139 NOYELLES LEZ SECLIN - FACE AUX ETS ROY,POINT (50.573921 3.031315),3.031315,50.573921,1,,0,1283,,1,NOYELLES LEZ SECLIN
arret_point.3385,3385,CTD004,Cote D'Or,RUE DU MONT DE TEMPLEMARS 59139 NOYELLES LEZ SECLIN - À L'OPPOSÉ DU N°132,POINT (50.571911 3.031358),3.031358,50.571911,1,,0,1278,,2,NOYELLES LEZ SECLIN
arret_point.3398,3398,VOT002,La Prevote,RUE DE LA PREVOTE 59840 PERENCHIES - A L'OPP DU N°373,POINT (50.677871 2.964054),2.964054,50.677871,1,,0,1291,,1,PERENCHIES
arret_point.3392,3392,LPA002,La Paix,RUE HENRI BOUCHERY 59840 PERENCHIES - A L'OPP DU N° 65,POINT (50.669299 2.975548),2.975548,50.669299,1,,0,1290,,1,PERENCHIES
arret_point.3394,3394,LBA002,Le Bas,RUE DE LA PREVOTE 59840 PERENCHIES - AU DROIT DU N°298,POINT (50.675374 2.96638),2.96638,50.675374,1,,0,1298,,1,PERENCHIES
arret_point.3395,3395,PPG002,Ph. De Girard,RUE EDOUARD AGACHE 59840 PERENCHIES - AU DROIT DE L'ÉTANG AGACHE,POINT (50.664819 2.967729),2.967729,50.664819,1,,0,5820,,2,PERENCHIES
arret_point.3389,3389,EUP003,Europe,PLACE DE L'EUROPE 59840 PERENCHIES - AU DROIT DU COLLÈGE,POINT (50.670706 2.97414),2.97414,50.670706,1,,0,6992,,1,PERENCHIES
arret_point.3388,3388,NEL001,Le Fresnel,RUE DE LA PREVOTE 59840 PERENCHIES - AVANT ANGLE RUE FRESNEL,POINT (50.68055 2.959301),2.959301,50.68055,1,,0,1295,,2,PERENCHIES
arret_point.3407,3407,MPE004,Agache,RUE EDOUARD AGACHE 59840 PERENCHIES - À GAUCHE DU N°7,POINT (50.667243 2.972572),2.972572,50.667243,1,,0,2700,,2,PERENCHIES
arret_point.3399,3399,CSL002,Cite Saint Leger,RUE DU GENERAL LECLERC 59840 PERENCHIES - AU DROIT RES. SAPIN BLEUS,POINT (50.664246 2.976161),2.976161,50.664246,1,,0,5818,,2,PERENCHIES
arret_point.3405,3405,MOD001,College Monod,RUE DE LA PAIX 59840 PERENCHIES - À GAUCHE DU N°16,POINT (50.670804 2.974367),2.974367,50.670804,1,,0,1286,,2,PERENCHIES
arret_point.3406,3406,RLO002,Rue De Lomme,RUE DE LOMME 59840 PERENCHIES -,POINT (50.6603 2.976153),2.976153,50.6603,1,,0,1292,,2,PERENCHIES
arret_point.3404,3404,LBA001,Le Bas,RUE DE LA PREVOTE 59840 PERENCHIES - A L'OPP DU N°274,POINT (50.674835 2.966599),2.966599,50.674835,1,,0,1298,,2,PERENCHIES
arret_point.3402,3402,VOT001,La Prevote,RUE DE LA PREVOTE 59840 PERENCHIES -,POINT (50.678395 2.96327),2.96327,50.678395,1,,0,1291,,1,PERENCHIES
arret_point.3410,3410,MPE003,Agache,RUE AGACHE 59840 PERENCHIES -,POINT (50.66751 2.972872),2.972872,50.66751,1,,0,2700,,1,PERENCHIES
arret_point.3412,3412,CME002,Chemin Ecoliers,RUE DU GENERAL DE GAULLE 59273 PERONNE EN MELANTOIS - AU DROIT DU N° 70,POINT (50.567365 3.164983),3.164983,50.567365,1,,0,4555,,1,PERONNE EN MELANTOIS
arret_point.3413,3413,CME001,Chemin Ecoliers,RUE DU GÉNÉRAL DE GAULLE 59273 PERONNE EN MELANTOIS - AU DROIT DU N° 113,POINT (50.567437 3.164942),3.164942,50.567437,1,,0,4555,,1,PERONNE EN MELANTOIS
arret_point.3415,3415,VEF002,Vert Feuillage,ROUTE NATIONALE 59840 PREMESQUES - AU DROIT D'UN CHAMP,POINT (50.649466 2.947331),2.947331,50.649466,1,,0,2548,,1,PREMESQUES
arret_point.3419,3419,TAG001,La Montagne,RUE CHARLES DE GAULLE 59840 PREMESQUES - À L'OPPOSÉ DU N°2083,POINT (50.663246 2.964717),2.964717,50.663246,1,,0,5825,,1,PREMESQUES
arret_point.3438,3438,LEP001,Le Pacau,RUE DE COMINNES 59890 QUESNOY SUR DEULE - A L'OPP DU N° 1563,POINT (50.725806 3.009661),3.009661,50.725806,1,,0,1318,,1,QUESNOY SUR DEULE
arret_point.3441,3441,QPO004,Le Pont,RUE DE LILLE 59890 QUESNOY SUR DEULE - À L'OPPOSÉ DU N°24,POINT (50.710128 2.997951),2.997951,50.710128,1,,0,1311,,1,QUESNOY SUR DEULE
arret_point.3444,3444,OLY001,Les Olympiades,ROUTE DE LINSELLES 59890 QUESNOY SUR DEULE - À L'OPPOSÉ ANGLE RÉS. OYMPIADE,POINT (50.713764 3.007365),3.007365,50.713764,1,,0,1312,,1,QUESNOY SUR DEULE
arret_point.3421,3421,QCE001,Centre,RUE DE WARNETON 59890 QUESNOY SUR DEULE -,POINT (50.713233 2.99932),2.99932,50.713233,1,,0,1322,,1,QUESNOY SUR DEULE
arret_point.3424,3424,QUE001,Quesnoy Mairie,RUE DU PRESIDENT POINCARE 59890 QUESNOY SUR DEULE - A L'OPP DU N° 1,POINT (50.712704 3.000867),3.000867,50.712704,1,,0,7633,,1,QUESNOY SUR DEULE
arret_point.3428,3428,QBP001,Blanche Porte,RUE ALBERT WALQUEMANNE 59890 QUESNOY SUR DEULE -,POINT (50.717363 2.996931),2.996931,50.717363,1,,0,1316,,1,QUESNOY SUR DEULE
arret_point.3430,3430,SPP004,Petit Perle,ROUTE DE LINSELLES 59890 QUESNOY SUR DEULE - A L'OPP DU N°1580,POINT (50.720346 3.020707),3.020707,50.720346,1,,0,6863,,2,QUESNOY SUR DEULE
arret_point.3431,3431,LES002,Clos Du Rivage,RUE DE LILLE 59890 QUESNOY SUR DEULE - A L'OPP DU N° 113,POINT (50.707629 3.002353),3.002353,50.707629,1,,0,1307,,1,QUESNOY SUR DEULE
arret_point.3434,3434,QUA002,4 Bonniers,RUE DE LA PRÉVOTÉ 59890 QUESNOY SUR DEULE -,POINT (50.706274 2.990725),2.990725,50.706274,1,,0,1310,,1,QUESNOY SUR DEULE
arret_point.3462,3462,QCL002,Chemin Du Loup,RUE D'YPRES 59890 QUESNOY SUR DEULE -,POINT (50.712474 2.990326),2.990326,50.712474,1,,0,7907,,2,QUESNOY SUR DEULE
arret_point.3464,3464,GCT001,Grand Cabaret,RUE D'YPRES 59890 QUESNOY SUR DEULE - À L'OPPOSÉ DU N° 264,POINT (50.71489 2.981005),2.981005,50.71489,1,,0,7906,,2,QUESNOY SUR DEULE
arret_point.3465,3465,GOY004,Gare,RUE DE LA GARE 59890 QUESNOY SUR DEULE - AU DROIT DU N° 35BIS,POINT (50.708911 2.995731),2.995731,50.708911,1,,0,1326,,1,QUESNOY SUR DEULE
arret_point.3450,3450,CHI001,Le Chien,ROUTE DE COMINES 59890 QUESNOY SUR DEULE - AU DROIT DU N°2136,POINT (50.710423 3.027775),3.027775,50.710423,1,,0,5509,,1,QUESNOY SUR DEULE
arret_point.3459,3459,QUA001,4 Bonniers,RUE DE LA PRÉVOTÉ 59890 QUESNOY SUR DEULE - A L'OPP DU N° 383,POINT (50.706346 2.99057),2.99057,50.706346,1,,0,1310,,1,QUESNOY SUR DEULE
arret_point.3456,3456,VIN001,Vingtieme Siecle,RUE DE LILLE 59890 QUESNOY SUR DEULE - A L'OPP DU N°960,POINT (50.703923 3.006004),3.006004,50.703923,1,,0,1320,,1,QUESNOY SUR DEULE
arret_point.3445,3445,SPP003,Petit Perle,ROUTE DE LINSELLES 59890 QUESNOY SUR DEULE - À DROITE DU N°1580,POINT (50.720087 3.020435),3.020435,50.720087,1,,0,6863,,2,QUESNOY SUR DEULE
arret_point.3451,3451,GOY003,Gare,RUE DE LA GARE 59890 QUESNOY SUR DEULE - À L'OPPOSÉ DE LA GARE SNCF,POINT (50.708557 2.994879),2.994879,50.708557,1,,0,1326,,1,QUESNOY SUR DEULE
arret_point.3452,3452,QPO001,Le Pont,RUE DE LA GARE 59890 QUESNOY SUR DEULE - À L'OPPOSÉ DU N°20,POINT (50.710016 2.997116),2.997116,50.710016,1,,0,1311,,2,QUESNOY SUR DEULE
arret_point.3453,3453,LPL002,Le Plaquet,RUE DE LA PRÉVOTÉ 59890 QUESNOY SUR DEULE - ANGLE CHEMIN DES TROIS FENÊTRE,POINT (50.70185 2.980766),2.980766,50.70185,1,,0,1319,,2,QUESNOY SUR DEULE
arret_point.3468,3468,RIA001,Floriade Renaissance,RUE DE COMINES 59890 QUESNOY SUR DEULE - À DROITE DU N°868,POINT (50.72007 3.003932),3.003932,50.72007,1,,0,1313,,1,QUESNOY SUR DEULE
arret_point.3467,3467,SPP001,Petit Perle,ROUTE DE COMINES WAMBRECHIES 59890 QUESNOY SUR DEULE - =>COMINES AP  RTE DE LINSELLES,POINT (50.720862 3.019753),3.019753,50.720862,1,,0,6863,,2,QUESNOY SUR DEULE
arret_point.3486,3486,DLE002,De Gaulle,PLACE DU GÉNÉRAL DE GAULLE 59790 RONCHIN - À L'OPPOSÉ DU N° 3,POINT (50.602785 3.09034),3.09034,50.602785,1,,0,2585,,2,RONCHIN
arret_point.3483,3483,FVE001,Verdun,AVENUE JEAN JAURÈS 59790 RONCHIN - AU DROIT DU N° 74,POINT (50.590794 3.085297),3.085297,50.590794,1,,0,6638,,1,RONCHIN
arret_point.3485,3485,TAL002,Comtesse De Segur,RUE MARECHAL DELATTRE DE TASIGNY 59790 RONCHIN -,POINT (50.601985 3.09061),3.09061,50.601985,1,,0,1334,,2,RONCHIN
arret_point.3488,3488,DES001,Destoop,RUE LAVOISIER 59790 RONCHIN - À L'OPPOSÉ DU N° 3,POINT (50.600737 3.078864),3.078864,50.600737,1,,0,6807,,1,RONCHIN
arret_point.3471,3471,RFE006,Ferrer,RUE CLEMENCEAU 59790 RONCHIN -,POINT (50.604008 3.094192),3.094192,50.604008,1,,0,1352,,1,RONCHIN
arret_point.3470,3470,RON001,Ronchin Mairie,RUE LAVOISIER 59790 RONCHIN - AU DROIT DU N°14,POINT (50.605054 3.077039),3.077039,50.605054,1,,0,5558,,1,RONCHIN
arret_point.3480,3480,GDE002,Coluche,RUE MARÉCHAL DELATTRE DE TASSIGNY 59790 RONCHIN - AU DROIT DU N° 1,POINT (50.5994 3.093657),3.093657,50.5994,1,,0,5596,,1,RONCHIN
arret_point.3478,3478,OUB002,Coubertin,RUE SADI CARNOT 59790 RONCHIN -,POINT (50.605549 3.104746),3.104746,50.605549,1,,0,2965,,1,RONCHIN
arret_point.3474,3474,OGO003,Oree Du Golf,RUE PAUL VAILLANT 59790 RONCHIN - AU DROIT MAISON ASSOCIATIONS,POINT (50.610016 3.109015),3.109015,50.610016,1,,0,752,,1,RONCHIN
arret_point.3476,3476,CER002,Le Cerf,AVENUE FREDERIC CHOPIN 59790 RONCHIN - AU DROIT DU PARKING,POINT (50.595835 3.094336),3.094336,50.595835,1,,0,4280,,1,RONCHIN
arret_point.3477,3477,RUB004,Rubens,AVENUE JEAN JAURES 59790 RONCHIN -,POINT (50.595411 3.082801),3.082801,50.595411,1,,0,1337,,2,RONCHIN
arret_point.3493,3493,MRN001,Marronniers,AVENUE JEAN JAURÈS 59790 RONCHIN - AU DROIT DE L'ÉGLISE,POINT (50.607542 3.076498),3.076498,50.607542,1,,0,4285,,1,RONCHIN
arret_point.3503,3503,18J002,18 Juin,AVENUE DU 18 JUIN 1940 59790 RONCHIN - AU DROIT DU N°20,POINT (50.601519 3.087431),3.087431,50.601519,1,,0,4295,,1,RONCHIN
arret_point.3495,3495,GOU001,Gounod,RUE CHARLES GOUNOD 59790 RONCHIN - AU DROIT DU N° 1,POINT (50.596666 3.087429),3.087429,50.596666,1,,0,5597,,1,RONCHIN
arret_point.3499,3499,RUB002,Rubens,RUE RUBENS 59790 RONCHIN - APRÈS ANGLE AVE JEAN-JAURÈS,POINT (50.595846 3.083569),3.083569,50.595846,1,,0,1337,,1,RONCHIN
arret_point.3500,3500,OGO001,Oree Du Golf,RUE PAUL VAILLANT COUTURIER 59790 RONCHIN - À L'OPPOSÉ DU N°300,POINT (50.610071 3.108918),3.108918,50.610071,1,,0,752,,1,RONCHIN
arret_point.3490,3490,CER001,Le Cerf,AVENUE FREDERIC CHOPIN 59790 RONCHIN - A L'OPP DU PARKING,POINT (50.595934 3.094225),3.094225,50.595934,1,,0,4280,,1,RONCHIN
arret_point.3501,3501,STV001,Saint Venant,AVENUE DU 18 JUIN 59790 RONCHIN -,POINT (50.600304 3.085214),3.085214,50.600304,1,,0,1335,,2,RONCHIN
arret_point.3489,3489,LCA001,Carnot,RUE LOUIS BRAILLE 59790 RONCHIN -,POINT (50.603181 3.098789),3.098789,50.603181,1,,0,1333,,1,RONCHIN
arret_point.3502,3502,RFE002,Ferrer,RUE ROGER SALENGRO 59790 RONCHIN -,POINT (50.60443 3.094199),3.094199,50.60443,1,,0,1352,,2,RONCHIN
arret_point.3505,3505,14J002,14 Juillet,RUE DU MAL DELATTRE DE TASSIGNY 59790 RONCHIN - A L'OPP DU N° 2,POINT (50.603927 3.088285),3.088285,50.603927,1,,0,6341,,2,RONCHIN
arret_point.3509,3509,STV002,Saint Venant,RUE CHARLES SAINT-VENANT 59790 RONCHIN -,POINT (50.600208 3.084762),3.084762,50.600208,1,,0,1335,,2,RONCHIN
arret_point.3510,3510,ROG001,Gambetta,RUE DU MAL FOCH 59790 RONCHIN -,POINT (50.606848 3.088893),3.088893,50.606848,1,,0,6923,,1,RONCHIN
arret_point.3511,3511,RON002,Ronchin Mairie,RUE LAVOISIER 59790 RONCHIN -,POINT (50.605064 3.076912),3.076912,50.605064,1,,0,5558,,1,RONCHIN
arret_point.3508,3508,OUB001,Coubertin,RUE SADI CARNOT 59790 RONCHIN - AU DROIT DES ETS ADEO,POINT (50.604295 3.102908),3.102908,50.604295,1,,0,2965,,1,RONCHIN
arret_point.3507,3507,RRE002,Republique,PLACE DE LA REPUBLIQUE 59790 RONCHIN -,POINT (50.598429 3.098463),3.098463,50.598429,1,,0,1349,,2,RONCHIN
arret_point.3528,3528,LOI001,Le Boulois,RUE DE LILLE 59223 RONCQ - AU DROIT DU N° 36,POINT (50.729246 3.113149),3.113149,50.729246,1,,0,7033,,1,RONCQ
arret_point.3523,3523,KAE004,Dronckaert,RUE DU DRONCKAERT 59223 RONCQ - AU DROIT DU N° 66,POINT (50.740508 3.132053),3.132053,50.740508,1,,0,6944,,1,RONCQ
arret_point.3529,3529,BOO002,Le Boulois,RUE DU DRONCKAERT 59223 RONCQ - AU DROIT DU N° 353 B,POINT (50.729974 3.120043),3.120043,50.729974,1,,0,7033,,2,RONCQ
arret_point.3526,3526,BAH001,Bois D'Achelles,AVENUE DU GENERAL DE GAULLE 59223 RONCQ - A L OPPOSE DU N° 696,POINT (50.722508 3.110529),3.110529,50.722508,1,,0,7036,,2,RONCQ
arret_point.3530,3530,DEV001,Corteville,RUE DE LILLE 59223 RONCQ - À L'OPPOSÉ DU N° 267,POINT (50.742188 3.117421),3.117421,50.742188,1,,0,5513,,2,RONCQ
arret_point.3513,3513,POE001,Pied De Boeuf,RUE DE TOURCOING 59223 RONCQ - A L'OPPOSE DU N° 172,POINT (50.736602 3.127044),3.127044,50.736602,1,,0,5518,,2,RONCQ
arret_point.3512,3512,FBO003,Blanc Four,RUE DE LILLE 59223 RONCQ - AU DROIT DU N° 137,POINT (50.737151 3.115533),3.115533,50.737151,1,,0,6763,,1,RONCQ
arret_point.3521,3521,LIO002,Parc Des Lions,BOULEVARD D HALLUIN 59223 RONCQ - ANGLE AVENUE DE FLANDRE,POINT (50.746616 3.132009),3.132009,50.746616,1,,0,2663,,1,RONCQ
arret_point.3522,3522,RGA002,Ancienne Gare,RUE DE LILLE 59223 RONCQ - AU DROIT DU N° 335,POINT (50.750334 3.119924),3.119924,50.750334,1,,0,5478,,1,RONCQ
arret_point.3544,3544,KAE003,Dronckaert,BOULEVARD D'HALLUIN 59223 RONCQ - ANGLE RUE DU DRONCKAERT,POINT (50.740784 3.13234),3.13234,50.740784,1,,0,6944,,1,RONCQ
arret_point.3535,3535,KAE002,Dronckaert,RUE DU DRONCKAERT 59223 RONCQ - A L'OPPOSE DU N° 56,POINT (50.739866 3.131378),3.131378,50.739866,1,,0,6944,,2,RONCQ
arret_point.3532,3532,DEV002,Corteville,RUE DE LILLE 59223 RONCQ - AU DROIT DU N° 231,POINT (50.741634 3.117088),3.117088,50.741634,1,,0,5513,,1,RONCQ
arret_point.3536,3536,LOI002,Le Boulois,RUE DE LILLE 59223 RONCQ - A L'OPPOSE DU N° 34,POINT (50.728889 3.112762),3.112762,50.728889,1,,0,7033,,1,RONCQ
arret_point.3538,3538,CBF002,Cimetiere Du Blanc Four,RUE DU BOIS BLANC 59223 RONCQ - À L'OPPOSÉ DU N° 7,POINT (50.735752 3.112657),3.112657,50.735752,1,,0,1359,,1,RONCQ
arret_point.3559,3559,ROQ001,Roncq Place,RUE DE LILLE 59223 RONCQ - AU DROIT DU N° 330,POINT (50.752911 3.120883),3.120883,50.752911,1,,0,5520,,1,RONCQ
arret_point.3547,3547,SOC002,Centre Social,RUE DE LILLE 59223 RONCQ - AU DROIT DU N°483,POINT (50.756267 3.120696),3.120696,50.756267,1,,0,1376,,1,RONCQ
arret_point.3570,3570,LRO003,La Rousselle,RUE DES BOIS BLANCS 59223 RONCQ - AU DROIT DU 2BIS,POINT (50.735105 3.114258),3.114258,50.735105,1,,0,7698,,2,RONCQ
arret_point.3565,3565,FAU001,Faubourg De Roncq,RUE DE LILLE 59223 RONCQ - AU DROIT DU N° 384,POINT (50.759566 3.120974),3.120974,50.759566,1,,0,1381,,2,RONCQ
arret_point.3548,3548,ACH001,Bois D'Achelles,RUE DE LILLE 59223 RONCQ - PRES D'UN JARDIN,POINT (50.723348 3.111093),3.111093,50.723348,1,,0,7036,,1,RONCQ
arret_point.3567,3567,AUR001,Ctre Commercial,BOULEVARD D'HALLUIN 59223 RONCQ - AU DROIT DE L'OPTIQUE RAYBAN,POINT (50.736153 3.132817),3.132817,50.736153,1,,0,4521,,1,RONCQ
arret_point.3549,3549,CAA002,Casanova,RUE DE BOUSBECQUE 59223 RONCQ - À L'OPPOSÉ DU N° 87,POINT (50.75947 3.111937),3.111937,50.75947,1,,0,2671,,2,RONCQ
arret_point.3550,3550,CAA001,Casanova,RUE DE BOUSBECQUE 59223 RONCQ - AU DROIT DU N° 187,POINT (50.759118 3.112341),3.112341,50.759118,1,,0,2671,,2,RONCQ
arret_point.3551,3551,LIR002,Lierre,AVENUE PAUL VANSTEENKISTE 59223 RONCQ - A L OPPOSE DU N° 4,POINT (50.757026 3.118346),3.118346,50.757026,1,,0,5511,,2,RONCQ
arret_point.3557,3557,FBO006,Blanc Four,RUE DE LILLE 59223 RONCQ - AU DROIT DU N° 112,POINT (50.736827 3.115599),3.115599,50.736827,1,,0,6763,,1,RONCQ
arret_point.3560,3560,OMO002,La Vallee,RUE DE LILLE 59223 RONCQ - AU DROIT DU N° 297,POINT (50.747095 3.118728),3.118728,50.747095,1,,0,5479,,1,RONCQ
arret_point.3561,3561,OMO001,La Vallee,RUE DE LILLE 59223 RONCQ - A L OPPOSE DU N° 297,POINT (50.747228 3.119013),3.119013,50.747228,1,,0,5479,,1,RONCQ
arret_point.3563,3563,UAN001,Chats Huants,AVENUE DE FLANDRE 59223 RONCQ - AU DROIT DU N° 57,POINT (50.746599 3.126297),3.126297,50.746599,1,,0,2653,,1,RONCQ
arret_point.3554,3554,SOC001,Centre Social,RUE DE LILLE 59223 RONCQ - A L'OPPOSE DU N° 491,POINT (50.756409 3.120868),3.120868,50.756409,1,,0,1376,,1,RONCQ
arret_point.3678,3678,ACO002,Rue D'Alger,RUE DE CARTIGNY 59100 ROUBAIX -,POINT (50.701547 3.192292),3.192292,50.701547,1,,0,1484,,1,ROUBAIX
arret_point.3681,3681,ZOL002,Zola,AVENUE DU PRESIDENT COTY 59100 ROUBAIX -,POINT (50.673267 3.197284),3.197284,50.673267,1,,0,1495,,2,ROUBAIX
arret_point.3697,3697,RRL002,Louis Loucheur,BOULEVARD DE LYON 59100 ROUBAIX -,POINT (50.677791 3.175876),3.175876,50.677791,1,,0,1561,,1,ROUBAIX
arret_point.3682,3682,PCB001,Parc Barbieux,AVENUE DU PEUPLE BELGE 59100 ROUBAIX - APS ANGLE AVENUE JEAN JAURES,POINT (50.677432 3.1626),3.1626,50.677432,1,,0,6411,,1,ROUBAIX
arret_point.3696,3696,ROU097,Euroteleport,BOULEVARD DU GENERAL LECLERC 59100 ROUBAIX - AU DROIT DE MAC ARTHUR,POINT (50.691344 3.179832),3.179832,50.691344,1,,0,1508,,1,ROUBAIX
arret_point.3663,3663,ROU058,Euroteleport,BOULEVARD GAMBETTA 59100 ROUBAIX -,POINT (50.691856 3.182382),3.182382,50.691856,1,,0,1508,,2,ROUBAIX
arret_point.3683,3683,VIG004,La Vigne,RUE DE LA VIGNE 59100 ROUBAIX -,POINT (50.700754 3.183649),3.183649,50.700754,1,,0,4450,,1,ROUBAIX
arret_point.3653,3653,OTT001,Motte,RUE DE LANNOY 59100 ROUBAIX -,POINT (50.677172 3.19937),3.19937,50.677172,1,,0,4436,,2,ROUBAIX
arret_point.3684,3684,CMB002,Centre Medical Barbieux,BOULEVARD LACORDAIRE 59100 ROUBAIX -,POINT (50.67958 3.169977),3.169977,50.67958,1,,0,1408,,1,ROUBAIX
arret_point.3664,3664,VLG001,Avelghem,RUE D'AVELGHEM - COULOIR BUS 59100 ROUBAIX -,POINT (50.695163 3.198424),3.198424,50.695163,1,,0,7872,,1,ROUBAIX
arret_point.3657,3657,RTG001,Rue De Tourcoing,RUE DE TOURCOING 59100 ROUBAIX - A L OPPOSE DU N° 67,POINT (50.701527 3.172885),3.172885,50.701527,1,,0,1446,,2,ROUBAIX
arret_point.3665,3665,UST002,Justice,RUE DE LA JUSTICE 59100 ROUBAIX -,POINT (50.674506 3.203489),3.203489,50.674506,1,,0,6876,,2,ROUBAIX
arret_point.3679,3679,VDM004,Vélodrome,AVENUE MAXENCE VAN DER MEERSCH 59100 ROUBAIX -,POINT (50.680512 3.205358),3.205358,50.680512,1,,0,9039,,1,ROUBAIX
arret_point.3654,3654,RRL001,Louis Loucheur,BOULEVARD DE LYON 59100 ROUBAIX -,POINT (50.677849 3.176541),3.176541,50.677849,1,,0,1561,,1,ROUBAIX
arret_point.3691,3691,REM002,Saint Remi,AVENUE DES NATIONS UNIES 59100 ROUBAIX - A L OPPOSE DU LYCEE SAINT REMI,POINT (50.695197 3.180448),3.180448,50.695197,1,,0,7130,,2,ROUBAIX
arret_point.3676,3676,RUN004,Union,RUE DES RETROUVAILLES 59100 ROUBAIX -,POINT (50.707545 3.168988),3.168988,50.707545,1,,0,6991,,1,ROUBAIX
arret_point.3668,3668,CAH002,Carihem,AVENUE DU PARC DES SPORTS 59100 ROUBAIX - ANGLE RUE DE CARIHEM,POINT (50.68635 3.211841),3.211841,50.68635,1,,0,1435,,2,ROUBAIX
arret_point.3601,3601,ROU066,Euroteleport,BOULEVARD GAMBETTA 59100 ROUBAIX -,POINT (50.691673 3.180289),3.180289,50.691673,1,,0,1508,,2,ROUBAIX
arret_point.3576,3576,PBA032,Parc Barbieux,59100 ROUBAIX -,POINT (50.677537 3.161543),3.161543,50.677537,1,,0,1545,,1,ROUBAIX
arret_point.3602,3602,NUR001,Nations Unies,BOULEVARD GAMBETTA 59100 ROUBAIX -,POINT (50.692565 3.184936),3.184936,50.692565,1,,0,6602,,1,ROUBAIX
arret_point.3577,3577,3PO001,Trois Ponts,AVENUE DE VERDUN 59100 ROUBAIX -,POINT (50.685506 3.200446),3.200446,50.685506,1,,0,1512,,1,ROUBAIX
arret_point.3582,3582,QUI002,Jean Moulin,RUE DAMMARTIN 59100 ROUBAIX -,POINT (50.684231 3.17189),3.17189,50.684231,1,,0,7241,,2,ROUBAIX
arret_point.3592,3592,BAP002,St Jean Baptiste,RUE LESUEUR 59100 ROUBAIX -,POINT (50.679293 3.179177),3.179177,50.679293,1,,0,1401,,1,ROUBAIX
arret_point.3578,3578,ATT001,Watt,RUE DE L ' EPEULE 59100 ROUBAIX - A L'OPPOSE DU N°164,POINT (50.688024 3.158695),3.158695,50.688024,1,,0,1462,,2,ROUBAIX
arret_point.3579,3579,BLD001,Bois Le Duc,AVENUE DU PARC DES SPORT 59100 ROUBAIX - 30M APRES LE ROND POINT,POINT (50.688413 3.210663),3.210663,50.688413,1,,0,1507,,2,ROUBAIX
arret_point.3600,3600,VLG002,Avelghem,RUE D'AVELGHEM - COULOIR BUS 59100 ROUBAIX - A L'OPPOSE DU N° 143,POINT (50.695072 3.198606),3.198606,50.695072,1,,0,7872,,1,ROUBAIX
arret_point.3586,3586,RXC001,Cimetiere,RUE DE CARTIGNY 59100 ROUBAIX -,POINT (50.701383 3.187459),3.187459,50.701383,1,,0,1559,,2,ROUBAIX
arret_point.3594,3594,BDC001,Hopital Victor Provo,BOULEVARD DU GENERAL DE GAULLE 59100 ROUBAIX - ENTRE RUE LE NOTRE &LA STATION,POINT (50.680986 3.167657),3.167657,50.680986,1,,0,7238,,1,ROUBAIX
arret_point.3587,3587,BDC012,Hopital Victor Provo,BOULEVARD DU GENERAL DE GAULLE 59100 ROUBAIX - AU DROIT DU N° 118,POINT (50.681049 3.167559),3.167559,50.681049,1,,0,7238,,1,ROUBAIX
arret_point.3588,3588,RDC001,Rue Des Champs,RUE DU GRAND CHEMIN 59100 ROUBAIX - A L OPPOSE DU N°41,POINT (50.691719 3.166875),3.166875,50.691719,1,,0,5896,,2,ROUBAIX
arret_point.3583,3583,CQF002,Coq Francais,RUE DU COQ FRANCAIS 59100 ROUBAIX -,POINT (50.68473 3.182939),3.182939,50.68473,1,,0,1452,,2,ROUBAIX
arret_point.3572,3572,ALS098,Alsace,AVENUE D'ALSACE 59100 ROUBAIX - AU DROIT DU N°81,POINT (50.700591 3.161274),3.161274,50.700591,1,,0,1519,,1,ROUBAIX
arret_point.3584,3584,BLA002,Blanchemaille,AVENUE DES NATIONS UNIES 59100 ROUBAIX -,POINT (50.69656 3.167224),3.167224,50.69656,1,,0,7657,,1,ROUBAIX
arret_point.3597,3597,URI006,Roubaix Charles Fourier,AVENUE GUSTAVE DELORY 59100 ROUBAIX -,POINT (50.671871 3.181098),3.181098,50.671871,1,,0,4710,,1,ROUBAIX
arret_point.3589,3589,QUI021,Jean Moulin,BOULEVARD DU GENERAL DE GAULLE 59100 ROUBAIX - FACE AU N° 50,POINT (50.685062 3.17237),3.17237,50.685062,1,,0,1471,,1,ROUBAIX
arret_point.3598,3598,EPL098,Ep. Montesquieu,RUE INKERMAN 59100 ROUBAIX - AU DROIT DE LA STATION METRO,POINT (50.684021 3.163133),3.163133,50.684021,1,,0,7905,,1,ROUBAIX
arret_point.3599,3599,EMO001,Emile Moreau,AVENUE DE LA FOSSE AUX CHÊNES 59100 ROUBAIX - A L OPPOSE DU N° 4,POINT (50.695301 3.173092),3.173092,50.695301,1,,0,7068,,2,ROUBAIX
arret_point.3645,3645,BMA002,Verdun,AVENUE DE VERDUN 59100 ROUBAIX -,POINT (50.687261 3.198415),3.198415,50.687261,1,,0,4674,,2,ROUBAIX
arret_point.3633,3633,ALS099,Alsace,AVENUE D'ALSACE 59100 ROUBAIX - AU DROIT DU N°75,POINT (50.700591 3.161274),3.161274,50.700591,1,,0,1519,,1,ROUBAIX
arret_point.3641,3641,3PO002,Trois Ponts,AVENUE DE VERDUN 59100 ROUBAIX -,POINT (50.684787 3.20073),3.20073,50.684787,1,,0,1512,,1,ROUBAIX
arret_point.3646,3646,RXP099,Roubaix Place,RUE PIERRE MOTTE 59100 ROUBAIX - A L'ANGLE DE LA GRANDE PLACE,POINT (50.691663 3.17385),3.17385,50.691663,1,,0,7903,,1,ROUBAIX
arret_point.3605,3605,ACO001,Rue D'Alger,RUE DE CARTIGNY 59100 ROUBAIX -,POINT (50.701394 3.191131),3.191131,50.701394,1,,0,1484,,2,ROUBAIX
arret_point.3621,3621,QUI001,Jean Moulin,RUE DAMMARTIN 59100 ROUBAIX - A L OPPOSE DU N° 7,POINT (50.684134 3.171705),3.171705,50.684134,1,,0,7241,,1,ROUBAIX
arret_point.3625,3625,HEC001,Henri Carrette,RUE DE L'ALMA 59100 ROUBAIX -,POINT (50.700833 3.170727),3.170727,50.700833,1,,0,6831,,2,ROUBAIX
arret_point.3634,3634,GRC001,Grand Chemin,RUE DE L'ALMA 59100 ROUBAIX - A L OPPOSE DU N° 4,POINT (50.693431 3.161707),3.161707,50.693431,1,,0,4428,,1,ROUBAIX
arret_point.3610,3610,ROL001,Rollin,BOULEVARD DE METZ 59100 ROUBAIX -,POINT (50.705201 3.180066),3.180066,50.705201,1,,0,1496,,2,ROUBAIX
arret_point.3642,3642,DUL001,Dupuy De Lome,RUE JULES GUESDE 59100 ROUBAIX -,POINT (50.682038 3.180522),3.180522,50.682038,1,,0,5629,,1,ROUBAIX
arret_point.3616,3616,OTT002,Motte,RUE DE LANNOY 59100 ROUBAIX - A L OPPOSE DU N° 552,POINT (50.67834 3.197753),3.197753,50.67834,1,,0,4436,,2,ROUBAIX
arret_point.3606,3606,CPO001,Centre Impots,AVENUE CHARLES FOURIER 59100 ROUBAIX -,POINT (50.673015 3.184378),3.184378,50.673015,1,,0,9151,,1,ROUBAIX
arret_point.3623,3623,PDS002,Parc Des Sports,RUE DE LANNOY 59100 ROUBAIX - A L OPPOSE DU N° 620,POINT (50.676227 3.201133),3.201133,50.676227,1,,0,1526,,2,ROUBAIX
arret_point.3631,3631,CAP001,Pn Cartigny,RUE DU CARTIGNY 59100 ROUBAIX -,POINT (50.702691 3.19426),3.19426,50.702691,1,,0,1487,,2,ROUBAIX
arret_point.3617,3617,ADP002,Avenue Des Sports,AVENUE MAXENCE VAN DER MEERSCH 59100 ROUBAIX - AVT ANGLE AVE PARC DES SPORTS,POINT (50.678823 3.207008),3.207008,50.678823,1,,0,1459,,2,ROUBAIX
arret_point.3637,3637,NAN003,Dunant,RUE DE LANNOY 59100 ROUBAIX -,POINT (50.688336 3.182902),3.182902,50.688336,1,,0,7110,,2,ROUBAIX
arret_point.3618,3618,FLE002,Salengro,AVENUE ROGER SALENGRO 59100 ROUBAIX -,POINT (50.679477 3.201994),3.201994,50.679477,1,,0,4831,,2,ROUBAIX
arret_point.3609,3609,ROL002,Rollin,BOULEVARD DE METZ 59100 ROUBAIX - A L OPPOSE DU N° 121,POINT (50.705164 3.180235),3.180235,50.705164,1,,0,1496,,1,ROUBAIX
arret_point.3619,3619,VAR002,Les Arts,RUE DE L ' EPEULE 59100 ROUBAIX -,POINT (50.690195 3.161427),3.161427,50.690195,1,,0,1433,,2,ROUBAIX
arret_point.3636,3636,ROU134,Euroteleport,BOULEVARD GAMBETTA 59100 ROUBAIX -,POINT (50.691468 3.180116),3.180116,50.691468,1,,0,1508,,2,ROUBAIX
arret_point.3613,3613,QUI032,Jean Moulin,BOULEVARD DU GENERAL DE GAULLE 59100 ROUBAIX - AU DROIT DU N° 50,POINT (50.684876 3.172042),3.172042,50.684876,1,,0,1471,,1,ROUBAIX
arret_point.3620,3620,FTE001,Roubaix Man Fraternite,RUE DE LANNOY 59100 ROUBAIX -,POINT (50.681927 3.194031),3.194031,50.681927,1,,0,1503,,1,ROUBAIX
arret_point.3627,3627,RUN003,Union,RUE DES RETROUVAILLES 59100 ROUBAIX -,POINT (50.706735 3.169455),3.169455,50.706735,1,,0,6991,,1,ROUBAIX
arret_point.3769,3769,NUR005,Nations Unies,BOULEVARD GAMBETTA 59100 ROUBAIX -,POINT (50.692506 3.18574),3.18574,50.692506,1,,0,6602,,2,ROUBAIX
arret_point.3771,3771,GEA014,Galon D'Eau,RUE NADAUD 59100 ROUBAIX -,POINT (50.693312 3.188592),3.188592,50.693312,1,,0,1431,,1,ROUBAIX
arret_point.3772,3772,BUO002,Coubertin,RUE PIERRE DE COUBERTIN 59100 ROUBAIX - A L OPPOSE DU N° 1,POINT (50.680154 3.211549),3.211549,50.680154,1,,0,1382,,2,ROUBAIX
arret_point.3749,3749,ARN004,Carnot,PLACE CARNOT 59100 ROUBAIX - A L'OPPOSE DU N° 3,POINT (50.688788 3.196733),3.196733,50.688788,1,,0,5571,,1,ROUBAIX
arret_point.3753,3753,CLO003,Colisee,RUE DU GRAND CHEMIN 59100 ROUBAIX -,POINT (50.6921 3.163492),3.163492,50.6921,1,,0,4417,,2,ROUBAIX
arret_point.3765,3765,CLO001,Colisee,RUE DE L'ALOUETTE 59100 ROUBAIX -,POINT (50.692569 3.163218),3.163218,50.692569,1,,0,4417,,1,ROUBAIX
arret_point.3759,3759,OTT004,Motte,RUE ROGER SALENGRO 59100 ROUBAIX -,POINT (50.677673 3.199563),3.199563,50.677673,1,,0,4436,,1,ROUBAIX
arret_point.3774,3774,ATA002,Place Chaptal,RUE D ALVELGHEM 59100 ROUBAIX -,POINT (50.694515 3.19364),3.19364,50.694515,1,,0,7877,,2,ROUBAIX
arret_point.3775,3775,ATA001,Place Chaptal,RUE D AVELGHEM 59100 ROUBAIX - A L OPPOSE DU N° 19,POINT (50.694561 3.193471),3.193471,50.694561,1,,0,7877,,2,ROUBAIX
arret_point.3750,3750,ROU122,Euroteleport,BOULEVARD DU GENERAL LECLERC 59100 ROUBAIX - AU DROIT DE MAC ARTHUR,POINT (50.691036 3.178993),3.178993,50.691036,1,,0,1508,,1,ROUBAIX
arret_point.3751,3751,VDM002,Vélodrome,AVENUE ROGER SALENGRO 59100 ROUBAIX -,POINT (50.680887 3.204249),3.204249,50.680887,1,,0,9039,,2,ROUBAIX
arret_point.3755,3755,FTE004,Roubaix Man Fraternite,RUE PIERRE DE ROUBAIX 59100 ROUBAIX -,POINT (50.682586 3.194762),3.194762,50.682586,1,,0,1503,,1,ROUBAIX
arret_point.3764,3764,BAP001,St Jean Baptiste,RUE NICOLAS POUSSIN 59100 ROUBAIX -,POINT (50.679352 3.178401),3.178401,50.679352,1,,0,1401,,2,ROUBAIX
arret_point.3744,3744,BEA002,Beaumont,RUE DAMMARTIN 59100 ROUBAIX -,POINT (50.682456 3.175729),3.175729,50.682456,1,,0,4415,,1,ROUBAIX
arret_point.3711,3711,ROU098,Euroteleport,BOULEVARD GAMBETTA 59100 ROUBAIX -,POINT (50.691533 3.17975),3.17975,50.691533,1,,0,1508,,1,ROUBAIX
arret_point.3717,3717,FCH002,Fosse Aux Chenes,RUE DAUBENTON 59100 ROUBAIX -,POINT (50.699786 3.175653),3.175653,50.699786,1,,0,1449,,1,ROUBAIX
arret_point.3712,3712,ORT002,Pont Rouge,RUE DE LANNOY 59100 ROUBAIX - A L OPPOSE DU N° 498,POINT (50.680012 3.196045),3.196045,50.680012,1,,0,1416,,1,ROUBAIX
arret_point.3740,3740,EMO002,Emile Moreau,AVENUE DE LA FOSSE AUX CHÊNES 59100 ROUBAIX -,POINT (50.695228 3.173218),3.173218,50.695228,1,,0,7068,,1,ROUBAIX
arret_point.3714,3714,DNL002,Roubaix Piscine Lesaffre,RUE DUPUY DE LOME 59100 ROUBAIX -,POINT (50.68239 3.181445),3.181445,50.68239,1,,0,8903,,1,ROUBAIX
arret_point.3736,3736,BLD002,Bois Le Duc,AVENUE DU PARC DES SPORT 59100 ROUBAIX - 20M AVANT LE ROND POINT,POINT (50.688788 3.210811),3.210811,50.688788,1,,0,1507,,2,ROUBAIX
arret_point.3706,3706,VAR001,Les Arts,RUE DE L ' EPEULE 59100 ROUBAIX -,POINT (50.690406 3.161967),3.161967,50.690406,1,,0,1433,,0,ROUBAIX
arret_point.3715,3715,ROU121,Euroteleport,BOULEVARD GAMBETTA 59100 ROUBAIX - ANGLE  PLACE DE LA LIBERTE,POINT (50.691044 3.179135),3.179135,50.691044,1,,0,1508,,1,ROUBAIX
arret_point.3728,3728,AVG001,Avelghem,RUE D AVELGHEM 59100 ROUBAIX - A L OPPOSE DU N° 143,POINT (50.695044 3.198818),3.198818,50.695044,1,,0,7872,,2,ROUBAIX
arret_point.3734,3734,CMB001,Centre Medical Barbieux,BOULEVARD LACORDAIRE 59100 ROUBAIX -,POINT (50.679526 3.169948),3.169948,50.679526,1,,0,1408,,2,ROUBAIX
arret_point.3739,3739,CRM001,Creche,BOULEVARD MONTESQUIEU 59100 ROUBAIX - A L OPPOSE DU N° 105,POINT (50.685896 3.159083),3.159083,50.685896,1,,0,6978,,1,ROUBAIX
arret_point.3742,3742,BMA001,Verdun,AVENUE DE VERDUN 59100 ROUBAIX - A L OPPOSE DU N° 42,POINT (50.687405 3.198361),3.198361,50.687405,1,,0,4674,,2,ROUBAIX
arret_point.3708,3708,CGL001,College,AVENUE DES NATIONS UNIES 59100 ROUBAIX - A L'OPPOSE DU N° 200,POINT (50.694067 3.17646),3.17646,50.694067,1,,0,1434,,1,ROUBAIX
arret_point.3720,3720,BOA012,Bol D'Air,AVENUE JEAN JAURES 59100 ROUBAIX - AU DROIT DU N° 112,POINT (50.672665 3.156452),3.156452,50.672665,1,,0,1422,,1,ROUBAIX
arret_point.3721,3721,BDO001,Boulevard De Douai,BOULEVARD DE DOUAI 59100 ROUBAIX -,POINT (50.68092 3.168178),3.168178,50.68092,1,,0,1551,,2,ROUBAIX
arret_point.3731,3731,EPE002,Ep. Montesquieu,BOULEVARD DE CAMBRAI 59100 ROUBAIX -,POINT (50.683553 3.163323),3.163323,50.683553,1,,0,6696,,2,ROUBAIX
arret_point.3737,3737,SJN001,Saint Jean,RUE SAINT JEAN 59100 ROUBAIX -,POINT (50.687635 3.180517),3.180517,50.687635,1,,0,5631,,2,ROUBAIX
arret_point.3709,3709,GUY002,Guynemer,SQUARE GUYNEMER 59100 ROUBAIX -,POINT (50.670236 3.189342),3.189342,50.670236,1,,0,4429,,1,ROUBAIX
arret_point.3732,3732,PDR004,P. De Roubaix,BOULEVARD DE BELFORT 59100 ROUBAIX -,POINT (50.689978 3.185556),3.185556,50.689978,1,,0,7658,,2,ROUBAIX
arret_point.3716,3716,ZOL001,Zola,AVENUE DU PRESIDENT COTY 59100 ROUBAIX -,POINT (50.673098 3.197084),3.197084,50.673098,1,,0,1495,,1,ROUBAIX
arret_point.3710,3710,UIS002,Buisine,RUE PIERRE DE ROUBAIX 59100 ROUBAIX -,POINT (50.688205 3.189041),3.189041,50.688205,1,,0,1518,,2,ROUBAIX
arret_point.3723,3723,ANL002,Canal De Roubaix,BOULEVARD DE STRASBOURG 59100 ROUBAIX -,POINT (50.695797 3.187095),3.187095,50.695797,1,,0,9084,,2,ROUBAIX
arret_point.3800,3800,ARN003,Carnot,RUE DU PILE 59100 ROUBAIX -,POINT (50.688913 3.19689),3.19689,50.688913,1,,0,5571,,1,ROUBAIX
arret_point.3806,3806,GOL001,Montgolfier,RUE DE LANNOY 59100 ROUBAIX -,POINT (50.684677 3.189433),3.189433,50.684677,1,,0,4427,,2,ROUBAIX
arret_point.3778,3778,RFR001,Roubaix Man Fraternité,AVENUE JULIEN LAGACHE 59100 ROUBAIX - A L OPPOSE DU N° 77,POINT (50.682851 3.196673),3.196673,50.682851,1,,0,6744,,2,ROUBAIX
arret_point.3785,3785,NAU004,Blanchemaille,AVENUE DES NATIONS UNIES 59100 ROUBAIX -,POINT (50.696162 3.167683),3.167683,50.696162,1,,0,7662,,1,ROUBAIX
arret_point.3807,3807,VDM005,Vélodrome,AVENUE ROGER SALENGRO 59100 ROUBAIX - A L OPPOSE DU N° 169,POINT (50.680681 3.204245),3.204245,50.680681,1,,0,9039,,2,ROUBAIX
arret_point.3786,3786,HCH004,Les Hauts Champs,RUE MICHELET 59100 ROUBAIX - AU DROIT DES MAGASINS L'USINE,POINT (50.675106 3.195947),3.195947,50.675106,1,,0,1419,,2,ROUBAIX
arret_point.3819,3819,EPE001,Ep. Montesquieu,BOULEVARD MONTESQUIEU 59100 ROUBAIX -,POINT (50.683924 3.162905),3.162905,50.683924,1,,0,6696,,2,ROUBAIX
arret_point.3787,3787,SPR002,Spriet,BOULEVARD DE FOURMIES 59100 ROUBAIX -,POINT (50.67358 3.18563),3.18563,50.67358,1,,0,1569,,2,ROUBAIX
arret_point.3812,3812,ROR003,Rue D'Orchies,RUE D'ORCHIES 59100 ROUBAIX - ANGLE RUE DU PILE,POINT (50.690248 3.200895),3.200895,50.690248,1,,0,1439,,1,ROUBAIX
arret_point.3817,3817,DEY001,Delory,AVENUE GUSTAVE DELORY 59100 ROUBAIX -,POINT (50.670087 3.186135),3.186135,50.670087,1,,0,5625,,2,ROUBAIX
arret_point.3780,3780,BDH001,Boulevard De Mulhouse,RUE DE LANNOY 59100 ROUBAIX -,POINT (50.683746 3.191704),3.191704,50.683746,1,,0,1455,,1,ROUBAIX
arret_point.3801,3801,REI002,Boulevard De Reims,RUE JEAN BAPTISTE NOTTE 59100 ROUBAIX - A L OPPOSE DU N° 90,POINT (50.678329 3.185174),3.185174,50.678329,1,,0,1521,,2,ROUBAIX
arret_point.3803,3803,HEC002,Henri Carrette,RUE HENRI CARRETTE 59100 ROUBAIX -,POINT (50.698848 3.171103),3.171103,50.698848,1,,0,6831,,2,ROUBAIX
arret_point.3810,3810,NDR003,Flandre,RUE DES SEPT PONTS 59100 ROUBAIX - A L OPPOSE DU N° 88,POINT (50.69943 3.179248),3.179248,50.69943,1,,0,1415,,1,ROUBAIX
arret_point.3811,3811,NDR002,Flandre,RUE DAUBENTON 59100 ROUBAIX -,POINT (50.701095 3.178499),3.178499,50.701095,1,,0,1415,,1,ROUBAIX
arret_point.3818,3818,LEM002,Leon Marlot,AVENUE ALFRED MOTTE 59100 ROUBAIX - A L OPPOSE DU N° 102,POINT (50.673098 3.191819),3.191819,50.673098,1,,0,1476,,1,ROUBAIX
arret_point.3781,3781,MAC002,Mackellerie,RUE DE MOUVAUX 59100 ROUBAIX -,POINT (50.694529 3.155737),3.155737,50.694529,1,,0,4432,,1,ROUBAIX
arret_point.3804,3804,APT001,Place Chaptal,RUE D' AVELGHEM - COULOIR BUS 59100 ROUBAIX -,POINT (50.694602 3.192667),3.192667,50.694602,1,,0,1482,,1,ROUBAIX
arret_point.3788,3788,SPR001,Spriet,BOULEVARD DE FOURMIES 59100 ROUBAIX - A L OPPOSE DU N° 185,POINT (50.673546 3.185333),3.185333,50.673546,1,,0,1569,,2,ROUBAIX
arret_point.3816,3816,BUO001,Coubertin,AVENUE DU PARC DES SPORTS 59100 ROUBAIX -,POINT (50.681192 3.210635),3.210635,50.681192,1,,0,1382,,1,ROUBAIX
arret_point.3796,3796,ILO004,Moliere,BOULEVARD BEAUREPAIRE 59100 ROUBAIX -,POINT (50.690927 3.198718),3.198718,50.690927,1,,0,1465,,2,ROUBAIX
arret_point.3797,3797,CRM002,Creche,BOULEVARD MONTESQUIEU 59100 ROUBAIX -,POINT (50.685788 3.159138),3.159138,50.685788,1,,0,6978,,1,ROUBAIX
arret_point.3776,3776,ROU024,Euroteleport,BOULEVARD GAMBETTA 59100 ROUBAIX -,POINT (50.69149 3.18078),3.18078,50.69149,1,,0,1508,,2,ROUBAIX
arret_point.3790,3790,NUI002,Guinguette,RUE DE TOURCOING 59100 ROUBAIX -,POINT (50.703887 3.171442),3.171442,50.703887,1,,0,5725,,1,ROUBAIX
arret_point.3798,3798,MOT002,Fourmies,BOULEVARD DE FOURMIES 59100 ROUBAIX -,POINT (50.671816 3.189073),3.189073,50.671816,1,,0,5474,,1,ROUBAIX
arret_point.3823,3823,TAB001,Tabac,RUE DE LANNOY 59390 SAILLY LEZ LANNOY - A L'OPPOSE DU N°3,POINT (50.649564 3.224418),3.224418,50.649564,1,,0,4391,,2,SAILLY LEZ LANNOY
arret_point.3821,3821,EGS001,Place,RUE DES 3 FRERES LEFEBVRE 59390 SAILLY LEZ LANNOY - AU DROIT DU N° 2,POINT (50.645618 3.220567),3.220567,50.645618,1,,0,1578,,2,SAILLY LEZ LANNOY
arret_point.3829,3829,EGS002,Place,RUE DES 3 FRÈRES LEFEBVRE 59390 SAILLY LEZ LANNOY - À L'OPP DU 1 PLACE DE L'ÉGLISE,POINT (50.646136 3.220858),3.220858,50.646136,1,,0,1578,,2,SAILLY LEZ LANNOY
arret_point.3826,3826,ANC001,Lapin Blanc,RUE DE WILLEMS 59390 SAILLY LEZ LANNOY - AU DROIT DU N° 17,POINT (50.644166 3.231545),3.231545,50.644166,1,,0,4390,,2,SAILLY LEZ LANNOY
arret_point.3834,3834,SME002,Place,RUE DU MAL LECLERC 59262 SAINGHIN EN MELANTOIS - A L OPPOSE DU N° 397,POINT (50.589401 3.167222),3.167222,50.589401,1,,0,2558,,2,SAINGHIN EN MELANTOIS
arret_point.3833,3833,SGC002,Cimetiere,RUE MARECHAL LECLERC 59262 SAINGHIN EN MELANTOIS - A L'OPPOSE DU N°937,POINT (50.593738 3.166533),3.166533,50.593738,1,,0,2557,,2,SAINGHIN EN MELANTOIS
arret_point.3831,3831,ZAS001,Za Du Melantois,A L'OPPOSE DU TRI POSTAL 59262 SAINGHIN EN MELANTOIS - 100 M APRES LA RUE DES SORBIER,POINT (50.588799 3.136083),3.136083,50.588799,1,,0,2553,,0,SAINGHIN EN MELANTOIS
arret_point.3835,3835,ZAS002,Za Du Melantois,RUE DES SAULES 59262 SAINGHIN EN MELANTOIS - AU DROIT DE LA POSTE,POINT (50.58691 3.136743),3.136743,50.58691,1,,0,2553,,2,SAINGHIN EN MELANTOIS
arret_point.3846,3846,PDG002,Place De Gaulle,RUE GAMBETTA 59184 SAINGHIN EN WEPPES - AU DROIT DE LA PHARMACIE,POINT (50.56342 2.898241),2.898241,50.56342,1,,0,1580,,2,SAINGHIN EN WEPPES
arret_point.3838,3838,LNM001,Lotissement Nouveau Monde,RUE JEAN JAURES 59184 SAINGHIN EN WEPPES - A L'OPPOSÉ DU N° 21,POINT (50.55689 2.909673),2.909673,50.55689,1,,0,1579,,1,SAINGHIN EN WEPPES
arret_point.3843,3843,MCU001,Marie Curie,RUE DE L'EGALITE 59184 SAINGHIN EN WEPPES -,POINT (50.56284 2.903445),2.903445,50.56284,1,,0,1584,,2,SAINGHIN EN WEPPES
arret_point.3853,3853,SRH001,Rue Du 8 Mai 45,RUE GAMBETTA 59184 SAINGHIN EN WEPPES - APRÈS LE N°1017,POINT (50.569461 2.891561),2.891561,50.569461,1,,0,6935,,1,SAINGHIN EN WEPPES
arret_point.3850,3850,DAE001,Lardé,RUE JEAN JAURÈS 59184 SAINGHIN EN WEPPES - AU DROIT DU N° 109,POINT (50.553325 2.914392),2.914392,50.553325,1,,0,1590,,1,SAINGHIN EN WEPPES
arret_point.3871,3871,BLV001,Bel Air,AVENUE MAL DE LATTRE DE TASSIGNY 59350 SAINT ANDRE - AU DROIT DU N° 101/103,POINT (50.658458 3.039588),3.039588,50.658458,1,,0,4036,,1,SAINT ANDRE
arret_point.3872,3872,BLV002,Bel Air,AVENUE MAL DE LATTRE DE TASSIGNY 59350 SAINT ANDRE - A L'OPPOSE DU N° 121,POINT (50.658827 3.039339),3.039339,50.658827,1,,0,4036,,1,SAINT ANDRE
arret_point.3876,3876,MOS001,Moliere,RUE DU GENERAL LECLERC 59350 SAINT ANDRE - AU DROIT DE STATION DE LAVAGE,POINT (50.657838 3.052138),3.052138,50.657838,1,,0,4043,,1,SAINT ANDRE
arret_point.3869,3869,YSE001,Yser,AVENUE DU MAL DE LATTRE DE TASSIGNY 59350 SAINT ANDRE -,POINT (50.660815 3.036685),3.036685,50.660815,1,,0,1601,,1,SAINT ANDRE
arret_point.3875,3875,VCO002,Le Corbeau,AVENUE DU MAL DE LATTRE DE TASSIGNY 59350 SAINT ANDRE - A L OPPOSÉ DU 571,POINT (50.670208 3.023662),3.023662,50.670208,1,,0,7146,,1,SAINT ANDRE
arret_point.3856,3856,ESI003,Resistance,AVENUE DE LA RÉSISTANCE 59350 SAINT ANDRE - AU DROIT DU N° 19,POINT (50.658162 3.04424),3.04424,50.658162,1,,0,1611,,2,SAINT ANDRE
arret_point.3857,3857,GST001,Gare,RUE GAMBETTA 59350 SAINT ANDRE -,POINT (50.655101 3.050899),3.050899,50.655101,1,,0,1607,,1,SAINT ANDRE
arret_point.3867,3867,GST002,Gare,RUE GAMBETTA 59350 SAINT ANDRE - AU DROIT DU N° 4,POINT (50.654921 3.050996),3.050996,50.654921,1,,0,1607,,1,SAINT ANDRE
arret_point.3866,3866,SCH002,Chardonnerets,RUE DES CHARDONNERETS 59350 SAINT ANDRE -,POINT (50.664629 3.031686),3.031686,50.664629,1,,0,1596,,1,SAINT ANDRE
arret_point.3859,3859,BLR002,Resistance,AVENUE MAL DE LATTRE DE TASSIGNY 59350 SAINT ANDRE - A L'OPP DE RES LA ROSERAIE,POINT (50.655824 3.042175),3.042175,50.655824,1,,0,6750,,2,SAINT ANDRE
arret_point.3860,3860,LFA002,Faidherbe,RUE LILLE 59350 SAINT ANDRE - AVT ROND POINT SOUS VOIE SNCF,POINT (50.652116 3.052),3.052,50.652116,1,,0,1594,,1,SAINT ANDRE
arret_point.3877,3877,FOS001,Foch,RUE DU GÉNÉRAL LECLERC 59350 SAINT ANDRE - A L'OPPOSÉ DU N°141,POINT (50.663213 3.050281),3.050281,50.663213,1,,0,4039,,1,SAINT ANDRE
arret_point.3878,3878,SAN005,Mairie,RUE DU GENERAL LECLERC 59350 SAINT ANDRE -,POINT (50.660609 3.050879),3.050879,50.660609,1,,0,1604,,1,SAINT ANDRE
arret_point.3880,3880,STA001,Grand St Andre,RUE DES PINSONS 59350 SAINT ANDRE - ANGLE DU 8 MAI 45,POINT (50.664624 3.035694),3.035694,50.664624,1,,0,1613,,1,SAINT ANDRE
arret_point.3881,3881,SCH001,Chardonnerets,RUE DES CHARDONNERETS 59350 SAINT ANDRE - AU DROIT DU N°1,POINT (50.664573 3.031982),3.031982,50.664573,1,,0,1596,,1,SAINT ANDRE
arret_point.3887,3887,SMC001,Saint Michel Sur  Loire,RUE SAINT MICHEL SUR LOIRE 59496 SALOME -,POINT (50.531498 2.840554),2.840554,50.531498,1,,0,1628,,2,SALOME
arret_point.3888,3888,ITE001,Egalite,RUE JULES FERRY 59496 SALOME -,POINT (50.536754 2.840734),2.840734,50.536754,1,,0,1617,,2,SALOME
arret_point.3889,3889,SMC002,Saint Michel Sur  Loire,RUE SAINT MICHEL SUR LOIRE 59496 SALOME -,POINT (50.531525 2.840611),2.840611,50.531525,1,,0,1628,,2,SALOME
arret_point.3886,3886,SRE001,Republique,RUE DE LA REPUBLIQUE 59496 SALOME - A L'OPPOSE DU N° 31,POINT (50.532151 2.816365),2.816365,50.532151,1,,0,5690,,1,SALOME
arret_point.3890,3890,SRP002,Rue Pasteur,RUE PASTEUR 59496 SALOME -,POINT (50.535674 2.841765),2.841765,50.535674,1,,0,1626,,1,SALOME
arret_point.3893,3893,SRE002,Republique,RUE DE LA REPUBLIQUE 59496 SALOME -,POINT (50.531998 2.816476),2.816476,50.531998,1,,0,5690,,2,SALOME
arret_point.3896,3896,SCI001,Coisne,RUE SAINT MICHEL SUR LOIRE 59496 SALOME - ANGLE  RUE DE LA RÉPUBLIQUE,POINT (50.531022 2.827305),2.827305,50.531022,1,,0,5686,,1,SALOME
arret_point.3904,3904,SBE001,Santes Eglise,RUE CLEMENCEAU 59211 SANTES - PLACE JB HENNION,POINT (50.597437 2.954716),2.954716,50.597437,1,,0,7631,,1,SANTES
arret_point.3903,3903,SFA002,Faidherbe,RUE FAIDHERBE 59211 SANTES - A L'OPP DU N°92,POINT (50.594127 2.965428),2.965428,50.594127,1,,0,1634,,2,SANTES
arret_point.3902,3902,RDW001,Rue De Wavrin,RUE DE WAVRIN 59211 SANTES -,POINT (50.593131 2.94935),2.94935,50.593131,1,,0,1635,,1,SANTES
arret_point.3898,3898,SAM001,Santes Marais,RUE SADI CARNOT 59211 SANTES - A L'OPPOSE DU N°1,POINT (50.585811 2.967198),2.967198,50.585811,1,,0,6984,,1,SANTES
arret_point.3900,3900,SHD001,Hotel De Ville,AVENUE ALBERT BERNARD 59211 SANTES - AU DROIT DU N°8,POINT (50.590217 2.963364),2.963364,50.590217,1,,0,1631,,1,SANTES
arret_point.3906,3906,SRA002,Ramponneau,RUE DU MARECHAL FOCH 59211 SANTES -,POINT (50.593916 2.959112),2.959112,50.593916,1,,0,1633,,1,SANTES
arret_point.3908,3908,SGA003,Santes Gare,RUE FAIDHERBE 59211 SANTES - AU DROIT DU N° 7,POINT (50.593268 2.961331),2.961331,50.593268,1,,0,7027,,2,SANTES
arret_point.3915,3915,SHD002,Hotel De Ville,AVENUE ALBERT BERNARD 59211 SANTES - A L'OPPOSE DE LA MAIRIE,POINT (50.59027 2.963548),2.963548,50.59027,1,,0,1631,,1,SANTES
arret_point.3913,3913,GSL001,Gaston Slosse,RUE GASTON SLOSSE 59211 SANTES - AU DROIT DU N° 6,POINT (50.597149 2.967383),2.967383,50.597149,1,,0,1632,,1,SANTES
arret_point.3914,3914,GSL002,Gaston Slosse,RUE GASTON SLOSSE 59211 SANTES -,POINT (50.597068 2.967396),2.967396,50.597068,1,,0,1632,,1,SANTES
arret_point.3916,3916,MAX004,Marx Dormoy,RUE MARX DORMOY 59211 SANTES - APRÈS ANGLE RUE GASTON SELOSSE,POINT (50.60071 2.963848),2.963848,50.60071,1,,0,1638,,1,SANTES
arret_point.3932,3932,ECS001,Ecole,AVENUE DE LA RÉPUBLIQUE 59113 SECLIN - À L'OPPOSÉ DU N°115,POINT (50.548303 3.043281),3.043281,50.548303,1,,0,1647,,1,SECLIN
arret_point.3936,3936,RIE003,Le Riez,RUE CHARLES DUPORT 59113 SECLIN -,POINT (50.546179 3.038238),3.038238,50.546179,1,,0,1663,,2,SECLIN
arret_point.3937,3937,SFE003,Fenelon,RUE BOUVERY 59113 SECLIN - AU DROIT DU N° 33,POINT (50.548459 3.0284),3.0284,50.548459,1,,0,1642,,1,SECLIN
arret_point.3931,3931,RIE004,Le Riez,RUE C. DUPORT 59113 SECLIN - A L'OPP DU N°66,POINT (50.545264 3.038268),3.038268,50.545264,1,,0,1663,,1,SECLIN
arret_point.3935,3935,CEH001,Centre Hospitalier,AU DROIT DU PAVILLON R. PRATZ 59113 SECLIN - PARKING DE L'HOPITAL,POINT (50.545914 3.016735),3.016735,50.545914,1,,0,1656,,1,SECLIN
arret_point.3938,3938,SHG002,Hentges,BOULEVARD HENTGES 59113 SECLIN - A L'OPPOSÉ DU N°18,POINT (50.553589 3.031949),3.031949,50.553589,1,,0,1660,,1,SECLIN
arret_point.3917,3917,APO001,Apolda,RUE D APOLDA 59113 SECLIN - AU DROIT DUN CHAMP,POINT (50.543622 3.017394),3.017394,50.543622,1,,0,5527,,1,SECLIN
arret_point.3920,3920,EPN002,Centre Commercial,RUE DE L'ÉPINETTE 59113 SECLIN - JUSTE APRÈS LE POSTE  SÉCURITÉ,POINT (50.548934 3.050597),3.050597,50.548934,1,,0,6927,,1,SECLIN
arret_point.3918,3918,JUB002,Jude Blanckaert,AVENUE JUDE BLANCKAERT 59113 SECLIN - DROIT DU LYCEE HAUTS DE FLANDR,POINT (50.542687 3.027518),3.027518,50.542687,1,,0,1681,,1,SECLIN
arret_point.3926,3926,DMY002,College Demailly,RUE DU COLLEGE 59113 SECLIN - A L'OPP DU COLLEGE DEMAILLY,POINT (50.543824 3.014989),3.014989,50.543824,1,,0,6345,,2,SECLIN
arret_point.3927,3927,DMY001,College Demailly,ROUTE D'APOLDA 59113 SECLIN - AU DROIT DU COLLÈGE,POINT (50.543609 3.014902),3.014902,50.543609,1,,0,6345,,1,SECLIN
arret_point.3924,3924,GRS002,Gare,RUE PIERRE SEMARD 59113 SECLIN - 1ER QUAI BUS AVEC MOBILIER,POINT (50.547512 3.03423),3.03423,50.547512,1,,0,1676,,2,SECLIN
arret_point.3944,3944,SMO001,La Mouchonniere,RUE GERNEZ-RIEUX 59113 SECLIN - AU DROIT DU N°2,POINT (50.540959 3.026931),3.026931,50.540959,1,,0,1646,,1,SECLIN
arret_point.3945,3945,ESG002,Eglise,BOULEVARD HENTGES 59113 SECLIN - À L'OPPOSÉ DE LA POSTE,POINT (50.551397 3.030905),3.030905,50.551397,1,,0,1670,,1,SECLIN
arret_point.3940,3940,GRS001,Gare,RUE PIERRE SEMARD 59113 SECLIN - 2EME QUAI BUS AVEC MOBILIER,POINT (50.547709 3.034289),3.034289,50.547709,1,,0,1676,,1,SECLIN
arret_point.3939,3939,TVI002,Vieux Moulin,AVENUE DE LA REPUBLIQUE 59113 SECLIN - A DROITE DU N°9,POINT (50.552301 3.039239),3.039239,50.552301,1,,0,1652,,1,SECLIN
arret_point.3942,3942,ZIR001,Zi Rouge Bouton,ROUTE DE LILLE 59113 SECLIN - À L'OPPOSÉ DU N°52 BIS,POINT (50.564124 3.04094),3.04094,50.564124,1,,0,6931,,2,SECLIN
arret_point.3949,3949,CAF001,Cafeteria,"RUE DE LA POINTE ZI ""A"" 59113 SECLIN - AU DROIT IRISBUS",POINT (50.565744 3.03847),3.03847,50.565744,1,,0,1664,,1,SECLIN
arret_point.3954,3954,BUR003,Burgault,RUE BURGAULT 59113 SECLIN - À L'OPPOSÉ DU N °81,POINT (50.547652 3.039456),3.039456,50.547652,1,,0,1675,,2,SECLIN
arret_point.3955,3955,SPV001,Prevert,RUE DU FOURCHON 59113 SECLIN - JUSTE AVANT LE  N°1,POINT (50.540586 3.022913),3.022913,50.540586,1,,0,1659,,1,SECLIN
arret_point.3950,3950,LVR001,Lorival,RUE DE LA POINTE 59113 SECLIN - AU DROIT DU N°9,POINT (50.566437 3.034874),3.034874,50.566437,1,,0,2533,,1,SECLIN
arret_point.3971,3971,4OR002,Quatre Ormeaux,AVENUE DE LA BOUTILLERIE 59320 SEQUEDIN - AU DROIT DES ETS CONRAD,POINT (50.629361 2.974474),2.974474,50.629361,1,,0,1693,,2,SEQUEDIN
arret_point.3966,3966,ARC002,Archelois,RUE DE LA MAISON BLANCHE 59320 SEQUEDIN - A L'OPPOSE DU N°6,POINT (50.629685 2.986339),2.986339,50.629685,1,,0,5664,,1,SEQUEDIN
arret_point.3969,3969,LMT002,D. Penitentiaire,RUE RUE DU TRAIN DE LOOS 59320 SEQUEDIN - A L'OPPOSE DE L'EX PRISON,POINT (50.61878 2.994305),2.994305,50.61878,1,,0,5667,,2,SEQUEDIN
arret_point.3968,3968,4OR001,Quatre Ormeaux,AVENUE DE LA BOUTILLERIE 59320 SEQUEDIN - A L'OPP DES ETS KAP VERRE,POINT (50.629495 2.974715),2.974715,50.629495,1,,0,1693,,1,SEQUEDIN
arret_point.3958,3958,ERP001,Europe,RUE EUGÈNE-IMBERT DE LA PHALECQUE 59320 SEQUEDIN - D208,POINT (50.631931 2.980585),2.980585,50.631931,1,,0,5577,,1,SEQUEDIN
arret_point.3960,3960,ARC001,Archelois,RUE DE LA MAISON BLANCHE 59320 SEQUEDIN - AU DROIT DU TRANSFORMATEUR EDF,POINT (50.629849 2.985861),2.985861,50.629849,1,,0,5664,,1,SEQUEDIN
arret_point.3965,3965,RDO002,Rue Dr Calmette,RUE DU DOCTEUR CALMETTE 59320 SEQUEDIN - APRÈS IMPASSE DR CALMETTE,POINT (50.617192 2.975461),2.975461,50.617192,1,,0,4604,,1,SEQUEDIN
arret_point.3964,3964,SEE001,Sequedin Eglise,RUE DU PONT 59320 SEQUEDIN - À L'OPPOSÉ DU N°8,POINT (50.622876 2.986434),2.986434,50.622876,1,,0,5665,,1,SEQUEDIN
arret_point.3962,3962,RPO001,Rue Du Pont,RUE DU DR CALMETTE 59320 SEQUEDIN - CÔTÉ VOIE FÉRÉE,POINT (50.622299 2.981815),2.981815,50.622299,1,,0,6346,,1,SEQUEDIN
arret_point.3973,3973,ERP002,Europe,RUE EUGÈNE-IMBERT DE LA PHALECQUE 59320 SEQUEDIN - AU DROIT DU N° 1,POINT (50.632223 2.977938),2.977938,50.632223,1,,0,5577,,2,SEQUEDIN
arret_point.3978,3978,VTO001,Vert Touquet,RUE DU VERT TOUQUET 59320 SEQUEDIN - AU DROIT DU N° 25,POINT (50.625172 2.984926),2.984926,50.625172,1,,0,5666,,1,SEQUEDIN
arret_point.3981,3981,MUC002,Muchembus,AVENUE DU MUCHEMBUS 59320 SEQUEDIN - A L'OPPOSE DU N° 12,POINT (50.625508 2.984099),2.984099,50.625508,1,,0,1697,,1,SEQUEDIN
arret_point.3976,3976,SEQ002,Sequedin Centre,RUE DU MARAIS 59320 SEQUEDIN -,POINT (50.622436 2.988275),2.988275,50.622436,1,,0,5663,,1,SEQUEDIN
arret_point.3988,3988,TEM001,Eglise,PLACE GUSTAVE DELECROIX 59175 TEMPLEMARS - AU DROIT DE LA POSTE,POINT (50.571026 3.054363),3.054363,50.571026,1,,0,1705,,1,TEMPLEMARS
arret_point.3984,3984,PAC001,Rue D'Ennetieres,ROUTE D'ENNETIERES 59175 TEMPLEMARS - APRÈS ANGLE RUE DE L'ÉPINOY,POINT (50.566098 3.064124),3.064124,50.566098,1,,0,6932,,2,TEMPLEMARS
arret_point.3985,3985,VPO001,Mairie,RUE JULES GUESDE 59175 TEMPLEMARS - AU DROIT DE L'HOTEL DE VILLE,POINT (50.57613 3.052929),3.052929,50.57613,1,,0,1701,,1,TEMPLEMARS
arret_point.3990,3990,PAC004,Parc D'Activites,RUE DE L'EPINOY 59175 TEMPLEMARS - AU DROIT DES ETS PORTAKABIN,POINT (50.56653 3.069877),3.069877,50.56653,1,,0,1700,,1,TEMPLEMARS
arret_point.3992,3992,MRL001,Mulier,RUE ENNETIERE 59175 TEMPLEMARS - AU DROIT DU GARAGE PEUGEOT,POINT (50.56764 3.059653),3.059653,50.56764,1,,0,1703,,2,TEMPLEMARS
arret_point.3993,3993,TEU002,Pasteur,RUE JEAN JAURES 59175 TEMPLEMARS -,POINT (50.568551 3.055835),3.055835,50.568551,1,,0,1702,,1,TEMPLEMARS
arret_point.4000,4000,TFF001,Toufflers Douane,RUE DES DEPORTES 59390 TOUFFLERS - A L'OPP DU N° 52,POINT (50.661336 3.232727),3.232727,50.661336,1,,0,1712,,2,TOUFFLERS
arret_point.4001,4001,BPO001,Bon Poste,RUE DE ROUBAIX 59390 TOUFFLERS - AU DROIT DU N° 163,POINT (50.661261 3.21946),3.21946,50.661261,1,,0,1711,,1,TOUFFLERS
arret_point.4002,4002,LPI002,Le Pincon,RUE DE WILLEMS 59390 TOUFFLERS - AU DROIT DU N° 90,POINT (50.657655 3.219382),3.219382,50.657655,1,,0,527,,1,TOUFFLERS
arret_point.3999,3999,RYE002,Trieu Du Quesnoy,RUE DU TRIEU DE QUESNOY 59390 TOUFFLERS - ANGLE RUE DU RIEZ D ' ELBECQUE,POINT (50.66905 3.233952),3.233952,50.66905,1,,0,8988,,2,TOUFFLERS
arret_point.3998,3998,RYE001,Trieu Du Quesnoy,RUE DU TRIEU DE QUESNOY 59390 TOUFFLERS - AU DROIT DU N° 20,POINT (50.66895 3.232977),3.232977,50.66895,1,,0,8988,,1,TOUFFLERS
arret_point.4003,4003,BPO002,Bon Poste,RUE DU MARÉCHAL LECLERC 59390 TOUFFLERS - AU DROIT DU N° 135,POINT (50.66228 3.217488),3.217488,50.66228,1,,0,1711,,1,TOUFFLERS
arret_point.4006,4006,MTD001,Mont Saint Bernard,RUE DE ROUBAIX 59390 TOUFFLERS - AU DROIT DU N° 60,POINT (50.660682 3.225165),3.225165,50.660682,1,,0,1710,,2,TOUFFLERS
arret_point.4007,4007,TFF003,Toufflers Douane,RUE DES DEPORTES 59390 TOUFFLERS - A L OPPOSE DU N° 49,POINT (50.661222 3.232386),3.232386,50.661222,1,,0,1712,,1,TOUFFLERS
arret_point.4005,4005,PTO002,Place,RUE DE ROUBAIX 59390 TOUFFLERS - AU DROIT DU N°2,POINT (50.661203 3.228816),3.228816,50.661203,1,,0,1713,,2,TOUFFLERS
arret_point.4080,4080,CBE001,Colbert,RUE DE LA BIENFAISANCE 59200 TOURCOING - AU DROIT DU COLLÈGE COLBERT,POINT (50.725162 3.156748),3.156748,50.725162,1,,0,6588,,1,TOURCOING
arret_point.4083,4083,YOU002,Parc De L'Yser,RUE DE L'YSER 59200 TOURCOING -,POINT (50.743218 3.171407),3.171407,50.743218,1,,0,9098,,1,TOURCOING
arret_point.4096,4096,CAI001,Calais,RUE DE LA BLANCHE PORTE 59200 TOURCOING - A L'OPP DU N° 54,POINT (50.717382 3.151775),3.151775,50.717382,1,,0,1715,,2,TOURCOING
arret_point.4130,4130,HVO002,Hotel Voyageurs,RUE JEAN FROISSART 59200 TOURCOING - AU DROIT DU N° 12,POINT (50.724638 3.146354),3.146354,50.724638,1,,0,5960,,2,TOURCOING
arret_point.4088,4088,TGA002,Tourcoing Gare,PLACE PIERRE SEMARD 59200 TOURCOING - A L OPPOSE DU N° 11,POINT (50.717354 3.168135),3.168135,50.717354,1,,0,6983,,1,TOURCOING
arret_point.4093,4093,TAI001,Voltaire,RUE DU CLINQUET 59200 TOURCOING - A L OPPOSE DU N° 440,POINT (50.726528 3.128721),3.128721,50.726528,1,,0,1784,,1,TOURCOING
arret_point.4132,4132,PCE001,Carliers,BOULEVARD GAMBETTA 59200 TOURCOING - AU DROIT DU N° 84,POINT (50.711387 3.159206),3.159206,50.711387,1,,0,1816,,1,TOURCOING
arret_point.4094,4094,JAC001,Jacquard,RUE DES PIATS 59200 TOURCOING - AU DROIT DU N° 263,POINT (50.727609 3.175753),3.175753,50.727609,1,,0,1731,,2,TOURCOING
arret_point.4082,4082,HAN002,Hts De Neuville,RUE DE GAND 59200 TOURCOING - AU DROIT DU STADE,POINT (50.740164 3.163978),3.163978,50.740164,1,,0,5752,,1,TOURCOING
arret_point.4117,4117,TBR001,Brossolette,RUE DU BRUN PAIN 59200 TOURCOING - A L'OPPOSE DU N° 335,POINT (50.730305 3.134236),3.134236,50.730305,1,,0,5766,,1,TOURCOING
arret_point.4118,4118,TWA002,Watt,RUE DU BRUN PAIN 59200 TOURCOING - A L'OPPOSE DU N° 320,POINT (50.728732 3.136119),3.136119,50.728732,1,,0,1838,,1,TOURCOING
arret_point.4121,4121,REN002,Florence,BOULEVARD DE L'EGALITE 59200 TOURCOING - A L'OPPOSE DU N° 107,POINT (50.729763 3.167479),3.167479,50.729763,1,,0,6972,,2,TOURCOING
arret_point.4133,4133,CAM032,Ma Campagne,AVENUE DE LA MARNE 59200 TOURCOING - AU DROIT DU N° 24,POINT (50.709592 3.152509),3.152509,50.709592,1,,0,1874,,1,TOURCOING
arret_point.4102,4102,TNA001,La Forgette,RUE DE L' YSER 59200 TOURCOING - AU DROIT DU N° 332,POINT (50.746744 3.177771),3.177771,50.746744,1,,0,1865,,1,TOURCOING
arret_point.4092,4092,RNI001,Orions,RUE DU BRAIN PAIN 59200 TOURCOING - AU DROIT DU N°422,POINT (50.732548 3.13129),3.13129,50.732548,1,,0,1744,,1,TOURCOING
arret_point.4123,4123,TWA004,Watt,CHAUSSEE WATT 59200 TOURCOING - AU DROIT DU N°45,POINT (50.726606 3.134771),3.134771,50.726606,1,,0,1838,,1,TOURCOING
arret_point.4086,4086,ONS001,Conservatoire,RUE PAUL DOUMER 59200 TOURCOING - A L'OPPOSE DU N°5,POINT (50.724199 3.162583),3.162583,50.724199,1,,0,1800,,1,TOURCOING
arret_point.4089,4089,MER098,Mercure,BOULEVARD GAMBETTA 59200 TOURCOING - AU DROIT DU N°330,POINT (50.705153 3.160544),3.160544,50.705153,1,,0,1805,,1,TOURCOING
arret_point.4119,4119,BOU002,O. De Bousbecque,RUE ROBERT  SCHUMAN 59200 TOURCOING - A L'OPPOSÉ DU N° 210,POINT (50.741926 3.184658),3.184658,50.741926,1,,0,1845,,2,TOURCOING
arret_point.4095,4095,TBO099,Bourgogne,RUE SCHWEITZER 59200 TOURCOING - AU DROIT DE LA STATION,POINT (50.739646 3.179715),3.179715,50.739646,1,,0,1719,,1,TOURCOING
arret_point.4127,4127,PTN098,Pont De Neuville,59200 TOURCOING -,POINT (50.736791 3.170762),3.170762,50.736791,1,,0,8780,,1,TOURCOING
arret_point.4020,4020,LUR001,Denis Papin,CHAUSSEE DENIS PAPIN 59200 TOURCOING -,POINT (50.733452 3.144024),3.144024,50.733452,1,,0,7212,,2,TOURCOING
arret_point.4023,4023,PDN001,Pt De Neuville,RUE DE LA MALSENCE 59200 TOURCOING - A L'OPPOSE DU N° 421,POINT (50.736998 3.170709),3.170709,50.736998,1,,0,6522,,1,TOURCOING
arret_point.4009,4009,UQU002,Touquet,RUE MARCELIN BERTHELOT 59200 TOURCOING - AU DROIT DU PARKING INTERMARCH,POINT (50.722504 3.181262),3.181262,50.722504,1,,0,1867,,2,TOURCOING
arret_point.4032,4032,BTO001,Berthelot,CHAUSSEE BERTHELOT 59200 TOURCOING -,POINT (50.72448 3.182158),3.182158,50.72448,1,,0,1859,,1,TOURCOING
arret_point.4033,4033,COB099,Colbert,RUE DE GANG 59200 TOURCOING - AU DROIT DE LA STATION METRO,POINT (50.725349 3.156935),3.156935,50.725349,1,,0,7904,,1,TOURCOING
arret_point.4010,4010,LEF002,Les Francs,RUE DE PARIS 59200 TOURCOING - AU DROIT DU N° 122,POINT (50.719633 3.142246),3.142246,50.719633,1,,0,1803,,1,TOURCOING
arret_point.4021,4021,LYC001,Lycee Gambetta,BOULEVARD GAMBETTA 59200 TOURCOING -,POINT (50.712886 3.158977),3.158977,50.712886,1,,0,1829,,1,TOURCOING
arret_point.4018,4018,MIL004,Avenue Millet,RUE NATIONALE 59200 TOURCOING - AU DROIT DU N° 147,POINT (50.72485 3.149593),3.149593,50.72485,1,,0,1748,,1,TOURCOING
arret_point.4026,4026,ODO001,Berquier,RUE DE LA BRIQUETERIE 59200 TOURCOING - ANGLE RUE DE L YSER,POINT (50.746128 3.174749),3.174749,50.746128,1,,0,4484,,1,TOURCOING
arret_point.4040,4040,TGE001,Einstein,RUE DE PARIS 59200 TOURCOING - ANGLE RUE JEAN BART,POINT (50.717575 3.14015),3.14015,50.717575,1,,0,1833,,1,TOURCOING
arret_point.4019,4019,TPO001,Poste,AVENUE GUSTAVE DRON 59200 TOURCOING - AU DROIT DU N° 49,POINT (50.719236 3.16308),3.16308,50.719236,1,,0,1718,,1,TOURCOING
arret_point.4037,4037,JEA002,Jean Xxiii,RUE DU BLANC SEAU 59200 TOURCOING - A L'OPPOSE DU N° 217,POINT (50.704106 3.154793),3.154793,50.704106,1,,0,1722,,2,TOURCOING
arret_point.4038,4038,UQU001,Touquet,RUE MARCELIN BERTHELOT 59200 TOURCOING - AU DROIT DU N° 6,POINT (50.721992 3.181395),3.181395,50.721992,1,,0,1867,,1,TOURCOING
arret_point.4011,4011,HEN002,Hentges,RUE PAUL DOUMER 59200 TOURCOING - AU DROIT DU N° 41,POINT (50.725377 3.163549),3.163549,50.725377,1,,0,4472,,1,TOURCOING
arret_point.4012,4012,RXA001,Renaix,RUE DES PIATS 59200 TOURCOING - A L'OPPOSE DU N° 94,POINT (50.722411 3.171087),3.171087,50.722411,1,,0,1760,,1,TOURCOING
arret_point.4022,4022,OMN001,Omnibus,RUE DE ROUBAIX 59200 TOURCOING - À L'OPPOSÉ DU N° 99,POINT (50.712267 3.165762),3.165762,50.712267,1,,0,7116,,2,TOURCOING
arret_point.4034,4034,COB098,Colbert,RUE DE GAND 59200 TOURCOING - FACE A LA STATION METRO,POINT (50.725349 3.156935),3.156935,50.725349,1,,0,7904,,1,TOURCOING
arret_point.4035,4035,ORI004,Centre Commercial,RUE DE RONCQ 59200 TOURCOING - AU DROIT DU PARKING,POINT (50.739036 3.139125),3.139125,50.739036,1,,0,6354,,0,TOURCOING
arret_point.4015,4015,MIR002,Mirabeau,RUE ACHILLE TESTELIN 59200 TOURCOING - A L'OPPOSE DU N° 223,POINT (50.736098 3.188361),3.188361,50.736098,1,,0,1747,,1,TOURCOING
arret_point.4028,4028,TGA006,Tourcoing Gare,AVENUE GUSTAVE DRON 59200 TOURCOING - AU DROIT DU N°126,POINT (50.717165 3.166902),3.166902,50.717165,1,,0,6983,,1,TOURCOING
arret_point.4029,4029,GRA001,Egalite,BOULEVARD DE L'ÉGALITÉ 59200 TOURCOING - À L'OPPOSÉ DU N° 280,POINT (50.735435 3.168436),3.168436,50.735435,1,,0,5759,,1,TOURCOING
arret_point.4052,4052,TNA002,La Forgette,RUE DE L' YSER 59200 TOURCOING - A L OPPOSE DU N° 332,POINT (50.746605 3.177189),3.177189,50.746605,1,,0,1865,,1,TOURCOING
arret_point.4060,4060,PDN003,Pt De Neuville,RUE DE LA MALSENCE 59200 TOURCOING - AU DROIT DU N° 421,POINT (50.737044 3.170555),3.170555,50.737044,1,,0,6522,,1,TOURCOING
arret_point.4075,4075,AFR003,Anatole France,BOULEVARD D'HALLUIN 59200 TOURCOING - A L'OPP DU N° 48,POINT (50.731938 3.136919),3.136919,50.731938,1,,0,1876,,1,TOURCOING
arret_point.4045,4045,PLR020,Tourcoing Centre,PLACE CHARLES ROUSSEL 59200 TOURCOING - A L OPPOSE DU N° 15,POINT (50.721454 3.157267),3.157267,50.721454,1,,0,7124,,1,TOURCOING
arret_point.4061,4061,TGA005,Tourcoing Gare,AVENUE GUSTAVE DRON 59200 TOURCOING - A L OPPOSE DU N° 11,POINT (50.717305 3.167456),3.167456,50.717305,1,,0,6983,,1,TOURCOING
arret_point.4062,4062,DRO002,C.H. Dron,RUE GIDE 59200 TOURCOING - AU DROIT METRO CH DRON,POINT (50.743749 3.180378),3.180378,50.743749,1,,0,1736,,2,TOURCOING
arret_point.4069,4069,ERU001,Parc Clemenceau,RUE DE LA FIN DE LA GUERRE 59200 TOURCOING - À L'OPPOSÉ DU PARC CLÉMENCEAU,POINT (50.7274 3.149154),3.149154,50.7274,1,,0,1836,,1,TOURCOING
arret_point.4046,4046,ROI003,Roitelet,RUE DR SCHWEITZER 59200 TOURCOING - A L OPPOSE DU N° 5,POINT (50.738841 3.17539),3.17539,50.738841,1,,0,1789,,2,TOURCOING
arret_point.4053,4053,MIL003,Avenue Millet,RUE NATIONALE 59200 TOURCOING - A L'OPPOSE DU N° 149,POINT (50.72504 3.149385),3.149385,50.72504,1,,0,1748,,1,TOURCOING
arret_point.4067,4067,JEA001,Jean Xxiii,RUE DU BLANC SEAU 59200 TOURCOING - AU DROIT DU N° 195,POINT (50.704586 3.155436),3.155436,50.704586,1,,0,1722,,1,TOURCOING
arret_point.4077,4077,HVO001,Hotel Voyageurs,RUE JEAN FROISSART 59200 TOURCOING - AU DROIT DU N° 11,POINT (50.724773 3.146272),3.146272,50.724773,1,,0,5960,,2,TOURCOING
arret_point.4074,4074,ONS002,Conservatoire,RUE PAUL DOUMER 59200 TOURCOING - A L'OPPOSE DU N° 20,POINT (50.72438 3.162444),3.162444,50.72438,1,,0,1800,,2,TOURCOING
arret_point.4050,4050,PHY001,Pont Hydraulique,AVENUE DE LA MARNE 59200 TOURCOING - AU DROIT DU N° 1,POINT (50.712582 3.156203),3.156203,50.712582,1,,0,1746,,1,TOURCOING
arret_point.4044,4044,HOC002,Hoche,RUE DE PARIS 59200 TOURCOING - À L'OPPOSÉ DU N° 63,POINT (50.721792 3.144005),3.144005,50.721792,1,,0,4474,,2,TOURCOING
arret_point.4173,4173,FGU002,Fin De La Guerre,RUE FIN DE LA GUERRE 59200 TOURCOING - AU DROIT DU N° 155,POINT (50.729068 3.145084),3.145084,50.729068,1,,0,6947,,1,TOURCOING
arret_point.4174,4174,ANO002,Anor,RUE DU CLINQUET 59200 TOURCOING - AU DROIT DU N° 191,POINT (50.723784 3.137043),3.137043,50.723784,1,,0,1756,,1,TOURCOING
arret_point.4183,4183,AVS002,Avesnes,BOULEVARD DE L EGALITE 59200 TOURCOING - AU DROIT DU N°27,POINT (50.727545 3.166595),3.166595,50.727545,1,,0,7192,,1,TOURCOING
arret_point.4181,4181,VAU002,Vauban,RUE DU BLANC SEAU 59200 TOURCOING - AU DROIT DU N° 318,POINT (50.701721 3.153285),3.153285,50.701721,1,,0,1834,,2,TOURCOING
arret_point.4178,4178,LUR002,Denis Papin,CHAUSSEE DENIS PAPIN 59200 TOURCOING -,POINT (50.733071 3.143325),3.143325,50.733071,1,,0,7212,,1,TOURCOING
arret_point.4184,4184,ICT078,Victoire,PLACE DE LA VICTOIRE 59200 TOURCOING -,POINT (50.717293 3.157114),3.157114,50.717293,1,,0,7535,,1,TOURCOING
arret_point.4175,4175,DRO001,C.H. Dron,RUE GIDE 59200 TOURCOING - AU DROIT  METRO CH DRON,POINT (50.743523 3.180657),3.180657,50.743523,1,,0,1736,,2,TOURCOING
arret_point.4176,4176,FGU001,Fin De La Guerre,RUE FIN DE LA GUERRE 59200 TOURCOING - À L'OPPOSÉ DU N° 195,POINT (50.729431 3.144538),3.144538,50.729431,1,,0,6947,,1,TOURCOING
arret_point.4151,4151,TRE002,Curie,RUE ACHILLE TESTELIN 59200 TOURCOING - AU DROIT DU N°86,POINT (50.734091 3.184031),3.184031,50.734091,1,,0,5590,,1,TOURCOING
arret_point.4143,4143,TCL001,Clinquet,RUE BLAISE PASCAL 59200 TOURCOING - AU DROIT DU N° 2,POINT (50.725644 3.130898),3.130898,50.725644,1,,0,5589,,2,TOURCOING
arret_point.4167,4167,FLK001,Flocon,CHAUSSEE ALBERT EINSTEIN 59200 TOURCOING -,POINT (50.71142 3.148753),3.148753,50.71142,1,,0,6892,,1,TOURCOING
arret_point.4164,4164,ZPE001,Les Peupliers,CHAUSSEE ALBERT EINSTEIN 59200 TOURCOING - ANGLE RUE D ELBEUF,POINT (50.713827 3.145543),3.145543,50.713827,1,,0,7013,,1,TOURCOING
arret_point.4161,4161,TPO002,Poste,AVENUE GUSTAVE DRON 59200 TOURCOING - AU DROIT DU N° 56,POINT (50.718712 3.16365),3.16365,50.718712,1,,0,1718,,1,TOURCOING
arret_point.4139,4139,COE001,Sacre Coeur,BOULEVARD GAMBETTA 59200 TOURCOING - AU DROIT DU N° 44,POINT (50.714368 3.158747),3.158747,50.714368,1,,0,4463,,1,TOURCOING
arret_point.4141,4141,ICT001,Victoire,RUE EDOUARD SASSELANGE 59200 TOURCOING - AU DROIT DU N°31,POINT (50.71773 3.156273),3.156273,50.71773,1,,0,7535,,1,TOURCOING
arret_point.4155,4155,AIL003,Braille,RUE VOLTAIRE 59200 TOURCOING - AU DROIT DU N°55,POINT (50.729282 3.131436),3.131436,50.729282,1,,0,1750,,2,TOURCOING
arret_point.4163,4163,TOU222,Tourcoing Centre,59200 TOURCOING -,POINT (50.72086 3.158967),3.158967,50.72086,1,,0,6666,,1,TOURCOING
arret_point.4144,4144,DPA001,Lucie Aubrac,RUE FIN DE LA GUERRE 59200 TOURCOING - AU DROIT DU COLLEGE BRANLY,POINT (50.730161 3.141257),3.141257,50.730161,1,,0,7211,,1,TOURCOING
arret_point.4149,4149,MIL002,Avenue Millet,AVENUE JEAN MILLET 59200 TOURCOING - A L OPPOSE DU N° 3,POINT (50.725122 3.150573),3.150573,50.725122,1,,0,1748,,1,TOURCOING
arret_point.4158,4158,DRO098,C.H. Dron,59200 TOURCOING -,POINT (50.743874 3.180479),3.180479,50.743874,1,,0,1736,,1,TOURCOING
arret_point.4150,4150,RAC001,Racine,RUE RACINE 59200 TOURCOING - A L OPPOSE DU N° 243,POINT (50.737788 3.143529),3.143529,50.737788,1,,0,6985,,1,TOURCOING
arret_point.4166,4166,MRI002,Marliere,PLACE ALBERT THOMAS 59200 TOURCOING - A L OPPOSE DU N° 272,POINT (50.73729 3.189724),3.189724,50.73729,1,,0,1771,,2,TOURCOING
arret_point.4147,4147,REN001,Florence,BOULEVARD DE L'EGALITE 59200 TOURCOING - AU DROIT DU N° 85,POINT (50.72929 3.167161),3.167161,50.72929,1,,0,6972,,2,TOURCOING
arret_point.4231,4231,CPA002,Rue Des Champs,RUE DU BRUN PAIN 59200 TOURCOING - AU DROIT DU N° 99,POINT (50.725831 3.142191),3.142191,50.725831,1,,0,5763,,2,TOURCOING
arret_point.4224,4224,LYC002,Lycee Gambetta,BOULEVARD GAMBETTA 59200 TOURCOING -,POINT (50.71302 3.15912),3.15912,50.71302,1,,0,1829,,1,TOURCOING
arret_point.4213,4213,AUB001,Haubourdin,RUE DE DUNKERQUE 59200 TOURCOING - AU DROIT DU N° 110,POINT (50.717725 3.144617),3.144617,50.717725,1,,0,1798,,1,TOURCOING
arret_point.4214,4214,HAN001,Hts De Neuville,RUE DE GAND 59200 TOURCOING - AU DROIT DU N° 530,POINT (50.739603 3.163474),3.163474,50.739603,1,,0,5752,,1,TOURCOING
arret_point.4222,4222,PCE002,Carliers,BOULEVARD GAMBETTA 59200 TOURCOING - AU DROIT DU N° 203,POINT (50.71117 3.159443),3.159443,50.71117,1,,0,1816,,1,TOURCOING
arret_point.4215,4215,AFR004,Anatole France,BOULEVARD D'HALLUIN 59200 TOURCOING - AU DROIT DU N° 44/46,POINT (50.731948 3.13675),3.13675,50.731948,1,,0,1876,,1,TOURCOING
arret_point.4216,4216,PDN002,Pt De Neuville,RUE DU PONT DE NEUVILLE 59200 TOURCOING - A L'OPPOSE DU N° 251,POINT (50.736804 3.171596),3.171596,50.736804,1,,0,6522,,1,TOURCOING
arret_point.4223,4223,CAM001,Ma Campagne,AVENUE DE LA MARNE 59200 TOURCOING -,POINT (50.709907 3.152387),3.152387,50.709907,1,,0,1874,,2,TOURCOING
arret_point.4217,4217,JAC002,Jacquard,RUE DES PIATS 59200 TOURCOING - A L'OPP DU N° 263,POINT (50.727518 3.175977),3.175977,50.727518,1,,0,1731,,2,TOURCOING
arret_point.4218,4218,MIL001,Avenue Millet,AVENUE JEAN MILLET 59200 TOURCOING - AU DROIT DU N° 3,POINT (50.725156 3.150898),3.150898,50.725156,1,,0,1748,,1,TOURCOING
arret_point.4229,4229,PLR037,Tourcoing Centre,PLACE CHARLES ROUSSEL 59200 TOURCOING - A L OPPOSE DU N°11,POINT (50.721245 3.15773),3.15773,50.721245,1,,0,7124,,1,TOURCOING
arret_point.4187,4187,ANO001,Anor,RUE DU CLINQUET 59200 TOURCOING - A L'OPP DU N° 215,POINT (50.724077 3.136115),3.136115,50.724077,1,,0,1756,,2,TOURCOING
arret_point.4189,4189,PLR010,Tourcoing Centre,RUE FIDÈLE LEHOUCQ 59200 TOURCOING - A L OPPOSE DU N° 7,POINT (50.720592 3.158722),3.158722,50.720592,1,,0,7124,,1,TOURCOING
arret_point.4199,4199,TIL001,Tilleul,RUE LAFAYETTE 59200 TOURCOING - AU DROIT DU N° 2 BIS,POINT (50.718835 3.169374),3.169374,50.718835,1,,0,1779,,1,TOURCOING
arret_point.4232,4232,BOU001,O. De Bousbecque,RUE SCHUMAN 59200 TOURCOING - AU DROIT DU N° 214,POINT (50.74172 3.184584),3.184584,50.74172,1,,0,1845,,2,TOURCOING
arret_point.4220,4220,FRE002,Fresnoy,BOULEVARD DESCAT 59200 TOURCOING - À L'OPPOSÉ DU N° 147,POINT (50.699695 3.155723),3.155723,50.699695,1,,0,1804,,2,TOURCOING
arret_point.4204,4204,MIR001,Mirabeau,RUE ACHILLE TESTELIN 59200 TOURCOING - AU DROIT DU N° 227 BIS,POINT (50.73633 3.188464),3.188464,50.73633,1,,0,1747,,1,TOURCOING
arret_point.4230,4230,CAM021,Ma Campagne,AVENUE DE LA MARNE 59200 TOURCOING - AU DROIT DU N° 35 BIS,POINT (50.71 3.153307),3.153307,50.71,1,,0,1874,,1,TOURCOING
arret_point.4191,4191,AVS001,Avesnes,RUE D' AVESNES 59200 TOURCOING - AU DROIT DU N° 6,POINT (50.727526 3.16682),3.16682,50.727526,1,,0,7192,,1,TOURCOING
arret_point.4207,4207,VIL002,Villas,BOULEVARD DESCAT 59200 TOURCOING - AU DROIT DU N° 296,POINT (50.696311 3.152081),3.152081,50.696311,1,,0,1799,,2,TOURCOING
arret_point.4198,4198,COE002,Sacre Coeur,BOULEVARD GAMBETTA 59200 TOURCOING - AU DROIT DU N° 57,POINT (50.715031 3.158857),3.158857,50.715031,1,,0,4463,,1,TOURCOING
arret_point.4194,4194,ICT032,Victoire,59200 TOURCOING -,POINT (50.717779 3.156966),3.156966,50.717779,1,,0,1851,,1,TOURCOING
arret_point.4704,4704,FOC001,Foch,RUE LÉON BLUM 59150 WATTRELOS - AU DROIT DU N° 28,POINT (50.705155 3.231395),3.231395,50.705155,1,,0,2128,,2,WATTRELOS
arret_point.4238,4238,PMS001,Bicentenaire,RUE DU MARAIS 59152 TRESSIN - AU DROIT DU N° 9,POINT (50.621107 3.195583),3.195583,50.621107,1,,0,1883,,2,TRESSIN
arret_point.4236,4236,PNT003,P.N. De Tressin,ROUTE NATIONALE 59152 TRESSIN - AU DROIT DU N° 44,POINT (50.611436 3.191837),3.191837,50.611436,1,,0,1878,,1,TRESSIN
arret_point.4233,4233,PNT001,P.N. De Tressin,RUE PIERRE BRABANT 59152 TRESSIN - A L OPPOSE DU N° 20,POINT (50.612609 3.189474),3.189474,50.612609,1,,0,1878,,1,TRESSIN
arret_point.4235,4235,PNT002,P.N. De Tressin,RUE PIERRE BRABANT 59152 TRESSIN - A L OPPOSE DU N° 3,POINT (50.6132 3.189625),3.189625,50.6132,1,,0,1878,,2,TRESSIN
arret_point.4234,4234,PLS002,Place,RUE MARECHAL  LECLERC 59152 TRESSIN - A L'OPPOSE DU N° 17,POINT (50.617138 3.19223),3.19223,50.617138,1,,0,1879,,1,TRESSIN
arret_point.4242,4242,PNT004,P.N. De Tressin,ROUTE NATIONALE 59152 TRESSIN - A L'OPPOSE DU N° 36,POINT (50.611536 3.191542),3.191542,50.611536,1,,0,1878,,1,TRESSIN
arret_point.4240,4240,TGR002,Gressart,RUE DU MARAIS 59152 TRESSIN - AU DROIT DU N° 44,POINT (50.624082 3.196072),3.196072,50.624082,1,,0,1880,,2,TRESSIN
arret_point.4246,4246,VEN003,Eglise,RUE DE SECLIN 59175 VENDEVILLE - OPPOSE DU N°1,POINT (50.57625 3.081276),3.081276,50.57625,1,,0,1888,,2,VENDEVILLE
arret_point.4245,4245,VEZ002,Z I Vendeville,RUE DE SECLIN 59175 VENDEVILLE - A L'OPP DU N°4 (ETS MERCEDES),POINT (50.579274 3.085576),3.085576,50.579274,1,,0,1884,,2,VENDEVILLE
arret_point.4247,4247,VLL002,Mairie,RUE DE SECLIN 59175 VENDEVILLE - A L'OPP DU N° 60,POINT (50.575464 3.079109),3.079109,50.575464,1,,0,1885,,2,VENDEVILLE
arret_point.4249,4249,ORM002,Les Ormeaux,RUE DE SECLIN 59175 VENDEVILLE -,POINT (50.574451 3.074572),3.074572,50.574451,1,,0,1886,,2,VENDEVILLE
arret_point.4251,4251,VEZ001,Z I Vendeville,RUE DE SECLIN 59175 VENDEVILLE - AU DROIT ETS MERCEDES,POINT (50.578945 3.085134),3.085134,50.578945,1,,0,1884,,1,VENDEVILLE
arret_point.4253,4253,HME001,Hameau De L'Europe,RUE DE SECLIN 59175 VENDEVILLE - À L'OPP DU DÉMÉNAGEMENT MOREAU,POINT (50.573794 3.071871),3.071871,50.573794,1,,0,1887,,1,VENDEVILLE
arret_point.4262,4262,CHE002,Chemin De Sainghin,RUE D'YPRES 59237 VERLINGHEM - AU DROIT D UN CHAMP,POINT (50.699669 3.011314),3.011314,50.699669,1,,0,1896,,1,VERLINGHEM
arret_point.4255,4255,PPD001,Pompidou,RUE DE PERENCHIES 59237 VERLINGHEM -,POINT (50.682908 2.999158),2.999158,50.682908,1,,0,1889,,1,VERLINGHEM
arret_point.4257,4257,VCE002,Cheval Blanc,RUE DE PERENCHIES 59237 VERLINGHEM -,POINT (50.67968 2.995628),2.995628,50.67968,1,,0,4494,,2,VERLINGHEM
arret_point.4263,4263,VCE001,Cheval Blanc,RUE DE PERENCHIES 59237 VERLINGHEM - AU DROIT DU GARAGE RENAULT,POINT (50.680293 2.996766),2.996766,50.680293,1,,0,4494,,2,VERLINGHEM
arret_point.4266,4266,ONT002,Fontaine,RUE DE MESSINES 59237 VERLINGHEM -,POINT (50.686065 2.997562),2.997562,50.686065,1,,0,1894,,1,VERLINGHEM
arret_point.4366,4366,VCH002,Chateau,AVENUE DE LA CHATELLERIE 59650 VILLENEUVE D ASCQ - ANGLE ALLEE CHANTECLER,POINT (50.636195 3.135416),3.135416,50.636195,1,,0,7145,,1,VILLENEUVE D ASCQ
arret_point.4321,4321,4CA003,4 Cantons Stade,RUE DES CARRIERES 59650 VILLENEUVE D ASCQ - AU DROIT DE LA STATION DE METR,POINT (50.605499 3.139422),3.139422,50.605499,1,,0,4704,,1,VILLENEUVE D ASCQ
arret_point.4341,4341,FLM001,Flers Masquelier,RUE JULES GUESDE 59650 VILLENEUVE D ASCQ - AU DROIT DU N° 171,POINT (50.638056 3.124965),3.124965,50.638056,1,,0,7075,,1,VILLENEUVE D ASCQ
arret_point.4362,4362,BDM003,Boulevard De Mons,RUE PARMENTIER 59650 VILLENEUVE D ASCQ - AU DROIT DE SAD MARKETING,POINT (50.644105 3.135725),3.135725,50.644105,1,,0,1973,,2,VILLENEUVE D ASCQ
arret_point.4337,4337,PAT002,Parmentier,RUE JULES GUESDE 59650 VILLENEUVE D ASCQ - AU DROIT DU N° 337,POINT (50.639084 3.134009),3.134009,50.639084,1,,0,1962,,2,VILLENEUVE D ASCQ
arret_point.4346,4346,RBE001,Faidherbe,RUE JULES GUESDE 59650 VILLENEUVE D ASCQ - AU DROIT DU N° 225,POINT (50.639 3.12742),3.12742,50.639,1,,0,5275,,1,VILLENEUVE D ASCQ
arret_point.4322,4322,HOZ003,Horizon,RUE HARRISSON 59650 VILLENEUVE D ASCQ - ANGLE RUE HORACE,POINT (50.605027 3.157938),3.157938,50.605027,1,,0,1928,,2,VILLENEUVE D ASCQ
arret_point.4357,4357,RDI001,Rondeloir,AVENUE DE LA RECONNAISSANCE 59650 VILLENEUVE D ASCQ - AVANT L'ANGLE RUE DU RONDELOIR,POINT (50.650596 3.148668),3.148668,50.650596,1,,0,9058,,1,VILLENEUVE D ASCQ
arret_point.4330,4330,CIM001,Cimaise,RUE DE LA CIMAISE 59650 VILLENEUVE D ASCQ - A L OPPOSE DU N° 220,POINT (50.646289 3.15015),3.15015,50.646289,1,,0,4333,,1,VILLENEUVE D ASCQ
arret_point.4367,4367,CCO001,Vda C. Cial,BOULEVARD DE L OUEST 59650 VILLENEUVE D ASCQ - AU DROIT DU N° 150,POINT (50.636227 3.122044),3.122044,50.636227,1,,0,9092,,2,VILLENEUVE D ASCQ
arret_point.4368,4368,CCO002,Vda C. Cial,BOULEVARD DE L OUEST 59650 VILLENEUVE D ASCQ - ANGLE RUE JULES GUESDE,POINT (50.637656 3.121658),3.121658,50.637656,1,,0,9092,,2,VILLENEUVE D ASCQ
arret_point.4325,4325,STU002,Stadium,AVENUE DE LA CHATELLERIE 59650 VILLENEUVE D ASCQ - A L'OPPOSE DU N° 3,POINT (50.630801 3.134399),3.134399,50.630801,1,,0,1901,,1,VILLENEUVE D ASCQ
arret_point.4339,4339,UEI003,Iut Recueil,RUE DE LA RECHERCHE 59650 VILLENEUVE D ASCQ - AU DROIT DU N° 2,POINT (50.649122 3.158648),3.158648,50.649122,1,,0,5405,,2,VILLENEUVE D ASCQ
arret_point.4340,4340,UEI002,Iut Recueil,RUE DE LA RECHERCHE 59650 VILLENEUVE D ASCQ - A L OPPOSE DU N° 11,POINT (50.649449 3.157948),3.157948,50.649449,1,,0,5405,,2,VILLENEUVE D ASCQ
arret_point.4344,4344,PDB001,Pont De Bois,RUE BAUDOUIN IX 59650 VILLENEUVE D ASCQ - AU DROIT DE LA STATION,POINT (50.624549 3.127403),3.127403,50.624549,1,,0,1971,,1,VILLENEUVE D ASCQ
arret_point.4372,4372,BOI012,Bois Blancs,RUE YVES DECUGIS 59650 VILLENEUVE D ASCQ - AU DROIT DU N° 101,POINT (50.619391 3.142621),3.142621,50.619391,1,,0,1914,,1,VILLENEUVE D ASCQ
arret_point.4323,4323,4CA001,4 Cantons Stade,AVENUE PAUL LANGEVIN 59650 VILLENEUVE D ASCQ - AU DROIT DE LA STATION DE METR,POINT (50.605614 3.139608),3.139608,50.605614,1,,0,4704,,1,VILLENEUVE D ASCQ
arret_point.4326,4326,MUS005,Musee Du Terroir,RUE 8 MAI 1945 59650 VILLENEUVE D ASCQ -,POINT (50.627129 3.154154),3.154154,50.627129,1,,0,1916,,1,VILLENEUVE D ASCQ
arret_point.4327,4327,BET001,Jean Jaures,BOULEVARD ALBERT 1ER 59650 VILLENEUVE D ASCQ - A L'OPPOSE DU N° 31,POINT (50.658868 3.135933),3.135933,50.658868,1,,0,6699,,1,VILLENEUVE D ASCQ
arret_point.4328,4328,RBT001,College Rimbaud,RUE GASTON BARATTE 59650 VILLENEUVE D ASCQ - AU DROIT DU COLLEGE,POINT (50.618118 3.157546),3.157546,50.618118,1,,0,1986,,1,VILLENEUVE D ASCQ
arret_point.4349,4349,COA002,Cocteau,RUE COCTEAU 59650 VILLENEUVE D ASCQ - AVT ANGLE R DE LA CONTRESCARPE,POINT (50.645043 3.164915),3.164915,50.645043,1,,0,1930,,1,VILLENEUVE D ASCQ
arret_point.4332,4332,CRT098,8 Mai 1945,RUE 8 MAI 1945 59650 VILLENEUVE D ASCQ -,POINT (50.640702 3.155406),3.155406,50.640702,1,,0,6385,,2,VILLENEUVE D ASCQ
arret_point.4370,4370,4CA098,4 Cantons Stade P. Mauroy,SOUS LA VOUTE 59650 VILLENEUVE D ASCQ - AU DROIT DE LA STATION METRO,POINT (50.605423 3.13866),3.13866,50.605423,1,,0,4703,,1,VILLENEUVE D ASCQ
arret_point.4361,4361,CSN005,La Chesnaie,AVENUE DU PONT DE BOIS 59650 VILLENEUVE D ASCQ - AU DROIT DU PARKING,POINT (50.627174 3.130801),3.130801,50.627174,1,,0,4340,,1,VILLENEUVE D ASCQ
arret_point.4271,4271,PAU002,L.A.M.,AVENUE DE CANTELEU 59650 VILLENEUVE D ASCQ - A L'OPPOSE DU N°61,POINT (50.638389 3.148414),3.148414,50.638389,1,,0,1995,,1,VILLENEUVE D ASCQ
arret_point.4282,4282,AQC002,Ascq 4 Chemins,RUE DES FUSILLEES 59650 VILLENEUVE D ASCQ - AU DROIT DU 122,POINT (50.614688 3.155333),3.155333,50.614688,1,,0,5643,,2,VILLENEUVE D ASCQ
arret_point.4280,4280,GEN002,Gendarmerie,BOULEVARD DE MONS 59650 VILLENEUVE D ASCQ - AU DROIT DE LA GENDARMERIE,POINT (50.646483 3.129937),3.129937,50.646483,1,,0,7079,,2,VILLENEUVE D ASCQ
arret_point.4281,4281,LFG002,Lafargue,RUE JEAN JAURES 59650 VILLENEUVE D ASCQ - AU DROIT DU N°237,POINT (50.668708 3.142922),3.142922,50.668708,1,,0,1917,,2,VILLENEUVE D ASCQ
arret_point.4276,4276,PAB002,Pave Bleu,RUE DU PAVE BLEU 59650 VILLENEUVE D ASCQ - ANGLE 2 RUE DU PETIT PONT,POINT (50.645945 3.135543),3.135543,50.645945,1,,0,2014,,2,VILLENEUVE D ASCQ
arret_point.4274,4274,CIM002,Cimaise,RUE DE LA CIMAISE 59650 VILLENEUVE D ASCQ - AU DROIT DU N° 220,POINT (50.64615 3.150811),3.150811,50.64615,1,,0,4333,,2,VILLENEUVE D ASCQ
arret_point.4270,4270,COC012,Comices,RUE DES COMICES 59650 VILLENEUVE D ASCQ - AU DROIT DU N° 34,POINT (50.64155 3.15329),3.15329,50.64155,1,,0,7060,,1,VILLENEUVE D ASCQ
arret_point.4299,4299,TMI011,Tremiere,RUE DES TECHNIQUES 59650 VILLENEUVE D ASCQ - A L OPPOSE DU N° 4,POINT (50.619746 3.137691),3.137691,50.619746,1,,0,6920,,1,VILLENEUVE D ASCQ
arret_point.4308,4308,MOA001,Montalembert,BOULEVARD MONTALEMBERT 59650 VILLENEUVE D ASCQ - AU DROIT DU N° 15,POINT (50.625038 3.158294),3.158294,50.625038,1,,0,1934,,1,VILLENEUVE D ASCQ
arret_point.4836,4836,CPH001,Chapelle,7700 MOUSCRON BELGIQUE -,POINT (50.726509 3.231636),3.231636,50.726509,1,,0,2489,,0,MOUSCRON BELGIQUE
arret_point.4288,4288,FLO001,Florence,RUE FLORENCE 59650 VILLENEUVE D ASCQ - AU DROIT DU GROUPE SCOLAIRE,POINT (50.63204 3.125843),3.125843,50.63204,1,,0,1961,,1,VILLENEUVE D ASCQ
arret_point.4293,4293,BOI011,Bois Blancs,RUE CLAUDE DEBUSSY 59650 VILLENEUVE D ASCQ - AU DROIT DU N° 12,POINT (50.619918 3.140246),3.140246,50.619918,1,,0,1914,,1,VILLENEUVE D ASCQ
arret_point.4294,4294,COO001,Louis Constant,RUE LOUIS CONSTANT 59650 VILLENEUVE D ASCQ - À L'OPPOSÉ DU N° 31,POINT (50.655394 3.13774),3.13774,50.655394,1,,0,1957,,2,VILLENEUVE D ASCQ
arret_point.4305,4305,PET001,Petit Boulevard,RUE DE LILLE 59650 VILLENEUVE D ASCQ - A L'OPPOSE DU N° 145,POINT (50.6259 3.144686),3.144686,50.6259,1,,0,1921,,1,VILLENEUVE D ASCQ
arret_point.4309,4309,LCT002,Lac De Canteleu,RUE DU 8 MAI 45 59650 VILLENEUVE D ASCQ - AU DROIT DE LA HALLE CANTELEU,POINT (50.635849 3.155482),3.155482,50.635849,1,,0,5604,,1,VILLENEUVE D ASCQ
arret_point.4315,4315,MUS001,Musee Du Terroir,RUE DU HUIT MAI 45 59650 VILLENEUVE D ASCQ - ANGLE RUE PASTEUR,POINT (50.625609 3.153396),3.153396,50.625609,1,,0,1916,,2,VILLENEUVE D ASCQ
arret_point.2428,2428,LPC098,Bois Blancs,59130 LAMBERSART -,POINT (50.634125 3.030981),3.030981,50.634125,1,,0,971,,1,LAMBERSART
arret_point.4284,4284,SNO042,Le Sart,AVENUE DE FLANDRE 59650 VILLENEUVE D ASCQ - AU DROIT DU N° 17 A 21,POINT (50.66331 3.13846),3.13846,50.66331,1,,0,1982,,1,VILLENEUVE D ASCQ
arret_point.4285,4285,SNO031,Le Sart,AVENUE DE FLANDRE 59650 VILLENEUVE D ASCQ - AU DROIT DU N° 20 A 24,POINT (50.663187 3.139446),3.139446,50.663187,1,,0,1982,,1,VILLENEUVE D ASCQ
arret_point.4300,4300,CRT099,8 Mai 1945,RUE 8 MAI 1945 59650 VILLENEUVE D ASCQ - AU DROIT DU N° 126,POINT (50.640808 3.155718),3.155718,50.640808,1,,0,6385,,2,VILLENEUVE D ASCQ
arret_point.4310,4310,HDV018,Hotel De Ville,STATION DE METRO 59650 VILLENEUVE D ASCQ - CARREFOUR RUE VERTE,POINT (50.619525 3.130355),3.130355,50.619525,1,,0,1942,,1,VILLENEUVE D ASCQ
arret_point.4320,4320,ANP001,Poste D'Annappes,RUE DE LILLE 59650 VILLENEUVE D ASCQ - AU DROIT DU N° 90,POINT (50.625004 3.147252),3.147252,50.625004,1,,0,2007,,1,VILLENEUVE D ASCQ
arret_point.4296,4296,RDU002,Residence Univer,AVENUE DU PONT DE BOIS 59650 VILLENEUVE D ASCQ - AVANT ANGLE CHEM. PRIEURÉ,POINT (50.626553 3.122583),3.122583,50.626553,1,,0,9069,,2,VILLENEUVE D ASCQ
arret_point.4297,4297,RDU001,Residence Univer,AVENUE DU PONT DE BOIS 59650 VILLENEUVE D ASCQ -,POINT (50.627315 3.122751),3.122751,50.627315,1,,0,9069,,2,VILLENEUVE D ASCQ
arret_point.4302,4302,LFG001,Lafargue,RUE JEAN JAURES 59650 VILLENEUVE D ASCQ - AU DROIT DU N° 220,POINT (50.668957 3.143222),3.143222,50.668957,1,,0,1917,,2,VILLENEUVE D ASCQ
arret_point.4318,4318,4CA002,4 Cantons Stade,RUE DES CARRIERES 59650 VILLENEUVE D ASCQ - AU DROIT DE LA STATION,POINT (50.605239 3.13932),3.13932,50.605239,1,,0,4704,,1,VILLENEUVE D ASCQ
arret_point.4431,4431,AQC001,Ascq 4 Chemins,RUE DES FUSILLES 59650 VILLENEUVE D ASCQ - AU DROIT DU N° 131,POINT (50.614869 3.155124),3.155124,50.614869,1,,0,5643,,2,VILLENEUVE D ASCQ
arret_point.4426,4426,VCH001,Chateau,AVENUE DE LA CHATELERIE 59650 VILLENEUVE D ASCQ - 50 M AVANT ALLEE CHANTECLERC,POINT (50.63624 3.135473),3.135473,50.63624,1,,0,7145,,1,VILLENEUVE D ASCQ
arret_point.4429,4429,TIO098,Triolo,59650 VILLENEUVE D ASCQ -,POINT (50.616294 3.14164),3.14164,50.616294,1,,0,1903,,1,VILLENEUVE D ASCQ
arret_point.4441,4441,ESD011,Residence,BOULEVARD BIZET 59650 VILLENEUVE D ASCQ - À L'OPPOSÉ DU N° 24,POINT (50.620627 3.144417),3.144417,50.620627,1,,0,4344,,1,VILLENEUVE D ASCQ
arret_point.4436,4436,CUI001,Rue De Lannoy,RUE DE LANNOY 59650 VILLENEUVE D ASCQ - 50M AVANT RUE DE LA RECHERCHE,POINT (50.649068 3.161342),3.161342,50.649068,1,,0,9122,,1,VILLENEUVE D ASCQ
arret_point.4427,4427,RBA001,Rue De Babylone,BOULEVARD ALBERT 1 ER 59650 VILLENEUVE D ASCQ - A L'OPPOSE DU N° 55,POINT (50.657293 3.140889),3.140889,50.657293,1,,0,2010,,2,VILLENEUVE D ASCQ
arret_point.4438,4438,PDB004,Pont De Bois,RUE BAUDOUIN IX 59650 VILLENEUVE D ASCQ - STATION METRO PONT DE BOIS,POINT (50.624806 3.127957),3.127957,50.624806,1,,0,1971,,1,VILLENEUVE D ASCQ
arret_point.4433,4433,LEY001,Haley,AVENUE DU HALEY 59650 VILLENEUVE D ASCQ - A L OPPOSE DU N° 30,POINT (50.605414 3.149585),3.149585,50.605414,1,,0,7193,,2,VILLENEUVE D ASCQ
arret_point.4434,4434,HMN001,Harmonie,AVENUE DE L'HARMONIE 59650 VILLENEUVE D ASCQ - AU DROIT DE VERISURE,POINT (50.602959 3.153294),3.153294,50.602959,1,,0,7014,,2,VILLENEUVE D ASCQ
arret_point.4425,4425,RQU003,La Marque,RUE DE LA CIMAISE 59650 VILLENEUVE D ASCQ - AU DROIT DU N° 15,POINT (50.640749 3.148198),3.148198,50.640749,1,,0,6837,,1,VILLENEUVE D ASCQ
arret_point.4435,4435,COA001,Cocteau,RUE COCTEAU 59650 VILLENEUVE D ASCQ - APS ANGLE R DE LA CONTRESCARPE,POINT (50.645086 3.165156),3.165156,50.645086,1,,0,1930,,1,VILLENEUVE D ASCQ
arret_point.4442,4442,HNE001,Haute Borne,AVENUE DE L HORIZON 59650 VILLENEUVE D ASCQ - AU DROIT DU N° 5,POINT (50.608022 3.154124),3.154124,50.608022,1,,0,4356,,1,VILLENEUVE D ASCQ
arret_point.4443,4443,HIS002,Harrison,AVENUE HARRISON 59650 VILLENEUVE D ASCQ - AU DROIT DES APPART' BLANCS,POINT (50.606466 3.162853),3.162853,50.606466,1,,0,7818,,1,VILLENEUVE D ASCQ
arret_point.4405,4405,PAU001,L.A.M.,AVENUE CANTELEU 59650 VILLENEUVE D ASCQ - AU DROIT DU N° 63,POINT (50.6389 3.148436),3.148436,50.6389,1,,0,1995,,1,VILLENEUVE D ASCQ
arret_point.4413,4413,ELA001,Epoux Labrousse,RUE DES ÉPOUX LABROUSSE 59650 VILLENEUVE D ASCQ - A L OPPOSE DU N° 24,POINT (50.623155 3.126521),3.126521,50.623155,1,,0,5294,,1,VILLENEUVE D ASCQ
arret_point.4407,4407,PDB006,Pont De Bois,RUE DU PONT DE BOIS 59650 VILLENEUVE D ASCQ - PASSERELLE LILLE 3,POINT (50.625816 3.128424),3.128424,50.625816,1,,0,1971,,1,VILLENEUVE D ASCQ
arret_point.4383,4383,LAD001,Ladriere,RUE DE FIVES 59650 VILLENEUVE D ASCQ - A L'OPP DU N° 70,POINT (50.630911 3.128547),3.128547,50.630911,1,,0,1900,,1,VILLENEUVE D ASCQ
arret_point.4384,4384,BOD011,Bouderiez,BOULEVARD BIEZT 59650 VILLENEUVE D ASCQ - AU DROIT DE LA PHARMACIE,POINT (50.619143 3.147735),3.147735,50.619143,1,,0,1958,,1,VILLENEUVE D ASCQ
arret_point.4402,4402,RDI002,Rondeloir,AVENUE DE LA RECONNAISSANCE 59650 VILLENEUVE D ASCQ - APRÈS L'ANGLE RUE DU RONDELOIR,POINT (50.650558 3.148936),3.148936,50.650558,1,,0,9058,,1,VILLENEUVE D ASCQ
arret_point.4410,4410,HVA004,Valmy,BOULEVARD DE VALMY 59650 VILLENEUVE D ASCQ - A L'OPPOSE DU N°41,POINT (50.616435 3.13228),3.13228,50.616435,1,,0,6858,,1,VILLENEUVE D ASCQ
arret_point.4378,4378,GRU001,Grand Ruage,RUE COLBERT 59650 VILLENEUVE D ASCQ - AU DROIT DU N° 114,POINT (50.61799 3.173914),3.173914,50.61799,1,,0,5646,,1,VILLENEUVE D ASCQ
arret_point.4423,4423,VAH002,Hopital Prive,AVENUE DE LA RECONNAISSANCE 59650 VILLENEUVE D ASCQ - AU DROIT DU N° 20,POINT (50.653703 3.150906),3.150906,50.653703,1,,0,4534,,1,VILLENEUVE D ASCQ
arret_point.4424,4424,VAH001,Hopital Prive,AVENUE DE LA RECONNAISSANCE 59650 VILLENEUVE D ASCQ - A L'OPPOSE DU N° 20,POINT (50.65323 3.150461),3.150461,50.65323,1,,0,4534,,1,VILLENEUVE D ASCQ
arret_point.4391,4391,ANN002,Republique,RUE PASTEUR 59650 VILLENEUVE D ASCQ - AU DROIT DU N° 2,POINT (50.626453 3.150632),3.150632,50.626453,1,,0,5600,,2,VILLENEUVE D ASCQ
arret_point.4420,4420,NTB001,Note Bleue,RUE DE LA RECHERCHE 59650 VILLENEUVE D ASCQ - ANGLE CHEMIN DE LA NOTE BLEUE,POINT (50.649177 3.152934),3.152934,50.649177,1,,0,5648,,2,VILLENEUVE D ASCQ
arret_point.4375,4375,SSU001,Le Sart Sud,RUE JEAN JAURES 59650 VILLENEUVE D ASCQ - AU DROIT DU N° 120 BIS,POINT (50.662353 3.138063),3.138063,50.662353,1,,0,5415,,1,VILLENEUVE D ASCQ
arret_point.4392,4392,COU012,Cousinerie,RUE DU 8 MAI 45 59650 VILLENEUVE D ASCQ - À L'OPPOSÉ RUE DE LA CIMAISE,POINT (50.644583 3.158559),3.158559,50.644583,1,,0,4337,,2,VILLENEUVE D ASCQ
arret_point.4416,4416,VGE002,Verger,AVENUE DU HALLEY 59650 VILLENEUVE D ASCQ - AU DROIT DU N° 40,POINT (50.605023 3.147633),3.147633,50.605023,1,,0,1983,,1,VILLENEUVE D ASCQ
arret_point.4379,4379,MAS001,Massena,BOULEVARD MONTALEMBERT 59650 VILLENEUVE D ASCQ - A L'OPPOSE DU N°92,POINT (50.623251 3.162679),3.162679,50.623251,1,,0,7099,,2,VILLENEUVE D ASCQ
arret_point.4394,4394,VGE001,Verger,AVENUE DU HALLEY 59650 VILLENEUVE D ASCQ - A L OPPOSE DU N° 40,POINT (50.604917 3.147378),3.147378,50.604917,1,,0,1983,,1,VILLENEUVE D ASCQ
arret_point.4464,4464,HMN002,Harmonie,AVENUE DE L'HARMONIE 59650 VILLENEUVE D ASCQ - A L OPPOSE DU N° 30,POINT (50.603119 3.153424),3.153424,50.603119,1,,0,7014,,1,VILLENEUVE D ASCQ
arret_point.4473,4473,HIS001,Harrison,AVENUE HARRISON 59650 VILLENEUVE D ASCQ - AU DROIT DU PARKING,POINT (50.606286 3.162878),3.162878,50.606286,1,,0,7818,,2,VILLENEUVE D ASCQ
arret_point.4452,4452,BAU001,Baudouin Ix,RUE BAUDOUIN IX 59650 VILLENEUVE D ASCQ - ANGLE RUE DE LILLE,POINT (50.62728 3.139391),3.139391,50.62728,1,,0,1963,,1,VILLENEUVE D ASCQ
arret_point.4449,4449,PDB020,Pont De Bois,AVENUE BAUDOUIN IX 59650 VILLENEUVE D ASCQ - DANS LE POLE D ECHANGE,POINT (50.624581 3.127953),3.127953,50.624581,1,,0,1971,,1,VILLENEUVE D ASCQ
arret_point.4474,4474,BOD012,Bouderiez,BOULEVARD GEORGES BIZET 59650 VILLENEUVE D ASCQ - AU DROIT DU N° 62,POINT (50.618935 3.147929),3.147929,50.618935,1,,0,1958,,2,VILLENEUVE D ASCQ
arret_point.4457,4457,RIO001,Brigode,RUE DU 8 MAI 45 59650 VILLENEUVE D ASCQ - ANGLE AVENUE DU BOIS,POINT (50.630894 3.154625),3.154625,50.630894,1,,0,5607,,1,VILLENEUVE D ASCQ
arret_point.4459,4459,CLL012,Courtilles,RUE DES COMICES 59650 VILLENEUVE D ASCQ - ANGLE ALLEE DES COMPAGNONS,POINT (50.644124 3.154771),3.154771,50.644124,1,,0,1989,,1,VILLENEUVE D ASCQ
arret_point.4460,4460,VVA002,Valmy,RUE ENTRE DEUX VILLES 59650 VILLENEUVE D ASCQ - AU DROIT DU N° 4,POINT (50.616748 3.133893),3.133893,50.616748,1,,0,6858,,2,VILLENEUVE D ASCQ
arret_point.4461,4461,PRS098,Les Pres-E. Pisani,BOULEVARD DE L'OUEST 59650 VILLENEUVE D ASCQ - AU DROIT DE LA STATION METRO,POINT (50.650345 3.126386),3.126386,50.650345,1,,0,1968,,1,VILLENEUVE D ASCQ
arret_point.4462,4462,CHA002,Chanterelle,AVENUE CHAMPOLLION 59650 VILLENEUVE D ASCQ - ANGLE RUE DE LA CHANTERELLE,POINT (50.638377 3.139188),3.139188,50.638377,1,,0,7057,,1,VILLENEUVE D ASCQ
arret_point.4446,4446,ARE001,Jean Jaures,RUE JEAN JAURES 59650 VILLENEUVE D ASCQ - AU DROIT DE LA STATION METRO,POINT (50.658768 3.134859),3.134859,50.658768,1,,0,6699,,1,VILLENEUVE D ASCQ
arret_point.4463,4463,TIE001,Rue Thiers,RUE DES FUSILLES 59650 VILLENEUVE D ASCQ - AU DROIT DU N° 418,POINT (50.608797 3.17369),3.17369,50.608797,1,,0,7650,,1,VILLENEUVE D ASCQ
arret_point.4469,4469,ESD012,Residence,BOULEVARD DU BIZET 59650 VILLENEUVE D ASCQ - AU DROIT DU N° 28,POINT (50.620256 3.144792),3.144792,50.620256,1,,0,4344,,2,VILLENEUVE D ASCQ
arret_point.4500,4500,WCV001,Cavle,RUE DU GENERAL LECLERC 59118 WAMBRECHIES -,POINT (50.686349 3.049765),3.049765,50.686349,1,,0,5907,,1,WAMBRECHIES
arret_point.4506,4506,CLB002,Le Colombier,ROUTE DE BONDUES 59118 WAMBRECHIES - AU DROIT TERRAIN DE FOOT,POINT (50.694428 3.054992),3.054992,50.694428,1,,0,6840,,1,WAMBRECHIES
arret_point.4504,4504,CMF001,Chemin Du Fort,RUE D'YPRES 59118 WAMBRECHIES - A L'OPP D'UNE PATURE,POINT (50.695097 3.020742),3.020742,50.695097,1,,0,2021,,1,WAMBRECHIES
arret_point.4495,4495,MMI001,Maisons Militaires,RUE  D'YPRES 59118 WAMBRECHIES -,POINT (50.692059 3.028411),3.028411,50.692059,1,,0,2022,,1,WAMBRECHIES
arret_point.4501,4501,PPL002,Plat Pays,CHEMIN DU BAS PLAT 59118 WAMBRECHIES - AU CROIS DE L'AVE DU PLAT PAYS,POINT (50.707261 3.067578),3.067578,50.707261,1,,0,5912,,2,WAMBRECHIES
arret_point.4502,4502,CLB001,Le Colombier,ROUTE DE BONDUES 59118 WAMBRECHIES - 10 M APRES CROIS DE,POINT (50.694577 3.055559),3.055559,50.694577,1,,0,6840,,1,WAMBRECHIES
arret_point.4505,4505,BIH001,Le Bihamel,ROUTE DE QUESNOY 59118 WAMBRECHIES - AU DROIT CH. DU BIHAMEL,POINT (50.694787 3.045521),3.045521,50.694787,1,,0,5857,,2,WAMBRECHIES
arret_point.4480,4480,SCP001,Le Complivois,RUE DE QUESNOY 59118 WAMBRECHIES -,POINT (50.68946 3.05629),3.05629,50.68946,1,,0,2035,,1,WAMBRECHIES
arret_point.4476,4476,MMI002,Maisons Militaires,RUE D'YPRES 59118 WAMBRECHIES -,POINT (50.69146 3.02956),3.02956,50.69146,1,,0,2022,,1,WAMBRECHIES
arret_point.4475,4475,ZMO001,P.A. Du Moulin,RUE DE MARQUETTE 59118 WAMBRECHIES - A L'OPPOSE DE LIDL,POINT (50.684934 3.060277),3.060277,50.684934,1,,0,2031,,1,WAMBRECHIES
arret_point.4477,4477,WAM092,Agrippin,AVENUE DU MAIRE CATTEAU 59118 WAMBRECHIES -,POINT (50.68692 3.037757),3.037757,50.68692,1,,0,2026,,0,WAMBRECHIES
arret_point.4479,4479,GHE001,Ghesquiere,AVENUE DU MAIRE CATTEAU 59118 WAMBRECHIES - AU DROIT DU N° 83,POINT (50.685549 3.04227),3.04227,50.685549,1,,0,5863,,1,WAMBRECHIES
arret_point.4486,4486,PEP001,Petit Paradis,AVENUE DU MARÉCHAL FOCH 59118 WAMBRECHIES - A L'OPP DU N° 6 IMMEUBLE,POINT (50.682451 3.052208),3.052208,50.682451,1,,0,2019,,1,WAMBRECHIES
arret_point.4493,4493,GHE002,Ghesquiere,AVENUE DU MAIRE CATTEAU 59118 WAMBRECHIES - À L'OPPOSÉ DU N° 75,POINT (50.685581 3.042976),3.042976,50.685581,1,,0,5863,,1,WAMBRECHIES
arret_point.4488,4488,BOV002,Bouverie,RUE DE MARQUETTE 59118 WAMBRECHIES - AU DROIT DU N° 290,POINT (50.686736 3.058948),3.058948,50.686736,1,,0,2028,,2,WAMBRECHIES
arret_point.4484,4484,ERA001,Pare,AVENUE DU MAIRE CATTEAU 59118 WAMBRECHIES - À L'OPPOSÉ DU CARREFOUR CITY,POINT (50.684248 3.045471),3.045471,50.684248,1,,0,2036,,1,WAMBRECHIES
arret_point.4491,4491,CAW002,Mairie,AVENUE FOCH 59118 WAMBRECHIES - À L'OPPOSÉ DU N° 4,POINT (50.686968 3.052851),3.052851,50.686968,1,,0,2030,,1,WAMBRECHIES
arret_point.4482,4482,WAY001,Chateau,RUE DE ROBERSART 59118 WAMBRECHIES - A L'OPPOSE DU CHATEAU,POINT (50.686508 3.053438),3.053438,50.686508,1,,0,6289,,1,WAMBRECHIES
arret_point.4517,4517,BOV001,Bouverie,RUE DE MARQUETTE 59118 WAMBRECHIES - AU DROIT DU N° 287,POINT (50.686807 3.059104),3.059104,50.686807,1,,0,2028,,2,WAMBRECHIES
arret_point.4518,4518,RUL002,Route De Linselles,59118 WAMBRECHIES -,POINT (50.709441 3.061423),3.061423,50.709441,1,,0,2025,,0,WAMBRECHIES
arret_point.4519,4519,WBG002,Gare,RUE D'YPRES 59118 WAMBRECHIES - AU DROIT DU N° 955,POINT (50.682795 3.043996),3.043996,50.682795,1,,0,7781,,1,WAMBRECHIES
arret_point.4520,4520,WBG001,Gare,RUE D YPRES 59118 WAMBRECHIES - A L OPPOSE DU N° 965,POINT (50.682811 3.044236),3.044236,50.682811,1,,0,7781,,1,WAMBRECHIES
arret_point.4515,4515,SCP003,Le Complivois,RUE DE MARQUETTE 59118 WAMBRECHIES -,POINT (50.688703 3.056886),3.056886,50.688703,1,,0,2035,,1,WAMBRECHIES
arret_point.4512,4512,CMF002,Chemin Du Fort,RUE D'YPRES 59118 WAMBRECHIES - A L'OPP DE LA PATURE,POINT (50.694935 3.020839),3.020839,50.694935,1,,0,2021,,1,WAMBRECHIES
arret_point.4524,4524,VLI002,Paul Verlaine,CHEMIN DU BAS PLAT 59118 WAMBRECHIES - APRÈS ANGLE PAUL VERLAINE,POINT (50.704408 3.066138),3.066138,50.704408,1,,0,5909,,2,WAMBRECHIES
arret_point.4525,4525,ERA002,Pare,AVENUE DU MAIRE CATTEAU 59118 WAMBRECHIES - AU DROIT DU CARREFOUR CITY,POINT (50.684329 3.045486),3.045486,50.684329,1,,0,2036,,1,WAMBRECHIES
arret_point.3987,3987,PAS003,Pasteur,RUE D'YPRES 59118 WAMBRECHIES -,POINT (50.681099 3.047106),3.047106,50.681099,1,,0,5860,,1,WAMBRECHIES
arret_point.4523,4523,CAW001,Mairie,PLACE DU GÉNÉRAL DE GAULLE 59118 WAMBRECHIES - AU DROIT DU N° 4,POINT (50.686862 3.052666),3.052666,50.686862,1,,0,2030,,1,WAMBRECHIES
arret_point.4532,4532,WMA001,Mairie,ROUTE DE DEULEMONT 59560 WARNETON - A L'OPP DU N°9,POINT (50.747292 2.951595),2.951595,50.747292,1,,0,2043,,1,WARNETON
arret_point.4531,4531,SBA002,Sainte Barbe,ROUTE D'ARMENTIERES 59560 WARNETON - A L'OPP DE LA FERME,POINT (50.743922 2.970693),2.970693,50.743922,1,,0,2040,,1,WARNETON
arret_point.4530,4530,RDD002,Rte Deulemont,ROUTE DE DEULEMONT 59560 WARNETON - A L'OPP N°40 USINE FLANDRIA,POINT (50.744548 2.946162),2.946162,50.744548,1,,0,5828,,2,WARNETON
arret_point.4915,4915,OLP001,Olympiade,RUE LAMBERSART 59237 VERLINGHEM - AU DROIT DU N°10,POINT (50.678547 2.99783),2.99783,50.678547,1,,0,9158,,2,VERLINGHEM
arret_point.4556,4556,TEL012,Cartelot,AVENUE DE LA MARNE 59290 WASQUEHAL - AU DROIT DU N° 1 BIS,POINT (50.683597 3.119414),3.119414,50.683597,1,,0,2086,,1,WASQUEHAL
arret_point.4557,4557,WMI098,Hotel De Ville,RUE DE HANNART 59290 WASQUEHAL - 20 METRE APRES LA CASERNE,POINT (50.669709 3.130983),3.130983,50.669709,1,,0,2044,,1,WASQUEHAL
arret_point.4563,4563,URE002,Jean Jaures,RUE LOUISE MICHEL 59290 WASQUEHAL - AU DROIT DU N° 9,POINT (50.680973 3.13695),3.13695,50.680973,1,,0,5868,,2,WASQUEHAL
arret_point.4566,4566,TEL001,Cartelot,AVENUE DE LA MARNE 59290 WASQUEHAL - APRES LE CARREFOUR GD COTTIGNI,POINT (50.683569 3.119527),3.119527,50.683569,1,,0,2086,,1,WASQUEHAL
arret_point.4560,4560,GAP002,Place Gambetta,PLACE GAMBETTA 59290 WASQUEHAL - AU DROIT DU N° 14,POINT (50.673738 3.129381),3.129381,50.673738,1,,0,5866,,2,WASQUEHAL
arret_point.4562,4562,LAM002,Lamartine,RUE VOLTAIRE 59290 WASQUEHAL - AU DROIT DU N° 90,POINT (50.688788 3.133715),3.133715,50.688788,1,,0,2084,,2,WASQUEHAL
arret_point.4535,4535,WAS050,Centre,RUE PASTEUR 59290 WASQUEHAL - A L OPPOSE DU N° 19,POINT (50.671859 3.127248),3.127248,50.671859,1,,0,2087,,1,WASQUEHAL
arret_point.4536,4536,PVL099,Wasquehal Pavé De Lille,AVENUE DE LA MARNE 59290 WASQUEHAL - AU DROIT DU N°94,POINT (50.663619 3.130942),3.130942,50.663619,1,,0,2071,,2,WASQUEHAL
arret_point.4541,4541,OEL002,Leo Lagrange,RUE LOUISE MICHEL 59290 WASQUEHAL - A L'OPPOSE DU N° 85,POINT (50.683864 3.139255),3.139255,50.683864,1,,0,2060,,2,WASQUEHAL
arret_point.4542,4542,OEL001,Leo Lagrange,RUE LOUISE MICHEL 59290 WASQUEHAL - AU DROIT DU N° 77,POINT (50.683584 3.138248),3.138248,50.683584,1,,0,2060,,2,WASQUEHAL
arret_point.4553,4553,PVL197,Wasquehal Pavé De Lille,RUE JEAN BART 59290 WASQUEHAL - AU DROIT DU N°83,POINT (50.66458 3.130746),3.130746,50.66458,1,,0,2071,,2,WASQUEHAL
arret_point.4551,4551,BRT002,Rue Briqueterie,RUE NOUVELLE 59290 WASQUEHAL - AU DROIT DU N° 7,POINT (50.691899 3.140938),3.140938,50.691899,1,,0,5874,,1,WASQUEHAL
arret_point.4550,4550,WMI002,Hotel De Ville,RUE MICHELET 59290 WASQUEHAL - AU DROIT DU N° 16,POINT (50.669859 3.131352),3.131352,50.669859,1,,0,2044,,1,WASQUEHAL
arret_point.4549,4549,RIB001,Ribot,RUE COLI 59290 WASQUEHAL - AU DROIT DU  N° 151,POINT (50.684386 3.143203),3.143203,50.684386,1,,0,2080,,2,WASQUEHAL
arret_point.4544,4544,WAJ002,Jb Lebas,AVENUE JEAN BAPTISTE LEBAS 59290 WASQUEHAL - AU DROIT DU N° 3,POINT (50.668016 3.133496),3.133496,50.668016,1,,0,9150,,1,WASQUEHAL
arret_point.4545,4545,WAJ001,Jb Lebas,AVENUE JEAN BAPTISTE LEBAS 59290 WASQUEHAL - A L OPPOSE DU N° 3,POINT (50.667952 3.133693),3.133693,50.667952,1,,0,9150,,2,WASQUEHAL
arret_point.4543,4543,DML001,Desmoulins,RUE VOLTAIRE 59290 WASQUEHAL - AU DROIT DU N° 17,POINT (50.68579 3.13827),3.13827,50.68579,1,,0,4146,,2,WASQUEHAL
arret_point.4547,4547,PVL097,Wasquehal Pavé De Lille,RUE JEAN BART 59290 WASQUEHAL - FACE AU N°91,POINT (50.664234 3.130091),3.130091,50.664234,1,,0,2071,,1,WASQUEHAL
arret_point.4581,4581,PSF002,Pole Sportif,RUE DU MOLINEL 59290 WASQUEHAL - A L OPPOSE DU N° 15,POINT (50.677469 3.125304),3.125304,50.677469,1,,0,4651,,1,WASQUEHAL
arret_point.4579,4579,WMI001,Hotel De Ville,RUE MICHELET 59290 WASQUEHAL - AU DROIT DU N° 20,POINT (50.669863 3.13083),3.13083,50.669863,1,,0,2044,,1,WASQUEHAL
arret_point.4583,4583,OLI001,Molinel,RUE ALBERT BAILLY 59290 WASQUEHAL - À L'OPPOSÉ DU N° 471,POINT (50.688686 3.114637),3.114637,50.688686,1,,0,6851,,1,WASQUEHAL
arret_point.4580,4580,STC001,Saint Clement,RUE LOUIS LEJEUNE 59290 WASQUEHAL - AU DROIT DU N° 10,POINT (50.686622 3.144143),3.144143,50.686622,1,,0,2052,,1,WASQUEHAL
arret_point.4577,4577,PDW001,Pont De Wasquehal,AVENUE DE FLANDRE 59290 WASQUEHAL - AU DROIT DU N° 34,POINT (50.664362 3.118464),3.118464,50.664362,1,,0,2047,,1,WASQUEHAL
arret_point.4575,4575,XRC001,Rue De Croix,RUE EMILE DELETTE 59290 WASQUEHAL - AU DROIT DU N° 143,POINT (50.677597 3.134708),3.134708,50.677597,1,,0,5864,,2,WASQUEHAL
arret_point.4578,4578,WAS051,Centre,RUE JEAN MACE 59290 WASQUEHAL - A L'OPPOSE DU N°10,POINT (50.66976 3.128598),3.128598,50.66976,1,,0,2087,,2,WASQUEHAL
arret_point.4569,4569,PSF001,Pole Sportif,RUE DU MOLINEL 59290 WASQUEHAL - AU DROIT DU N° 13,POINT (50.676859 3.12528),3.12528,50.676859,1,,0,4651,,1,WASQUEHAL
arret_point.4573,4573,PVL032,Wasquehal Pavé De Lille,59290 WASQUEHAL -,POINT (50.663797 3.129689),3.129689,50.663797,1,,0,2071,,1,WASQUEHAL
arret_point.4576,4576,PDW012,Pont De Wasquehal,AVENUE DE FLANDRE 59290 WASQUEHAL - AU DROIT DU N° 17,POINT (50.664565 3.116082),3.116082,50.664565,1,,0,2047,,1,WASQUEHAL
arret_point.4571,4571,SRB002,Sentier Des Briques,RUE AUGUSTIN TELLIER 59290 WASQUEHAL - AU DROIT DU N° 12,POINT (50.690162 3.147419),3.147419,50.690162,1,,0,2085,,2,WASQUEHAL
arret_point.4591,4591,PVL096,Wasquehal Pavé De Lille,RUE JEAN BART 59290 WASQUEHAL - OPPOSE AU N° 91,POINT (50.663604 3.130533),3.130533,50.663604,1,,0,2071,,1,WASQUEHAL
arret_point.4587,4587,GAP001,Place Gambetta,PLACE GAMBETTA 59290 WASQUEHAL - À L'OPPOSÉ DU N° 14,POINT (50.673474 3.128558),3.128558,50.673474,1,,0,5866,,2,WASQUEHAL
arret_point.4603,4603,CHB002,A. Dumas,RUE D'HAUBOURDIN 59139 WATTIGNIES - AU DROIT DU N° 149,POINT (50.59886 3.064121),3.064121,50.59886,1,,0,5561,,1,WATTIGNIES
arret_point.4604,4604,CWT002,Cimetiere,AVENUE DU 14 JUILLET 59139 WATTIGNIES - ANGLE DE LA RUE SCHWEITZER,POINT (50.58471 3.042977),3.042977,50.58471,1,,0,7635,,1,WATTIGNIES
arret_point.4605,4605,RSS001,Roussel,RUE CLEMENCEAU 59139 WATTIGNIES - À L'OPPOSÉ DU N°103,POINT (50.596667 3.051052),3.051052,50.596667,1,,0,5562,,2,WATTIGNIES
arret_point.4611,4611,WHD001,Hotel De Ville,RUE DU GENERAL DE GAULLE 59139 WATTIGNIES - AU DROIT DE AGENCE IMMOBILIERE,POINT (50.58737 3.051455),3.051455,50.58737,1,,0,2109,,2,WATTIGNIES
arret_point.4609,4609,MAW001,Marais,RUE SADI CARNOT 59139 WATTIGNIES -,POINT (50.581519 3.028222),3.028222,50.581519,1,,0,5559,,1,WATTIGNIES
arret_point.4607,4607,WHD002,Hotel De Ville,RUE DU GENERAL DE GAULLE 59139 WATTIGNIES - AU DROIT DE PEUGEOT,POINT (50.588312 3.051455),3.051455,50.588312,1,,0,2109,,1,WATTIGNIES
arret_point.4608,4608,WBT002,Bleriot,AVENUE CHARLES GUILLAIN 59139 WATTIGNIES - APRÈS ANGLE RUE BLÉRIOT,POINT (50.589073 3.039304),3.039304,50.589073,1,,0,6941,,1,WATTIGNIES
arret_point.4606,4606,RSS002,Roussel,RUE CLEMENCEAU 59139 WATTIGNIES - A L'OPP DES ETS MAC DONALD'S,POINT (50.596683 3.051264),3.051264,50.596683,1,,0,5562,,2,WATTIGNIES
arret_point.4594,4594,BAM004,Bargues Marais,RUE DE L'YSER 59139 WATTIGNIES - AU DROIT DU 96 BIS,POINT (50.580354 3.034434),3.034434,50.580354,1,,0,6943,,1,WATTIGNIES
arret_point.4598,4598,WCC001,Centre Commercial,AVENUE AVENUE CHARLES GUILLAIN 59139 WATTIGNIES -,POINT (50.589746 3.051743),3.051743,50.589746,1,,0,7555,,1,WATTIGNIES
arret_point.4600,4600,SAL002,Salengro,AVENUE DU MAL DELATTRE DE TASSIGNY 59139 WATTIGNIES - A L'OPP DU N 53,POINT (50.582853 3.033581),3.033581,50.582853,1,,0,2095,,1,WATTIGNIES
arret_point.4624,4624,GUI001,Guillain,RUE DU DR SCHWEITZER 59139 WATTIGNIES - À L'OPPOSÉ DE LA CAF,POINT (50.587713 3.041836),3.041836,50.587713,1,,0,2105,,1,WATTIGNIES
arret_point.4625,4625,CHB001,A. Dumas,RUE D'HAUBOURDIN 59139 WATTIGNIES - AU DROIT DU N° 186,POINT (50.598771 3.062541),3.062541,50.598771,1,,0,5561,,2,WATTIGNIES
arret_point.4622,4622,BAM001,Bargues Marais,AVENUE DU MAL DELATTRE DE TASSIGNY 59139 WATTIGNIES - AU DROIT DU N°4,POINT (50.579793 3.033736),3.033736,50.579793,1,,0,6943,,2,WATTIGNIES
arret_point.4614,4614,KLE002,Kleber,RUE ROGER SALENGRO 59139 WATTIGNIES - A L'OPP DU N° 134,POINT (50.582863 3.030157),3.030157,50.582863,1,,0,7089,,2,WATTIGNIES
arret_point.4617,4617,CPS002,Creps,RUE DE L'YSER 59139 WATTIGNIES - AU DROIT DE L'ENTRÉE DU CREPS,POINT (50.581035 3.039234),3.039234,50.581035,1,,0,2097,,1,WATTIGNIES
arret_point.4618,4618,CPS001,Creps,RUE DE L'YSER 59139 WATTIGNIES - A L'OPPOSÉ ENTRÉE DU CREPS,POINT (50.581152 3.039151),3.039151,50.581152,1,,0,2097,,1,WATTIGNIES
arret_point.4623,4623,PHG001,Philippe De Girard,RUE CLEMENCEAU 59139 WATTIGNIES -,POINT (50.599043 3.052735),3.052735,50.599043,1,,0,359,,1,WATTIGNIES
arret_point.4613,4613,WFL002,Fleming,AVENUE CHARLES GUILLAIN 59139 WATTIGNIES - APRÈS ANGLE RUE DU PETIT BOIS,POINT (50.588669 3.045569),3.045569,50.588669,1,,0,5540,,2,WATTIGNIES
arret_point.4616,4616,AMT001,Amiteuse,RUE DU GENERAL DE GAULLE 59139 WATTIGNIES - AU DROIT DU CREDIT DU NORD,POINT (50.58425 3.051143),3.051143,50.58425,1,,0,2096,,1,WATTIGNIES
arret_point.4615,4615,WBL001,Wattignies Blum,RUE CLEMENCEAU 59139 WATTIGNIES - AU DROIT DU N° 268,POINT (50.590459 3.050992),3.050992,50.590459,1,,0,6324,,2,WATTIGNIES
arret_point.4626,4626,WTC001,Cimetiere,RUE ANATOLE FRANCE 59139 WATTIGNIES - A L'OPP DU N°2,POINT (50.58442 3.040338),3.040338,50.58442,1,,0,7635,,1,WATTIGNIES
arret_point.4628,4628,WFL001,Fleming,AVENUE CHARLES GUILLAIN 59139 WATTIGNIES - AU DROIT DE L'ANGLE FLEMING,POINT (50.588638 3.044737),3.044737,50.588638,1,,0,5540,,2,WATTIGNIES
arret_point.4629,4629,DAC001,Republique,RUE DE L'YSER 59139 WATTIGNIES - AU DROIT DU N° 6,POINT (50.581519 3.042509),3.042509,50.581519,1,,0,7664,,2,WATTIGNIES
arret_point.4691,4691,ARI002,Carin,RUE FRANCOIS MERIAUX 59150 WATTRELOS - AU DROIT DU N° 37,POINT (50.699784 3.21983),3.21983,50.699784,1,,0,5693,,1,WATTRELOS
arret_point.4677,4677,PNC001,Centre Commercial,RUE CARNOT 59150 WATTRELOS - A L OPPOSE DU N° 146,POINT (50.69895 3.209647),3.209647,50.69895,1,,0,2208,,1,WATTRELOS
arret_point.4689,4689,CEO002,Rue Des Ecoles,RUE DELECOURT 59150 WATTRELOS - AU DROIT DU N° 59,POINT (50.713072 3.181922),3.181922,50.713072,1,,0,2144,,2,WATTRELOS
arret_point.4674,4674,FRU002,Faure,RUE ALFRED DELECOURT 59150 WATTRELOS - AU DROIT DU SQUARE MASSENET,POINT (50.708694 3.186072),3.186072,50.708694,1,,0,2172,,1,WATTRELOS
arret_point.4681,4681,WHT002,Winhoutte,RUE DE LA MARTINOIRE 59150 WATTRELOS - AU DROIT DU N° 219,POINT (50.716289 3.200625),3.200625,50.716289,1,,0,2126,,2,WATTRELOS
arret_point.4672,4672,CIP001,Cite A. Prouvost,RUE DES PATRIOTES 59150 WATTRELOS - A L OPP DU N° 192,POINT (50.709374 3.194149),3.194149,50.709374,1,,0,2130,,2,WATTRELOS
arret_point.4679,4679,CIS001,Cimetiere,RUE CORNEILLE 59150 WATTRELOS - AU DROIT DU CIMETIÈRE,POINT (50.713931 3.188859),3.188859,50.713931,1,,0,4971,,2,WATTRELOS
arret_point.4676,4676,RUN002,Leon Jouhaux,BOULEVARD LEON JOUHAUX 59150 WATTRELOS - A L'OPPOSE DU N° 1,POINT (50.711779 3.175628),3.175628,50.711779,1,,0,4600,,2,WATTRELOS
arret_point.4690,4690,VAO002,Vallon,RUE HENRI LEFEBVRE 59150 WATTRELOS - AU DROIT DU N° 95,POINT (50.704069 3.225273),3.225273,50.704069,1,,0,2175,,1,WATTRELOS
arret_point.4684,4684,RCA001,Carnot,RUE CARNOT 59150 WATTRELOS - AU DROIT DU N° 267,POINT (50.696364 3.202456),3.202456,50.696364,1,,0,2204,,2,WATTRELOS
arret_point.4687,4687,WJB001,Duthoit,BOULEVARD PIERRE MENDES FRANCE 59150 WATTRELOS - CROIS RUE STEPHENSON,POINT (50.694817 3.210648),3.210648,50.694817,1,,0,4680,,2,WATTRELOS
arret_point.4637,4637,ZBE014,Quart. Beaulieu,RUE LÉON BLUM 59150 WATTRELOS - À L'OPPOSÉ DU 104,POINT (50.703421 3.235403),3.235403,50.703421,1,,0,6942,,2,WATTRELOS
arret_point.4639,4639,SGD004,Saint Gerard,RUE DE LA POTENTE 59150 WATTRELOS -,POINT (50.722509 3.187126),3.187126,50.722509,1,,0,6603,,2,WATTRELOS
arret_point.4634,4634,CUR001,Curie,RUE LERUSTRE 59150 WATTRELOS - À L'OPPOSÉ DU N° 61,POINT (50.706319 3.239057),3.239057,50.706319,1,,0,2188,,1,WATTRELOS
arret_point.4641,4641,WHO002,La Houzarde,RUE JULES GUESDE 59150 WATTRELOS - A L'OPPOSE DU N° 228,POINT (50.710409 3.232845),3.232845,50.710409,1,,0,2177,,1,WATTRELOS
arret_point.4631,4631,AEI001,Carriere Andre,RUE JULES GUESDE 59150 WATTRELOS - AU DROIT DU N° 158,POINT (50.709102 3.230081),3.230081,50.709102,1,,0,2143,,2,WATTRELOS
arret_point.4642,4642,WCA002,Pole Emploi,RUE DE LEERS 59150 WATTRELOS - AU DROIT DE STEFFY LINGERIE,POINT (50.694168 3.231254),3.231254,50.694168,1,,0,5694,,1,WATTRELOS
arret_point.4643,4643,ACQ001,Jacquard,RUE DE LA MARTINOIRE 59150 WATTRELOS - À L'OPPOSÉ DE LA REDOUTE,POINT (50.717835 3.1976),3.1976,50.717835,1,,0,2195,,1,WATTRELOS
arret_point.5040,5040,CRE005,Cretinier,RUE DU 19 MARS 1962 59150 WATTRELOS - AU DROIT DU N° 105,POINT (50.707415 3.198494),3.198494,50.707415,1,,0,6789,,2,WATTRELOS
arret_point.4658,4658,GRI002,Grimomprez,RUE DE LA MARTINOIRE 59150 WATTRELOS - À L'OPPOSÉ DU N° 378,POINT (50.716016 3.194701),3.194701,50.716016,1,,0,2125,,1,WATTRELOS
arret_point.4662,4662,OSE001,La Roseliere,RUE DANIEL MAYER 59150 WATTRELOS - ANGLE PIERRE BROSSOLETTE,POINT (50.703715 3.236976),3.236976,50.703715,1,,0,2595,,1,WATTRELOS
arret_point.4666,4666,MSS002,Mousserie,RUE ALFRED DELECOURT 59150 WATTRELOS - A L OPPOSE DU N° 104,POINT (50.711094 3.18405),3.18405,50.711094,1,,0,2160,,2,WATTRELOS
arret_point.4650,4650,SAP001,Sapin Vert,RUE DU SAPIN VERT 59150 WATTRELOS - AU DROIT DU N° 511,POINT (50.714968 3.180103),3.180103,50.714968,1,,0,2147,,1,WATTRELOS
arret_point.4654,4654,SVD001,Saint Vincent De Paul,RUE DES PATRIOTES 59150 WATTRELOS - AU DROIT DU N° 81,POINT (50.707557 3.196081),3.196081,50.707557,1,,0,2174,,2,WATTRELOS
arret_point.4668,4668,FRU001,Faure,RUE DELECOURT 59150 WATTRELOS - À L'OPPOSÉ DU SQUARE MASSENET,POINT (50.708163 3.186345),3.186345,50.708163,1,,0,2172,,2,WATTRELOS
arret_point.4646,4646,OSE003,La Roseliere,RUE BLOMME 59150 WATTRELOS - AU DROIT MAISON DE RETRAITE,POINT (50.704252 3.237113),3.237113,50.704252,1,,0,2595,,1,WATTRELOS
arret_point.4664,4664,WHO001,La Houzarde,RUE JULES GUESDE 59150 WATTRELOS - AU DROIT DU N° 238,POINT (50.71046 3.233312),3.233312,50.71046,1,,0,2177,,1,WATTRELOS
arret_point.4667,4667,WCA001,Pole Emploi,RUE DE LEERS 59150 WATTRELOS - ANGLE RUE DES FILATEURS,POINT (50.693746 3.232461),3.232461,50.693746,1,,0,5694,,2,WATTRELOS
arret_point.4651,4651,IQU001,Republique,RUE CARNOT 59150 WATTRELOS - AU DROIT DU N° 189,POINT (50.697596 3.205824),3.205824,50.697596,1,,0,4454,,1,WATTRELOS
arret_point.4648,4648,WAT005,Centre,RUE DES BASANOS 59150 WATTRELOS - ANGLE RUE GUSTAVE DELORY,POINT (50.702809 3.214446),3.214446,50.702809,1,,0,2150,,1,WATTRELOS
arret_point.4665,4665,HER002,Herriot,RUE LÉON BLUM 59150 WATTRELOS - AU DROIT DU N° 9,POINT (50.704791 3.233267),3.233267,50.704791,1,,0,2209,,1,WATTRELOS
arret_point.4660,4660,SWJ001,College Saint Joseph,RUE ST JOSEPH 59150 WATTRELOS - AU DROIT DU N° 41,POINT (50.701584 3.219015),3.219015,50.701584,1,,0,2200,,1,WATTRELOS
arret_point.4714,4714,ZBE005,Quart. Beaulieu,RUE GASTON DEFFERRE 59150 WATTRELOS - AU DROIT DU PARKING,POINT (50.703117 3.235271),3.235271,50.703117,1,,0,6942,,1,WATTRELOS
arret_point.4717,4717,VBR002,Vieux Bureau,RUE DU VIEUX BUREAU 59150 WATTRELOS - AU DROIT DU N° 97,POINT (50.723907 3.189863),3.189863,50.723907,1,,0,2183,,1,WATTRELOS
arret_point.4715,4715,HOP001,Hopital,RUE HENRI LEFEBVRE 59150 WATTRELOS - À L'OPPOSÉ DU N° 11,POINT (50.701652 3.222052),3.222052,50.701652,1,,0,2190,,2,WATTRELOS
arret_point.4722,4722,OAE002,Pont Du Sartel,RUE ALBERT PREMIER 59150 WATTRELOS - AU DROIT DU N° 4,POINT (50.693126 3.204956),3.204956,50.693126,1,,0,7871,,1,WATTRELOS
arret_point.4697,4697,WAG002,Wagner,RUE DU SAPIN VERT 59150 WATTRELOS - AU DROIT DU MAGASIN ED,POINT (50.713161 3.185978),3.185978,50.713161,1,,0,2205,,2,WATTRELOS
arret_point.4706,4706,LIE002,Saint Lievin,CONTOUR ST LIEVIN 59150 WATTRELOS - AU DROIT DU N° 15 BIS,POINT (50.704774 3.221896),3.221896,50.704774,1,,0,2194,,2,WATTRELOS
arret_point.4703,4703,AEI002,Carriere Andre,RUE JULES GUESDE 59150 WATTRELOS - A L'OPP DU N° 160,POINT (50.709458 3.230497),3.230497,50.709458,1,,0,2143,,1,WATTRELOS
arret_point.4712,4712,PNC002,Centre Commercial,RUE CARNOT 59150 WATTRELOS - AU DROIT DU N° 132,POINT (50.698847 3.209052),3.209052,50.698847,1,,0,2208,,1,WATTRELOS
arret_point.4700,4700,FON001,La Fontaine,RUE VOLTAIRE 59150 WATTRELOS - À L'OPPOSÉ DU N° 42,POINT (50.711813 3.195561),3.195561,50.711813,1,,0,2136,,2,WATTRELOS
arret_point.4709,4709,ARI001,Carin,RUE FRANCOIS MERIAUX 59150 WATTRELOS - AU DROIT DU N° 50,POINT (50.699877 3.219422),3.219422,50.699877,1,,0,5693,,1,WATTRELOS
arret_point.4710,4710,SQC002,Square Calmette,RUE DE TOUL 59150 WATTRELOS - AU DROIT DU N° 22,POINT (50.706523 3.201629),3.201629,50.706523,1,,0,3034,,1,WATTRELOS
arret_point.4711,4711,HON002,D'Hondt,RUE SAINT VINCENT DE PAUL 59150 WATTRELOS - AU DROIT DU N° 36BIS,POINT (50.704747 3.204183),3.204183,50.704747,1,,0,2203,,2,WATTRELOS
arret_point.4695,4695,JOF002,Marechal Joffre,BOULEVARD LEON JOUHAUX 59150 WATTRELOS - A L OPPOSE DU N° 11,POINT (50.714377 3.174753),3.174753,50.714377,1,,0,2124,,2,WATTRELOS
arret_point.4707,4707,VBR001,Vieux Bureau,RUE DU FLEURY 59150 WATTRELOS - AU DROIT DU N° 5,POINT (50.723652 3.19048),3.19048,50.723652,1,,0,2183,,2,WATTRELOS
arret_point.4699,4699,ENO001,La Martinoire,RUE DU MONT À LEUX 59150 WATTRELOS - À L'OPPOSÉ DU N° 278,POINT (50.718545 3.18833),3.18833,50.718545,1,,0,2161,,2,WATTRELOS
arret_point.4735,4735,THO002,Place Thomas,RUE GEORGES PHILIPPOT 59150 WATTRELOS - A L OPPOSE DU N° 202,POINT (50.709777 3.207081),3.207081,50.709777,1,,0,2199,,1,WATTRELOS
arret_point.4748,4748,HER001,Herriot,RUE LÉON BLUM 59150 WATTRELOS - AU DROIT DU N° 70,POINT (50.704486 3.233289),3.233289,50.704486,1,,0,2209,,2,WATTRELOS
arret_point.4726,4726,ZWH004,Zac Winhoutte,DE LA MARTINOIRE 59150 WATTRELOS - COTE PARKING ENTREPOT  JULES,POINT (50.71437 3.204364),3.204364,50.71437,1,,0,4719,,2,WATTRELOS
arret_point.4736,4736,CUR002,Curie,RUE LERUSTE 59150 WATTRELOS - AU DROIT DU N° 35,POINT (50.70695 3.238574),3.238574,50.70695,1,,0,2188,,2,WATTRELOS
arret_point.4749,4749,ALF002,Flandre,RUE JULES GUESDE 59150 WATTRELOS - AU DROIT DU N° 105,POINT (50.708195 3.22772),3.22772,50.708195,1,,0,2156,,1,WATTRELOS
arret_point.4744,4744,WPL002,Wattrelos Place,PLACE JEAN DELVAINQUIERE 59150 WATTRELOS - A L'OPPOSÉ DU N° 14,POINT (50.70111 3.21508),3.21508,50.70111,1,,0,7202,,1,WATTRELOS
arret_point.4734,4734,CEO001,Rue Des Ecoles,RUE A . DELECOURT 59150 WATTRELOS - AU DROIT DU N° 46,POINT (50.71254 3.182464),3.182464,50.71254,1,,0,2144,,2,WATTRELOS
arret_point.4738,4738,STS001,Stephenson,RUE STEPHENSON 59150 WATTRELOS - A L OPPOSE DU N° 69,POINT (50.696164 3.209174),3.209174,50.696164,1,,0,2148,,2,WATTRELOS
arret_point.4728,4728,PAL001,Parc Du Lion,RUE GEORGES PHILIPPOT 59150 WATTRELOS - AU DROIT DU N° 91,POINT (50.706654 3.209852),3.209852,50.706654,1,,0,2155,,1,WATTRELOS
arret_point.4729,4729,SAV002,Savary,RUE DE TOUL 59150 WATTRELOS - AU DROIT DU N° 87,POINT (50.709243 3.198724),3.198724,50.709243,1,,0,2132,,1,WATTRELOS
arret_point.4739,4739,ZWH001,Egalite,RUE DE LA MARTINOIRE 59150 WATTRELOS - A L OPPOSE DU N° 119,POINT (50.714977 3.202242),3.202242,50.714977,1,,0,4679,,1,WATTRELOS
arret_point.4761,4761,WPT001,Petites Haies,RUE DE WAVRIN D241 59136 WAVRIN - AU DROIT MAGASIN VERTIGE BIO,POINT (50.585805 2.943215),2.943215,50.585805,1,,0,6392,,1,WAVRIN
arret_point.4757,4757,WPT002,Petites Haies,RUE ANATOLE FRANCE 59136 WAVRIN - A L'OPP DU MAGASIN VERTIGE BIO,POINT (50.586295 2.94387),2.94387,50.586295,1,,0,6392,,2,WAVRIN
arret_point.4765,4765,WRP001,Republique,PLACE DE LA REPUBLIQUE 59136 WAVRIN - AU DROIT PARKING OPPOSÉ N°13,POINT (50.568898 2.931489),2.931489,50.568898,1,,0,2215,,1,WAVRIN
arret_point.4766,4766,KOE002,Koenig,RUE JEAN-BAPTISTE LEBAS 59136 WAVRIN -,POINT (50.566374 2.928529),2.928529,50.566374,1,,0,2223,,2,WAVRIN
arret_point.4770,4770,VIT001,Victoire,RUE ARISTIDE BRIAND 59117 WERVICQ SUD - A L OPPOSE DU N° 60,POINT (50.769667 3.03974),3.03974,50.769667,1,,0,5746,,1,WERVICQ SUD
arret_point.4771,4771,CUE002,Curie,RUE GABRIEL PÉRI 59117 WERVICQ SUD - AU DROIT DU N° 101,POINT (50.774053 3.053847),3.053847,50.774053,1,,0,5744,,2,WERVICQ SUD
arret_point.4773,4773,CUE001,Curie,RUE GABRIEL PÉRI 59117 WERVICQ SUD - AU DROIT DU N° 126,POINT (50.773944 3.054001),3.054001,50.773944,1,,0,5744,,1,WERVICQ SUD
arret_point.4775,4775,ERO001,Europe,RUE GABRIEL PÉRI 59117 WERVICQ SUD - AU DROIT DU N°28,POINT (50.771971 3.04775),3.04775,50.771971,1,,0,5745,,2,WERVICQ SUD
arret_point.4776,4776,THB002,Theodore Brasme,RUE THEODORE BRASME 59134 WICRES - AU DROIT DE L'ECOLE COMMUNALE,POINT (50.570794 2.86577),2.86577,50.570794,1,,0,2239,,1,WICRES
arret_point.4779,4779,WIM001,Wicres Mairie,RUE DE L'ESGLISE 59134 WICRES - OPPOSE N°128,POINT (50.571392 2.866438),2.866438,50.571392,1,,0,5701,,1,WICRES
arret_point.4780,4780,GNL002,General Leclerc,RUE THÉODORE BRASME 59134 WICRES - AU DROIT DU N° 49,POINT (50.572401 2.869759),2.869759,50.572401,1,,0,5700,,1,WICRES
arret_point.4777,4777,WGA001,Vieux Tilleul,RUE DE L EGLISE 59134 WICRES - A L'OPPOSE DU N° 383,POINT (50.572349 2.862856),2.862856,50.572349,1,,0,2240,,1,WICRES
arret_point.4782,4782,GNL001,General Leclerc,RUE DU GÉNÉRAL LECLERC 59134 WICRES - À L'OPPOSÉ DU N° 155,POINT (50.572345 2.870167),2.870167,50.572345,1,,0,5700,,2,WICRES
arret_point.4784,4784,THB001,Theodore Brasme,RUE THEODORE  BRASME 59134 WICRES - OPP ECOLE COMMUNALE,POINT (50.571206 2.865816),2.865816,50.571206,1,,0,2239,,2,WICRES
arret_point.4785,4785,AQU001,Baraques,CHAUSSEE DE VERDUN 59780 WILLEMS - AU DROIT DU N°48,POINT (50.639358 3.235282),3.235282,50.639358,1,,0,2243,,2,WILLEMS
arret_point.4790,4790,OIN002,Beau Coin,CHAUSSEE DE VERDUN 59780 WILLEMS - A L'OPPOSE DU N° 6,POINT (50.633589 3.236588),3.236588,50.633589,1,,0,2241,,2,WILLEMS
arret_point.4789,4789,PUR002,Pureur,RUE DE LA REPUBLIQUE 59780 WILLEMS - A L'OPPOSE DU N° 95,POINT (50.626333 3.23406),3.23406,50.626333,1,,0,2244,,1,WILLEMS
arret_point.4794,4794,BVE002,Eglise,RUE FELIX DEHAU 59830 BOUVINES - À L'OPPOSÉ DU N°430,POINT (50.578531 3.187781),3.187781,50.578531,1,,0,2246,,1,BOUVINES
arret_point.4793,4793,BVE001,Eglise,RUE FELIX DEHAU 59830 BOUVINES - AU DROIT DU N° 362,POINT (50.578627 3.186895),3.186895,50.578627,1,,0,2246,,1,BOUVINES
arret_point.4797,4797,FRB001,Calvaire,RUE DU PONT DE PIERRE 59249 FROMELLES -,POINT (50.608117 2.8667),2.8667,50.608117,1,,0,2299,,2,FROMELLES
arret_point.4686,4686,JOI002,La Joierie,RUE DE LA JOIERIE 59249 FROMELLES -,POINT (50.599697 2.870176),2.870176,50.599697,1,,0,9143,,2,FROMELLES
arret_point.4741,4741,DRM001,Rue Du Vert Touquet,59249 FROMELLES -,POINT (50.620676 2.853776),2.853776,50.620676,1,,0,8016,,0,FROMELLES
arret_point.4800,4800,CRN001,Mairie,RUE DU LIEUTENANT BAILLET 59112 CARNIN - AU DROIT DU N°12 BIS,POINT (50.518635 2.958079),2.958079,50.518635,1,,0,2353,,2,CARNIN
arret_point.4801,4801,LTQ002,Le Touquet,RUE  SOUS LIEUTENANT DE POURTALES 59280 BOIS GRENIER -,POINT (50.641678 2.880343),2.880343,50.641678,1,,0,2252,,1,BOIS GRENIER
arret_point.4802,4802,LTQ001,Le Touquet,RUE SOUS LIEUTENANT DE POURTALES 59280 BOIS GRENIER -,POINT (50.641652 2.880244),2.880244,50.641652,1,,0,2252,,1,BOIS GRENIER
arret_point.4813,4813,AAS002,Sacre Coeur,59249 AUBERS -,POINT (50.594523 2.821698),2.821698,50.594523,1,,0,2397,,0,AUBERS
arret_point.4810,4810,WDH002,Wardhust,RUE DES SABLONNIERES 59249 AUBERS -,POINT (50.597589 2.810664),2.810664,50.597589,1,,0,2399,,2,AUBERS
arret_point.4815,4815,AAU003,Eglise,RUE DE VERDUN 59249 AUBERS -,POINT (50.595537 2.826133),2.826133,50.595537,1,,0,2400,,2,AUBERS
arret_point.3870,3870,AAU002,Eglise,RUE DE VERDUN 59249 AUBERS -,POINT (50.595942 2.825827),2.825827,50.595942,1,,0,2400,,2,AUBERS
arret_point.4817,4817,AAU001,Eglise,RUE DU BOURG 59249 AUBERS -,POINT (50.595602 2.825513),2.825513,50.595602,1,,0,2400,,2,AUBERS
arret_point.4819,4819,ALP001,Place,RUE DU GENERAL DE GAULLE 59251 ALLENNES LES MARAIS - A L OPPOSE DU N°10,POINT (50.535774 2.95214),2.95214,50.535774,1,,0,2330,,1,ALLENNES LES MARAIS
arret_point.4820,4820,NOC001,Comtesse Flandr,59112 ANNOEULLIN -,POINT (50.533354 2.927815),2.927815,50.533354,1,,0,7884,,0,ANNOEULLIN
arret_point.4821,4821,SNT001,Saint Martin,RUE NATIONALE 59112 ANNOEULLIN - AU DROIT DU N°122,POINT (50.523597 2.936355),2.936355,50.523597,1,,0,2867,,1,ANNOEULLIN
arret_point.4824,4824,CIQ001,5 Chemins,7780 COMINES BELGIQUE -,POINT (50.776784 2.996345),2.996345,50.776784,1,,0,2455,,0,COMINES BELGIQUE
arret_point.4838,4838,HCI002,Citadelle,7700 MOUSCRON BELGIQUE -,POINT (50.712162 3.23977),3.23977,50.712162,1,,0,2464,,0,MOUSCRON BELGIQUE
arret_point.4839,4839,LIU002,Eglise St Amand,7700 MOUSCRON BELGIQUE -,POINT (50.73803 3.23351),3.23351,50.73803,1,,0,2466,,0,MOUSCRON BELGIQUE
arret_point.4848,4848,LUI001,Au Chevalier,7700 MOUSCRON BELGIQUE -,POINT (50.734554 3.23301),3.23301,50.734554,1,,0,2470,,0,MOUSCRON BELGIQUE
arret_point.4849,4849,MLE002,Rue Leopold,7700 MOUSCRON BELGIQUE -,POINT (50.743454 3.222695),3.222695,50.743454,1,,0,7103,,0,MOUSCRON BELGIQUE
arret_point.4846,4846,MCA002,Casino,7700 MOUSCRON BELGIQUE -,POINT (50.741727 3.215781),3.215781,50.741727,1,,0,2460,,0,MOUSCRON BELGIQUE
arret_point.4843,4843,MPH002,Phenix,7700 MOUSCRON BELGIQUE -,POINT (50.737737 3.223173),3.223173,50.737737,1,,0,7104,,0,MOUSCRON BELGIQUE
arret_point.4855,4855,MHO002,Hopital,7700 MOUSCRON BELGIQUE -,POINT (50.747243 3.21838),3.21838,50.747243,1,,0,7102,,0,MOUSCRON BELGIQUE
arret_point.4850,4850,RLS001,Rue De La Liesse,7700 MOUSCRON BELGIQUE -,POINT (50.742676 3.234781),3.234781,50.742676,1,,0,2462,,0,MOUSCRON BELGIQUE
arret_point.4859,4859,PMI002,Frontiere,07730 LEERS NORD BELGIQUE -,POINT (50.686498 3.259427),3.259427,50.686498,1,,0,9156,,0,LEERS NORD BELGIQUE
arret_point.4858,4858,PMI001,Frontiere,07730 LEERS NORD BELGIQUE -,POINT (50.686507 3.259427),3.259427,50.686507,1,,0,9156,,0,LEERS NORD BELGIQUE
arret_point.4860,4860,IMP001,Cite,07730 LEERS NORD BELGIQUE -,POINT (50.687596 3.262582),3.262582,50.687596,1,,0,2504,,0,LEERS NORD BELGIQUE
arret_point.1577,1577,RAP002,Place Rd,RUE HAUTE LOGE 59134 LE MAISNIL -,POINT (50.614059 2.886444),2.886444,50.614059,1,,0,7849,,2,LE MAISNIL
arret_point.1583,1583,SHL002,Sainte Helene,RUE SADI CARNOT 59350 ST ANDRE LEZ LILLE - ÀL'OPPOSÉ DU N°158,POINT (50.661157 3.055304),3.055304,50.661157,1,,0,9062,,1,ST ANDRE LEZ LILLE
arret_point.1584,1584,QAI002,Quai 22,RUE FÉLIX FAURE 59350 ST ANDRE LEZ LILLE -,POINT (50.665963 3.058746),3.058746,50.665963,1,,0,9097,,1,ST ANDRE LEZ LILLE
arret_point.1585,1585,QAI001,Quai 22,RUE FÉLIX FAURE 59350 ST ANDRE LEZ LILLE - À L'OPPOSÉ DU N°134,POINT (50.666711 3.05815),3.05815,50.666711,1,,0,9097,,2,ST ANDRE LEZ LILLE
arret_point.1587,1587,PPM001,Mairie,RUE NATIONALE 59185 PROVIN - AU DROIT DU N°37,POINT (50.512404 2.914807),2.914807,50.512404,1,,0,63,,2,PROVIN
arret_point.1595,1595,RAD002,Radinghem Place,RUE DU BAS 59320 RADINGHEM EN WEPPES -,POINT (50.621736 2.90665),2.90665,50.621736,1,,0,9131,,2,RADINGHEM EN WEPPES
arret_point.1588,1588,BRD001,Bridoux,RUE DU BAS 59320 RADINGHEM EN WEPPES - A L'OPPOSE DU N°103,POINT (50.63491 2.891666),2.891666,50.63491,1,,0,9128,,1,RADINGHEM EN WEPPES
arret_point.1589,1589,DHT002,Rue Duthoit,RUE DU BAS 59320 RADINGHEM EN WEPPES - A L OPPOSE DU N° 106,POINT (50.629407 2.898516),2.898516,50.629407,1,,0,9129,,2,RADINGHEM EN WEPPES
arret_point.1591,1591,HRU002,Haute Rue,RUE LA HAUTE RUE 59320 RADINGHEM EN WEPPES - AU DROIT DU N° 15,POINT (50.61633 2.896),2.896,50.61633,1,,0,8001,,2,RADINGHEM EN WEPPES
arret_point.1602,1602,ANB001,Branly,RUE CAMILLE DUFAY 59152 ANSTAING - AU DROIT DU N° 68,POINT (50.603686 3.195496),3.195496,50.603686,1,,0,100,,2,ANSTAING
arret_point.1601,1601,NCI001,Cimetiere,RUE JEAN JAURES 59152 ANSTAING - AU DROIT DU N° 40,POINT (50.607243 3.187155),3.187155,50.607243,1,,0,99,,2,ANSTAING
arret_point.1641,1641,SSO002,Securite Sociale,RUE DE NIEULLES 59280 ARMENTIERES - AU DROIT DE LA CPAM,POINT (50.681797 2.88109),2.88109,50.681797,1,,0,6953,,1,ARMENTIERES
arret_point.1638,1638,JCT001,Jacques Cartier,AVENUE LEON BLUM 59280 ARMENTIERES - AU DROIT DU N ° 415,POINT (50.696595 2.887649),2.887649,50.696595,1,,0,102,,1,ARMENTIERES
arret_point.1629,1629,GUS001,Jules Guesde,PLACE PLACE JULES GUESDE 59280 ARMENTIERES -,POINT (50.682304 2.886037),2.886037,50.682304,1,,0,5773,,1,ARMENTIERES
arret_point.1632,1632,AHO002,Ct Hospitalier,BOULEVARD FAIDHERBE 59280 ARMENTIERES - A L'OPPOSE DU N°105,POINT (50.684257 2.870189),2.870189,50.684257,1,,0,6899,,1,ARMENTIERES
arret_point.1639,1639,PCI002,Europe,BOULEVARD FAIDHERBE 59280 ARMENTIERES - AU DROIT RUCHE D'ENTREPRISE,POINT (50.689515 2.865544),2.865544,50.689515,1,,0,6901,,2,ARMENTIERES
arret_point.1626,1626,ARM081,Hotel De Ville,PLACE SAINT VAAST 59280 ARMENTIERES - AU DROIT DE L'EGLISE,POINT (50.687015 2.883689),2.883689,50.687015,1,,0,132,,2,ARMENTIERES
arret_point.1637,1637,BUI001,Renan Buisson,AVENUE MARC SANGNIER 59280 ARMENTIERES - AU DROIT DE INSTITUT N. BARRE,POINT (50.700869 2.884433),2.884433,50.700869,1,,0,6956,,1,ARMENTIERES
arret_point.1633,1633,KEM001,Resistants,RUE DES RESISTANTS 59280 ARMENTIERES - AU DROIT DU MAC DO,POINT (50.692338 2.87036),2.87036,50.692338,1,,0,6897,,1,ARMENTIERES
arret_point.1634,1634,KEM002,Resistants,RUE DES RESISTANTS 59280 ARMENTIERES - 126-134 À L'OPPOSÉ DU MAC DO,POINT (50.692454 2.87046),2.87046,50.692454,1,,0,6897,,1,ARMENTIERES
arret_point.1630,1630,PMT001,Place Aux Toiles,RUE ARISTIDE BRIAND 59280 ARMENTIERES - A L'OPPOSE N°12,POINT (50.688964 2.883018),2.883018,50.688964,1,,0,6961,,2,ARMENTIERES
arret_point.1627,1627,ACT002,Cat,RUE SAINT EXUPERY 59280 ARMENTIERES - PRÈS DU N°22,POINT (50.691243 2.889072),2.889072,50.691243,1,,0,6989,,1,ARMENTIERES
arret_point.1628,1628,ARG077,Armentieres Gare,SITUE COTE PARKING RELAIS 59280 ARMENTIERES - A L'OPP LIGNE DE CHEMIN DE FER,POINT (50.680741 2.878622),2.878622,50.680741,1,,0,6950,,1,ARMENTIERES
arret_point.1610,1610,PCI001,Europe,BOULEVARD FAIDHERBE 59280 ARMENTIERES - A L'OPP RUCHE D'ENTREPRISES,POINT (50.689542 2.865727),2.865727,50.689542,1,,0,6901,,2,ARMENTIERES
arret_point.1607,1607,GUS002,Jules Guesde,PLACE ROND POINT JULES GUESDE 59280 ARMENTIERES - AU DROIT DE LA VOIX DU NORD,POINT (50.682861 2.885944),2.885944,50.682861,1,,0,5773,,1,ARMENTIERES
arret_point.1609,1609,LEO002,Leo Lagrange,AVENUE LEON BLUM 59280 ARMENTIERES - AU DROIT TERRAIN DE BASKET,POINT (50.694452 2.887512),2.887512,50.694452,1,,0,105,,2,ARMENTIERES
arret_point.1624,1624,MSG001,Marc Sangnier,AVENUE MARC SANGNIER 59280 ARMENTIERES -,POINT (50.697903 2.883892),2.883892,50.697903,1,,0,112,,1,ARMENTIERES
arret_point.1619,1619,RAY001,Raymond Lis,RUE RAYMOND  LIS 59280 ARMENTIERES - A L'OPP DU N°71,POINT (50.691944 2.884519),2.884519,50.691944,1,,0,110,,1,ARMENTIERES
arret_point.1614,1614,GAA005,Gare Annexe,AVENUE DE L EUROPE 59280 ARMENTIERES - ANGLE RUE DES RESISTANTS,POINT (50.691127 2.872494),2.872494,50.691127,1,,0,114,,1,ARMENTIERES
arret_point.1613,1613,ARG082,Armentieres Gare,FACE AU DEPOSE MINUTE 59280 ARMENTIERES - AU DROIT DE LA STATION,POINT (50.680885 2.878454),2.878454,50.680885,1,,0,6950,,1,ARMENTIERES
arret_point.1611,1611,ARG007,Armentieres Gare,RUE DE COMINES 59280 ARMENTIERES - COTE PARVIS DE LA GARE SNCF,POINT (50.680796 2.878157),2.878157,50.680796,1,,0,6950,,2,ARMENTIERES
arret_point.1617,1617,BUI002,Renan Buisson,AVENUE MARC SANGNIER 59280 ARMENTIERES -,POINT (50.70129 2.884551),2.884551,50.70129,1,,0,6956,,1,ARMENTIERES
arret_point.1612,1612,CJR003,College Jean Rostand,BOULEVARD FAIDHERBE 59280 ARMENTIERES - AU DROIT U N°136,POINT (50.687079 2.866916),2.866916,50.687079,1,,0,130,,1,ARMENTIERES
arret_point.1623,1623,JJA002,Jean Jaures,RUE JEAN JAURES 59280 ARMENTIERES - AU DROIT DU N° 53,POINT (50.685741 2.887755),2.887755,50.685741,1,,0,5776,,1,ARMENTIERES
arret_point.1625,1625,IDH001,Faidherbe,BOULEVARD FAIDHERBE 59280 ARMENTIERES - AU DROIT DU N° 49,POINT (50.681849 2.873298),2.873298,50.681849,1,,0,6898,,1,ARMENTIERES
arret_point.1662,1662,PMT003,Place Aux Toiles,RUE DES FUSILLES 59280 ARMENTIERES - A L'OPP DU N° 2,POINT (50.689014 2.882016),2.882016,50.689014,1,,0,6961,,2,ARMENTIERES
arret_point.1663,1663,MAT003,Maternite,BOULEVARD FAIDHERBE 59280 ARMENTIERES -,POINT (50.685762 2.868568),2.868568,50.685762,1,,0,109,,1,ARMENTIERES
arret_point.1655,1655,HRO002,Herons,AVENUE LEON BLUM 59280 ARMENTIERES - AU DROIT ENTRÉE JARDIN PUBLIQU,POINT (50.701433 2.88886),2.88886,50.701433,1,,0,6311,,1,ARMENTIERES
arret_point.1658,1658,IDF002,Lp De  Flandres,PLACE 19 MARS 1962 59280 ARMENTIERES - OPP DU N°2,POINT (50.688915 2.890035),2.890035,50.688915,1,,0,6988,,1,ARMENTIERES
arret_point.1659,1659,IDF001,Lp De  Flandres,PLACE 19 MARS 1962 59280 ARMENTIERES -,POINT (50.688806 2.89033),2.89033,50.688806,1,,0,6988,,1,ARMENTIERES
arret_point.1653,1653,HAZ002,Lycee Hazard,RUE JULES LEBLEU 59280 ARMENTIERES - AU DROIT DU N°96,POINT (50.688482 2.87423),2.87423,50.688482,1,,0,5775,,2,ARMENTIERES
arret_point.1649,1649,HRO001,Herons,AVENUE LEON    BLUM 59280 ARMENTIERES - AU DROIT DE L'ENTRÉE JARDIN PU,POINT (50.701084 2.888659),2.888659,50.701084,1,,0,6311,,1,ARMENTIERES
arret_point.1645,1645,ARG001,Armentieres Gare,SITUE FACE AU DEPOSE MINUTE 59280 ARMENTIERES - COTE PARKING RELAIS,POINT (50.680866 2.878666),2.878666,50.680866,1,,0,6950,,1,ARMENTIERES
arret_point.1681,1681,ARG006,Armentieres Gare,RUE DE COMINES 59280 ARMENTIERES - PARVIS DE LA GARE SNCF,POINT (50.680913 2.878158),2.878158,50.680913,1,,0,6950,,1,ARMENTIERES
arret_point.1668,1668,ARM082,Hotel De Ville,PLACE SAINT VAAST 59280 ARMENTIERES - A L'OPPOSÉ DE L'EGLISE,POINT (50.686933 2.884012),2.884012,50.686933,1,,0,132,,1,ARMENTIERES
arret_point.1678,1678,AAB001,Aristide Briand,AVENUE ARISTIDE BRIAND 59280 ARMENTIERES - À L'OPP DU MAGASIN CARREFOUR,POINT (50.690781 2.885933),2.885933,50.690781,1,,0,6960,,2,ARMENTIERES
arret_point.1676,1676,ARM007,Hotel De Ville,PLACE DU GENERAL DE GAULLE 59280 ARMENTIERES - AU DROIT DU N° 12,POINT (50.6868 2.881611),2.881611,50.6868,1,,0,132,,2,ARMENTIERES
arret_point.1672,1672,GAA002,Gare Annexe,RUE DES RESISTANTS 59280 ARMENTIERES - AU DROIT DU N° 92,POINT (50.691556 2.872738),2.872738,50.691556,1,,0,114,,1,ARMENTIERES
arret_point.1670,1670,ARM008,Hotel De Ville,PLACE PLACE DU GENERAL DE GAULLE 59280 ARMENTIERES - À L'OPPOSÉ DU N°12,POINT (50.686853 2.881809),2.881809,50.686853,1,,0,132,,2,ARMENTIERES
arret_point.1673,1673,ACI001,Cimetiere,AVENUE DE STALYBRIDGE 59280 ARMENTIERES - DEVANT LE CAFÉ DES FLEURS,POINT (50.694678 2.89305),2.89305,50.694678,1,,0,143,,1,ARMENTIERES
arret_point.1674,1674,APH099,Pres Du Hem,RUE LEO LAGRANGE 59280 ARMENTIERES - AU DROIT DU N° 45,POINT (50.694979 2.883804),2.883804,50.694979,1,,0,6958,,2,ARMENTIERES
arret_point.1679,1679,MSG002,Marc Sangnier,AVENUE MARC SANGNIER 59280 ARMENTIERES - A L'OPP DU N°79,POINT (50.697347 2.883802),2.883802,50.697347,1,,0,112,,1,ARMENTIERES
arret_point.1689,1689,BGA001,Gare,RUE LOUIS DEFFONTAINE 59780 BAISIEUX - A L'OPPOSE DU N° 101,POINT (50.617906 3.233331),3.233331,50.617906,1,,0,150,,1,BAISIEUX
arret_point.1688,1688,OGI001,Ogimont,RUE DE LA MAIRIE 59780 BAISIEUX - A L'OPPOSE DU N° 707,POINT (50.614747 3.240804),3.240804,50.614747,1,,0,151,,1,BAISIEUX
arret_point.1683,1683,BCA002,Calmette,RUE DE TOURNAI 59780 BAISIEUX - A L'OPP DU N°5,POINT (50.609305 3.250151),3.250151,50.609305,1,,0,146,,1,BAISIEUX
arret_point.1685,1685,EFF004,Deffontaines,RUE DE LILLE 59780 BAISIEUX - AU DROIT DU N° 25,POINT (50.609711 3.230167),3.230167,50.609711,1,,0,147,,2,BAISIEUX
arret_point.1686,1686,CIB001,Cimetiere,RUE DE LILLE 59780 BAISIEUX - A L'OPPOSE DU CIMETIERE,POINT (50.608456 3.238716),3.238716,50.608456,1,,0,155,,2,BAISIEUX
arret_point.1699,1699,BGA002,Gare,RUE DE WILLEMS 59780 BAISIEUX -,POINT (50.618882 3.23349),3.23349,50.618882,1,,0,150,,2,BAISIEUX
arret_point.1697,1697,BGA004,Gare,PLACE JEAN BAPTISTE LEBAS 59780 BAISIEUX - AU DROIT DE LA GARE,POINT (50.618274 3.234424),3.234424,50.618274,1,,0,150,,2,BAISIEUX
arret_point.1690,1690,BPT001,Les Poetes,RUE DE LA MAIRIE 59780 BAISIEUX -,POINT (50.611556 3.247809),3.247809,50.611556,1,,0,7199,,1,BAISIEUX
arret_point.1696,1696,BFR001,Frontiere,RUE DE TOURNAI 59780 BAISIEUX - AU DROIT DU N° 63,POINT (50.607794 3.253084),3.253084,50.607794,1,,0,159,,1,BAISIEUX
arret_point.1691,1691,BGA003,Gare,PLACE JEAN BAPTISTE LEBAS 59780 BAISIEUX -,POINT (50.618156 3.234619),3.234619,50.618156,1,,0,150,,1,BAISIEUX
arret_point.1692,1692,ACC001,Maison D'Accueil,RUE DE CAMPHIN 59780 BAISIEUX - AU DROIT DE LA MAISON D'ACCUEI,POINT (50.603134 3.251293),3.251293,50.603134,1,,0,154,,1,BAISIEUX
arret_point.1695,1695,GBA002,Grand Baisieux,RUE DE TOURNAI 59780 BAISIEUX - AU DROIT DU SUPERMARCHÉ ALDI,POINT (50.608982 3.246536),3.246536,50.608982,1,,0,153,,2,BAISIEUX
arret_point.1694,1694,GBA001,Grand Baisieux,RUE DE TOURNAI 59780 BAISIEUX - À L'OPPOSÉ DU N° 8,POINT (50.608817 3.245828),3.245828,50.608817,1,,0,153,,1,BAISIEUX
arret_point.1707,1707,NET002,Jean Monnet,RUE DE LA MAIRIE 59780 BAISIEUX - AU DROIT DU N° 1093,POINT (50.614166 3.245474),3.245474,50.614166,1,,0,145,,2,BAISIEUX
arret_point.1700,1700,NET001,Jean Monnet,RUE DE LA MAIRIE 59780 BAISIEUX - A L OPPOSE DU N° 1151,POINT (50.61389 3.2464),3.2464,50.61389,1,,0,145,,2,BAISIEUX
arret_point.1709,1709,MBL001,Beaucamps Mairie,RUE DE FOURNES OPP N°3 59134 BEAUCAMPS LIGNY - AU DROIT DE LA CHAPELLE,POINT (50.604956 2.915509),2.915509,50.604956,1,,0,5702,,1,BEAUCAMPS LIGNY
arret_point.1712,1712,MBL003,Mairie,RUE DE RADINGHEM 59134 BEAUCAMPS LIGNY -,POINT (50.605666 2.915123),2.915123,50.605666,1,,0,167,,2,BEAUCAMPS LIGNY
arret_point.1713,1713,BSM007,Inst Ste Marie,RUE DE FOURNES 59134 BEAUCAMPS LIGNY - NVELLE GARE BUS À GAUCHE N°34B,POINT (50.603076 2.912781),2.912781,50.603076,1,,0,9095,,2,BEAUCAMPS LIGNY
arret_point.1715,1715,MBL002,Beaucamps Mairie,RUE DE LA GARE 59134 BEAUCAMPS LIGNY -,POINT (50.605535 2.916446),2.916446,50.605535,1,,0,5702,,1,BEAUCAMPS LIGNY
arret_point.1751,1751,CRB001,Inst Cx Blanche,AVENUE DU GÉNÉRAL DE GAULLE 59910 BONDUES - AU DROIT DU N° 1736,POINT (50.718025 3.108934),3.108934,50.718025,1,,0,7037,,1,BONDUES
arret_point.1746,1746,OUS002,Carrousel,AVENUE LOUIS DERVAUX 59910 BONDUES - A L'OPPOSE DU N° 18,POINT (50.704367 3.091039),3.091039,50.704367,1,,0,5790,,2,BONDUES
arret_point.1744,1744,PAY002,La Payelle,RUE DU GAL DE GAULLE 59910 BONDUES - AU DROIT DU N° 993,POINT (50.70333 3.097732),3.097732,50.70333,1,,0,5795,,1,BONDUES
arret_point.1752,1752,DOV001,Dom De La Vigne,RUE RENÉ D' HESPEL 59910 BONDUES - AU DROIT DU N° 28,POINT (50.713327 3.086682),3.086682,50.713327,1,,0,5791,,2,BONDUES
arret_point.1755,1755,ARR002,Carrel,AVENUE D 'AMSTERDAM 59910 BONDUES - AU DROIT DU N°98,POINT (50.721255 3.130022),3.130022,50.721255,1,,0,217,,1,BONDUES
arret_point.1747,1747,CRB005,Inst Cx Blanche,RUE DE L' ABBE SIX 59910 BONDUES - ANGLE AVENUE DU GAL DE GAULLE,POINT (50.719701 3.109129),3.109129,50.719701,1,,0,7037,,1,BONDUES
arret_point.1756,1756,V22001,Voie 22,DOMAINE DE LA VIGNE 59910 BONDUES - A L OPPOSE DU N° 677,POINT (50.708119 3.078651),3.078651,50.708119,1,,0,7220,,2,BONDUES
arret_point.1749,1749,BRN001,Bondues Ravennes,ALLEE DU GRIS MOUCHON 59910 BONDUES - AU DROIT DU N° 1,POINT (50.722712 3.127926),3.127926,50.722712,1,,0,7010,,1,BONDUES
arret_point.1745,1745,V41002,Voie 41,DOMAINE DE LA VIGNE 59910 BONDUES - AU DROIT DU N° 600,POINT (50.704667 3.082922),3.082922,50.704667,1,,0,7226,,2,BONDUES
arret_point.1723,1723,FFO002,Fort De Bondues,AVENUE DU G. DE GAULLE 59910 BONDUES - AU DROIT DU N° 369,POINT (50.691249 3.087283),3.087283,50.691249,1,,0,180,,1,BONDUES
arret_point.1716,1716,ASA001,Les Genêts,59910 BONDUES -,POINT (50.702227 3.07547),3.07547,50.702227,1,,0,7738,,0,BONDUES
arret_point.1717,1717,CRB004,Inst Cx Blanche,RUE DE L'ABBE SIX 59910 BONDUES - A L OPPOSE DU N° 4,POINT (50.720053 3.108782),3.108782,50.720053,1,,0,7037,,1,BONDUES
arret_point.1720,1720,EAU001,Chateau D'Eau,ROUTE DE LILLE 59910 BONDUES -  APRÈS LA RUE DU DRONCKAERT,POINT (50.720655 3.10995),3.10995,50.720655,1,,0,7034,,1,BONDUES
arret_point.1731,1731,V27002,Voie 227,DOMAINE DE LA VIGNE 59910 BONDUES - A L OPPOSE DU N° 841,POINT (50.71731 3.073151),3.073151,50.71731,1,,0,5173,,2,BONDUES
arret_point.1741,1741,CLC001,Chapelle,CHEMIN SAINT GEORGES 59910 BONDUES - À L'OPPOSÉ DU N° 35,POINT (50.697981 3.087963),3.087963,50.697981,1,,0,5783,,1,BONDUES
arret_point.1727,1727,RAV001,Calmette,AVENUE ALBERT CALMETTE 59910 BONDUES - AU DROIT DU N° 13,POINT (50.71726 3.129168),3.129168,50.71726,1,,0,7002,,2,BONDUES
arret_point.1742,1742,V21301,Voie 213,DOMAINE DE LA VIGNE 59910 BONDUES - VOIE 21 - A L OPPOSE DU N° 795,POINT (50.713261 3.075281),3.075281,50.713261,1,,0,7221,,2,BONDUES
arret_point.1740,1740,RAV002,Calmette,AVENUE ALBERT CALMETTE 59910 BONDUES - AU DROIT DU N° 8,POINT (50.716566 3.12975),3.12975,50.716566,1,,0,7002,,1,BONDUES
arret_point.1735,1735,BMN001,Bas Chemin,RUE RENE HESPEL 59910 BONDUES - APS ANGLE ALL LÉON DESBONNETS,POINT (50.710814 3.088481),3.088481,50.710814,1,,0,5781,,2,BONDUES
arret_point.1736,1736,POH001,Salle Poher,CHEMIN SAINT GEORGES 59910 BONDUES - A L'OPPOSE DU N° 83,POINT (50.693719 3.088322),3.088322,50.693719,1,,0,5787,,1,BONDUES
arret_point.1737,1737,FOM001,Fort Montagne,RUE DE LA CLEF DES CHAMPS 59910 BONDUES - EN FACE DE RUE FORT MONTAGNE,POINT (50.702761 3.086594),3.086594,50.702761,1,,0,5782,,1,BONDUES
arret_point.1781,1781,DSA002,Les Saules,AVENUE DE WAMBRECHIES 59910 BONDUES - 20 M APRES LE ROND POINT,POINT (50.701523 3.076307),3.076307,50.701523,1,,0,5792,,2,BONDUES
arret_point.1782,1782,DOV002,Dom De La Vigne,RUE RENÉ D' HESPEL 59910 BONDUES - À L'OPPOSÉ DU N° 365,POINT (50.714084 3.086058),3.086058,50.714084,1,,0,5791,,2,BONDUES
arret_point.1780,1780,BCE003,Bondues Centre,AVENUE DU GENERAL DE GAULLE 59910 BONDUES - A L'OPP DU N° 756,POINT (50.699248 3.093518),3.093518,50.699248,1,,0,5793,,1,BONDUES
arret_point.1761,1761,BHO002,Hospice,RUE RENE HESPEL 59910 BONDUES - ANGLE ALLEE DU CLOS D HESPEL,POINT (50.70933 3.089052),3.089052,50.70933,1,,0,7656,,2,BONDUES
arret_point.1762,1762,UVR001,Ouvroir,AVENUE DE WAMBRECHIES 59910 BONDUES - ANGLE RUE RENE D HESPEL,POINT (50.705996 3.090117),3.090117,50.705996,1,,0,5786,,1,BONDUES
arret_point.1763,1763,JAM002,Le Jambon,AVENUE DU GAL DE GAULLE 59910 BONDUES - AU DROIT DU N° 1413,POINT (50.710958 3.107243),3.107243,50.710958,1,,0,5789,,1,BONDUES
arret_point.1769,1769,BHO001,Hospice,RUE RENE HESPEL 59910 BONDUES - AU DROIT DE L'HOSPICE,POINT (50.70846 3.089024),3.089024,50.70846,1,,0,7656,,2,BONDUES
arret_point.1776,1776,RIT002,Le Christ,RUE RENE  HESPEL 59910 BONDUES - A L'OPPOSE DU N°56,POINT (50.724573 3.080888),3.080888,50.724573,1,,0,197,,2,BONDUES
arret_point.1764,1764,JAM001,Le Jambon,AVENUE DU GAL DE GAULLE 59910 BONDUES - A L'OPPOSE DU N° 1413,POINT (50.711083 3.107442),3.107442,50.711083,1,,0,5789,,1,BONDUES
arret_point.1775,1775,V21302,Voie 213,DOMAINE DE LA VIGNE 59910 BONDUES - VOIE 21 - AU DROIT DU N° 795,POINT (50.713153 3.075237),3.075237,50.713153,1,,0,7221,,2,BONDUES
arret_point.1777,1777,PBD001,Petit Bondues,RUE RENE HESPEL 59910 BONDUES - AU DROIT DU N° 36,POINT (50.71853 3.082069),3.082069,50.71853,1,,0,6877,,2,BONDUES
arret_point.1770,1770,AER001,Aerodrome,AVENUE DU GENERAL DE GAULLE 59910 BONDUES - ANGLE RUE PAVE STRATEGIQUE,POINT (50.687739 3.086326),3.086326,50.687739,1,,0,216,,1,BONDUES
arret_point.1790,1790,DVI001,Saint Georges,AVENUE DE WAMBRECHIES 59910 BONDUES - ANGLE CHEMIN ST GEORGES,POINT (50.703917 3.083928),3.083928,50.703917,1,,0,5794,,1,BONDUES
arret_point.1797,1797,PBD002,Petit Bondues,RUE RENE HESPEL 59910 BONDUES - ANGLE RUE DU FORT DEBOUT,POINT (50.719014 3.082091),3.082091,50.719014,1,,0,6877,,2,BONDUES
arret_point.1798,1798,BCE002,Bondues Centre,RUE DU BOSQUIEL 59910 BONDUES - AU DROIT CAISSE D'EPARGNE,POINT (50.701066 3.09404),3.09404,50.701066,1,,0,5793,,2,BONDUES
arret_point.1784,1784,FOM002,Fort Montagne,RUE DE LA CLEF DES CHAMPS 59910 BONDUES - ANGLE ALLÉE DES MÉSANGES,POINT (50.703333 3.088523),3.088523,50.703333,1,,0,5782,,2,BONDUES
arret_point.1810,1810,BBO002,Les Bois,RUE AUGER 59166 BOUSBECQUE - A L'OPPOSÉ DU N° 74,POINT (50.762594 3.092584),3.092584,50.762594,1,,0,5728,,2,BOUSBECQUE
arret_point.1795,1795,JAM050,Le Jambon,59910 BONDUES -,POINT (50.710568 3.107957),3.107957,50.710568,1,,0,5789,,0,BONDUES
arret_point.1812,1812,LEH001,Le Ham,RUE LÉON SIX 59166 BOUSBECQUE - AU DROIT DU N° 78,POINT (50.773516 3.089977),3.089977,50.773516,1,,0,7569,,1,BOUSBECQUE
arret_point.1799,1799,DRE001,La Dreve,HAMEAU DES BOIS 59166 BOUSBECQUE - A L'OPP DU N° 9,POINT (50.764767 3.087724),3.087724,50.764767,1,,0,5735,,1,BOUSBECQUE
arret_point.1800,1800,ETE002,Papeterie,RUE LÉON SIX 59166 BOUSBECQUE - AU DROIT DE L'USINE,POINT (50.77233 3.084316),3.084316,50.77233,1,,0,5737,,2,BOUSBECQUE
arret_point.1802,1802,GCH002,Gros Chene,RUE DE LINSELLES 59166 BOUSBECQUE - AU DROIT DU CENTRE ÉQUESTRE,POINT (50.762789 3.078036),3.078036,50.762789,1,,0,5730,,2,BOUSBECQUE
arret_point.1803,1803,COS001,Complexe Sportif,RUE DE LINSELLES 59166 BOUSBECQUE - AU DROIT DU N° 62,POINT (50.769307 3.078416),3.078416,50.769307,1,,0,230,,2,BOUSBECQUE
arret_point.1808,1808,PPA002,Petit Paris,CHEMIN DEPARTEMENTAL N 149 59166 BOUSBECQUE - A L'OPPOSE DU N° 110,POINT (50.758241 3.093013),3.093013,50.758241,1,,0,5736,,2,BOUSBECQUE
arret_point.1806,1806,CAT001,Bousbecque Cat,RUE DE WERVICQ 59166 BOUSBECQUE - À L'OPPOSÉ DU N° 70,POINT (50.772779 3.069147),3.069147,50.772779,1,,0,5732,,1,BOUSBECQUE
arret_point.1804,1804,BCI002,Cimetiere,RUE DE LINSELLES 59166 BOUSBECQUE - AU DROIT DU CIMETIÈRE,POINT (50.765904 3.07763),3.07763,50.765904,1,,0,5733,,2,BOUSBECQUE
arret_point.1817,1817,BCI001,Cimetiere,RUE DE LINSELLES 59166 BOUSBECQUE - A L'OPPOSÉ DU N° 51B,POINT (50.766093 3.077519),3.077519,50.766093,1,,0,5733,,1,BOUSBECQUE
arret_point.1816,1816,DRE002,La Dreve,HAMEAU DES BOIS 59166 BOUSBECQUE - A L OPPOSE DU N° 10,POINT (50.765621 3.087468),3.087468,50.765621,1,,0,5735,,1,BOUSBECQUE
arret_point.1819,1819,VAC001,Chem Des Vaches,RUE DE WERVICQ 59166 BOUSBECQUE - AU DROIT DU N° 175,POINT (50.772981 3.06393),3.06393,50.772981,1,,0,5731,,1,BOUSBECQUE
arret_point.1822,1822,BMI001,Mairie,RUE DE WERVICQ 59166 BOUSBECQUE - AU DROIT DE LA MAIRIE,POINT (50.772209 3.076139),3.076139,50.772209,1,,0,234,,1,BOUSBECQUE
arret_point.1830,1830,ALV002,Calvaire,RUE DU GRAND BUT 59160 CAPINGHEM -,POINT (50.645401 2.974354),2.974354,50.645401,1,,0,5432,,2,CAPINGHEM
arret_point.1832,1832,BEB002,Beau Bouquet,ROUTE NATIONALE 59152 CHERENG - A L'OPPOSE DU N° 100,POINT (50.61057 3.207894),3.207894,50.61057,1,,0,249,,2,CHERENG
arret_point.1835,1835,CCH002,Chateau,ROUTE NATIONALE 59152 CHERENG - AU DROIT DU N° 19,POINT (50.611499 3.196983),3.196983,50.611499,1,,0,245,,2,CHERENG
arret_point.1836,1836,CMA002,Marequaix,ROUTE NATIONALE 59152 CHERENG - A L'OPPOSE DU N° 184,POINT (50.609841 3.214563),3.214563,50.609841,1,,0,246,,2,CHERENG
arret_point.1837,1837,CMA001,Marequaix,ROUTE NATIONALE 59152 CHERENG - AU DROIT DU N° 188,POINT (50.609736 3.214209),3.214209,50.609736,1,,0,246,,2,CHERENG
arret_point.1861,1861,SSM002,Eglise,RUE DE LILLE 59560 COMINES - AU DROIT DU N° 85,POINT (50.740209 3.013134),3.013134,50.740209,1,,0,260,,2,COMINES
arret_point.1856,1856,SCO005,Comines Mairie,RUE DE LA REPUBLIQUE 59560 COMINES - AU DROIT DU N° 7,POINT (50.765034 3.006725),3.006725,50.765034,1,,0,7018,,1,COMINES
arret_point.1860,1860,SGR001,Gravier De Lille,RUE DE LILLE 59560 COMINES - A L'OPPOSE DU N° 149,POINT (50.736864 3.014771),3.014771,50.736864,1,,0,254,,1,COMINES
arret_point.1864,1864,GRP002,Grand Perne,RUE DE LILLE 59560 COMINES - ANGLE CHEMIN DU GRAND PERNE,POINT (50.731301 3.020094),3.020094,50.731301,1,,0,272,,1,COMINES
arret_point.1841,1841,SGE002,Gendarmerie,RUE DE FLANDRE 59560 COMINES - AU DROIT DU N° 51,POINT (50.755675 3.005836),3.005836,50.755675,1,,0,262,,2,COMINES
arret_point.1838,1838,ABL002,Bonaparte,RUE D'ARMENTIERES 59560 COMINES - A L'OPP DU N° 14,POINT (50.761915 3.001239),3.001239,50.761915,1,,0,5845,,1,COMINES
arret_point.1853,1853,ECL001,Leclerc,RUE GAMBETTA 59560 COMINES - AU DROIT DU N° 72,POINT (50.761936 3.007447),3.007447,50.761936,1,,0,5846,,2,COMINES
arret_point.1845,1845,MAL002,Cat Malecot,RUE DE LILLE 59560 COMINES - AU DROIT DU N° 35,POINT (50.742545 3.012431),3.012431,50.742545,1,,0,265,,1,COMINES
arret_point.1846,1846,COG001,Comines Gare,AVENUE DE VERSAILLES 59560 COMINES - À L'OPPOSÉ DU N° 12,POINT (50.761817 3.011052),3.011052,50.761817,1,,0,5836,,1,COMINES
arret_point.1849,1849,SDE002,Place De Gaulle,RUE D'HURLUPIN 59560 COMINES - AU DROIT DU N° 101,POINT (50.763191 3.01083),3.01083,50.763191,1,,0,6630,,2,COMINES
arret_point.1850,1850,COG003,Vieil Dieu,RUE DES   PROCESSIONS 59560 COMINES - ANGLE AVENUE DE VERSAILLES,POINT (50.761655 3.011205),3.011205,50.761655,1,,0,256,,1,COMINES
arret_point.1851,1851,3BL001,3 Ballots,RUE DE WERVICQ 59560 COMINES - A L'OPP DU N° 7,POINT (50.764486 3.018441),3.018441,50.764486,1,,0,5840,,1,COMINES
arret_point.1844,1844,ARL001,Charles Legrand,RUE DES PROCESSIONS 59560 COMINES - A L'OPPOSE DU N° 79,POINT (50.760197 3.008781),3.008781,50.760197,1,,0,252,,1,COMINES
arret_point.1852,1852,SDE001,Place De Gaulle,PLACE DU GENERAL DE GAULLE 59560 COMINES - AU DROIT DU N° 6,POINT (50.762852 3.010457),3.010457,50.762852,1,,0,6630,,1,COMINES
arret_point.1879,1879,BNO001,Bonaparte,RUE D'ARMENTIERES 59560 COMINES - AU DROIT DU N° 56,POINT (50.760691 2.998649),2.998649,50.760691,1,,0,5845,,1,COMINES
arret_point.1877,1877,FDH001,Faidherbe,RUE DE WERVICQ 59560 COMINES - AU DROIT DU N° 122,POINT (50.765619 3.022756),3.022756,50.765619,1,,0,5738,,1,COMINES
arret_point.1874,1874,GLY001,Les Glycines,RUE DE FLANDRES 59560 COMINES - À L'OPPOSÉ DU LOTISSEMENT,POINT (50.753235 3.007599),3.007599,50.753235,1,,0,263,,2,COMINES
arret_point.1876,1876,GAI002,Gaie Perche,RUE D'ARMENTIÈRES 59560 COMINES - À L'OPPOSÉ DU N° 132,POINT (50.754973 2.989482),2.989482,50.754973,1,,0,257,,1,COMINES
arret_point.1871,1871,GRP001,Grand Perne,RUE DE LILLE 59560 COMINES - ANGLE CHEMIN DU GRAND PERNE,POINT (50.731102 3.020246),3.020246,50.731102,1,,0,272,,1,COMINES
arret_point.1868,1868,COG002,Comines Gare,AVENUE DU GÉNÉRAL LECLERC 59560 COMINES - AU DROIT DU N° 79,POINT (50.761281 3.009178),3.009178,50.761281,1,,0,5836,,1,COMINES
arret_point.1873,1873,ABL001,Abbe Lemire,RUE D'ARMENTIERES 59560 COMINES - AU DROIT DU N° 28,POINT (50.761614 3.000486),3.000486,50.761614,1,,0,275,,2,COMINES
arret_point.1865,1865,SGR002,Gravier De Lille,RUE DE LILLE 59560 COMINES - AU DROIT DU N° 155,POINT (50.736482 3.015614),3.015614,50.736482,1,,0,254,,1,COMINES
arret_point.1883,1883,SCO001,Comines Mairie,RUE DU MARECHAL FOCH 59560 COMINES - AU DROIT DU N°3,POINT (50.764958 3.005862),3.005862,50.764958,1,,0,7018,,0,COMINES
arret_point.1897,1897,SPI001,Croix Saint Pierre,RUE J. B DELESCLUSE 59170 CROIX - AU DROIT DU N° 135,POINT (50.683775 3.152935),3.152935,50.683775,1,,0,276,,2,CROIX
arret_point.1896,1896,CPT001,Pont De Croix,RUE DU PROFESSEUR PERRIN 59170 CROIX - AU DROIT DU N° 13 BIS,POINT (50.671888 3.144907),3.144907,50.671888,1,,0,1994,,1,CROIX
arret_point.1901,1901,CXM003,Mairie De Croix,RUE JEAN JAURES 59170 CROIX - A L'OPP N° 270,POINT (50.680382 3.157397),3.157397,50.680382,1,,0,7017,,1,CROIX
arret_point.1898,1898,FAV001,Favreuil,RUE CLAUDE BERNARD 59170 CROIX - AU DROIT DU N° 19,POINT (50.692889 3.151347),3.151347,50.692889,1,,0,5440,,2,CROIX
arret_point.1899,1899,CPL098,Croix Centre,RUE DE LA GARE 59170 CROIX - AU DROIT DU N°21,POINT (50.674309 3.14647),3.14647,50.674309,1,,0,302,,1,CROIX
arret_point.1903,1903,PSM002,Palais Des Metiers,RUE GUSTAVE DUBLED 59170 CROIX - A L OPPOSE DU N° 112,POINT (50.675786 3.140114),3.140114,50.675786,1,,0,278,,1,CROIX
arret_point.1902,1902,ARQ012,La Marque,AVENUE DE FLANDRE 59170 CROIX - AU DROIT DU N° 71 A 73,POINT (50.666103 3.148934),3.148934,50.666103,1,,0,288,,1,CROIX
arret_point.1890,1890,GCR001,Gare,RUE DE CROIX 59170 CROIX - A L OPPOSE DU N° 16,POINT (50.677242 3.136904),3.136904,50.677242,1,,0,283,,2,CROIX
arret_point.1888,1888,FAV002,Favreuil,RUE CLAUDE BERNARD 59170 CROIX - À L'OPPOSÉ DU N° 15,POINT (50.692727 3.151457),3.151457,50.692727,1,,0,5440,,1,CROIX
arret_point.1889,1889,CPL099,Croix Centre,RUE DE LA GARE 59170 CROIX - AU DROIT DE LA STATION METRO,POINT (50.674237 3.146469),3.146469,50.674237,1,,0,302,,1,CROIX
arret_point.1894,1894,CPL012,Croix Centre,RUE DE LA GARE 59170 CROIX - AU DROIT DU N° 21,POINT (50.674629 3.1456),3.1456,50.674629,1,,0,302,,2,CROIX
arret_point.1892,1892,PSM001,Palais Des Metiers,RUE GUSTAVE DUBLED 59170 CROIX - AU DROIT DU N° 112,POINT (50.675646 3.140846),3.140846,50.675646,1,,0,278,,1,CROIX
arret_point.1907,1907,DMO002,Deux Moulins,BOULEVARD ÉMILE ZOLA 59170 CROIX - A L OPPOSE DU N° 215,POINT (50.679495 3.151679),3.151679,50.679495,1,,0,287,,2,CROIX
arret_point.1909,1909,GCR002,Gare,RUE DUBLED 59170 CROIX - AU DROIT DE L'USINE,POINT (50.676963 3.136999),3.136999,50.676963,1,,0,283,,2,CROIX
arret_point.1911,1911,TRS001,Trois Sources,BOULEVARD EMILE ZOLA 59170 CROIX - A L OPPOSE DU N° 68,POINT (50.676952 3.146993),3.146993,50.676952,1,,0,293,,2,CROIX
arret_point.1906,1906,CXM098,Mairie De Croix,RUE JEAN JAURES 59170 CROIX - AU DROIT DU N°240,POINT (50.67949 3.156578),3.156578,50.67949,1,,0,7017,,1,CROIX
arret_point.1910,1910,CLD012,Villa Cavrois,AVENUE DE FLANDRE 59170 CROIX - AU DROIT DU N° 23,POINT (50.668648 3.153408),3.153408,50.668648,1,,0,4630,,1,CROIX
arret_point.1905,1905,TRS002,Trois Sources,BOULEVARD EMILE ZOLA 59170 CROIX - AU DROIT DU N°82,POINT (50.677145 3.14766),3.14766,50.677145,1,,0,293,,1,CROIX
arret_point.1917,1917,LOD002,La Fonderie,BOULEVARD EMILE ZOLA 59170 CROIX - AU DROIT DU N° 2 BIS,POINT (50.675539 3.144909),3.144909,50.675539,1,,0,300,,1,CROIX
arret_point.1921,1921,PTG001,Pont Rouge,RUE DU PONT ROUGE ROUGE 59890 DEULEMONT - APRÈS CARREFOUR RUE D'YPRES,POINT (50.727299 2.940907),2.940907,50.727299,1,,0,5803,,2,DEULEMONT
arret_point.1918,1918,BEL001,Bel Arbre,RUE DU MARECHAL FOCH 59890 DEULEMONT - A L'OPP DU N° 16,POINT (50.733244 2.946773),2.946773,50.733244,1,,0,311,,1,DEULEMONT
arret_point.1925,1925,DMA002,Deulemont Mairie,PLACE LOUIS CLARO 59890 DEULEMONT - A L'OPP DU N°1,POINT (50.73509 2.945142),2.945142,50.73509,1,,0,5800,,2,DEULEMONT
arret_point.1927,1927,DON003,Mairie,RUE CAMILLE DESMOULIN 59272 DON - AU DROIT DU N°24,POINT (50.547682 2.920029),2.920029,50.547682,1,,0,314,,2,DON
arret_point.1930,1930,SOU001,Source,RUE DE SECLIN 59320 EMMERIN - APRÈS ANGLE RUE DE LA SOURCE,POINT (50.582899 3.012348),3.012348,50.582899,1,,0,5588,,1,EMMERIN
arret_point.1933,1933,LGH002,Ghesquiere,RUE D'HAUBOURDIN 59320 EMMERIN -,POINT (50.597168 2.999644),2.999644,50.597168,1,,0,5523,,2,EMMERIN
arret_point.1935,1935,EMM002,Emmerin Mairie,RUE AUGUSTE POTIE 59320 EMMERIN - AU DROIT DE LA POSTE,POINT (50.593521 3.000583),3.000583,50.593521,1,,0,6315,,1,EMMERIN
arret_point.1940,1940,EDE002,Delory,RUE GUSTAVE DELORY 59320 EMMERIN - AU DROIT DU N° 30,POINT (50.595667 3.003599),3.003599,50.595667,1,,0,319,,1,EMMERIN
arret_point.1939,1939,EDA002,Daudet,RUE PAUL   LAFARGUE 59320 EMMERIN - A L'OPPOSE DU N° 24,POINT (50.592405 3.006261),3.006261,50.592405,1,,0,5524,,1,EMMERIN
arret_point.1945,1945,RUH002,Rue D'Haubourdin,RUE DE FOURNES 59320 ENGLOS - A L'OPPOSÉ DU N° 6,POINT (50.6244 2.956896),2.956896,50.6244,1,,0,7660,,1,ENGLOS
arret_point.1942,1942,RUH004,Rue D'Haubourdin,ROUTE DU MOULIN 59320 ENGLOS - 20 M APRES LE ROND POINT,POINT (50.625103 2.95981),2.95981,50.625103,1,,0,7660,,2,ENGLOS
arret_point.1956,1956,TFE001,Trois Fetus,RUE DE LA VALLEE 59320 ENNETIERES EN WEPPES - APRÈS ANGL RUE DES TROIS FÉTUS,POINT (50.63761 2.922756),2.922756,50.63761,1,,0,334,,1,ENNETIERES EN WEPPES
arret_point.1950,1950,CCE002,Ctre Commercial,CENTRE COMMERCIAL LES GÉANTS 59320 ENNETIERES EN WEPPES - AU DROIT DU MAGASIN KALICO,POINT (50.632046 2.965143),2.965143,50.632046,1,,0,6921,,1,ENNETIERES EN WEPPES
arret_point.1949,1949,3CH002,Trois Chenes,CENTRE COMMERCIAL 59320 ENNETIERES EN WEPPES -,POINT (50.629808 2.966074),2.966074,50.629808,1,,0,325,,1,ENNETIERES EN WEPPES
arret_point.1951,1951,TFE002,Trois Fetus,RUE DE LA VALLEE 59320 ENNETIERES EN WEPPES -,POINT (50.637509 2.923164),2.923164,50.637509,1,,0,334,,2,ENNETIERES EN WEPPES
arret_point.1962,1962,RGR002,Rue De La Gare,AVENUE INDUSTRIELLE 59320 ENNETIERES EN WEPPES - 20M APRÈS LE ROND POINT,POINT (50.648994 2.91101),2.91101,50.648994,1,,0,8007,,1,ENNETIERES EN WEPPES
arret_point.1960,1960,EWM001,Mairie,RUE DU BOURG 59320 ENNETIERES EN WEPPES - A L OPPOSE DU N° 22,POINT (50.63479 2.940255),2.940255,50.63479,1,,0,335,,1,ENNETIERES EN WEPPES
arret_point.1963,1963,VEF001,Vert Feuillage,ROUTE NATIONALE 59320 ENNETIERES EN WEPPES - A L'OPP DU N° 673,POINT (50.649967 2.945785),2.945785,50.649967,1,,0,2548,,1,ENNETIERES EN WEPPES
arret_point.1964,1964,EWM002,Mairie,RUE DU BOURG 59320 ENNETIERES EN WEPPES -,POINT (50.635039 2.938777),2.938777,50.635039,1,,0,335,,1,ENNETIERES EN WEPPES
arret_point.1959,1959,EWL002,La Vallee,RUE DE LA VALLEE 59320 ENNETIERES EN WEPPES - AU DROIT DE POSTE ELECTRIQUE,POINT (50.6356 2.928445),2.928445,50.6356,1,,0,332,,2,ENNETIERES EN WEPPES
arret_point.1958,1958,3CH001,Trois Chenes,CENTRE COMMERCIALE 59320 ENNETIERES EN WEPPES - 500M APRES QUICK,POINT (50.630238 2.966136),2.966136,50.630238,1,,0,325,,1,ENNETIERES EN WEPPES
arret_point.1966,1966,LMI006,M.I.N.,RUE DES FUSILLES 59320 ENNETIERES EN WEPPES -,POINT (50.636416 2.966609),2.966609,50.636416,1,,0,330,,2,ENNETIERES EN WEPPES
arret_point.1968,1968,RLG001,Route De Fournes,RUE DE FOURNES 59320 ERQUINGHEM LE SEC - OPP N°145,POINT (50.613823 2.927934),2.927934,50.613823,1,,0,337,,1,ERQUINGHEM LE SEC
arret_point.1975,1975,VCN001,Vieux Chene,RUE DU BAC 59193 ERQUINGHEM LYS - AU DROIT DE LA RES J.DU BELLAY,POINT (50.676557 2.841254),2.841254,50.676557,1,,0,2547,,1,ERQUINGHEM LYS
arret_point.1970,1970,FMA002,Fort Mahieu,RUE D'ARMENTIÈRES 59193 ERQUINGHEM LYS - À L'OPPOSÉ DU N° 996,POINT (50.680502 2.859095),2.859095,50.680502,1,,0,6316,,1,ERQUINGHEM LYS
arret_point.1969,1969,BOS001,Le Bosquiel,RUE D'ARMENTIERES 59193 ERQUINGHEM LYS -,POINT (50.678165 2.853777),2.853777,50.678165,1,,0,2540,,1,ERQUINGHEM LYS
arret_point.1972,1972,EBO002,Le Bourg,PLACE DU GENRAL DE GAULLE 59193 ERQUINGHEM LYS - À L'OPPOSÉ DU N°83,POINT (50.678195 2.846409),2.846409,50.678195,1,,0,6318,,1,ERQUINGHEM LYS
arret_point.2000,2000,TIM004,Tilmant,RUE FAUBOURG D'ARRAS 59155 FACHES THUMESNIL -,POINT (50.607911 3.059558),3.059558,50.607911,1,,0,949,,1,FACHES THUMESNIL
arret_point.2005,2005,RHA002,Rue D'Haubourdin,RUE CARNOT 59155 FACHES THUMESNIL - À GAUCHE DU 245,POINT (50.599696 3.06839),3.06839,50.599696,1,,0,342,,1,FACHES THUMESNIL
arret_point.2003,2003,RUB003,Rubens,AVENUE DU GENERAL LECLERC 59155 FACHES THUMESNIL -,POINT (50.594819 3.082905),3.082905,50.594819,1,,0,1337,,1,FACHES THUMESNIL
arret_point.2004,2004,FVE002,Verdun,RUE DU GENERAL LECLERC 59155 FACHES THUMESNIL - AU DROIT DU N° 337,POINT (50.591083 3.085034),3.085034,50.591083,1,,0,6638,,1,FACHES THUMESNIL
arret_point.1999,1999,JAP002,La Jappe,RUE DE LA JAPPE 59155 FACHES THUMESNIL - A L'OPP DU N° 9,POINT (50.601175 3.071682),3.071682,50.601175,1,,0,354,,2,FACHES THUMESNIL
arret_point.1986,1986,ARO001,Av. De  Roubaix,AVENUE DE ROUBAIX 59155 FACHES THUMESNIL - AU DROIT DE L'ECOLE PASCAL,POINT (50.596948 3.07045),3.07045,50.596948,1,,0,5544,,1,FACHES THUMESNIL
arret_point.1998,1998,RDB001,Rue De Bordeaux,RUE HENRI DILLIES 59155 FACHES THUMESNIL - À DROITE DU N°42,POINT (50.595478 3.080646),3.080646,50.595478,1,,0,5550,,2,FACHES THUMESNIL
arret_point.1995,1995,RDJ002,Rue De Jemmapes,AVENUE DE PARIS 59155 FACHES THUMESNIL - AL'OPP DU N° 70,POINT (50.594764 3.075562),3.075562,50.594764,1,,0,345,,2,FACHES THUMESNIL
arret_point.1993,1993,RDG001,Rue De Grenoble,AVENUE DE PARIS 59155 FACHES THUMESNIL -,POINT (50.595148 3.074341),3.074341,50.595148,1,,0,5552,,1,FACHES THUMESNIL
arret_point.1988,1988,OCC001,Ctre Commercial,CHEMIN DE TEMPLEMARS 59155 FACHES THUMESNIL - AU DROIT AUCHAN,POINT (50.581819 3.083022),3.083022,50.581819,1,,0,5549,,2,FACHES THUMESNIL
arret_point.1994,1994,JRO001,Jean Rostand,RUE HENRY BARBUSSE 59155 FACHES THUMESNIL - À DROITE DU N°96,POINT (50.58615 3.080465),3.080465,50.58615,1,,0,5545,,2,FACHES THUMESNIL
arret_point.1990,1990,WBO002,Bourget,ROUTE D'ARRAS 59155 FACHES THUMESNIL - AU DROIT DU NICODEME,POINT (50.603462 3.056463),3.056463,50.603462,1,,0,360,,1,FACHES THUMESNIL
arret_point.1991,1991,LMQ001,Moulin De Lesquin,RUE DOUAI 59155 FACHES THUMESNIL - À L'OPPOSÉ DU N°33,POINT (50.587132 3.087215),3.087215,50.587132,1,,0,347,,1,FACHES THUMESNIL
arret_point.1992,1992,FAE002,Eglise,RUE DE FLANDRES 59155 FACHES THUMESNIL - À L'OPPOSÉ DU N°1,POINT (50.588437 3.077469),3.077469,50.588437,1,,0,363,,1,FACHES THUMESNIL
arret_point.2016,2016,RDB002,Rue De Bordeaux,RUE HENRI DILLIES 59155 FACHES THUMESNIL -,POINT (50.594818 3.079974),3.079974,50.594818,1,,0,5550,,2,FACHES THUMESNIL
arret_point.2015,2015,OCC002,Ctre Commercial,CHEMIN DE TEMPLEMARS 59155 FACHES THUMESNIL - AU DROIT RENAULT MINUTE,POINT (50.581943 3.083305),3.083305,50.581943,1,,0,5549,,1,FACHES THUMESNIL
arret_point.2006,2006,RDJ001,Rue De Jemmapes,AVENUE DE PARIS 59155 FACHES THUMESNIL -,POINT (50.594175 3.07654),3.07654,50.594175,1,,0,345,,2,FACHES THUMESNIL
arret_point.2010,2010,FCI002,Cimetiere,RUE HENRI DILLIES 59155 FACHES THUMESNIL - A L'OPPOSÉ DU N°170,POINT (50.591434 3.075907),3.075907,50.591434,1,,0,356,,1,FACHES THUMESNIL
arret_point.2011,2011,RDG002,Rue De Grenoble,AVENUE DE PARIS 59155 FACHES THUMESNIL - AL'OPP DU N° 24,POINT (50.595757 3.073054),3.073054,50.595757,1,,0,5552,,2,FACHES THUMESNIL
arret_point.2007,2007,JAP001,La Jappe,RUE D'HAUBOURDIN 59155 FACHES THUMESNIL -,POINT (50.600474 3.07177),3.07177,50.600474,1,,0,354,,2,FACHES THUMESNIL
arret_point.2019,2019,PHG002,Philippe De Girard,ROUTE CLÉMENCEAU 59155 FACHES THUMESNIL -,POINT (50.599917 3.053664),3.053664,50.599917,1,,0,359,,2,FACHES THUMESNIL
arret_point.2018,2018,FAM002,Mairie,RUE ROGER SALENGRO 59155 FACHES THUMESNIL - A L'OPP DU N°18,POINT (50.603649 3.068871),3.068871,50.603649,1,,0,355,,1,FACHES THUMESNIL
arret_point.2020,2020,FAE001,Eglise,RUE KLEBER 59155 FACHES THUMESNIL - A L'OPPOSÉ DU N°6,POINT (50.588498 3.076385),3.076385,50.588498,1,,0,363,,2,FACHES THUMESNIL
arret_point.2026,2026,FEG001,Eglise,RUE PRINCIPALE 59510 FOREST SUR MARQUE - AU DROIT DU N° 26,POINT (50.636206 3.188861),3.188861,50.636206,1,,0,367,,2,FOREST SUR MARQUE
arret_point.2023,2023,MFO002,Mairie,RUE PRINCIPALE 59510 FOREST SUR MARQUE - A L OPPOSE DU N° 80,POINT (50.633913 3.18964),3.18964,50.633913,1,,0,365,,2,FOREST SUR MARQUE
arret_point.2024,2024,RTR002,Rue De Tressin,RUE DE TRESSIN 59510 FOREST SUR MARQUE - AU DROIT DU N° 16,POINT (50.632205 3.19284),3.19284,50.632205,1,,0,366,,2,FOREST SUR MARQUE
arret_point.2027,2027,MFO001,Mairie,RUE PRINCIPALE 59510 FOREST SUR MARQUE - AU DROIT DU N° 84,POINT (50.633643 3.189734),3.189734,50.633643,1,,0,365,,1,FOREST SUR MARQUE
arret_point.2036,2036,WIC002,4 Chemins,RUE FAIDHERBE 59134 FOURNES EN WEPPES - APRÈS ANGLE RUE PILLY HERLIES,POINT (50.580322 2.873873),2.873873,50.580322,1,,0,5708,,1,FOURNES EN WEPPES
arret_point.2038,2038,CIT001,Cimetiere,RUE FAIDHERBE 59134 FOURNES EN WEPPES - OPPOSE AU CIMETIERE,POINT (50.583528 2.895282),2.895282,50.583528,1,,0,5707,,2,FOURNES EN WEPPES
arret_point.2037,2037,FWD002,Desprez,BOULEVARD VICTOR HUGO 59134 FOURNES EN WEPPES -,POINT (50.596088 2.901045),2.901045,50.596088,1,,0,374,,1,FOURNES EN WEPPES
arret_point.2033,2033,FWL006,Rue Thiers,RUE THIERS 59134 FOURNES EN WEPPES -,POINT (50.584475 2.884246),2.884246,50.584475,1,,0,9155,,1,FOURNES EN WEPPES
arret_point.2030,2030,FWL005,Rue Thiers,RUE THIERS 59134 FOURNES EN WEPPES -,POINT (50.584825 2.884052),2.884052,50.584825,1,,0,9155,,2,FOURNES EN WEPPES
arret_point.2043,2043,CIT002,Cimetiere,RUE FAIDHERBE 59134 FOURNES EN WEPPES - AU DROIT DU CIMETIERE,POINT (50.583426 2.895985),2.895985,50.583426,1,,0,5707,,1,FOURNES EN WEPPES
arret_point.2044,2044,FWC002,Carnot,RUE PASTEUR 59134 FOURNES EN WEPPES -,POINT (50.58652 2.888242),2.888242,50.58652,1,,0,5709,,2,FOURNES EN WEPPES
arret_point.2054,2054,CAB001,Croix Au Bois,RUE DE  MESSINNES 59236 FRELINGHIEN - EN SORTIE DU ROND POINT,POINT (50.696827 2.977369),2.977369,50.696827,1,,0,383,,1,FRELINGHIEN
arret_point.2056,2056,AVE002,L'Aventure,CHEMIN DE L'AVENTURE 59236 FRELINGHIEN -,POINT (50.688602 2.947132),2.947132,50.688602,1,,0,380,,1,FRELINGHIEN
arret_point.2048,2048,CFA001,Cite Faucheur,RUE DU PONT ROUGE 59236 FRELINGHIEN - A L'OPP DU N° 1450,POINT (50.724254 2.939951),2.939951,50.724254,1,,0,5807,,1,FRELINGHIEN
arret_point.2061,2061,LPT001,La Chapelette,CHEMIN DE L'AVENTURE 59236 FRELINGHIEN - À L'OPPOSÉ DU N°3004,POINT (50.692601 2.940191),2.940191,50.692601,1,,0,382,,1,FRELINGHIEN
arret_point.2062,2062,CAB002,Croix Au Bois,RUE DE MESSINNES 59236 FRELINGHIEN - 10M AVANT LE ROND POINT,POINT (50.696925 2.977412),2.977412,50.696925,1,,0,383,,2,FRELINGHIEN
arret_point.2058,2058,PTE002,Petite Chapelle,RUE DU PONT ROUGE 59236 FRELINGHIEN - À GAUCHE DU N°47,POINT (50.715581 2.934436),2.934436,50.715581,1,,0,5810,,1,FRELINGHIEN
arret_point.2065,2065,CAB004,Croix Au Bois,RUE DE QUESNOY 59236 FRELINGHIEN - APRÈS L'ANGLE RUE MESSINES,POINT (50.696209 2.975398),2.975398,50.696209,1,,0,383,,0,FRELINGHIEN
arret_point.2068,2068,FRM002,Mairie,RUE ALFRED COUSIN 59273 FRETIN - À L'OPPOSÉ DU N° 7,POINT (50.559819 3.135099),3.135099,50.559819,1,,0,393,,1,FRETIN
arret_point.2560,2560,4CR001,Crt 4,RUE  LEO FERRE 59273 FRETIN - AU DROIT DES ETS DHL,POINT (50.581367 3.143488),3.143488,50.581367,1,,0,718,,2,FRETIN
arret_point.2069,2069,FRI002,Gare,RUE JEAN-BAPTISTE LEBAS 59273 FRETIN - AU DROIT DU N° 84,POINT (50.559361 3.14895),3.14895,50.559361,1,,0,388,,2,FRETIN
arret_point.2070,2070,FRM001,Mairie,RUE ALFRED COUSIN 59273 FRETIN - AU DROIT DE LA MAIRIE,POINT (50.559306 3.135387),3.135387,50.559306,1,,0,393,,1,FRETIN
arret_point.2076,2076,INE001,La Plaine,RUE CALMETTE 59152 GRUSON - A L OPPOSE DU N° 45B,POINT (50.592361 3.212678),3.212678,50.592361,1,,0,7572,,2,GRUSON
arret_point.2072,2072,GCA001,Gruson Calvaire,RUE DU MARÉCHAL LECLERC 59152 GRUSON - AU DROIT DE L'ÉCOLE PASTEUR,POINT (50.596599 3.204606),3.204606,50.596599,1,,0,397,,1,GRUSON
arret_point.2085,2085,ZAC002,Zac Du Moulin,RUE PAUL COLETTE 59320 HALLENNES LEZ HAUBOURDIN - APRÈS ANGLE RUE DES MEUNIERS,POINT (50.60572 2.952309),2.952309,50.60572,1,,0,7150,,2,HALLENNES LEZ HAUBOURDIN
arret_point.2086,2086,BLI001,Moulin Lamblin,RUE DU GENERAL DE GAULLE 59320 HALLENNES LEZ HAUBOURDIN - A L OPPOSE DU N° 253,POINT (50.608126 2.959119),2.959119,50.608126,1,,0,8902,,1,HALLENNES LEZ HAUBOURDIN
arret_point.2087,2087,HBA002,La Bascule,RUE EMILE ZOLA 59320 HALLENNES LEZ HAUBOURDIN -,POINT (50.614102 2.969444),2.969444,50.614102,1,,0,407,,1,HALLENNES LEZ HAUBOURDIN
arret_point.2078,2078,AST500,Maison D'Arret,RUE EMILE ZOLA 59320 HALLENNES LEZ HAUBOURDIN - AU DROIT DU N° 150,POINT (50.618294 2.965337),2.965337,50.618294,1,,0,400,,1,HALLENNES LEZ HAUBOURDIN
arret_point.2082,2082,HRI001,Les Riez,RUE ROGER SALENGRO 59320 HALLENNES LEZ HAUBOURDIN -,POINT (50.6125 2.966815),2.966815,50.6125,1,,0,402,,1,HALLENNES LEZ HAUBOURDIN
arret_point.2097,2097,HLF002,Le Fort,RUE DE L EGALITE 59320 HALLENNES LEZ HAUBOURDIN - À DROITE DU N°161,POINT (50.613127 2.956517),2.956517,50.613127,1,,0,399,,1,HALLENNES LEZ HAUBOURDIN
arret_point.2096,2096,HCO001,La Colle,RUE DE L'EGALITE 59320 HALLENNES LEZ HAUBOURDIN - A L'OPPOSE CAFÉ LA BONNE COTE,POINT (50.607202 2.951989),2.951989,50.607202,1,,0,5711,,1,HALLENNES LEZ HAUBOURDIN
arret_point.2091,2091,HLF001,Le Fort,RUE DE L'ÉGALITE 59320 HALLENNES LEZ HAUBOURDIN - À L'OPPOSÉ DU N°161,POINT (50.613163 2.95632),2.95632,50.613163,1,,0,399,,1,HALLENNES LEZ HAUBOURDIN
arret_point.2094,2094,AST002,Maison D'Arret,RUE EMILE ZOLA 59320 HALLENNES LEZ HAUBOURDIN - A L'OPPOSE DU N° 132,POINT (50.617412 2.965791),2.965791,50.617412,1,,0,400,,1,HALLENNES LEZ HAUBOURDIN
arret_point.2093,2093,HCM001,Cimetiere,RUE DE L' EGALITE 59320 HALLENNES LEZ HAUBOURDIN - AU DROIT DU CIMETIERE,POINT (50.60941 2.953482),2.953482,50.60941,1,,0,403,,1,HALLENNES LEZ HAUBOURDIN
arret_point.2092,2092,MAH002,Hallennes Mairie,RUE GAMBETTA 59320 HALLENNES LEZ HAUBOURDIN - AU DROIT DU N°79,POINT (50.613627 2.962205),2.962205,50.613627,1,,0,5715,,1,HALLENNES LEZ HAUBOURDIN
arret_point.2099,2099,HPE001,La Pepiniere,RUE DU GÉNÉRAL DE GAULLE 59320 HALLENNES LEZ HAUBOURDIN - AU DROIT DU N° 61,POINT (50.611422 2.96893),2.96893,50.611422,1,,0,462,,1,HALLENNES LEZ HAUBOURDIN
arret_point.2101,2101,HRI002,Les Riez,RUE ROGER SALENGRO 59320 HALLENNES LEZ HAUBOURDIN - A L'OPPOSE DU N°46,POINT (50.612447 2.966758),2.966758,50.612447,1,,0,402,,1,HALLENNES LEZ HAUBOURDIN
arret_point.2098,2098,ETZ001,Frometz,RUE DE SANTES 59320 HALLENNES LEZ HAUBOURDIN - AU DROIT D'UN ESPACE VERT,POINT (50.607027 2.968748),2.968748,50.607027,1,,0,9144,,1,HALLENNES LEZ HAUBOURDIN
arret_point.2124,2124,HAC003,Lp Colbras,RUE D'OER ERKENSCHWICK 59250 HALLUIN - À L'OPPOSÉ DU LYCÉE,POINT (50.779112 3.114732),3.114732,50.779112,1,,0,435,,1,HALLUIN
arret_point.2123,2123,MOR003,Monument Aux Morts,RUE DE LA LIBERATION 59250 HALLUIN - AU DROIT DU N°2,POINT (50.781381 3.12607),3.12607,50.781381,1,,0,440,,2,HALLUIN
arret_point.2121,2121,RNG002,Sangnier,RUE DE LA LYS 59250 HALLUIN - AU DROIT DU N° 221,POINT (50.784885 3.11519),3.11519,50.784885,1,,0,427,,2,HALLUIN
arret_point.2120,2120,MAO001,Cense Manoir,RUE ARTHUR DENNETIERE 59250 HALLUIN - A L'OPPOSE DU N°25,POINT (50.777739 3.119067),3.119067,50.777739,1,,0,4124,,2,HALLUIN
arret_point.2119,2119,ROU001,Rouge Porte,RUE ROUGE PORTE 59250 HALLUIN - ANGLE RUE AUGUSTE BLANQUI,POINT (50.784588 3.139193),3.139193,50.784588,1,,0,2680,,2,HALLUIN
arret_point.2116,2116,HAL002,Centre Ville,RUE DE LILLE 59250 HALLUIN - À L'OPPOSÉ DU N° 61,POINT (50.783836 3.126378),3.126378,50.783836,1,,0,425,,1,HALLUIN
arret_point.2113,2113,HAP002,Parc Des Sports,RUE DE LILLE 59250 HALLUIN - AU DROIT DU N° 194,POINT (50.777017 3.124049),3.124049,50.777017,1,,0,430,,1,HALLUIN
arret_point.2109,2109,EGO003,Eglise Du Colbras,RUE DE LA LYS 59250 HALLUIN - AU DROIT DU N°194,POINT (50.783625 3.110176),3.110176,50.783625,1,,0,422,,2,HALLUIN
arret_point.2104,2104,SEM002,Semard,ROUTE DE LINSELLES 59250 HALLUIN - AU DROIT DU N° 57,POINT (50.780885 3.119385),3.119385,50.780885,1,,0,5979,,1,HALLUIN
arret_point.2106,2106,ROH001,Hotel De Ville,RUE MARTHE NOLLET 59250 HALLUIN - AU DROIT DU N° 24,POINT (50.782556 3.124702),3.124702,50.782556,1,,0,7133,,1,HALLUIN
arret_point.2110,2110,PIG001,Noir Pignon,RUE DE LILLE 59250 HALLUIN - AU DROIT DU N° 241,POINT (50.774045 3.123224),3.123224,50.774045,1,,0,420,,1,HALLUIN
arret_point.2108,2108,HCA001,Cimetiere,ROUTE DE NEUVILLE 59250 HALLUIN - À L'OPPOSÉ DU CIMETIÈRE,POINT (50.778704 3.129635),3.129635,50.778704,1,,0,423,,2,HALLUIN
arret_point.2136,2136,BAB001,Abbe Lemire,RUE ABBE LEMIRE 59250 HALLUIN - AU DROIT N°152,POINT (50.778194 3.136318),3.136318,50.778194,1,,0,2687,,1,HALLUIN
arret_point.2137,2137,LOS001,Loisel,CHEMIN DE L'OISEL 59250 HALLUIN - A L'OPPOSE DU 101,POINT (50.780671 3.137489),3.137489,50.780671,1,,0,2685,,2,HALLUIN
arret_point.2135,2135,MHA001,Mont D'Halluin,ROUTE DE NEUVILLE 59250 HALLUIN - AU DROIT DU N° 288,POINT (50.76504 3.144153),3.144153,50.76504,1,,0,5945,,1,HALLUIN
arret_point.2131,2131,MPL002,Malplaquet,ROUTE DE LA LYS 59250 HALLUIN - A L'OPP DU N°361,POINT (50.7802 3.105681),3.105681,50.7802,1,,0,445,,2,HALLUIN
arret_point.2134,2134,JAU001,Jean Jaures,RUE DE LA LYS 59250 HALLUIN - AU DROIT DU N°22,POINT (50.78582 3.119095),3.119095,50.78582,1,,0,433,,1,HALLUIN
arret_point.2130,2130,HAC001,Lp Colbras,RUE D'OER ERKENSCHYWCK 59250 HALLUIN - AU DROIT DU LYCÉE,POINT (50.77907 3.114236),3.114236,50.77907,1,,0,435,,1,HALLUIN
arret_point.2129,2129,PIG002,Noir Pignon,RUE DE LILLE 59250 HALLUIN - A L'OPPOSE DU N° 239,POINT (50.773742 3.122894),3.122894,50.773742,1,,0,420,,2,HALLUIN
arret_point.2125,2125,ROH003,Hotel De Ville,RUE MARTHE NOLLET 59250 HALLUIN - AU DROIT DU N° 3,POINT (50.782781 3.12588),3.12588,50.782781,1,,0,7133,,1,HALLUIN
arret_point.2128,2128,HAP001,Parc Des Sports,RUE DE LILLE 59250 HALLUIN - À L'OPPOSÉ DU N° 196,POINT (50.776845 3.124258),3.124258,50.776845,1,,0,430,,1,HALLUIN
arret_point.2155,2155,HBZ001,Berlioz,ROUTE DE LINSELLES 59250 HALLUIN - ANGLE RUE HECTOR BERLIOZ,POINT (50.777382 3.114592),3.114592,50.777382,1,,0,5124,,1,HALLUIN
arret_point.2156,2156,HIL001,Saint Hilaire,CHEMIN DE L'OISEL 59250 HALLUIN - À L'OPPOSÉ DU N° 299A,POINT (50.777856 3.141419),3.141419,50.777856,1,,0,3908,,2,HALLUIN
arret_point.2157,2157,EXU001,Saint Exupery,RUE ARTHUR DENNETIÈRE 59250 HALLUIN - AU DROIT DU N° 26,POINT (50.778609 3.116308),3.116308,50.778609,1,,0,3913,,1,HALLUIN
arret_point.2144,2144,PTU001,Pasteur,RUE PASTEUR 59250 HALLUIN - A L OPPOSE DU N° 4C,POINT (50.778881 3.125634),3.125634,50.778881,1,,0,2693,,2,HALLUIN
arret_point.2145,2145,PNE001,Piscine,ROUTE DE NEUVILLE 59250 HALLUIN - AU DROIT DU N° 1,POINT (50.777989 3.130585),3.130585,50.777989,1,,0,4729,,2,HALLUIN
arret_point.2148,2148,2NA001,2 Nations,AVENUE ABBE LEMIRE 59250 HALLUIN - AU DROIT DE KING JOUET,POINT (50.787781 3.139216),3.139216,50.787781,1,,0,5898,,2,HALLUIN
arret_point.2146,2146,SED001,Stele Des Enfant,RUE DES FRERES MARTEL 59250 HALLUIN - A LOPPOSE DU N° 32,POINT (50.782592 3.134408),3.134408,50.782592,1,,0,2691,,1,HALLUIN
arret_point.2143,2143,HOT002,L'Octroi,ROUTE DE LA LYS 59250 HALLUIN - AU DROIT DU N° 254,POINT (50.776611 3.098624),3.098624,50.776611,1,,0,447,,2,HALLUIN
arret_point.2154,2154,HOT001,L'Octroi,ROUTE DE LA LYS 59250 HALLUIN - À L'OPPOSÉ DU N° 254,POINT (50.776537 3.098934),3.098934,50.776537,1,,0,447,,2,HALLUIN
arret_point.2151,2151,ROH002,Hotel De Ville,RUE MARTHE NOLLET 59250 HALLUIN - AU DROIT DU N°11,POINT (50.7825 3.125027),3.125027,50.7825,1,,0,7133,,1,HALLUIN
arret_point.2163,2163,GLL002,Gallodrome,RUE SALENGRO 59496 HANTAY - A L'OPPOSE DU N° 27,POINT (50.539665 2.875915),2.875915,50.539665,1,,0,5671,,1,HANTAY
arret_point.2161,2161,HMI001,Mirabeau,RUE MIRABEAU 59496 HANTAY - À DROITE DU N°66,POINT (50.535959 2.874087),2.874087,50.535959,1,,0,5672,,1,HANTAY
arret_point.2177,2177,HAV001,Vanderhaghen,AVENUE DE L'EUROPE 59320 HAUBOURDIN - AU DROIT DE L'ESPACE VERT,POINT (50.612587 2.976149),2.976149,50.612587,1,,0,470,,1,HAUBOURDIN
arret_point.2180,2180,OPE002,Europe,RUE ALBERT VANDERHAGEN 59320 HAUBOURDIN - AU DROIT DE L'ECOLE,POINT (50.611824 2.976266),2.976266,50.611824,1,,0,6261,,1,HAUBOURDIN
arret_point.2183,2183,ISS002,Blanchisserie,RUE DE LA CANTERAINE 59320 HAUBOURDIN -,POINT (50.591628 2.982054),2.982054,50.591628,1,,0,7007,,1,HAUBOURDIN
arret_point.2185,2185,HJA003,Jardin Public,RUE DU MARÉCHAL LECLERC 59320 HAUBOURDIN - À L'OPPOSÉ DU N° 2,POINT (50.611272 2.987425),2.987425,50.611272,1,,0,6264,,2,HAUBOURDIN
arret_point.2176,2176,HPE002,La Pepiniere,RUE DU GÉNÉRAL DE GAULLE 59320 HAUBOURDIN - AU DROIT DU N° 40,POINT (50.611251 2.969154),2.969154,50.611251,1,,0,462,,1,HAUBOURDIN
arret_point.2167,2167,DUT001,Dutrey,RUE DU GÉNÉRAL DAME 59320 HAUBOURDIN - À L'OPPOSÉ DU N° 238,POINT (50.601122 2.998386),2.998386,50.601122,1,,0,456,,1,HAUBOURDIN
arret_point.2172,2172,JDL001,J. Luxembourg,RUE D'ENGLOS 59320 HAUBOURDIN - AU DROIT DU N° 1,POINT (50.612587 2.972597),2.972597,50.612587,1,,0,461,,2,HAUBOURDIN
arret_point.2171,2171,HAV002,Vanderhaghen,AVENUE DE L'EUROPE 59320 HAUBOURDIN - AU DROIT DE BOULANGERIE DEPREZ,POINT (50.612499 2.975909),2.975909,50.612499,1,,0,470,,1,HAUBOURDIN
arret_point.2175,2175,GLE001,Gambetta Leclerc,RUE DU GÉNÉRAL LECLERC 59320 HAUBOURDIN - AU DROIT DU N° 31,POINT (50.609205 2.988216),2.988216,50.609205,1,,0,6827,,1,HAUBOURDIN
arret_point.2197,2197,HEU001,Heurtebise,RUE SADI CARNOT 59320 HAUBOURDIN - À L'OPPOSÉ DU N°236,POINT (50.611886 2.998627),2.998627,50.611886,1,,0,6263,,1,HAUBOURDIN
arret_point.2196,2196,JAQ002,Jacquard,RUE ROGER SALENGRO 59320 HAUBOURDIN - A L'OPPOSE DU N° 3,POINT (50.604943 2.990077),2.990077,50.604943,1,,0,6258,,2,HAUBOURDIN
arret_point.2187,2187,HEU002,Heurtebise,RUE SADI CARNOT 59320 HAUBOURDIN - AU DROIT DU N° 236,POINT (50.61184 2.998781),2.998781,50.61184,1,,0,6263,,1,HAUBOURDIN
arret_point.2188,2188,HBE002,Beaupre,RUE ROGER SALENGRO 59320 HAUBOURDIN - ANGLE CITÉ ST GEORGES,POINT (50.602524 2.992921),2.992921,50.602524,1,,0,6859,,1,HAUBOURDIN
arret_point.2189,2189,HCP001,Caserne Des Pompiers,RUE ALBERT VANDERHAEGHEN 59320 HAUBOURDIN - À L'OPPOSÉ DU N° 31,POINT (50.611455 2.978137),2.978137,50.611455,1,,0,6255,,1,HAUBOURDIN
arret_point.2199,2199,HBE001,Beaupre,RUE DU GÉNÉRAL DAME 59320 HAUBOURDIN - À L'OPPOSÉ DU N° 6,POINT (50.60325 2.996314),2.996314,50.60325,1,,0,6859,,1,HAUBOURDIN
arret_point.2202,2202,PAR001,Le Parc,RUE DE COPENHAGUE 59320 HAUBOURDIN - AU DROIT DU SUPERMARCHE,POINT (50.61496 2.977026),2.977026,50.61496,1,,0,475,,1,HAUBOURDIN
arret_point.2215,2215,STX001,College Saint Exupery,RUE DU PROGRES 59260 HELLEMMES LILLE - A L OPPOSE DU N° 23,POINT (50.629004 3.118067),3.118067,50.629004,1,,0,498,,2,HELLEMMES LILLE
arret_point.2212,2212,ZIH002,Zi Hellu - Epine,VOIE DEVIATION DU CD 146 59260 HELLEMMES LILLE - AU DROIT DU N° 1,POINT (50.618095 3.103937),3.103937,50.618095,1,,0,7151,,1,HELLEMMES LILLE
arret_point.2211,2211,FEL001,Fenelon,RUE FAIDHERBE 59260 HELLEMMES LILLE - AU DROIT DU N° 113,POINT (50.630932 3.112399),3.112399,50.630932,1,,0,7073,,1,HELLEMMES LILLE
arret_point.2213,2213,LZN099,Square Flandres,RUE ROGER SALENGRO 59260 HELLEMMES LILLE - AU DROIT DU 294,POINT (50.625231 3.116118),3.116118,50.625231,1,,0,492,,1,HELLEMMES LILLE
arret_point.2210,2210,ING002,Guinguette,RUE JACQUARD 59260 HELLEMMES LILLE - A L'OPPOSE DU N° 11,POINT (50.635471 3.115333),3.115333,50.635471,1,,0,6083,,2,HELLEMMES LILLE
arret_point.2203,2203,JRS001,Jean Jaures,RUE CHANZY 59260 HELLEMMES LILLE - A L'OPPOSE DU N° 83,POINT (50.626078 3.105399),3.105399,50.626078,1,,0,5917,,1,HELLEMMES LILLE
arret_point.2204,2204,MHE001,Mairie D'Hellemmes,RUE ROGER SALENGRO 59260 HELLEMMES LILLE - AU DROIT DU N° 163,POINT (50.627277 3.108788),3.108788,50.627277,1,,0,494,,1,HELLEMMES LILLE
arret_point.2209,2209,FJA002,Jacquard,RUE JACQUARD 59260 HELLEMMES LILLE - AU DROIT DU N° 196,POINT (50.635352 3.112792),3.112792,50.635352,1,,0,9124,,2,HELLEMMES LILLE
arret_point.2206,2206,CHD001,Chapelle D'Elocques,RUE JACQUARD 59260 HELLEMMES LILLE - AU DROIT DU N° 1 BIS,POINT (50.634375 3.102692),3.102692,50.634375,1,,0,484,,2,HELLEMMES LILLE
arret_point.2224,2224,ENI001,Avenir,BOULEVARD DE LEZENNES 59260 HELLEMMES LILLE - ANGLE RUE PAUL KIMPE,POINT (50.619207 3.099513),3.099513,50.619207,1,,0,7069,,0,HELLEMMES LILLE
arret_point.2218,2218,MRB098,Marbrerie,RUE PIERRE LEGRAND 59260 HELLEMMES LILLE - AU DROIT DU N° 284,POINT (50.630395 3.097836),3.097836,50.630395,1,,0,488,,1,HELLEMMES LILLE
arret_point.2223,2223,MHE098,Mairie D'Hellemmes,59260 HELLEMMES LILLE -,POINT (50.627384 3.108889),3.108889,50.627384,1,,0,494,,1,HELLEMMES LILLE
arret_point.2220,2220,ECO001,Ecole,RUE FERDINAND MATHIAS 59260 HELLEMMES LILLE - AU DROIT MEDIATHÈQUE DU NORD,POINT (50.622816 3.103446),3.103446,50.622816,1,,0,493,,2,HELLEMMES LILLE
arret_point.2229,2229,HUA001,Docteur Huart,RUE FAIDHERBE 59260 HELLEMMES LILLE - AU DROIT DU N° 217,POINT (50.634248 3.114383),3.114383,50.634248,1,,0,490,,1,HELLEMMES LILLE
arret_point.2230,2230,JRS002,Jean Jaures,RUE CHANZY 59260 HELLEMMES LILLE - AU DROIT DU N° 75,POINT (50.626173 3.106035),3.106035,50.626173,1,,0,5917,,1,HELLEMMES LILLE
arret_point.2228,2228,MRB198,Marbrerie,RUE PIERRE LEGRAND 59260 HELLEMMES LILLE - AU DROIT DU N° 284,POINT (50.630227 3.097438),3.097438,50.630227,1,,0,488,,2,HELLEMMES LILLE
arret_point.2257,2257,VOI002,Voisinage,AVENUE HENRI DELCROIX 59510 HEM - AU DROIT DU CAMPANILE,POINT (50.644578 3.193743),3.193743,50.644578,1,,0,522,,2,HEM
arret_point.2262,2262,PHE001,Poste,BOULEVARD CLEMENCEAU 59510 HEM - AU DROIT DU N° 117,POINT (50.660033 3.184666),3.184666,50.660033,1,,0,5618,,2,HEM
arret_point.2258,2258,ZAR002,Zone Artisanale,RUE COLBERT 59510 HEM - 100 M APRES BD CLEMENCEAU,POINT (50.665208 3.180788),3.180788,50.665208,1,,0,511,,2,HEM
arret_point.2251,2251,ALT003,Calmette,AVENUE LAENNEC 59510 HEM - AU DROIT DU N° 231,POINT (50.667714 3.193378),3.193378,50.667714,1,,0,7209,,2,HEM
arret_point.2259,2259,BLN002,Blanchisserie,59510 HEM -,POINT (50.661241 3.201989),3.201989,50.661241,1,,0,7940,,0,HEM
arret_point.2263,2263,SJO002,Eglise St Joseph,RUE DES ECOLES 59510 HEM - AU DROIT DU N° 2,POINT (50.663469 3.188591),3.188591,50.663469,1,,0,5619,,2,HEM
arret_point.2254,2254,MHM001,Mairie,RUE DU GENERAL LECLERC 59510 HEM - AU DROIT DU N° 46,POINT (50.654441 3.182568),3.182568,50.654441,1,,0,514,,1,HEM
arret_point.2261,2261,HLV001,Hem La Vallee,AVENUE ANTOINE PINAY 59510 HEM - APRÈS LA RUE DU CALVAIRE,POINT (50.648996 3.196909),3.196909,50.648996,1,,0,523,,1,HEM
arret_point.2260,2260,REC001,Rue Des Ecoles,RUE DE LA LIONDERIE 59510 HEM - AU DROIT DU N° 87,POINT (50.663237 3.191029),3.191029,50.663237,1,,0,5620,,1,HEM
arret_point.2243,2243,AMP002,Ampere,RUE DE LA LIONDERIE 59510 HEM - AU DROIT DU N° 42,POINT (50.661824 3.192882),3.192882,50.661824,1,,0,519,,2,HEM
arret_point.2238,2238,HEB001,Bifur,RUE DU DOCTEUR COUBRONNE 59510 HEM - AU DROIT DE RÉSID DE LA MARQUE,POINT (50.652119 3.187608),3.187608,50.652119,1,,0,525,,2,HEM
arret_point.2245,2245,ZAR001,Zone Artisanale,RUE COLBERT 59510 HEM - 50 M AVANT LE BD CLEMENCEAU,POINT (50.665046 3.180983),3.180983,50.665046,1,,0,511,,2,HEM
arret_point.2246,2246,SJO001,Eglise St Joseph,RUE DES ECOLES 59510 HEM - A L OPPOSE DU N° 2,POINT (50.66364 3.188383),3.188383,50.66364,1,,0,5619,,2,HEM
arret_point.2242,2242,LEK006,Laennec,AVENUE HENRI DUNANT 59510 HEM - COULOIR BUS,POINT (50.666403 3.198719),3.198719,50.666403,1,,0,6939,,1,HEM
arret_point.2276,2276,DER005,Lionderie,RUE JULES GUESDE 59510 HEM - AU DROIT DU N°220,POINT (50.658793 3.194044),3.194044,50.658793,1,,0,516,,1,HEM
arret_point.2273,2273,BLN003,Blanchisserie,AVENUE ARISTIDE BRIAND 59510 HEM - ANGLE RUE DE LA  BLANCHISSERIE,POINT (50.66134 3.201863),3.201863,50.66134,1,,0,7940,,2,HEM
arret_point.2270,2270,PSC002,Pascal,RUE DES ECOLES 59510 HEM - AU DROIT DU N° 110,POINT (50.664768 3.19392),3.19392,50.664768,1,,0,5621,,2,HEM
arret_point.2265,2265,EML002,Calmette,RUE BRIET 59510 HEM - AU DROIT DU N° 2,POINT (50.668276 3.192513),3.192513,50.668276,1,,0,7654,,1,HEM
arret_point.2264,2264,PHE003,Poste,BOULEVARD CLEMENCEAU 59510 HEM - A L'OPPOSE DU N° 121,POINT (50.660672 3.184409),3.184409,50.660672,1,,0,5618,,1,HEM
arret_point.2271,2271,MES002,Mesanges,RUE JULES GUESDE 59510 HEM - AU DROIT DU N° 432,POINT (50.663466 3.203184),3.203184,50.663466,1,,0,502,,2,HEM
arret_point.2267,2267,LPI001,Le Pincon,RUE DE VERDUN 59510 HEM - AU DROIT DU N°69,POINT (50.657582 3.219677),3.219677,50.657582,1,,0,527,,2,HEM
arret_point.2269,2269,HEM002,Hem Eglise,AVENUE HENRI DELECROIX 59510 HEM - AU DROIT DU N° 9,POINT (50.650003 3.191325),3.191325,50.650003,1,,0,6912,,2,HEM
arret_point.2285,2285,COT001,Coty,RUE CLAUDE BERNARD 59510 HEM - AU DROIT DU N° 30,POINT (50.670627 3.198947),3.198947,50.670627,1,,0,4720,,1,HEM
arret_point.2280,2280,3SI001,Hem La Vallee 2,PKG DU SITE A L'OPP ECOFLUID 59510 HEM - PARKING DU SITE,POINT (50.655796 3.203207),3.203207,50.655796,1,,0,5614,,1,HEM
arret_point.2279,2279,TTE002,Watteeuw,RUE DES ECOLES 59510 HEM - AU DROIT DU N° 124,POINT (50.665075 3.196198),3.196198,50.665075,1,,0,5622,,2,HEM
arret_point.2296,2296,LNO001,Les Nonennes,ROUTE D'AUBERS 59134 HERLIES - AU DROIT DU N° 48,POINT (50.583195 2.843484),2.843484,50.583195,1,,0,9044,,1,HERLIES
arret_point.2297,2297,HEP002,Piscine Herlies,RUE DE LA CROIX 59134 HERLIES - AU DROIT DU N°55,POINT (50.572011 2.853752),2.853752,50.572011,1,,0,6639,,1,HERLIES
arret_point.2287,2287,ANG002,Ancienne Gare,ROUTE DEPARTEMENTALE 41 59134 HERLIES - AU DROIT DU N° 80,POINT (50.580806 2.865551),2.865551,50.580806,1,,0,532,,2,HERLIES
arret_point.2293,2293,LLY002,Rue Du Pilly,RUE DU PILLY 59134 HERLIES -,POINT (50.578496 2.858314),2.858314,50.578496,1,,0,528,,1,HERLIES
arret_point.2302,2302,HEP001,Piscine Herlies,RUE DE LA CROIX 59134 HERLIES - A L'OPPOSE DU N° 55,POINT (50.5721 2.853936),2.853936,50.5721,1,,0,6639,,1,HERLIES
arret_point.2303,2303,ANG001,Ancienne Gare,ROUTE DEPARTEMENTALE 41 59134 HERLIES - A L'OPPOSE DU N° 80,POINT (50.580923 2.865468),2.865468,50.580923,1,,0,532,,2,HERLIES
arret_point.2306,2306,HPH001,Pharmacie,RUE JEAN JAURES 59263 HOUPLIN ANCOISNE - À L'OPPOSÉ DU 12A,POINT (50.573603 2.996107),2.996107,50.573603,1,,0,6355,,1,HOUPLIN ANCOISNE
arret_point.2308,2308,HPS002,Poste,RUE ROGER SALENGRO 59263 HOUPLIN ANCOISNE - A L'OPPOSE DU N° 877,POINT (50.569663 2.998125),2.998125,50.569663,1,,0,543,,2,HOUPLIN ANCOISNE
arret_point.2309,2309,HPA002,Pasteur,RUE ROGER SALENGRO 59263 HOUPLIN ANCOISNE -,POINT (50.56448 2.999296),2.999296,50.56448,1,,0,6286,,2,HOUPLIN ANCOISNE
arret_point.2311,2311,HPS001,Poste,RUE ROGER  SALENGRO 59263 HOUPLIN ANCOISNE -,POINT (50.569169 2.998274),2.998274,50.569169,1,,0,543,,2,HOUPLIN ANCOISNE
arret_point.2319,2319,NFR001,Nouvelle France,RUE CARNOT 59116 HOUPLINES - AU DROIT DU N°51,POINT (50.695901 2.913823),2.913823,50.695901,1,,0,5652,,2,HOUPLINES
arret_point.2323,2323,LOC001,L'Octroi,RUE VICTOR HUGO 59116 HOUPLINES - À L'OPPOSÉ N° 223 R DES MURETS,POINT (50.687745 2.898946),2.898946,50.687745,1,,0,5582,,1,HOUPLINES
arret_point.2312,2312,REB002,Republique,RUE VICTOR HUGO 59116 HOUPLINES - À L'OPPOSÉ DU N°145,POINT (50.688862 2.901867),2.901867,50.688862,1,,0,5656,,1,HOUPLINES
arret_point.2318,2318,RSA001,College,RUE ROGER SALENGRO 59116 HOUPLINES - QUAI DEVANT LE COLLÈGE,POINT (50.688261 2.919156),2.919156,50.688261,1,,0,5651,,1,HOUPLINES
arret_point.2317,2317,LOC002,L'Octroi,RUE DES DÉPORTÉS 59116 HOUPLINES - À L'OPPOSÉ DU N°158,POINT (50.687741 2.897802),2.897802,50.687741,1,,0,5582,,1,HOUPLINES
arret_point.2313,2313,REB001,Republique,RUE VICTOR HUGO 59116 HOUPLINES -,POINT (50.688832 2.902502),2.902502,50.688832,1,,0,5656,,2,HOUPLINES
arret_point.2326,2326,HHV001,Hotel De Ville,RUE VICTOR HUGO 59116 HOUPLINES - À L'OPP DU N°10,POINT (50.689995 2.907132),2.907132,50.689995,1,,0,556,,1,HOUPLINES
arret_point.2325,2325,RBR002,Rue Brune,RUE BRUNE 59116 HOUPLINES -,POINT (50.695434 2.915978),2.915978,50.695434,1,,0,555,,1,HOUPLINES
arret_point.2330,2330,EPY001,Saint Exupery,RUE ST EXUPÉRY 59116 HOUPLINES - À DROITE DU N°24,POINT (50.695903 2.921208),2.921208,50.695903,1,,0,4539,,1,HOUPLINES
arret_point.2332,2332,LUT002,Rue Lutun,RUE DU LUTUN 59116 HOUPLINES - À L'OPP DU N°45,POINT (50.698552 2.916692),2.916692,50.698552,1,,0,5653,,2,HOUPLINES
arret_point.2337,2337,BDR001,Botte D'Or,ROUTE NATIONALE 59480 ILLIES - À L'OPPOSÉ DU N° 27,POINT (50.558394 2.836008),2.836008,50.558394,1,,0,571,,1,ILLIES
arret_point.2333,2333,BCR002,Bouchery,RUE MAURICE BOUCHERY 59480 ILLIES - APRÈS LE N°17,POINT (50.559435 2.833709),2.833709,50.559435,1,,0,574,,1,ILLIES
arret_point.2335,2335,LGY001,Ligny Le Grand,CHEMIN DEPARTEMENTAL 141 59480 ILLIES - AU DROIT DU N° 3,POINT (50.572337 2.824244),2.824244,50.572337,1,,0,563,,1,ILLIES
arret_point.2340,2340,AUV001,Les Auvilliers,CROISEE DES WEPPES 59480 ILLIES - ZA AUWILLIERS,POINT (50.548161 2.826332),2.826332,50.548161,1,,0,570,,2,ILLIES
arret_point.2345,2345,IGR001,Gravelin,HAMEAU DE GRAVELIN 59480 ILLIES - AVANT HAM. DE GRAVELIN,POINT (50.556333 2.837664),2.837664,50.556333,1,,0,567,,2,ILLIES
arret_point.2343,2343,LGY002,Ligny-Le-Grand,ROUTE DEPARTEMENTALE 141 59480 ILLIES - AU DROIT DU N° 10 BIS,POINT (50.57267 2.82412),2.82412,50.57267,1,,0,564,,2,ILLIES
arret_point.2354,2354,LBH004,La Bassee Hdv,RUE BOILLY 59480 LA BASSEE -,POINT (50.53132 2.803577),2.803577,50.53132,1,,0,5682,,2,LA BASSEE
arret_point.2358,2358,CSC003,Coll Schweitzer,RUE DU COLLÈGE 59480 LA BASSEE - À DROITE DANS LA RAQUETTE,POINT (50.541089 2.813185),2.813185,50.541089,1,,0,6307,,1,LA BASSEE
arret_point.2355,2355,CSC002,Coll Schweitzer,RUE CALMETTE 59480 LA BASSEE - 0 LA SORTIE DE LA RAQUETTE,POINT (50.541063 2.812931),2.812931,50.541063,1,,0,6307,,1,LA BASSEE
arret_point.5044,5044,LBG072,Gare,AVENUE JB LEBAS 59480 LA BASSEE - AU NIVEAU DU N°37,POINT (50.528052 2.804349),2.804349,50.528052,1,,0,578,,1,LA BASSEE
arret_point.2347,2347,LBH003,La Bassee Hdv,RUE DU GENERAL LECLERC 59480 LA BASSEE -,POINT (50.531406 2.804647),2.804647,50.531406,1,,0,5682,,1,LA BASSEE
arret_point.2353,2353,LBN002,Le Nouveau Monde,ROUTE DE LILLE 59480 LA BASSEE - ENTRE N° 186 ET 190,POINT (50.540046 2.81858),2.81858,50.540046,1,,0,6915,,1,LA BASSEE
arret_point.2352,2352,ILL001,Rue De Lille,RUE DE LILLE 59480 LA BASSEE -,POINT (50.533166 2.811406),2.811406,50.533166,1,,0,5678,,2,LA BASSEE
arret_point.2350,2350,LBG070,Gare,AVENUE JB LEBAS 59480 LA BASSEE - AU DROIT DU N°37,POINT (50.528131 2.804701),2.804701,50.528131,1,,0,578,,1,LA BASSEE
arret_point.2348,2348,LEV002,Place L.Orval,RUE DU GENERAL LECLERC 59480 LA BASSEE - A L'OPPOSE DU N° 63,POINT (50.53207 2.809327),2.809327,50.53207,1,,0,5681,,1,LA BASSEE
arret_point.2363,2363,LBS002,Saint Roch,RUE DE LILLE 59480 LA BASSEE -,POINT (50.536747 2.815663),2.815663,50.536747,1,,0,5683,,2,LA BASSEE
arret_point.2361,2361,BMM001,Monument Aux Morts,RUE DE LA MARNE 59480 LA BASSEE - A L'OPP DU N° 32,POINT (50.536333 2.804341),2.804341,50.536333,1,,0,586,,1,LA BASSEE
arret_point.2362,2362,LBH001,La Bassee Hdv,RUE DU GENERAL  LECLERC 59480 LA BASSEE -,POINT (50.531399 2.804141),2.804141,50.531399,1,,0,5682,,1,LA BASSEE
arret_point.2384,2384,PRH001,La Perche,RUE NOUVELLE 59930 LA CHAPELLE D ARMENTIERES - OPPOSÉ DU N°23,POINT (50.679202 2.873524),2.873524,50.679202,1,,0,9127,,2,LA CHAPELLE D ARMENTIERES
arret_point.2370,2370,CHP001,Poste,ROUTE  NATIONALE 59930 LA CHAPELLE D ARMENTIERES - A L'OPPOSE DU N° 379,POINT (50.670413 2.903352),2.903352,50.670413,1,,0,595,,1,LA CHAPELLE D ARMENTIERES
arret_point.2369,2369,PAA002,La Chapelle Parc,ROUTE NATONALE 59930 LA CHAPELLE D ARMENTIERES - A L'OPPOSE DU N° 10,POINT (50.669036 2.908262),2.908262,50.669036,1,,0,5659,,1,LA CHAPELLE D ARMENTIERES
arret_point.2380,2380,CQE002,La Choque,RUE MARLE 59930 LA CHAPELLE D ARMENTIERES - À L'OPPOSÉ DU N° 76,POINT (50.675832 2.872951),2.872951,50.675832,1,,0,592,,2,LA CHAPELLE D ARMENTIERES
arret_point.2379,2379,WEZ002,Wez-Macquart,ROUTE NATIONALE 59930 LA CHAPELLE D ARMENTIERES - AU DROIT DU N° 1955,POINT (50.659951 2.927237),2.927237,50.659951,1,,0,596,,2,LA CHAPELLE D ARMENTIERES
arret_point.2378,2378,VIC001,Hotel De Ville,ROUTE NATIONALE 59930 LA CHAPELLE D ARMENTIERES - A L'OPPOSE DU N° 273,POINT (50.672397 2.897093),2.897093,50.672397,1,,0,591,,1,LA CHAPELLE D ARMENTIERES
arret_point.2372,2372,HOE002,La Houssoie,RUE AMBROISE PARÉ 59930 LA CHAPELLE D ARMENTIERES - AU DROIT ENTREPRISE SAVIME,POINT (50.655336 2.899273),2.899273,50.655336,1,,0,9056,,1,LA CHAPELLE D ARMENTIERES
arret_point.2374,2374,ZLC002,Zi La Chapelle,RUE AMBROISE PARE 59930 LA CHAPELLE D ARMENTIERES - AU DROIT DE L'OPTICIEN,POINT (50.657528 2.892453),2.892453,50.657528,1,,0,7723,,1,LA CHAPELLE D ARMENTIERES
arret_point.2375,2375,ZLC001,Zi La Chapelle,RUE AMBROISE PARE 59930 LA CHAPELLE D ARMENTIERES - AU DROIT DE SCB,POINT (50.657167 2.892986),2.892986,50.657167,1,,0,7723,,1,LA CHAPELLE D ARMENTIERES
arret_point.2377,2377,RIN001,Ringot,ROUTE NATIONALE 59930 LA CHAPELLE D ARMENTIERES -,POINT (50.676163 2.889456),2.889456,50.676163,1,,0,589,,2,LA CHAPELLE D ARMENTIERES
arret_point.2390,2390,CQE001,La Choque,RUE MARLE 59930 LA CHAPELLE D ARMENTIERES - AU DROIT DU N° 52,POINT (50.676627 2.873806),2.873806,50.676627,1,,0,592,,2,LA CHAPELLE D ARMENTIERES
arret_point.2392,2392,EAI001,Av Industrielle,AVENUE INDUSTRIEL 59930 LA CHAPELLE D ARMENTIERES - À L'OPPOSÉ DES ETS HENNEBECK,POINT (50.653911 2.906735),2.906735,50.653911,1,,0,9005,,2,LA CHAPELLE D ARMENTIERES
arret_point.2409,2409,SMA012,Saint Maur,AVENUE DE LA REPUBLIQUE 59110 LA MADELEINE - AU DROIT DU N° 269 TER,POINT (50.651699 3.081736),3.081736,50.651699,1,,0,613,,1,LA MADELEINE
arret_point.2408,2408,MGA001,Gare,RUE DU GENERAL DE GAULLE 59110 LA MADELEINE - AU DROIT DU PARC DU CHÂTEAU,POINT (50.658949 3.073886),3.073886,50.658949,1,,0,600,,2,LA MADELEINE
arret_point.2405,2405,ROM021,Romarin,AVENUE DE LA REPUBLIQUE 59110 LA MADELEINE - 30 METRE AVANT LA RUE LOUISE,POINT (50.645896 3.075626),3.075626,50.645896,1,,0,618,,1,LA MADELEINE
arret_point.2403,2403,MVI002,Victoire,RUE DU PDT G. POMPIDOU 59110 LA MADELEINE - A L'OPPOSE DU N°116,POINT (50.655983 3.064218),3.064218,50.655983,1,,0,603,,1,LA MADELEINE
arret_point.2393,2393,SMA001,Saint Maur,AVENUE DE LA REPUBLIQUE 59110 LA MADELEINE - AU DROIT DU N°270,POINT (50.651903 3.082008),3.082008,50.651903,1,,0,613,,1,LA MADELEINE
arret_point.2399,2399,PLB001,Place De La Boucherie,RUE DU PDT GEORGES POMPIDOU 59110 LA MADELEINE -,POINT (50.657391 3.064352),3.064352,50.657391,1,,0,617,,1,LA MADELEINE
arret_point.2396,2396,URB001,Coubertin,BOULEVARD PIERRE DE COUBERTIN 59110 LA MADELEINE - APRÈS CARREFOUR PASTEUR,POINT (50.644233 3.071722),3.071722,50.644233,1,,0,9153,,1,LA MADELEINE
arret_point.2402,2402,ENG001,Salengro,RUE ROGER SALENGRO 59110 LA MADELEINE - À L'OPPOSÉ DU 187 BIS,POINT (50.654893 3.057331),3.057331,50.654893,1,,0,2623,,2,LA MADELEINE
arret_point.2415,2415,JOS003,Josephine,RUE ROGER SALENGRO 59110 LA MADELEINE - AU DROIT DU N°32,POINT (50.655457 3.062122),3.062122,50.655457,1,,0,5581,,2,LA MADELEINE
arret_point.2414,2414,RPA002,Rue Du Parc,RUE DU PARC 59110 LA MADELEINE - A L' OPPOSE DU N°34,POINT (50.651224 3.066534),3.066534,50.651224,1,,0,605,,2,LA MADELEINE
arret_point.2416,2416,RPA001,Rue Du Parc,RUE DU PARC 59110 LA MADELEINE -,POINT (50.651199 3.066279),3.066279,50.651199,1,,0,605,,2,LA MADELEINE
arret_point.2412,2412,SCR001,Scrive,RUE DU PRESIDENT GEORGES POMPIDOU 59110 LA MADELEINE - À L'OPPOSÉ DU N°303,POINT (50.662356 3.063563),3.063563,50.662356,1,,0,5816,,1,LA MADELEINE
arret_point.2419,2419,PRC002,Pre Catelan,RUE DU PRE CATELAN 59110 LA MADELEINE - APRÈS ROND POINT RUE DELESALLE,POINT (50.652307 3.060779),3.060779,50.652307,1,,0,602,,1,LA MADELEINE
arret_point.2420,2420,PCM005,Marche,RUE GAMBETTA 59110 LA MADELEINE - AU DROIT DU N° 72,POINT (50.655042 3.068635),3.068635,50.655042,1,,0,625,,1,LA MADELEINE
arret_point.2422,2422,MLA002,Mairie,RUE DU GENERAL DE GAULLE 59110 LA MADELEINE - AU DROIT DU N° 165,POINT (50.654833 3.073557),3.073557,50.654833,1,,0,622,,1,LA MADELEINE
arret_point.2421,2421,BOT001,Botanique,AVENUE DE LA REPUBLIQUE 59110 LA MADELEINE - AU DROIT DU N° 218/220,POINT (50.649238 3.079188),3.079188,50.649238,1,,0,604,,1,LA MADELEINE
arret_point.2418,2418,PCM004,Marche,RUE GAMBETTA 59110 LA MADELEINE - A L'OPP DU N°68,POINT (50.65495 3.0691),3.0691,50.65495,1,,0,625,,2,LA MADELEINE
arret_point.2451,2451,ROY002,Pont Royal,AVENUE DU BOIS 59130 LAMBERSART - AVANT CARREFOUR RUE DE LILLE,POINT (50.648663 3.045658),3.045658,50.648663,1,,0,8018,,2,LAMBERSART
arret_point.2449,2449,LLI001,Liberte,AVENUE DU GENERAL DE GAULLE 59130 LAMBERSART - À DROITE DU N°57,POINT (50.65489 3.029547),3.029547,50.65489,1,,0,641,,2,LAMBERSART
arret_point.4910,4910,AVU002,Avenue De Gaulle,AVENUE DE GAULLE 59130 LAMBERSART - À L'OPPOSÉ DU N°9 BIS,POINT (50.653812 3.031536),3.031536,50.653812,1,,0,9157,,1,LAMBERSART
arret_point.5078,5078,LAG001,Gambetta,AVENUE BECQUART 59130 LAMBERSART -,POINT (50.649474 3.040308),3.040308,50.649474,1,,0,677,,1,LAMBERSART
arret_point.5079,5079,LAG002,Gambetta,AVENUE BECQUART 59130 LAMBERSART -,POINT (50.649676 3.039605),3.039605,50.649676,1,,0,677,,1,LAMBERSART
arret_point.2453,2453,RDS001,Saut Du Loup,RUE RUE DU BOURG 59130 LAMBERSART - AU DROIT DES APPARTEMNTS,POINT (50.655004 3.03477),3.03477,50.655004,1,,0,5923,,2,LAMBERSART
arret_point.2450,2450,VEG002,Verghelles,AVENUE DE VIERSEN 59130 LAMBERSART -,POINT (50.652195 3.005905),3.005905,50.652195,1,,0,5922,,2,LAMBERSART
arret_point.2447,2447,CDO001,Canon D'Or,RUE DE LILLE 59130 LAMBERSART - AU DROIT DES NOUVEAUX BATIMENT,POINT (50.648423 3.043848),3.043848,50.648423,1,,0,637,,1,LAMBERSART
arret_point.2427,2427,LBO003,Lambersart Bourg,RUE DE L'AVENIR 59130 LAMBERSART - OPPOSÉ DU N°3,POINT (50.653061 3.026178),3.026178,50.653061,1,,0,7092,,1,LAMBERSART
arret_point.2429,2429,LNG002,Lenglet,RUE PAUL BRAME 59130 LAMBERSART -,POINT (50.655429 3.00997),3.00997,50.655429,1,,0,665,,2,LAMBERSART
arret_point.2431,2431,LJU001,Jussieu,AVENUE BECQUART 59130 LAMBERSART -,POINT (50.650706 3.035048),3.035048,50.650706,1,,0,5947,,1,LAMBERSART
arret_point.2426,2426,CAN004,Canteleu,AVENUE DE DUNKERQUE 59130 LAMBERSART -,POINT (50.637084 3.024829),3.024829,50.637084,1,,0,678,,1,LAMBERSART
arret_point.2435,2435,LGO002,Alliance Nord-Ouest,BOULEVARD DE L ALLIANCE NORD OUEST 59130 LAMBERSART - 20 M AVANT LE FEU,POINT (50.65893 3.032101),3.032101,50.65893,1,,0,634,,2,LAMBERSART
arret_point.2438,2438,ROY001,Pont Royal,AVENUE DU BOIS 59130 LAMBERSART - APRÈS LE CAREFOUR RUE DE LILLE,POINT (50.648556 3.045699),3.045699,50.648556,1,,0,8018,,1,LAMBERSART
arret_point.2442,2442,ARY001,La Carnoy,RUE DE LA CARNOY 59130 LAMBERSART - AU DROIT DU N° 5,POINT (50.651055 3.02244),3.02244,50.651055,1,,0,3952,,2,LAMBERSART
arret_point.2441,2441,NMI001,Cimetiere Nord,RUE DE VERLINGHEM 59130 LAMBERSART - À L'OPPOSÉ DU N°162,POINT (50.656961 3.020178),3.020178,50.656961,1,,0,3986,,1,LAMBERSART
arret_point.2436,2436,LCL002,Clouet,RUE DU BOURG 59130 LAMBERSART - AU DROIT DU N°230,POINT (50.652249 3.030301),3.030301,50.652249,1,,0,5930,,2,LAMBERSART
arret_point.2439,2439,LCL001,Clouet,RUE DU BOURG 59130 LAMBERSART - A L'OPP DU N° 246,POINT (50.652535 3.030517),3.030517,50.652535,1,,0,5930,,1,LAMBERSART
arret_point.2437,2437,ARY002,La Carnoy,RUE DE LA CARNOY 59130 LAMBERSART - A L'OPP MAISON DE LA MUSIQUE,POINT (50.651003 3.022143),3.022143,50.651003,1,,0,3952,,2,LAMBERSART
arret_point.2477,2477,LLE002,Lemire,"RUE DU BOURG 59130 LAMBERSART - AU DROIT DU ""MATCH""",POINT (50.653876 3.032779),3.032779,50.653876,1,,0,664,,1,LAMBERSART
arret_point.2473,2473,ARY004,La Carnoy,AVENUE DE L'HIPPODROME 59130 LAMBERSART - AU DROIT DU N° 400,POINT (50.650861 3.023396),3.023396,50.650861,1,,0,3952,,2,LAMBERSART
arret_point.2476,2476,LGO001,Alliance Nord-Ouest,BOULEVARD DE L ALLIANCE NORD OUEST 59130 LAMBERSART - 20 METRES APRES LE CAREFOUR,POINT (50.658994 3.03189),3.03189,50.658994,1,,0,634,,2,LAMBERSART
arret_point.2479,2479,VRS001,Viersen,RUE DE VIERSEN 59130 LAMBERSART -,POINT (50.651786 3.010189),3.010189,50.651786,1,,0,673,,1,LAMBERSART
arret_point.2470,2470,LBL001,Blanchisseurs,AVENUE SAINTE CECILE 59130 LAMBERSART - A L'OPP DU N° 62,POINT (50.639187 3.025705),3.025705,50.639187,1,,0,652,,1,LAMBERSART
arret_point.2467,2467,CLN002,Clinique De Lambersart,AVENUE DE L'HIPPODROME 59130 LAMBERSART - AU DROIT DU N° 226,POINT (50.643642 3.029462),3.029462,50.643642,1,,0,653,,2,LAMBERSART
arret_point.2461,2461,LGU001,Guynemer,RUE DE LILLE 59130 LAMBERSART -,POINT (50.654106 3.036704),3.036704,50.654106,1,,0,3973,,2,LAMBERSART
arret_point.2471,2471,FCL002,Foucault,RUE GASPARD MONGE 59130 LAMBERSART - ANGLE RUE AUGUSTIN FRESNEL,POINT (50.654138 3.017995),3.017995,50.654138,1,,0,671,,1,LAMBERSART
arret_point.2469,2469,LBO002,Lambersart Bourg,AVENUE DU PARC 59130 LAMBERSART - APRÈS CROISEMENT RUE RACINE,POINT (50.653916 3.027417),3.027417,50.653916,1,,0,7092,,2,LAMBERSART
arret_point.2472,2472,LLI002,Liberte,AVENUE DU GENERAL DE GAULLE 59130 LAMBERSART -,POINT (50.65506 3.029634),3.029634,50.65506,1,,0,641,,2,LAMBERSART
arret_point.2460,2460,VEG001,Verghelles,AVENUE DE VIERSEN 59130 LAMBERSART -,POINT (50.652307 3.006654),3.006654,50.652307,1,,0,5922,,2,LAMBERSART
arret_point.2456,2456,HIP002,Hippodrome,AVENUE DE L'HIPPODROME 59130 LAMBERSART -,POINT (50.645662 3.027642),3.027642,50.645662,1,,0,3962,,2,LAMBERSART
arret_point.2465,2465,LBO001,Lambersart Bourg,AVENUE DU PARC 59130 LAMBERSART - AVANT ANGLE RUE P CORNEILLE,POINT (50.65364 3.027018),3.027018,50.65364,1,,0,7092,,1,LAMBERSART
arret_point.2466,2466,LMA002,Hotel De Ville,AVENUE GEORGES CLEMENCEAU 59130 LAMBERSART - A L'OPP DU N° 42,POINT (50.648384 3.022078),3.022078,50.648384,1,,0,660,,1,LAMBERSART
arret_point.2488,2488,LLO001,Lomme-Lambersart,AVENUE DE DUNKERQUE 59130 LAMBERSART - AU DROIT DE SPEEDY,POINT (50.64186 3.01763),3.01763,50.64186,1,,0,997,,2,LAMBERSART
arret_point.2489,2489,JUS002,Rue De Lille,RUE DE LILLE 59130 LAMBERSART - A L'OPP DU N° 136,POINT (50.652699 3.039507),3.039507,50.652699,1,,0,3963,,2,LAMBERSART
arret_point.2494,2494,CON001,Conquerants,RUE FERDINAND DE LESSEPS 59130 LAMBERSART - AGENCE EDF GDF,POINT (50.660182 3.015071),3.015071,50.660182,1,,0,636,,1,LAMBERSART
arret_point.2482,2482,CAN098,Canteleu,AVENUE DE DUNKERQUE 59130 LAMBERSART - AU DROIT DE MATCH,POINT (50.63715 3.024167),3.024167,50.63715,1,,0,678,,1,LAMBERSART
arret_point.2490,2490,LMA001,Hotel De Ville,AVENUE GEORGES CLEMENCEAU 59130 LAMBERSART -,POINT (50.648337 3.022374),3.022374,50.648337,1,,0,660,,1,LAMBERSART
arret_point.2502,2502,BTM002,Boutemy,RUE JULES GUESDE 59390 LANNOY - AU DROIT DU N° 14,POINT (50.66897 3.210083),3.210083,50.66897,1,,0,683,,2,LANNOY
arret_point.2505,2505,BTM001,Boutemy,RUE DES CANNONIERS 59390 LANNOY - A L OPPOSE DU N° 12,POINT (50.668691 3.210191),3.210191,50.668691,1,,0,683,,1,LANNOY
arret_point.2526,2526,PIN001,Papinerie,RUE DE LA PLAINE 59115 LEERS - 20M AVANT R DE LA PAPINERERIE,POINT (50.673385 3.234849),3.234849,50.673385,1,,0,6951,,2,LEERS
arret_point.2522,2522,ERE002,Repos,RUE VICTOR HUGO 59115 LEERS - FACE AU 42 RÉSIDENCE LE REPOS,POINT (50.682832 3.249434),3.249434,50.682832,1,,0,684,,2,LEERS
arret_point.2523,2523,LBW002,Bauwens,RUE DE WATTRELOS 59115 LEERS - AU DROIT DU N° 46,POINT (50.684257 3.241045),3.241045,50.684257,1,,0,691,,1,LEERS
arret_point.2508,2508,DAU001,College Daudet,RUE ROGER SALENGRO 59115 LEERS - AU DROIT DU N° 94,POINT (50.67612 3.241222),3.241222,50.67612,1,,0,6986,,1,LEERS
arret_point.2510,2510,CRA002,Charles Perrault,RUE DU CARIHEM 59115 LEERS - A L OPPOSE DU N°209,POINT (50.686912 3.214915),3.214915,50.686912,1,,0,4644,,2,LEERS
arret_point.2516,2516,CED001,Chateau D'Eau,RUE DE LA LYS 59115 LEERS - A L OPPOSE DU N° 57,POINT (50.67835 3.236773),3.236773,50.67835,1,,0,692,,1,LEERS
arret_point.2517,2517,ZIL002,Parc D'Activités,RUE DE LA LYS 59115 LEERS - 20M APRES LA RUE DE LA PLAINE,POINT (50.676577 3.232605),3.232605,50.676577,1,,0,9037,,1,LEERS
arret_point.2515,2515,BER002,Leclerc,RUE DU MARECHAL LECLERC 59115 LEERS - AU DROIT DU N° 41,POINT (50.680901 3.238739),3.238739,50.680901,1,,0,707,,2,LEERS
arret_point.2513,2513,PLN002,La Plaine,RUE DU TRIEU DE QUESNOY 59115 LEERS - AU DROIT DES ETS VAN DEN BERGH,POINT (50.670125 3.237867),3.237867,50.670125,1,,0,688,,1,LEERS
arret_point.2539,2539,EEG001,Coeur De Ville,RUE ROGER SALENGRO 59115 LEERS - AU DROIT DU N° 13,POINT (50.678204 3.245735),3.245735,50.678204,1,,0,8058,,1,LEERS
arret_point.2536,2536,LDV002,De Vinci,RUE DE WATTRELOS 59115 LEERS - AU DROIT DU N° 74,POINT (50.686022 3.238846),3.238846,50.686022,1,,0,696,,1,LEERS
arret_point.2529,2529,RBU001,Buisson,RUE DU MARECHAL LECLERC 59115 LEERS - AU DROIT DU N° 106 BIS,POINT (50.683302 3.230453),3.230453,50.683302,1,,0,701,,1,LEERS
arret_point.2527,2527,FEH002,Ferme D'Halluin,RUE DU MARÉCHAL LECLERC 59115 LEERS - AU DROIT DU N° 135,POINT (50.685854 3.223636),3.223636,50.685854,1,,0,694,,2,LEERS
arret_point.2530,2530,EEG002,Coeur De Ville,RUE ROGER SALENGRO 59115 LEERS - AU DROIT DU N° 13,POINT (50.678106 3.245536),3.245536,50.678106,1,,0,8058,,1,LEERS
arret_point.2545,2545,HUG012,Victor Hugo,RUE VICTOR HUGO 59115 LEERS - AU DROIT DU N° 28,POINT (50.682173 3.245101),3.245101,50.682173,1,,0,709,,2,LEERS
arret_point.2541,2541,ZIL001,Parc D'Activités,RUE DE LA LYS 59115 LEERS - ANGLE RUE DE LA PLAINE,POINT (50.676685 3.232522),3.232522,50.676685,1,,0,9037,,1,LEERS
arret_point.2542,2542,IXR001,Mirabeau,RUE DU MARECHAL LECLERC 59115 LEERS - A L'OPPOSE DU N° 189,POINT (50.687223 3.220258),3.220258,50.687223,1,,0,693,,1,LEERS
arret_point.2543,2543,ERE001,Repos,RUE VICTOR HUGO 59115 LEERS - AU DROIT DU N° 44,POINT (50.683001 3.249564),3.249564,50.683001,1,,0,684,,2,LEERS
arret_point.2567,2567,LSG001,Gare,RUE FAIDHERBE 59810 LESQUIN - A L'OPPOSÉ DU N° 111,POINT (50.590263 3.116081),3.116081,50.590263,1,,0,739,,1,LESQUIN
arret_point.2564,2564,BAS002,Basquin,RUE GEORGES BASQUIN 59810 LESQUIN - AU DROIT DU N° 39,POINT (50.593509 3.110551),3.110551,50.593509,1,,0,731,,2,LESQUIN
arret_point.2569,2569,PCV001,Pic Au Vent,RUE DES 2 TILLEULS 59810 LESQUIN - ANGLE RUE DU PIC AU VENT,POINT (50.582049 3.105597),3.105597,50.582049,1,,0,7852,,1,LESQUIN
arret_point.2550,2550,MDS001,Mont De Sainghin,RUE DU MONT DE SAINGHIN 59810 LESQUIN - AU DROIT DU N° 164,POINT (50.58234 3.131767),3.131767,50.58234,1,,0,728,,1,LESQUIN
arret_point.2553,2553,IVE001,Rue De Verdun,RUE FAIDHERBE 59810 LESQUIN - AU DROIT DU N° 73,POINT (50.589258 3.113346),3.113346,50.589258,1,,0,5987,,1,LESQUIN
arret_point.2556,2556,RPC001,Petite Chapelle,AVENUE DU DOCTEUR SCHWEITZER 59810 LESQUIN - A L'OPPOSE DU N° 81,POINT (50.590837 3.103167),3.103167,50.590837,1,,0,715,,2,LESQUIN
arret_point.2563,2563,LDE001,Descat,RUE  DESCAT 59810 LESQUIN -,POINT (50.580945 3.111427),3.111427,50.580945,1,,0,740,,1,LESQUIN
arret_point.2558,2558,PTB002,Petit Bois,RUE JEAN JAURES 59810 LESQUIN - A L'OPPOSE DU N° 42,POINT (50.586497 3.107201),3.107201,50.586497,1,,0,711,,1,LESQUIN
arret_point.2555,2555,CRG002,Croix Bougard,RUE DE LA HAIE PLOUVIER 59810 LESQUIN - A L'OPP DE SERETEL TECHNOLOGIE,POINT (50.579124 3.115598),3.115598,50.579124,1,,0,726,,1,LESQUIN
arret_point.2561,2561,RCT001,Crt 3,RUE DU CHEMIN VERT 59810 LESQUIN - ANGLE RUE DU FORT,POINT (50.57937 3.137482),3.137482,50.57937,1,,0,738,,2,LESQUIN
arret_point.2588,2588,AP2002,Aeroport,ROUTE DE L AEROPORT 59810 LESQUIN - AU DROIT DU N°1,POINT (50.572063 3.107106),3.107106,50.572063,1,,0,7819,,2,LESQUIN
arret_point.2574,2574,LTI002,Cimetiere,RUE VOLTAIRE 59810 LESQUIN - AU DROIT DU CIMETIERE,POINT (50.591692 3.10139),3.10139,50.591692,1,,0,736,,1,LESQUIN
arret_point.2576,2576,ZON002,Pierre Brizon,DEPARTEMENTALE 952 59810 LESQUIN - 50M AVANT LE ROND POINT,POINT (50.597236 3.129805),3.129805,50.597236,1,,0,6895,,1,LESQUIN
arret_point.2577,2577,ZON001,Pierre Brizon,RUE PIERRE BRIZON 59810 LESQUIN - ANGLE RUE MARCEL SEMBAT,POINT (50.59663 3.12909),3.12909,50.59663,1,,0,6895,,1,LESQUIN
arret_point.2595,2595,RJA007,Jean Jaures,RUE JEAN JAURES 59810 LESQUIN - A L OPPOSE DU N° 51 BIS,POINT (50.585373 3.104774),3.104774,50.585373,1,,0,727,,1,LESQUIN
arret_point.2603,2603,LEZ002,Mairie,PLACE DE LA REPUBLIQUE 59260 LEZENNES - AU DROIT DU N° 1,POINT (50.614447 3.116246),3.116246,50.614447,1,,0,751,,2,LEZENNES
arret_point.2602,2602,JCU001,Joliot Curie,RUE VAILLANT COUTURIER 59260 LEZENNES - AU DROIT DU N° 91,POINT (50.61222 3.111009),3.111009,50.61222,1,,0,750,,1,LEZENNES
arret_point.2600,2600,JCU003,Joliot Curie,RUE PAUL VAILLANT COUTURIER 59260 LEZENNES - AU DROIT DU N° 62,POINT (50.612311 3.110785),3.110785,50.612311,1,,0,750,,2,LEZENNES
arret_point.2609,2609,ERB001,Faidherbe,RUE JEAN-BAPTISTE DEFAUX 59260 LEZENNES - AU DROIT D'ÉCOLE JULES FERRY,POINT (50.615613 3.111978),3.111978,50.615613,1,,0,7070,,1,LEZENNES
arret_point.2610,2610,DEF002,Defaux,RUE JEAN JAURÈS 59260 LEZENNES - A L OPPOSE DU N° 29,POINT (50.617433 3.109313),3.109313,50.617433,1,,0,744,,1,LEZENNES
arret_point.2734,2734,MAG002,Magasin,RUE DU MAGASIN 59000 LILLE - ANGLE RUE SAINT ANDRE,POINT (50.646151 3.055103),3.055103,50.646151,1,,0,6970,,1,LILLE
arret_point.2735,2735,PDP050,Porte Des Postes,PLACE BARTHÉLEMY DOREZ 59000 LILLE - AU ROND POINT,POINT (50.618714 3.049943),3.049943,50.618714,1,,0,7028,,1,LILLE
arret_point.2698,2698,LIG117,Gare Lille Flandres,RUE DES CANNONIERS 59000 LILLE - À L'OPPOSÉ DU CIC,POINT (50.638273 3.070774),3.070774,50.638273,1,,0,920,,1,LILLE
arret_point.2722,2722,EBA004,Liberte,BOULEVARD DE LA LIBERTÉ 59000 LILLE - AU DROIT DU N° 146,POINT (50.628316 3.067666),3.067666,50.628316,1,,0,930,,1,LILLE
arret_point.2740,2740,SFO004,Solferino,RUE SOLFERINO 59000 LILLE - AU DROIT DU PALAIS RAMEAU,POINT (50.634155 3.049345),3.049345,50.634155,1,,0,4242,,1,LILLE
arret_point.2715,2715,MTT001,Mont De Terre,RUE DU LONG POT 59000 LILLE - A L'OPP DE LA PLACE ET DU N°3,POINT (50.623138 3.090477),3.090477,50.623138,1,,0,7108,,2,LILLE
arret_point.2745,2745,HOS001,Les Bateliers,AVENUE DU PEUPLE BELGE 59000 LILLE - AU DROIT DE L'HOSPICE,POINT (50.645959 3.06197),3.06197,50.645959,1,,0,863,,1,LILLE
arret_point.2700,2700,HOS003,Les Bateliers,RUE DES BATELIERS 59000 LILLE - ANGLE AV DU PEUPLE BELGE,POINT (50.645198 3.061734),3.061734,50.645198,1,,0,863,,1,LILLE
arret_point.2706,2706,AUG002,Augereau,RUE DU FAUBOURG DE BETHUNE 59000 LILLE - A L'OPPOSE DU N° 20,POINT (50.617813 3.028555),3.028555,50.617813,1,,0,896,,2,LILLE
arret_point.2723,2723,BDU001,Bd De L'Usine,RUE DU LONG POT 59000 LILLE - A L'OPPOSE DU N° 179,POINT (50.625221 3.088774),3.088774,50.625221,1,,0,932,,1,LILLE
arret_point.2751,2751,TSS001,Cimetiere Du Sud,RUE DU FAUBOURG DES POSTES 59000 LILLE - AU DROIT DE L'ÉCOLE TURGO,POINT (50.612311 3.046524),3.046524,50.612311,1,,0,940,,2,LILLE
arret_point.2707,2707,CCD001,Coeur Poumon,RUE PIERRE DELCOULX 59000 LILLE - AU DROIT DE LH ROGER SALENGRO,POINT (50.607195 3.034343),3.034343,50.607195,1,,0,6964,,2,LILLE
arret_point.2716,2716,MSI001,Esplanade,FACADE DE L'ESPLANADE 59000 LILLE - AVANT ANGLE PONT PETIT PARADIS,POINT (50.645381 3.050309),3.050309,50.645381,1,,0,910,,1,LILLE
arret_point.2717,2717,CAV001,Cavell,RUE DU FAUBOURG DES POSTES 59000 LILLE - AU DROIT DU N° 168,POINT (50.609513 3.04468),3.04468,50.609513,1,,0,894,,2,LILLE
arret_point.2741,2741,WBO001,Bourget,RUE DU FAUBOURG D'ARRAS 59000 LILLE - À L'OPPOSÉ DU N° 251,POINT (50.602865 3.055722),3.055722,50.602865,1,,0,360,,1,LILLE
arret_point.2743,2743,WAZ098,Wazemmes,RUE DES POSTES 59000 LILLE - AU DROIT DU N° 153,POINT (50.623272 3.051348),3.051348,50.623272,1,,0,5457,,1,LILLE
arret_point.5034,5034,MNA001,Massena,RUE SOLFERINO 59000 LILLE - AU DROIT DU N° 146,POINT (50.631481 3.054144),3.054144,50.631481,1,,0,788,,2,LILLE
arret_point.2726,2726,SFI001,Hopital Fontan,RUE HENRI GHESQUIÈRE 59000 LILLE - À L'OPPOSÉ DU N°48,POINT (50.60996 3.027643),3.027643,50.60996,1,,0,6967,,1,LILLE
arret_point.2714,2714,BDU002,Bd De L'Usine,RUE DU LONG POT 59000 LILLE - AU DROIT DU N°175,POINT (50.62594 3.088545),3.088545,50.62594,1,,0,932,,1,LILLE
arret_point.2733,2733,VTR002,Dupleix,RUE ST GABRIEL 59000 LILLE -,POINT (50.638331 3.086545),3.086545,50.638331,1,,0,964,,1,LILLE
arret_point.2701,2701,SQM002,Square Des Meres,RUE DE LANNOY 59000 LILLE - À L'OPP DE LA SALLE DES FÊTES,POINT (50.634018 3.095098),3.095098,50.634018,1,,0,831,,1,LILLE
arret_point.5035,5035,ARJ002,Jeanne D'Arc,RUE DE SOLFERINO 59000 LILLE - AU DROIT DU N°276,POINT (50.626483 3.06362),3.06362,50.626483,1,,0,951,,1,LILLE
arret_point.2620,2620,CAL099,Chu Eurasanté,RUE RUE DU PROFESSEUR LAGUESSE 59000 LILLE - AU DROIT DE LA STATION METRO,POINT (50.607932 3.03892),3.03892,50.607932,1,,0,974,,1,LILLE
arret_point.2623,2623,PID001,P I De Douai,RUE DU FAUBOURG DE DOUAI 59000 LILLE -,POINT (50.612323 3.075102),3.075102,50.612323,1,,0,6002,,1,LILLE
arret_point.2615,2615,CAL009,Chu Eurasanté,RUE DU PROF LAGUESSE 59000 LILLE - COTE ROUTE,POINT (50.608112 3.03881),3.03881,50.608112,1,,0,974,,1,LILLE
arret_point.2630,2630,PNF002,Pont Neuf,AVENUE DU PEUPLE BELGE 59000 LILLE - À DROITE DU N° 21 BIS,POINT (50.643663 3.061881),3.061881,50.643663,1,,0,7829,,2,LILLE
arret_point.2616,2616,LIG061,Gare Lille Flandres,59000 LILLE -,POINT (50.636405 3.071141),3.071141,50.636405,1,,0,920,,0,LILLE
arret_point.2611,2611,SMP001,St Maurice Pellevoisin,RUE RUE DU FAUBOURG DE ROUBAIX 59000 LILLE - OPP À LA STATION DE METRO,POINT (50.64224 3.088282),3.088282,50.64224,1,,0,797,,2,LILLE
arret_point.5036,5036,MNA002,Massena,RUE SOLFERINO 59000 LILLE - A L' OPPOSE DU N° 132 TER,POINT (50.632033 3.053419),3.053419,50.632033,1,,0,788,,1,LILLE
arret_point.2613,2613,STM001,St Maurice,RUE MEHL 59000 LILLE - À DROITE DU N°2,POINT (50.641386 3.08415),3.08415,50.641386,1,,0,847,,2,LILLE
arret_point.2635,2635,FBG005,Faubourg D'Arras,RUE DU FAUBOURG D'ARRAS 59000 LILLE - AU DROIT DU N° 1BIS,POINT (50.614074 3.06265),3.06265,50.614074,1,,0,806,,1,LILLE
arret_point.2621,2621,NAT001,Nationale,BOULEVARD DE LA LIBERTE 59000 LILLE -,POINT (50.634913 3.056422),3.056422,50.634913,1,,0,911,,1,LILLE
arret_point.2617,2617,GAS001,Gassendi,RUE DU BUISSON 59000 LILLE - À L'OPPOSÉ DU N°88,POINT (50.650484 3.088223),3.088223,50.650484,1,,0,6828,,2,LILLE
arret_point.2652,2652,PDV001,Porte De Valenciennes,BOULEVARD DE BELFORT 59000 LILLE - AU DROIT DE L'HOPITAL ST VINCE,POINT (50.620708 3.078441),3.078441,50.620708,1,,0,965,,1,LILLE
arret_point.4903,4903,REP007,République Beaux-Arts,PLACE RICHEBÉ 59000 LILLE - AU DROIT DES N° 9-11,POINT (50.631945 3.062317),3.062317,50.631945,1,,0,773,,1,LILLE
arret_point.2671,2671,COR002,Cormontaigne,BOULEVARD BIGOT DANEL 59000 LILLE - AU DROIT DU N° 33,POINT (50.626731 3.040919),3.040919,50.626731,1,,0,809,,1,LILLE
arret_point.2688,2688,CAL063,Chu Eurasanté,AVENUE OSCAR LAMBRET 59000 LILLE - AU DROIT DE LA STATION DE METR,POINT (50.608217 3.039122),3.039122,50.608217,1,,0,974,,1,LILLE
arret_point.2660,2660,CAL012,Chu Eurasanté,RUE DU PROFESSEUR LAGUESSE 59000 LILLE - À L'OPPOSÉ DE LA VOIE DE METRO,POINT (50.607117 3.038599),3.038599,50.607117,1,,0,974,,1,LILLE
arret_point.2661,2661,CAL011,Chu Eurasanté,RUE DU PROFESSEUR LAGUESSE 59000 LILLE - CÔTÉ VOIE DE METRO,POINT (50.607359 3.038715),3.038715,50.607359,1,,0,974,,1,LILLE
arret_point.2655,2655,QUO007,Bayart,RUE DU COMMANDANT BAYART 59000 LILLE - À GAUCHE DU N°25,POINT (50.629544 3.024133),3.024133,50.629544,1,,0,4698,,1,LILLE
arret_point.2685,2685,CAV002,Cavell,RUE DU FAUBOURG DES POSTES 59000 LILLE - AU DROIT DU N° 187,POINT (50.60945 3.04475),3.04475,50.60945,1,,0,894,,2,LILLE
arret_point.2692,2692,FRL001,Freres Lumiere,RUE DES FRÈRES LUMIÈRE 59000 LILLE - À PROXIMITÉ DE LA PETITE PLACE,POINT (50.619842 3.08521),3.08521,50.619842,1,,0,841,,1,LILLE
arret_point.2667,2667,LBM002,Boulevard De Metz,BOULEVARD DE METZ 59000 LILLE - AU DROIT DE LA PHARMACIE,POINT (50.619273 3.041533),3.041533,50.619273,1,,0,872,,0,LILLE
arret_point.2672,2672,PDO099,Porte De Douai,BOULEVARD D'ALSACE 59000 LILLE - AU DROIT DU N°49 A PROXI METRO,POINT (50.618035 3.072479),3.072479,50.618035,1,,0,776,,1,LILLE
arret_point.4904,4904,LIG013,Gare Rue De Tournai,RUE DU MOLINEL 59000 LILLE - AU DROIT DU N° 9,POINT (50.635371 3.070068),3.070068,50.635371,1,,0,4204,,1,LILLE
arret_point.2668,2668,COR099,Cormontaigne,BOULEVARD MONTEBELLO 59000 LILLE -,POINT (50.626095 3.040825),3.040825,50.626095,1,,0,809,,1,LILLE
arret_point.2682,2682,PNF001,Pont Neuf,RUE DU PONT NEUF 59000 LILLE -,POINT (50.643682 3.061726),3.061726,50.643682,1,,0,7829,,2,LILLE
arret_point.2647,2647,PTT001,Pont De Tournai,AVENUE DENIS CORDONNIER 59000 LILLE - 50M APRES ANGLE R.JEAN PERRIN,POINT (50.621748 3.086028),3.086028,50.621748,1,,0,928,,1,LILLE
arret_point.2654,2654,LTA001,Voltaire,RUE ROYALE 59000 LILLE -,POINT (50.642504 3.055967),3.055967,50.642504,1,,0,6731,,1,LILLE
arret_point.2669,2669,MNT099,Montebello,BOULEVARD MONTEBELLO 59000 LILLE - AU DROIT DE STATION DE METRO,POINT (50.622084 3.045775),3.045775,50.622084,1,,0,946,,1,LILLE
arret_point.2683,2683,ARB001,Arbrisseau,RUE DE CANNES 59000 LILLE - AU DROIT DU N° 61,POINT (50.605986 3.048225),3.048225,50.605986,1,,0,846,,1,LILLE
arret_point.2638,2638,PDV098,Porte De Valenciennes,59000 LILLE -,POINT (50.621036 3.079066),3.079066,50.621036,1,,0,965,,1,LILLE
arret_point.2675,2675,LIG114,Gare Lille Flandres,RUE DES CANNONIERS 59000 LILLE - AU DROIT DE LA STATION METRO,POINT (50.637977 3.07084),3.07084,50.637977,1,,0,920,,1,LILLE
arret_point.2639,2639,MTT003,Mont De Terre,RUE MATTEOTTI 59000 LILLE -,POINT (50.622861 3.0917),3.0917,50.622861,1,,0,7108,,1,LILLE
arret_point.2684,2684,CAL002,Chu Eurasanté,BOULEVARD EUGENE DUTHOIT 59000 LILLE - A L'OPP DU PARKING,POINT (50.607579 3.039395),3.039395,50.607579,1,,0,974,,1,LILLE
arret_point.2693,2693,SAC001,Sacre Coeur,RUE NATIONALE 59000 LILLE -,POINT (50.633013 3.052925),3.052925,50.633013,1,,0,7541,,1,LILLE
arret_point.2649,2649,PJU001,Palais Justice,AVENUE DU PEUPLE BELGE 59000 LILLE - AU DROIT DU N°13,POINT (50.642282 3.063328),3.063328,50.642282,1,,0,6904,,1,LILLE
arret_point.2659,2659,ARJ003,Jeanne D'Arc,RUE BRULE MAISON 59000 LILLE - AU DROIT DU N°129,POINT (50.626187 3.063658),3.063658,50.626187,1,,0,951,,1,LILLE
arret_point.2676,2676,MSI002,Esplanade,FACADE DE L ESPLANADE 59000 LILLE - APRÈS ANGLE PL MONT DE TERRE,POINT (50.645243 3.050843),3.050843,50.645243,1,,0,910,,2,LILLE
arret_point.2813,2813,WAZ099,Wazemmes,RUE DES POSTES 59000 LILLE - AU NIVEAU DE SECURITE SOCIALE,POINT (50.623272 3.051348),3.051348,50.623272,1,,0,5457,,1,LILLE
arret_point.2810,2810,LDO001,Lion D'Or,RUE SAINT JACQUES 59000 LILLE - AU DROIT DU 14 B,POINT (50.640156 3.064891),3.064891,50.640156,1,,0,871,,2,LILLE
arret_point.2807,2807,MBA002,Ballon,RUE DE LA LOUVIERE 59000 LILLE -,POINT (50.64786 3.086053),3.086053,50.64786,1,,0,7100,,2,LILLE
arret_point.2819,2819,CAL098,Chu Eurasanté,RUE RUE DU PROFESSEUR LAGUESSE 59000 LILLE - AU DROIT DE LA STATION METRO,POINT (50.607932 3.03892),3.03892,50.607932,1,,0,974,,1,LILLE
arret_point.2814,2814,CHR064,Chu-Centre O. Lambret,AVENUE OSCAR LAMBRET 59000 LILLE - DERRIERE LA STATION DE METRO,POINT (50.613024 3.036257),3.036257,50.613024,1,,0,7214,,1,LILLE
arret_point.2811,2811,PTL098,Port De Lille,RUE DE TURENNE 59000 LILLE - AU DROIT DE LA STATION METRO,POINT (50.630034 3.035916),3.035916,50.630034,1,,0,934,,1,LILLE
arret_point.2804,2804,REP003,République Beaux-Arts,BOULEVARD DE LA LIBERTÉ 59000 LILLE -,POINT (50.631587 3.062227),3.062227,50.631587,1,,0,773,,1,LILLE
arret_point.2824,2824,PCG001,Place Garonne,RUE RUE DE L'ANCOLIE 59000 LILLE - APRÈS ANGLE RUE DE LA SCÈNE,POINT (50.612554 3.058765),3.058765,50.612554,1,,0,7783,,1,LILLE
arret_point.2830,2830,AUG001,Augereau,RUE DU FAUBOURG DE BETHUNE 59000 LILLE -,POINT (50.617893 3.028598),3.028598,50.617893,1,,0,896,,2,LILLE
arret_point.2816,2816,LCB001,Colbert,RUE NATIONALE 59000 LILLE - AU DROIT DU N°293,POINT (50.629117 3.04414),3.04414,50.629117,1,,0,966,,1,LILLE
arret_point.2805,2805,TRV002,Trevise,RUE DE DOUAI 59000 LILLE - A L'0PP DU N° 113,POINT (50.62068 3.072631),3.072631,50.62068,1,,0,873,,1,LILLE
arret_point.2831,2831,UET001,Jacquet,RUE EUGENE JACQUET 59000 LILLE - A L'OPP DU N°60,POINT (50.637442 3.083767),3.083767,50.637442,1,,0,2647,,2,LILLE
arret_point.2806,2806,LCD003,Chasseurs De Driant,AVENUE OSCAR LAMBRET 59000 LILLE - APRÈS PLACE CHASSEURS DE DRIAN,POINT (50.617967 3.033125),3.033125,50.617967,1,,0,5999,,2,LILLE
arret_point.2808,2808,PLV002,Le Pont,RUE PONT A FOURCHON 59000 LILLE -,POINT (50.630781 3.022698),3.022698,50.630781,1,,0,3024,,1,LILLE
arret_point.2802,2802,PDV099,Porte De Valenciennes,59000 LILLE -,POINT (50.621036 3.079066),3.079066,50.621036,1,,0,965,,1,LILLE
arret_point.2779,2779,PDO013,Porte De Douai,BOULEVARD DE BELFORT 59000 LILLE - AU DROIT DU N°70,POINT (50.61831 3.072878),3.072878,50.61831,1,,0,776,,2,LILLE
arret_point.2780,2780,MBA001,Ballon,RUE DU BALLON 59000 LILLE - A L'OPPOSE DU N°76,POINT (50.64798 3.085561),3.085561,50.64798,1,,0,7100,,1,LILLE
arret_point.2769,2769,EUR032,Lille Europe,AVENUE LE CORBUSIER 59000 LILLE - AU DROIT DE LA GARE,POINT (50.63959 3.074136),3.074136,50.63959,1,,0,7536,,1,LILLE
arret_point.2782,2782,COP001,Colpin,FACADE DE L'ESPLANADE 59000 LILLE - AU DROIT DU N° 44,POINT (50.642366 3.053539),3.053539,50.642366,1,,0,762,,1,LILLE
arret_point.2785,2785,ETC003,Euratechnologies,AVENUE DES SAULES 59000 LILLE - À L'OPPOSÉ DU N°2,POINT (50.633181 3.018457),3.018457,50.633181,1,,0,3941,,1,LILLE
arret_point.2760,2760,CGA099,Gambetta,RUE DES POSTES 59000 LILLE - AU DROIT DU N° 72,POINT (50.626389 3.052125),3.052125,50.626389,1,,0,5456,,1,LILLE
arret_point.2757,2757,GBE001,Gaston Berger,RUE ARMAND CARREL 59000 LILLE - COULOIR BUS,POINT (50.614486 3.074894),3.074894,50.614486,1,,0,917,,1,LILLE
arret_point.2770,2770,CIL005,Champ De Mars,BOULEVARD DE LA LIBERTE 59000 LILLE - AU DROIT DU N° 16,POINT (50.636548 3.052905),3.052905,50.636548,1,,0,7652,,1,LILLE
arret_point.2793,2793,CAL001,Chu Eurasanté,BOULEVARD EUGENE DUTHOIT 59000 LILLE - AU DROIT DU PARKING,POINT (50.607776 3.039398),3.039398,50.607776,1,,0,974,,1,LILLE
arret_point.2795,2795,EUR002,Lille Europe,"AVENUE LE CORBUSIER 59000 LILLE - AU DROIT DE LA GARE, QUAI A",POINT (50.639423 3.075022),3.075022,50.639423,1,,0,7536,,1,LILLE
arret_point.2756,2756,LGP098,Grand Palais,RUE GEORGES LEFEVRE 59000 LILLE - DEVANT LA STATION BD LOUIS XIV,POINT (50.629215 3.074886),3.074886,50.629215,1,,0,6841,,1,LILLE
arret_point.2762,2762,PDP099,Porte Des Postes,59000 LILLE -,POINT (50.617947 3.050665),3.050665,50.617947,1,,0,7028,,1,LILLE
arret_point.2788,2788,ETC004,Euratechnologies,AVENUE MARIE LOUISE DELWAULE 59000 LILLE - À DROITE DU N°19,POINT (50.633088 3.019189),3.019189,50.633088,1,,0,3941,,1,LILLE
arret_point.4905,4905,LIG007,Gare Rue De Tournai,RUE DU MOLINEL 59000 LILLE -,POINT (50.635408 3.069871),3.069871,50.635408,1,,0,4204,,1,LILLE
arret_point.2752,2752,LGP001,Grand Palais,BOULEVARD LOUIS XIV 59000 LILLE - A L'OPP STATION METRO,POINT (50.628989 3.075179),3.075179,50.628989,1,,0,6841,,1,LILLE
arret_point.2774,2774,LIG022,Gare Lille Flandres,59000 LILLE -,POINT (50.636405 3.071141),3.071141,50.636405,1,,0,920,,1,LILLE
arret_point.2753,2753,CAN099,Canteleu,AVENUE DE DUNKERQUE 59000 LILLE - AU DROIT DU N° 223 BIS,POINT (50.63715 3.024167),3.024167,50.63715,1,,0,678,,1,LILLE
arret_point.2796,2796,LTA002,Voltaire,RUE DE SAINT ANDRE 59000 LILLE -,POINT (50.644106 3.058262),3.058262,50.644106,1,,0,6731,,2,LILLE
arret_point.2776,2776,PIS004,Piscine M. Dormoy,AVENUE MARX DORMOY 59000 LILLE - AU DROIT DE LA PISCINE,POINT (50.635312 3.035369),3.035369,50.635312,1,,0,760,,1,LILLE
arret_point.2873,2873,MNT098,Montebello,BOULEVARD MONTEBELLO 59000 LILLE - AU DROIT DE STATION DE METRO,POINT (50.622084 3.045775),3.045775,50.622084,1,,0,946,,1,LILLE
arret_point.2851,2851,CAL008,Chu Eurasanté,RUE DU PROFESSEUR LAGUESSE 59000 LILLE - AU DROIT DE LA STATION 5,POINT (50.607913 3.039103),3.039103,50.607913,1,,0,974,,1,LILLE
arret_point.2879,2879,RUW001,Rue De Wazemmes,RUE ARTOIS 59000 LILLE -,POINT (50.622596 3.061166),3.061166,50.622596,1,,0,775,,1,LILLE
arret_point.2884,2884,DOA006,Douai Arras,BOULEVARD VICTOR HUGO 59000 LILLE - AU DROIT DU N° 15,POINT (50.62397 3.066982),3.066982,50.62397,1,,0,811,,1,LILLE
arret_point.2855,2855,PDV002,Porte De Valenciennes,BOULEVARD DE BELFORT 59000 LILLE - A L'OPPOSE DE LA STATION METRO,POINT (50.621411 3.079354),3.079354,50.621411,1,,0,965,,1,LILLE
arret_point.2875,2875,MTT005,Mont De Terre,RUE DE ST AMAND 59000 LILLE - A L'OPP DU 21,POINT (50.622306 3.091593),3.091593,50.622306,1,,0,7108,,2,LILLE
arret_point.2876,2876,RUW002,Rue De Wazemmes,RUE ARTOIS 59000 LILLE -,POINT (50.623017 3.061271),3.061271,50.623017,1,,0,775,,1,LILLE
arret_point.2885,2885,GEY001,De Geyter,RUE DU FAUBOURG D'ARRAS 59000 LILLE -,POINT (50.604802 3.057328),3.057328,50.604802,1,,0,870,,1,LILLE
arret_point.2862,2862,PDP398,Porte Des Postes,BOULEVARD DE STRASBOURG 59000 LILLE -,POINT (50.617947 3.050665),3.050665,50.617947,1,,0,7028,,1,LILLE
arret_point.2863,2863,LIG398,Gare Lille Flandres,59000 LILLE -,POINT (50.637096 3.071067),3.071067,50.637096,1,,0,920,,1,LILLE
arret_point.5038,5038,PHL001,Philippe Lebon,RUE SOLFERINO 59000 LILLE - À DOITE DU N°246,POINT (50.628225 3.060317),3.060317,50.628225,1,,0,787,,1,LILLE
arret_point.2850,2850,NAT003,Nationale,BOULEVARD DE LA LIBERTE 59000 LILLE -,POINT (50.634354 3.056936),3.056936,50.634354,1,,0,911,,1,LILLE
arret_point.2860,2860,SIM003,Simons,RUE DU FAUBOURG DES POSTES 59000 LILLE - AU DROIT DES N°18-20,POINT (50.614625 3.048052),3.048052,50.614625,1,,0,7137,,1,LILLE
arret_point.2832,2832,MEM001,Mermoz,RUE MERMOZ 59000 LILLE - AU DROIT DE LA MAIRIE QUARTIER,POINT (50.628626 3.0246),3.0246,50.628626,1,,0,822,,2,LILLE
arret_point.2864,2864,THV001,Thionville,RUE DE THIONVILLE 59000 LILLE -,POINT (50.642962 3.066653),3.066653,50.642962,1,,0,2621,,1,LILLE
arret_point.2835,2835,LPC080,Bois Blancs,AVENUE MARX DORMOY 59000 LILLE - AU DROIT DE L'HÔPITAL,POINT (50.633772 3.031681),3.031681,50.633772,1,,0,971,,1,LILLE
arret_point.2838,2838,PRR098,Porte D'Arras,BOULEVARD D'ALSACE 59000 LILLE - FACE A LA STATION METRO,POINT (50.617583 3.062349),3.062349,50.617583,1,,0,866,,1,LILLE
arret_point.2903,2903,CSM001,Coll Ste Marie,RUE DES FRÈRES VANRULLEN 59126 LINSELLES - AU DROIT DU COLLÈGE,POINT (50.739912 3.077625),3.077625,50.739912,1,,0,5505,,1,LINSELLES
arret_point.2904,2904,LJO002,Lotissement Joffre,RUE DU MARECHAL JOFFRE 59126 LINSELLES - L'OPP ANGLE RUE DE SCHIEFBHAN,POINT (50.730939 3.079866),3.079866,50.730939,1,,0,983,,2,LINSELLES
arret_point.2901,2901,VGN001,La Vignette,RUE DE LA VIGNETTE 59126 LINSELLES - AU DROIT DU N° 96,POINT (50.745999 3.085675),3.085675,50.745999,1,,0,5499,,2,LINSELLES
arret_point.2899,2899,STE002,Stemberg,RUE DE BOUSBECQUE 59126 LINSELLES - AU DROIT DU N°50,POINT (50.747749 3.077982),3.077982,50.747749,1,,0,984,,1,LINSELLES
arret_point.2900,2900,DSC002,Robert Descamps,AVENUE ROBERT DESCAMPS 59126 LINSELLES - AU DROIT DU  N° 51,POINT (50.734206 3.08684),3.08684,50.734206,1,,0,5498,,1,LINSELLES
arret_point.2887,2887,LIC003,Cimetiere,RUE SAINT VINCENT DE PAUL 59126 LINSELLES - ANGLE ROUTE DE BOUSBECQUE,POINT (50.741798 3.080198),3.080198,50.741798,1,,0,991,,1,LINSELLES
arret_point.2893,2893,RDE002,Rue Des Ecoles,RUE DE TOURCOING 59126 LINSELLES - AU DROIT DU N°55,POINT (50.739782 3.082839),3.082839,50.739782,1,,0,5504,,2,LINSELLES
arret_point.2894,2894,FDN001,Freres D'Halluin,RUE DU MAL DELATTRE DE TASSIGNY 59126 LINSELLES - AU DROIT DU N° 23,POINT (50.739056 3.073867),3.073867,50.739056,1,,0,989,,1,LINSELLES
arret_point.2906,2906,VAN001,Vandamme,RUE DU MARECHAL JOFFRE 59126 LINSELLES - AU DROIT DU N° 2,POINT (50.733459 3.076823),3.076823,50.733459,1,,0,987,,2,LINSELLES
arret_point.2908,2908,FDN002,Freres D'Halluin,RUE DU MAL DELATTRE DE TASSIGNY 59126 LINSELLES - AU DROIT D'UN TERRAIN,POINT (50.739037 3.074022),3.074022,50.739037,1,,0,989,,2,LINSELLES
arret_point.2909,2909,CLG001,College Matisse,ROUTE DE HAUTE VALLE 59126 LINSELLES - AU DROIT DU COLLEGE,POINT (50.73776 3.086597),3.086597,50.73776,1,,0,977,,2,LINSELLES
arret_point.2916,2916,VFE001,Vert Feuillage,RUE DE LA VIGNETTE 59126 LINSELLES - AU DROIT DU N° 8,POINT (50.743464 3.085113),3.085113,50.743464,1,,0,5500,,1,LINSELLES
arret_point.2913,2913,NMO001,Nouveau Monde,RUE DE LA VISCOURT 59126 LINSELLES - AU DROIT DU N° 122,POINT (50.735517 3.105714),3.105714,50.735517,1,,0,993,,2,LINSELLES
arret_point.2918,2918,VHU002,Victor Hugo,RUE DE LA VISCOURT 59126 LINSELLES - AU DROIT DU N° 3,POINT (50.746072 3.088376),3.088376,50.746072,1,,0,982,,2,LINSELLES
arret_point.2920,2920,VAN002,Vandamme,RUE CASTELNAU 59126 LINSELLES - AU DROIT DU N° 80 B,POINT (50.733919 3.076462),3.076462,50.733919,1,,0,987,,2,LINSELLES
arret_point.2914,2914,NMO002,Nouveau Monde,RUE DE LA VISCOURT 59126 LINSELLES - AU DROIT DU N°83,POINT (50.735948 3.105537),3.105537,50.735948,1,,0,993,,2,LINSELLES
arret_point.2919,2919,RDE001,Rue Des Ecoles,RUE DE TOURCOING 59126 LINSELLES - A L'OPP DU N° 49,POINT (50.739505 3.082722),3.082722,50.739505,1,,0,5504,,1,LINSELLES
arret_point.2955,2955,HSP079,St. Philibert,RUE DU GRAND BUT 59160 LOMME - AU DROIT DE LA STATION DE METR,POINT (50.652271 2.974427),2.974427,50.652271,1,,0,999,,2,LOMME
arret_point.2952,2952,VIS001,Beau Visage,AVENUE DE DUNKERQUE 59160 LOMME -,POINT (50.645794 2.98834),2.98834,50.645794,1,,0,4021,,1,LOMME
arret_point.2958,2958,LOM001,Marais,RUE THENARD 59160 LOMME -,POINT (50.630484 3.001412),3.001412,50.630484,1,,0,1008,,2,LOMME
arret_point.2922,2922,CAN003,Canteleu,AVENUE AVENUE DE DUNKERQUE 59160 LOMME -,POINT (50.637085 3.02459),3.02459,50.637085,1,,0,678,,2,LOMME
arret_point.2925,2925,CHM002,Chateau Du Molinel,RUE DE LOMME 59160 LOMME - AU DROIT DU N° 169,POINT (50.654403 2.975118),2.975118,50.654403,1,,0,1012,,2,LOMME
arret_point.2931,2931,LME001,Eglise Du Marais,RUE KUHLMAN 59160 LOMME - AU DROIT DU 51D,POINT (50.630035 3.006638),3.006638,50.630035,1,,0,1000,,1,LOMME
arret_point.2941,2941,EGA002,Egalite,RUE DE L'ÉGALITÉ 59160 LOMME - AU DROIT DU N° 77,POINT (50.631403 3.002369),3.002369,50.631403,1,,0,4002,,1,LOMME
arret_point.2930,2930,LLA003,Leo Lagrange,RUE ALEXANDRE DESROUSEAUX 59160 LOMME - ANGLE RUE KUHLMANN,POINT (50.629196 3.007374),3.007374,50.629196,1,,0,996,,1,LOMME
arret_point.2937,2937,LPH002,La Phalecque,CHEMIN DE SEQUEDIN 59160 LOMME - A L'OPPOSE DU N°32,POINT (50.632972 2.98916),2.98916,50.632972,1,,0,5965,,1,LOMME
arret_point.2942,2942,MLM001,Hotel De Ville,AVENUE DE LA REPUBLIQUE 59160 LOMME -,POINT (50.638947 3.012329),3.012329,50.638947,1,,0,1020,,1,LOMME
arret_point.2935,2935,MDE099,Maison Des Enfants,59160 LOMME -,POINT (50.646502 2.99536),2.99536,50.646502,1,,0,1004,,1,LOMME
arret_point.2981,2981,HSP002,St. Philibert,RUE DU GRAND BUT 59160 LOMME - À L'ENTRÉE DE LA STATION,POINT (50.651813 2.974534),2.974534,50.651813,1,,0,999,,2,LOMME
arret_point.2980,2980,DEL001,Delivrance,RUE ROGER SALENGRO 59160 LOMME - AU DROIT DU N° 51,POINT (50.641111 2.990155),2.990155,50.641111,1,,0,5951,,2,LOMME
arret_point.2973,2973,CNL002,Clinique De La Mitterie,RUE DU CHEMIN NOIR 59160 LOMME - À L'OPPOSÉ DU N°14,POINT (50.651085 2.997029),2.997029,50.651085,1,,0,1019,,2,LOMME
arret_point.2972,2972,HSP001,St. Philibert,RUE DU GRAND BUT 59160 LOMME - SOUS LA VOIE METRO,POINT (50.651697 2.974448),2.974448,50.651697,1,,0,999,,2,LOMME
arret_point.2977,2977,MIT299,Mitterie,AVENUE DE DUNKERQUE 59160 LOMME - AU DROIT DU N° 447 BIS,POINT (50.646938 3.007556),3.007556,50.646938,1,,0,1036,,1,LOMME
arret_point.2962,2962,CNL001,Clinique De La Mitterie,RUE DU CHEMIN NOIR 59160 LOMME -,POINT (50.651148 2.997016),2.997016,50.651148,1,,0,1019,,2,LOMME
arret_point.2969,2969,CMY002,Cite Mouray,AVENUE DE DUNKERQUE 59160 LOMME - À L'OPPOSÉ DU N° 730,POINT (50.646571 2.999142),2.999142,50.646571,1,,0,3999,,2,LOMME
arret_point.2978,2978,EGA001,Egalite,RUE DE L'ÉGALITÉ 59160 LOMME - AU DROIT DU N° 46,POINT (50.631429 3.002552),3.002552,50.631429,1,,0,4002,,2,LOMME
arret_point.2975,2975,HSP010,St. Philibert,RUE DU GRAND BUT 59160 LOMME - COTE STATION,POINT (50.651767 2.974915),2.974915,50.651767,1,,0,999,,2,LOMME
arret_point.2959,2959,LOE002,Lomme Hegel,RUE VICTOR HUGO 59160 LOMME -,POINT (50.627401 3.01419),3.01419,50.627401,1,,0,6426,,1,LOMME
arret_point.2968,2968,MIT298,Mitterie,59160 LOMME -,POINT (50.646938 3.007556),3.007556,50.646938,1,,0,1036,,1,LOMME
arret_point.2988,2988,MDE098,Maison Des Enfants,59160 LOMME -,POINT (50.646502 2.99536),2.99536,50.646502,1,,0,1004,,1,LOMME
arret_point.2996,2996,TRO001,Trocmet,PLACE LOUIS TROCMET 59160 LOMME - AU DROIT DES JARDINS,POINT (50.634944 2.990991),2.990991,50.634944,1,,0,5967,,2,LOMME
arret_point.2992,2992,TRO002,Trocmet,AVENUE ROGER SALENGRO 59160 LOMME -,POINT (50.636188 2.991515),2.991515,50.636188,1,,0,5967,,2,LOMME
arret_point.2991,2991,HSP003,St. Philibert,RUE DU GRAND BUT 59160 LOMME - LE LONG DE L'HÔPITAL ST PHI,POINT (50.65195 2.974071),2.974071,50.65195,1,,0,999,,1,LOMME
arret_point.2990,2990,BRG299,Bourg,AVENUE DE DUNKERQUE 59160 LOMME - A L'OPPOSE DU N° 819,POINT (50.645721 2.985164),2.985164,50.645721,1,,0,1034,,1,LOMME
arret_point.2985,2985,BRG199,Bourg,AVENUE DE DUNKERQUE 59160 LOMME - À L'OPPOSÉ DU N° 803,POINT (50.645586 2.985276),2.985276,50.645586,1,,0,1034,,1,LOMME
arret_point.3002,3002,FLP001,Fort De Lompret,ROUTE DE PÉRENCHIES 59840 LOMPRET - AU DROIT DU N° 17,POINT (50.673745 2.984794),2.984794,50.673745,1,,0,5956,,2,LOMPRET
arret_point.2997,2997,LAC002,Cite Familiale,RUE PAUL BRAME 59840 LOMPRET - À GAUCHE DU N° 40,POINT (50.659019 3.008014),3.008014,50.659019,1,,0,5952,,2,LOMPRET
arret_point.3000,3000,BOC002,Le Bocage,RUE DE L'EGLISE 59840 LOMPRET -,POINT (50.667703 2.992619),2.992619,50.667703,1,,0,1041,,2,LOMPRET
arret_point.2998,2998,LOP008,Mairie,RUE DE L'EGLISE 59840 LOMPRET - AU DROIT DU N° 71,POINT (50.669733 2.990402),2.990402,50.669733,1,,0,1037,,1,LOMPRET
arret_point.3005,3005,LOP009,Mairie,RUE DE L'EGLISE 59840 LOMPRET -,POINT (50.66985 2.990432),2.990432,50.66985,1,,0,1037,,2,LOMPRET
arret_point.3003,3003,BOC001,Le Bocage,RUE DE L'EGLISE 59840 LOMPRET - AU DROIT DU N° 9,POINT (50.667542 2.992575),2.992575,50.667542,1,,0,1041,,1,LOMPRET
arret_point.3004,3004,GAR002,Les Garennes,RUE PAUL BRAME 59840 LOMPRET - À L'OPPOSÉ DES CHAMPS,POINT (50.661928 3.005781),3.005781,50.661928,1,,0,5957,,2,LOMPRET
arret_point.3033,3033,EUL001,Eurasante Epi De Soil,RUE SALVADORE ALLENDE 59120 LOOS - À L'OPPOSÉ DU N° 57,POINT (50.602068 3.044645),3.044645,50.602068,1,,0,1071,,1,LOOS
arret_point.3034,3034,PND003,Pn De Loos,BOULEVARD DE LA REPUBLIQUE 59120 LOOS - A L'OPP DU N°22,POINT (50.613391 3.010476),3.010476,50.613391,1,,0,6279,,2,LOOS
arret_point.3035,3035,NDG001,Nd De Grace,BOULEVARD DE LA REPUBLIQUE 59120 LOOS -,POINT (50.611191 3.012659),3.012659,50.611191,1,,0,6280,,1,LOOS
arret_point.3036,3036,BZH001,Bazinghien,RUE GALILÉE 59120 LOOS - AU DROIT DU 52 PARC NOTRE DAME,POINT (50.620399 3.01511),3.01511,50.620399,1,,0,1083,,1,LOOS
arret_point.3032,3032,JEF001,Fac De Medecine,RUE EUGENE AVINEE 59120 LOOS - A L'OPP N°2 (FAC DE MEDECINE),POINT (50.604699 3.03146),3.03146,50.604699,1,,0,6966,,1,LOOS
arret_point.3023,3023,LDL002,Ch De La Barre,RUE GUY MOCQUET 59120 LOOS -,POINT (50.606308 3.016498),3.016498,50.606308,1,,0,6277,,2,LOOS
arret_point.3013,3013,ENC002,Clemenceau,RUE DU MARÉCHAL FOCH 59120 LOOS - AU DROIT DU N° 197,POINT (50.614247 3.011573),3.011573,50.614247,1,,0,6281,,1,LOOS
arret_point.3024,3024,EUL005,Eurasante,AVENUE PIERRE MAUROY 59120 LOOS - AU DROIT ÉCOLE MALVOYANTS,POINT (50.599144 3.036768),3.036768,50.599144,1,,0,6373,,1,LOOS
arret_point.3026,3026,PND004,Pn De Loos,BOULEVARD DE LA REPUBLIQUE 59120 LOOS -,POINT (50.613609 3.010098),3.010098,50.613609,1,,0,6279,,2,LOOS
arret_point.3015,3015,APE004,Happe Qui Peut,AVENUE PIERRE MAUROY 59120 LOOS -,POINT (50.597051 3.037147),3.037147,50.597051,1,,0,1046,,1,LOOS
arret_point.3021,3021,FEN002,Ferme D'Ennequin,RUE AMBROISE PARÉ 59120 LOOS - À L'OPPOSÉ DU COMPLEXE SPORTIF,POINT (50.607223 3.021388),3.021388,50.607223,1,,0,6275,,1,LOOS
arret_point.3053,3053,LDL001,Ch De La Barre,RUE GUY MOCQUET 59120 LOOS -,POINT (50.606282 3.016314),3.016314,50.606282,1,,0,6277,,1,LOOS
arret_point.3048,3048,CDE002,College Descartes,RUE EDOUARD HERRIOT 59120 LOOS - A L'OPP DU CES,POINT (50.608809 3.005212),3.005212,50.608809,1,,0,1058,,1,LOOS
arret_point.3050,3050,LRD002,Rue De Londres,RUE DU MARECHAL FOCH 59120 LOOS - A L'OPP DE LA CLINIQUE,POINT (50.616853 3.02379),3.02379,50.616853,1,,0,1069,,1,LOOS
arret_point.3046,3046,LOO002,Loos Mairie,RUE DU MARÉCHAL FOCH 59120 LOOS -,POINT (50.615083 3.017647),3.017647,50.615083,1,,0,6284,,1,LOOS
arret_point.3049,3049,GMO002,Guy Mocquet,RUE GUY MOCQUET 59120 LOOS - AU DROIT DU LYCÉE,POINT (50.602905 3.012139),3.012139,50.602905,1,,0,1049,,1,LOOS
arret_point.3051,3051,LPX001,La Paix,RUE DE LA PAIX 59120 LOOS - AU DROIT D'UN PARKING,POINT (50.608357 3.009167),3.009167,50.608357,1,,0,1062,,1,LOOS
arret_point.3041,3041,USS002,Curie,RUE HENRY BARBUSSE 59120 LOOS -,POINT (50.607689 3.013246),3.013246,50.607689,1,,0,4499,,2,LOOS
arret_point.3043,3043,APE003,Happe Qui Peut,AVENUE PIERRE MAUROY 59120 LOOS -,POINT (50.597007 3.036963),3.036963,50.597007,1,,0,1046,,1,LOOS
arret_point.3038,3038,ENC001,Clemenceau,RUE DU MARÉCHAL FOCH 59120 LOOS - AU DROIT DU N° 190 IMMEUBLE,POINT (50.614235 3.010459),3.010459,50.614235,1,,0,6281,,2,LOOS
arret_point.3039,3039,LCH001,Chatelet,RUE ALBERT CHATELET 59120 LOOS -,POINT (50.606385 3.010621),3.010621,50.606385,1,,0,1056,,1,LOOS
arret_point.3040,3040,PRT002,Port Fluvial,AVENUE KUHLMAN 59120 LOOS -,POINT (50.622589 3.014928),3.014928,50.622589,1,,0,1061,,2,LOOS
arret_point.3055,3055,LDH002,Dhainaut,RUE GEORGES POTIÉ 59120 LOOS -,POINT (50.613619 3.006517),3.006517,50.613619,1,,0,6276,,2,LOOS
arret_point.3061,3061,LSS002,Recherche,RUE DE LA RECHERCHE 59120 LOOS - COULOIR BUS,POINT (50.602813 3.0382),3.0382,50.602813,1,,0,6632,,1,LOOS
arret_point.3058,3058,LOG001,Longchamp,ROUTE DE SEQUEDIN 59120 LOOS - OPPOSE AU N°110,POINT (50.615246 3.002647),3.002647,50.615246,1,,0,6282,,1,LOOS
arret_point.3060,3060,LMR002,La Marliere,RUE GUY MOCQUET 59120 LOOS - AU DROIT DU FOYER PERS AGES,POINT (50.604679 3.014108),3.014108,50.604679,1,,0,6273,,1,LOOS
arret_point.3065,3065,CDE001,College Descartes,RUE HERRIOT 59120 LOOS - OPPOSE  AU  COLLEGE,POINT (50.608945 3.004904),3.004904,50.608945,1,,0,1058,,1,LOOS
arret_point.3080,3080,EIF002,Tour Eiffel,RUE DU GÉNÉRAL LECLERC 59390 LYS LEZ LANNOY - AU DROIT DU N° 25,POINT (50.665476 3.214524),3.214524,50.665476,1,,0,1087,,1,LYS LEZ LANNOY
arret_point.3074,3074,EGL001,Les Aulnes,RUE JULES GUESDE 59390 LYS LEZ LANNOY - AU DROIT DU N° 431,POINT (50.665128 3.206629),3.206629,50.665128,1,,0,5963,,1,LYS LEZ LANNOY
arret_point.3072,3072,AGO002,Agora,AVENUE PAUL BERT 59390 LYS LEZ LANNOY - A L'OPPOSE DU N° 176,POINT (50.674238 3.211022),3.211022,50.674238,1,,0,1093,,2,LYS LEZ LANNOY
arret_point.3077,3077,AUL001,Centre Commercial,RUE GAMBETTA 59390 LYS LEZ LANNOY -,POINT (50.680244 3.215264),3.215264,50.680244,1,,0,1097,,1,LYS LEZ LANNOY
arret_point.3075,3075,NSE002,Fresnoy,RUE RUE DU FRESNOY 59390 LYS LEZ LANNOY - AU DROIT DU N° 38,POINT (50.673689 3.226286),3.226286,50.673689,1,,0,1085,,1,LYS LEZ LANNOY
arret_point.3073,3073,TON001,Tonkin,RUE DE COHEM 59390 LYS LEZ LANNOY - A L OPPOSE DU N° 131 BIS,POINT (50.675495 3.217142),3.217142,50.675495,1,,0,1088,,2,LYS LEZ LANNOY
arret_point.3086,3086,SLU004,Jeanne D'Arc,RUE JB LEBAS 59390 LYS LEZ LANNOY - AU DROIT DU N° 79,POINT (50.671134 3.218604),3.218604,50.671134,1,,0,5059,,2,LYS LEZ LANNOY
arret_point.3090,3090,AGO001,Agora,RUE DE LA JUSTICE 59390 LYS LEZ LANNOY - FACE AU N° 30,POINT (50.675328 3.207766),3.207766,50.675328,1,,0,1093,,2,LYS LEZ LANNOY
arret_point.3083,3083,EGL002,Les Aulnes,RUE DE LILLE 59390 LYS LEZ LANNOY - AU DROIT DU N° 419,POINT (50.664801 3.205974),3.205974,50.664801,1,,0,5963,,2,LYS LEZ LANNOY
arret_point.3092,3092,TON002,Tonkin,RUE ECHEVIN 59390 LYS LEZ LANNOY - A L'OPPOSE DU N°14,POINT (50.674089 3.215593),3.215593,50.674089,1,,0,1088,,2,LYS LEZ LANNOY
arret_point.3093,3093,RTO001,Rue De Toufflers,RUE DE TOUFFLERS 59390 LYS LEZ LANNOY - APRES LA RUE DU QUESNOY,POINT (50.668444 3.227293),3.227293,50.668444,1,,0,1096,,2,LYS LEZ LANNOY
arret_point.3094,3094,SLU007,Saint Luc,RUE DE COHEM 59390 LYS LEZ LANNOY - AU DROIT DU N°3,POINT (50.672012 3.219975),3.219975,50.672012,1,,0,1091,,2,LYS LEZ LANNOY
arret_point.3140,3140,CVB001,Cheval Blanc,RUE DU DOCTEUR DUCROQUET 59700 MARCQ EN BAROEUL - AU DROIT DE L'ESPACE VERT,POINT (50.682449 3.090454),3.090454,50.682449,1,,0,1160,,2,MARCQ EN BAROEUL
arret_point.3141,3141,MMA007,Mairie,AVENUE DE LATTRE DE TASSIGNY 59700 MARCQ EN BAROEUL - A L OPPOSE DU N° 44,POINT (50.672734 3.093526),3.093526,50.672734,1,,0,1114,,1,MARCQ EN BAROEUL
arret_point.3123,3123,LQS001,Le Quesne,AVENUE DE LA MARNE 59700 MARCQ EN BAROEUL - AU DROIT DU N° 242 A 244,POINT (50.673503 3.107004),3.107004,50.673503,1,,0,1105,,1,MARCQ EN BAROEUL
arret_point.3131,3131,RCO001,Charcot,RUE DU DOCTEUR CHARCOT 59700 MARCQ EN BAROEUL - AU DROIT DU N° 135,POINT (50.66385 3.08371),3.08371,50.66385,1,,0,1144,,1,MARCQ EN BAROEUL
arret_point.3135,3135,PTM001,Pont De Marcq,RUE DE MENIN 59700 MARCQ EN BAROEUL - A L'OPPOSE DU N° 39,POINT (50.671037 3.07748),3.07748,50.671037,1,,0,1142,,2,MARCQ EN BAROEUL
arret_point.3122,3122,RID002,Loridan,59700 MARCQ EN BAROEUL -,POINT (50.701095 3.086272),3.086272,50.701095,1,,0,1169,,0,MARCQ EN BAROEUL
arret_point.3138,3138,UIL002,Champreuille,RUE ALBERT BAILLY 59700 MARCQ EN BAROEUL - A L'OPPOSE DU N° 478,POINT (50.693559 3.126984),3.126984,50.693559,1,,0,6364,,1,MARCQ EN BAROEUL
arret_point.3102,3102,OCT002,Pont Courroy,RUE DU COLLEGE 59700 MARCQ EN BAROEUL - AU DROIT DU N° 47,POINT (50.681532 3.100916),3.100916,50.681532,1,,0,1164,,1,MARCQ EN BAROEUL
arret_point.3100,3100,RID001,Loridan,59700 MARCQ EN BAROEUL -,POINT (50.700321 3.086769),3.086769,50.700321,1,,0,1169,,0,MARCQ EN BAROEUL
arret_point.3098,3098,MMA011,Mairie,AVENUE DU MAL DELATTRE DE TASSIGNY 59700 MARCQ EN BAROEUL - A L'OPPOSE DU N° 1,POINT (50.672409 3.092251),3.092251,50.672409,1,,0,1114,,1,MARCQ EN BAROEUL
arret_point.3097,3097,GPE001,Peri,RUE GABRIEL PÉRI 59700 MARCQ EN BAROEUL - AU DROIT DU N° 11,POINT (50.675934 3.089466),3.089466,50.675934,1,,0,2630,,1,MARCQ EN BAROEUL
arret_point.3104,3104,AND001,Vandenberghe,RUE EMILE VANDENBERGHE 59700 MARCQ EN BAROEUL - AU DROIT DU N° 33,POINT (50.650439 3.095587),3.095587,50.650439,1,,0,1175,,1,MARCQ EN BAROEUL
arret_point.3101,3101,RCO002,Charcot,RUE DU DOCTEUR CHARCOT 59700 MARCQ EN BAROEUL - AU DROIT DU N° 122,POINT (50.663609 3.083607),3.083607,50.663609,1,,0,1144,,1,MARCQ EN BAROEUL
arret_point.3109,3109,STL001,Eglise Saint Louis,RUE PASTEUR 59700 MARCQ EN BAROEUL - AU DROIT DU N° 82,POINT (50.65916 3.080535),3.080535,50.65916,1,,0,1161,,1,MARCQ EN BAROEUL
arret_point.3121,3121,CDA012,Cerisaie C. D'Affaires,AVENUE DE LA MARNE 59700 MARCQ EN BAROEUL - AU DROIT DE L'HOTEL SOFITEL,POINT (50.677288 3.111368),3.111368,50.677288,1,,0,5452,,1,MARCQ EN BAROEUL
arret_point.3112,3112,DMR001,Doumer,BOULEVARD CLEMENCEAU 59700 MARCQ EN BAROEUL - À L'OPPOSÉ DU N° 12,POINT (50.665529 3.07744),3.07744,50.665529,1,,0,2628,,1,MARCQ EN BAROEUL
arret_point.3113,3113,CBG002,Cimetiere Bourg,RUE GABRIEL PÉRI 59700 MARCQ EN BAROEUL - A L OPPOSE DU N° 137,POINT (50.671613 3.081567),3.081567,50.671613,1,,0,2627,,2,MARCQ EN BAROEUL
arret_point.3119,3119,FAY002,La Fayette,AVENUE DU MAL DELATTRE DE TASSIGNY 59700 MARCQ EN BAROEUL - À L'OPPOSÉ DU N° 59,POINT (50.67153 3.089428),3.089428,50.67153,1,,0,1151,,1,MARCQ EN BAROEUL
arret_point.3108,3108,MAB001,Buisson,AVENUE DE LA REPUBLIQUE 59700 MARCQ EN BAROEUL - AU DROIT DU N° 816,POINT (50.657113 3.089691),3.089691,50.657113,1,,0,1165,,1,MARCQ EN BAROEUL
arret_point.3178,3178,PTS002,Ferme Aux Oies,RUE ALBERT BAILLY 59700 MARCQ EN BAROEUL - APS ANGLE PAVE STRATEGIQUE,POINT (50.685857 3.102154),3.102154,50.685857,1,,0,5932,,1,MARCQ EN BAROEUL
arret_point.3182,3182,ABB002,Abbe Bonpain,RUE DE L' ABBE BONPAIN 59700 MARCQ EN BAROEUL - AU DROIT DU N° 69,POINT (50.657904 3.083508),3.083508,50.657904,1,,0,1168,,2,MARCQ EN BAROEUL
arret_point.3181,3181,LQS012,Le Quesne,AVENUE DE LA MARNE 59700 MARCQ EN BAROEUL - AU DROIT DU N° 87,POINT (50.672906 3.106345),3.106345,50.672906,1,,0,1105,,1,MARCQ EN BAROEUL
arret_point.3183,3183,MCL005,Clemenceau Hippodrome,AVENUE DE LA REPUBLIQUE 59700 MARCQ EN BAROEUL - AU DROIT DU N° 943,POINT (50.662324 3.095683),3.095683,50.662324,1,,0,1113,,1,MARCQ EN BAROEUL
arret_point.3155,3155,MCL001,Clemenceau Hippodrome,BOULEVARD CLEMENCEAU 59700 MARCQ EN BAROEUL - AU DROIT DU N° 197,POINT (50.661579 3.09728),3.09728,50.661579,1,,0,1113,,1,MARCQ EN BAROEUL
arret_point.3156,3156,ABB001,Abbe Bonpain,RUE DE L ABBE BONPAIN 59700 MARCQ EN BAROEUL - AU DROIT DU N°66,POINT (50.657932 3.083297),3.083297,50.657932,1,,0,1168,,2,MARCQ EN BAROEUL
arret_point.3163,3163,OSS001,Brossolette,AVENUE DE LA REPUBLIQUE 59700 MARCQ EN BAROEUL - AU DROIT DU N°1002,POINT (50.660546 3.094527),3.094527,50.660546,1,,0,1134,,1,MARCQ EN BAROEUL
arret_point.3176,3176,BSS002,Buisson,RUE ROBERT SCHUMAN 59700 MARCQ EN BAROEUL - AU DROIT DE LA CRÈCHE,POINT (50.657154 3.090327),3.090327,50.657154,1,,0,1165,,2,MARCQ EN BAROEUL
arret_point.3160,3160,MEU001,Meunier,RUE GABRIEL PERI 59700 MARCQ EN BAROEUL - AU DROIT DU N° 115,POINT (50.674355 3.085024),3.085024,50.674355,1,,0,1152,,2,MARCQ EN BAROEUL
arret_point.3168,3168,MAN002,Ecole J. Manuel,RUE ALBERT BAILLY 59700 MARCQ EN BAROEUL - A L'OPP DU N°418,POINT (50.690616 3.11999),3.11999,50.690616,1,,0,5991,,1,MARCQ EN BAROEUL
arret_point.3161,3161,PIM001,Piscine,AVENUE DU MAL DE LATTRE DE TASSIGNY 59700 MARCQ EN BAROEUL - AU DROIT DU N° 361,POINT (50.665595 3.087335),3.087335,50.665595,1,,0,1125,,1,MARCQ EN BAROEUL
arret_point.3167,3167,EME002,Clemenceau,BOULEVARD CLEMENCEAU 59700 MARCQ EN BAROEUL - AU DROIT DU N° 69,POINT (50.664699 3.084329),3.084329,50.664699,1,,0,5748,,2,MARCQ EN BAROEUL
arret_point.3162,3162,MCL032,Clemenceau Hippodrome,AVENUE DE LA REPUBLIQUE 59700 MARCQ EN BAROEUL - AU DROIT DU N°238,POINT (50.661952 3.096411),3.096411,50.661952,1,,0,1113,,1,MARCQ EN BAROEUL
arret_point.3201,3201,MCM001,Cimetiere,RUE DE MENIN 59700 MARCQ EN BAROEUL - A L OPPOSE DU N° 55,POINT (50.67474 3.079257),3.079257,50.67474,1,,0,1171,,2,MARCQ EN BAROEUL
arret_point.3187,3187,LAZ001,Lazaro,RUE DE MENIN 59700 MARCQ EN BAROEUL - AU DROIT DU N° 320,POINT (50.679827 3.08344),3.08344,50.679827,1,,0,1157,,1,MARCQ EN BAROEUL
arret_point.3198,3198,HLO001,Hautes Loges,AVENUE MARÉCHAL DE LATTRE DE TASSIGNY 59700 MARCQ EN BAROEUL - AU DROIT DU N° 265,POINT (50.66887 3.088711),3.088711,50.66887,1,,0,1148,,2,MARCQ EN BAROEUL
arret_point.3189,3189,HLO002,Hautes Loges,AVENUE MARÉCHAL DE LATTRE DE TASSIGNY 59700 MARCQ EN BAROEUL - AU DROIT DU N° 258,POINT (50.668548 3.088579),3.088579,50.668548,1,,0,1148,,1,MARCQ EN BAROEUL
arret_point.3192,3192,FSL001,Isly,RUE ALBERT BAILLY 59700 MARCQ EN BAROEUL - AU DROIT DU N° 500,POINT (50.695567 3.129953),3.129953,50.695567,1,,0,9076,,1,MARCQ EN BAROEUL
arret_point.3199,3199,ACA001,Acacias,AVENUE DE FLANDRE 59700 MARCQ EN BAROEUL - AU DROIT DU N° 40,POINT (50.664806 3.110695),3.110695,50.664806,1,,0,1120,,1,MARCQ EN BAROEUL
arret_point.3205,3205,GLA001,Gladbeck,AVENUE DE L'EUROPE 59700 MARCQ EN BAROEUL - AU DROIT DU N° 18 IMMEUBLE,POINT (50.652868 3.095948),3.095948,50.652868,1,,0,1130,,1,MARCQ EN BAROEUL
arret_point.3144,3144,ROC001,Chapelle St Roch,RUE LALAU 59520 MARQUETTE LEZ LILLE -,POINT (50.668854 3.072027),3.072027,50.668854,1,,0,1155,,2,MARQUETTE LEZ LILLE
arret_point.3223,3223,LAL002,Lalau,RUE HENRI PETERS 59520 MARQUETTE LEZ LILLE - PONT DE L'EPINETTE,POINT (50.674456 3.066576),3.066576,50.674456,1,,0,1180,,1,MARQUETTE LEZ LILLE
arret_point.3139,3139,PBL002,Pont Blanc,RUE LALAU 59520 MARQUETTE LEZ LILLE -,POINT (50.670846 3.070264),3.070264,50.670846,1,,0,1153,,1,MARQUETTE LEZ LILLE
arret_point.3228,3228,SJD004,Saint Jean De Dieu,VOIE INTERCOMMUNALE NORD OUEST 59520 MARQUETTE LEZ LILLE -,POINT (50.665865 3.044674),3.044674,50.665865,1,,0,1181,,1,MARQUETTE LEZ LILLE
arret_point.3225,3225,MCM002,Cimetiere,RUE DE MENIN 59520 MARQUETTE LEZ LILLE - AVANT LE N° 59,POINT (50.675009 3.079275),3.079275,50.675009,1,,0,1188,,2,MARQUETTE LEZ LILLE
arret_point.3224,3224,MFA002,Faure,RUE D'YPRES 59520 MARQUETTE LEZ LILLE -,POINT (50.669639 3.052758),3.052758,50.669639,1,,0,5934,,1,MARQUETTE LEZ LILLE
arret_point.3209,3209,AVN001,Lommelet,RUE PASTEUR 59520 MARQUETTE LEZ LILLE -,POINT (50.673502 3.054945),3.054945,50.673502,1,,0,9094,,1,MARQUETTE LEZ LILLE
arret_point.3212,3212,AVN003,Lommelet,AVENUE INDUSTRIELLE 59520 MARQUETTE LEZ LILLE -,POINT (50.673869 3.055035),3.055035,50.673869,1,,0,9094,,1,MARQUETTE LEZ LILLE
arret_point.3214,3214,CHW003,Chemin Wervicq,RUE DE LILLE 59520 MARQUETTE LEZ LILLE - A L'OPPOSÉ DU 220,POINT (50.676356 3.080452),3.080452,50.676356,1,,0,7198,,1,MARQUETTE LEZ LILLE
arret_point.3217,3217,MQC002,College Debeyre,RUE DU TOUQUET 59520 MARQUETTE LEZ LILLE - OPPOSE DU COLL DEBEYRE N°600,POINT (50.679699 3.067387),3.067387,50.679699,1,,0,4077,,1,MARQUETTE LEZ LILLE
arret_point.3221,3221,MFA001,Faure,RUE DU GENERAL LECLERC 59520 MARQUETTE LEZ LILLE -,POINT (50.66936 3.052938),3.052938,50.66936,1,,0,5934,,1,MARQUETTE LEZ LILLE
arret_point.3219,3219,SJD002,Saint Jean De Dieu,RUE GEORGES MAERTENS 59520 MARQUETTE LEZ LILLE - À L'OPPOSÉ DE LA PHARMACIE,POINT (50.666739 3.043966),3.043966,50.666739,1,,0,1181,,1,MARQUETTE LEZ LILLE
arret_point.3239,3239,CAS001,Cassel,RUE DE CASSEL 59520 MARQUETTE LEZ LILLE - À L'OPPOSÉ DU N° 18,POINT (50.667569 3.041579),3.041579,50.667569,1,,0,5939,,1,MARQUETTE LEZ LILLE
arret_point.3180,3180,ROC002,Chapelle St Roch,RUE LALAU 59520 MARQUETTE LEZ LILLE -,POINT (50.668358 3.072472),3.072472,50.668358,1,,0,1155,,2,MARQUETTE LEZ LILLE
arret_point.3238,3238,QAM001,Marquette Mairie,RUE DE WAMBRECHIES 59520 MARQUETTE LEZ LILLE - AU DROIT DU N° 4,POINT (50.676975 3.065357),3.065357,50.676975,1,,0,4082,,1,MARQUETTE LEZ LILLE
arret_point.3236,3236,SJD005,Saint Jean De Dieu,VOIE INTERCOMMUNALE NORD OUEST 59520 MARQUETTE LEZ LILLE - A L'ANGLE RUE G.MAERTENS,POINT (50.665655 3.043697),3.043697,50.665655,1,,0,1181,,1,MARQUETTE LEZ LILLE
arret_point.3233,3233,PTA001,Pont De L'Abbaye,RUE DE LILLE 59520 MARQUETTE LEZ LILLE -,POINT (50.666278 3.06465),3.06465,50.666278,1,,0,5938,,1,MARQUETTE LEZ LILLE
arret_point.3232,3232,ZMO005,Les Voiles,RUE DE WAMBRECHIES 59520 MARQUETTE LEZ LILLE - EN SORTIE DE ROND POINT,POINT (50.681492 3.063008),3.063008,50.681492,1,,0,9135,,2,MARQUETTE LEZ LILLE
arret_point.2410,2410,SCR002,Scrive,RUE DE LILLE 59520 MARQUETTE LEZ LILLE - AU DROIT DU N° 302,POINT (50.663118 3.063602),3.063602,50.663118,1,,0,5816,,2,MARQUETTE LEZ LILLE
arret_point.3234,3234,LHO001,Hondschoote,RUE D' HONDSCHOOTE 59520 MARQUETTE LEZ LILLE -,POINT (50.667729 3.038617),3.038617,50.667729,1,,0,5936,,2,MARQUETTE LEZ LILLE
arret_point.3249,3249,AMI001,Amidonnerie,RUE DE LILLE 59520 MARQUETTE LEZ LILLE -,POINT (50.668156 3.065652),3.065652,50.668156,1,,0,4067,,1,MARQUETTE LEZ LILLE
arret_point.3246,3246,AVN004,Lommelet,AVENUE DECAUVILLE 59520 MARQUETTE LEZ LILLE - APRÈS LE CARREFOUR RUE PASTEUR,POINT (50.673004 3.055616),3.055616,50.673004,1,,0,9094,,1,MARQUETTE LEZ LILLE
arret_point.3248,3248,MDP001,Moulins,AVENUE DECAUVILLE 59520 MARQUETTE LEZ LILLE - AVT CARREFOUR RUE FÉLIX FAURE,POINT (50.670397 3.055084),3.055084,50.670397,1,,0,9093,,1,MARQUETTE LEZ LILLE
arret_point.3242,3242,AMI002,Amidonnerie,RUE DE LILLE 59520 MARQUETTE LEZ LILLE - À L'OPPOSÉ DU N°305,POINT (50.668077 3.065396),3.065396,50.668077,1,,0,4067,,2,MARQUETTE LEZ LILLE
arret_point.3259,3259,MRS002,Route De Sainghin,RUE JULIOT CURIE 59274 MARQUILLIES -,POINT (50.553583 2.872953),2.872953,50.553583,1,,0,1201,,2,MARQUILLIES
arret_point.3252,3252,VEM001,Verdun,RUE DE VERDUN 59274 MARQUILLIES -,POINT (50.554281 2.865117),2.865117,50.554281,1,,0,7805,,1,MARQUILLIES
arret_point.3251,3251,FRA002,Rue De La Franquise,RUE DU MOISNIL 59274 MARQUILLIES - AU DROIT DU N° 1071,POINT (50.549844 2.851412),2.851412,50.549844,1,,0,1202,,2,MARQUILLIES
arret_point.3254,3254,MQL002,Mairie,RUE LEON BOCQUET 59274 MARQUILLIES - A L'OPPOSE DU N°50,POINT (50.558412 2.870272),2.870272,50.558412,1,,0,5685,,1,MARQUILLIES
arret_point.3255,3255,MOI002,Rue Du Moisnil,RUE DU MOISNIL 59274 MARQUILLIES - A L'OPPOSE DU N° 564,POINT (50.552047 2.858897),2.858897,50.552047,1,,0,1199,,1,MARQUILLIES
arret_point.3260,3260,FRA001,Rue De La Franquise,RUE DU MOISNIL 59274 MARQUILLIES - À L'OPPOSÉ DU N° 1071,POINT (50.549972 2.850962),2.850962,50.549972,1,,0,1202,,1,MARQUILLIES
arret_point.3263,3263,MMC001,Calvaire,RUE DE L'ARBRE DE PARADIS 59274 MARQUILLIES -,POINT (50.551505 2.868241),2.868241,50.551505,1,,0,7024,,2,MARQUILLIES
arret_point.3261,3261,GMA002,Gare Marquillies,RUE JEAN JAURÈS 59274 MARQUILLIES - À L'OPPOSÉ DU N° 417,POINT (50.548708 2.867775),2.867775,50.548708,1,,0,7021,,1,MARQUILLIES
arret_point.3282,3282,PEO002,Mairie De Mons,AVENUE COTY 59370 MONS EN BAROEUL - AU DROIT DU N° 3,POINT (50.641626 3.112212),3.112212,50.641626,1,,0,1231,,2,MONS EN BAROEUL
arret_point.3284,3284,ING001,Guinguette,RUE CORNEILLE 59370 MONS EN BAROEUL - AU DROIT DU N° 35,POINT (50.636264 3.116205),3.116205,50.636264,1,,0,1230,,2,MONS EN BAROEUL
arret_point.3278,3278,ISI002,Lavoisier,RUE LAVOISIER 59370 MONS EN BAROEUL - AU DROIT DU COLLEGE DESCARTES,POINT (50.635155 3.107119),3.107119,50.635155,1,,0,1218,,1,MONS EN BAROEUL
arret_point.3281,3281,MSA099,Mons Sarts,AVENUE SCHUMAN 59370 MONS EN BAROEUL - AU DROIT DE LA STATION,POINT (50.642272 3.099201),3.099201,50.642272,1,,0,1208,,1,MONS EN BAROEUL
arret_point.3280,3280,FOR010,Fort De Mons,RUE JULES FERRY 59370 MONS EN BAROEUL - POLE ECHANGES FORT DE MONS,POINT (50.642407 3.120618),3.120618,50.642407,1,,0,1222,,2,MONS EN BAROEUL
arret_point.3267,3267,MDM001,Mairie De Mons,AVENUE MARC SANGNIER 59370 MONS EN BAROEUL - AU DROIT DU N° 1,POINT (50.642566 3.111056),3.111056,50.642566,1,,0,1231,,1,MONS EN BAROEUL
arret_point.5043,5043,FOR041,Fort De Mons,RUE DU HAUT DE LA CRUPPE 59370 MONS EN BAROEUL - FACE A LA STATION DE METRO,POINT (50.642166 3.119048),3.119048,50.642166,1,,0,1222,,1,MONS EN BAROEUL
arret_point.3266,3266,MYT012,Coty,AVENUE RENE COTY 59370 MONS EN BAROEUL - AU DROIT DU N° 103,POINT (50.637418 3.116689),3.116689,50.637418,1,,0,1216,,1,MONS EN BAROEUL
arret_point.3272,3272,MYT011,Coty,AVENUE RENE COTY 59370 MONS EN BAROEUL - AU DROIT DU N° 96,POINT (50.637328 3.116659),3.116659,50.637328,1,,0,1216,,1,MONS EN BAROEUL
arret_point.3270,3270,MTR012,Trocadero,BOULEVARD PIERRE MENDES FRANCE 59370 MONS EN BAROEUL - A L OPPOSE DU N° 13,POINT (50.646025 3.111744),3.111744,50.646025,1,,0,7107,,2,MONS EN BAROEUL
arret_point.3275,3275,SHW001,Schweitzer,AVENUE COTY 59370 MONS EN BAROEUL - AU DROIT DU N° 24,POINT (50.639093 3.114204),3.114204,50.639093,1,,0,4143,,1,MONS EN BAROEUL
arret_point.3277,3277,VOS002,Prevost,RUE J .J. ROUSSEAU 59370 MONS EN BAROEUL - A L'OPPOSE DU N° 46,POINT (50.638563 3.101359),3.101359,50.638563,1,,0,4145,,1,MONS EN BAROEUL
arret_point.3274,3274,FOR040,Fort De Mons,RUE DU HAUT DE LA CRUPPE 59370 MONS EN BAROEUL - COTE STATION MÉTRO,POINT (50.642085 3.119131),3.119131,50.642085,1,,0,1222,,1,MONS EN BAROEUL
arret_point.3295,3295,MTR008,Trocadero,AVENUE MARC SANGNIER 59370 MONS EN BAROEUL - A L OPPOSE DU N° 39,POINT (50.6468 3.111178),3.111178,50.6468,1,,0,7107,,1,MONS EN BAROEUL
arret_point.3296,3296,MTR009,Trocadero,AVENUE MARC SANGNIER 59370 MONS EN BAROEUL - AU DROIT DU N°39,POINT (50.646845 3.111122),3.111122,50.646845,1,,0,7107,,1,MONS EN BAROEUL
arret_point.3291,3291,MTE001,Montesquieu,RUE DU GENERAL DE GAULLE 59370 MONS EN BAROEUL - AU DROIT DU N° 211,POINT (50.646324 3.105457),3.105457,50.646324,1,,0,4138,,2,MONS EN BAROEUL
arret_point.3288,3288,MTE002,Montesquieu,RUE DU GENERAL DE GAULLE 59370 MONS EN BAROEUL - AU DROIT N° 198,POINT (50.646352 3.106713),3.106713,50.646352,1,,0,4138,,2,MONS EN BAROEUL
arret_point.3290,3290,FOR099,Fort De Mons,AVENUE ADENAUER 59370 MONS EN BAROEUL - AU DROIT DE LA STATION,POINT (50.642182 3.119443),3.119443,50.642182,1,,0,1222,,1,MONS EN BAROEUL
arret_point.3286,3286,MSA002,Mons Sarts,RUE MIRABEAU 59370 MONS EN BAROEUL - AU DROIT DU N° 44,POINT (50.642341 3.099626),3.099626,50.642341,1,,0,1208,,2,MONS EN BAROEUL
arret_point.3287,3287,EOL001,Leon Blum,RUE DE LA PILATERIE 59370 MONS EN BAROEUL - AU DROIT DE HEINEKEN,POINT (50.650672 3.110236),3.110236,50.650672,1,,0,5943,,2,MONS EN BAROEUL
arret_point.3289,3289,MTR001,Trocadero,BOULEVARD PIERRE MENDES FRANCE 59370 MONS EN BAROEUL - AU DROIT DU N° 15,POINT (50.646059 3.111928),3.111928,50.646059,1,,0,7107,,2,MONS EN BAROEUL
arret_point.3303,3303,SAB002,Sabliere,RUE DU GAL DE GAULLE 59370 MONS EN BAROEUL - A L'OPPOSE DU N° 75,POINT (50.644154 3.099526),3.099526,50.644154,1,,0,1210,,2,MONS EN BAROEUL
arret_point.3306,3306,FOR298,Fort De Mons,AVENUE ADENAUER 59370 MONS EN BAROEUL -,POINT (50.642182 3.119443),3.119443,50.642182,1,,0,1222,,1,MONS EN BAROEUL
arret_point.3316,3316,PRU002,Les Prieux,RUE DE TOURCOING 59420 MOUVAUX - A L OPPOSE DU N° 247,POINT (50.709266 3.135058),3.135058,50.709266,1,,0,5851,,2,MOUVAUX
arret_point.3317,3317,LON001,Rue De Londres,RUE MIRABEAU 59420 MOUVAUX - A L'OPPOSE DU N° 21,POINT (50.702637 3.133851),3.133851,50.702637,1,,0,1247,,1,MOUVAUX
arret_point.3312,3312,MXC001,Cimetiere,RUE MIRABEAU 59420 MOUVAUX - AU DROIT DU N° 23,POINT (50.7093 3.127092),3.127092,50.7093,1,,0,1232,,1,MOUVAUX
arret_point.3309,3309,PDX002,Place De La Paix,RUE DE LILLE 59420 MOUVAUX - AU DROIT DU N° 79,POINT (50.698953 3.132069),3.132069,50.698953,1,,0,5852,,1,MOUVAUX
arret_point.3335,3335,VEL002,Le Velo,RUE DE RAVENNES 59420 MOUVAUX - AU DROIT DU N° 28,POINT (50.711331 3.126432),3.126432,50.711331,1,,0,5849,,1,MOUVAUX
arret_point.3324,3324,3SU001,Trois Suisses,RUE DE ROUBAIX 59420 MOUVAUX - AU DROIT DU N°101,POINT (50.698809 3.1391),3.1391,50.698809,1,,0,1239,,2,MOUVAUX
arret_point.3327,3327,LOR002,Lorthiois,RUE DE TOURCOING 59420 MOUVAUX - AU DROIT DU N° 451,POINT (50.714347 3.134447),3.134447,50.714347,1,,0,1243,,2,MOUVAUX
arret_point.3320,3320,DAI012,Faidherbe,AVENUE DE LA MARNE 59420 MOUVAUX - AU DROIT DU N° 89 A 91,POINT (50.703371 3.142323),3.142323,50.703371,1,,0,1236,,1,MOUVAUX
arret_point.3323,3323,LON002,Rue De Londres,RUE MIRABEAU 59420 MOUVAUX - AU DROIT DU N° 13,POINT (50.702395 3.133805),3.133805,50.702395,1,,0,1247,,1,MOUVAUX
arret_point.3340,3340,TRI021,Triez,AVENUE DE LA MARNE 59420 MOUVAUX - AU DROIT DU N° 137,POINT (50.692767 3.131547),3.131547,50.692767,1,,0,2588,,1,MOUVAUX
arret_point.3341,3341,3SU032,Trois Suisses,AVENUE DE LA MARNE 59420 MOUVAUX - AU DROIT DU N° 6 A 8,POINT (50.69875 3.138393),3.138393,50.69875,1,,0,1239,,1,MOUVAUX
arret_point.3339,3339,FSL002,Isly,RUE D'ISLY 59420 MOUVAUX - À L'OPPOSÉ DU N° 8,POINT (50.695526 3.130673),3.130673,50.695526,1,,0,1245,,2,MOUVAUX
arret_point.3337,3337,TRI032,Triez,AVENUE DE LA MARNE 59420 MOUVAUX - AU DROIT DU N° 118 BIS,POINT (50.692359 3.130834),3.130834,50.692359,1,,0,2588,,1,MOUVAUX
arret_point.3355,3355,BYR002,Labyrinthe,RUE D'HALLUIN 59960 NEUVILLE EN FERRAIN - AU DROIT DU N° 72,POINT (50.757112 3.148182),3.148182,50.757112,1,,0,5958,,2,NEUVILLE EN FERRAIN
arret_point.3358,3358,NEU001,Centre,RUE EDOUARD BRANLY 59960 NEUVILLE EN FERRAIN - AU DROIT DU N° 1,POINT (50.748562 3.152694),3.152694,50.748562,1,,0,1265,,0,NEUVILLE EN FERRAIN
arret_point.3357,3357,SCA001,Descartes,RUE DU CHRIST 59960 NEUVILLE EN FERRAIN - AU DROIT DU N° 46,POINT (50.74701 3.162324),3.162324,50.74701,1,,0,1268,,1,NEUVILLE EN FERRAIN
arret_point.3354,3354,NEU002,Centre,RUE FERNAND LECROART 59960 NEUVILLE EN FERRAIN - A L OPPOSE DU N° 44,POINT (50.748611 3.152172),3.152172,50.748611,1,,0,1265,,2,NEUVILLE EN FERRAIN
arret_point.3351,3351,RCK001,Reckem,RUE DE RECKEM 59960 NEUVILLE EN FERRAIN - A L'OPP DU N°88,POINT (50.755688 3.158763),3.158763,50.755688,1,,0,6993,,0,NEUVILLE EN FERRAIN
arret_point.3364,3364,SCA002,Descartes,RUE DU CHRIST 59960 NEUVILLE EN FERRAIN - A L'OPPOSE DU N° 46,POINT (50.747119 3.162085),3.162085,50.747119,1,,0,1268,,1,NEUVILLE EN FERRAIN
arret_point.3363,3363,NEG001,Eglise,RUE DE TOURCOING 59960 NEUVILLE EN FERRAIN - A L'OPPOSE DU N° 29,POINT (50.75053 3.153461),3.153461,50.75053,1,,0,5891,,1,NEUVILLE EN FERRAIN
arret_point.3362,3362,TLC002,Le Christ,RUE DE TOURCOING 59960 NEUVILLE EN FERRAIN - AU DROIT DU N° 213,POINT (50.745841 3.158686),3.158686,50.745841,1,,0,5890,,1,NEUVILLE EN FERRAIN
arret_point.3361,3361,RCK002,Reckem,RUE DE RECKEM 59960 NEUVILLE EN FERRAIN - A L OPPOSE DU N° 33,POINT (50.755966 3.160153),3.160153,50.755966,1,,0,6993,,1,NEUVILLE EN FERRAIN
arret_point.3369,3369,FDE001,Ferme Des Enfants,RUE ÉDOUARD BRANLY 59960 NEUVILLE EN FERRAIN - À L'OPPOSÉ DE LA FERME,POINT (50.749063 3.154356),3.154356,50.749063,1,,0,1257,,2,NEUVILLE EN FERRAIN
arret_point.3370,3370,DOC001,Docks De L'Oise,RUE DU VERTUQUET 59960 NEUVILLE EN FERRAIN - ANGLE RUE DU VERT BOIS,POINT (50.753273 3.165948),3.165948,50.753273,1,,0,1258,,1,NEUVILLE EN FERRAIN
arret_point.3367,3367,MLN001,Moulin,RUE DE TOURCOING 59960 NEUVILLE EN FERRAIN - A L OPPOSE DU N° 275,POINT (50.744706 3.160844),3.160844,50.744706,1,,0,5959,,1,NEUVILLE EN FERRAIN
arret_point.3366,3366,ZIT001,Z.I Tourcoing Nord,RUE DES PHILIPPAUX 59960 NEUVILLE EN FERRAIN - AU DROIT DU N° 1,POINT (50.75672 3.16544),3.16544,50.75672,1,,0,1259,,2,NEUVILLE EN FERRAIN
arret_point.3376,3376,ATO002,Marcel Paul,RUE DU MONT DE TEMPLEMARS 59139 NOYELLES LEZ SECLIN -,POINT (50.56801 3.029599),3.029599,50.56801,1,,0,1279,,2,NOYELLES LEZ SECLIN
arret_point.3382,3382,FAT001,Fatima,RUE D'EMMERIN 59139 NOYELLES LEZ SECLIN - À L'OPPOSÉ DU N° 27,POINT (50.578412 3.014147),3.014147,50.578412,1,,0,4632,,1,NOYELLES LEZ SECLIN
arret_point.3380,3380,NSM001,Moulin,RUE DU MONT DE TEMPLEMARS 59139 NOYELLES LEZ SECLIN - À L'OPPOSÉ DU N°30,POINT (50.575069 3.029838),3.029838,50.575069,1,,0,1282,,1,NOYELLES LEZ SECLIN
arret_point.3378,3378,GPL001,Grand Place,RUE D'ANCOISNE 59139 NOYELLES LEZ SECLIN - AU DROIT DU N° 2,POINT (50.576045 3.017186),3.017186,50.576045,1,,0,5525,,2,NOYELLES LEZ SECLIN
arret_point.3384,3384,NMA001,Marais,RUE D'ANCOISNE 59139 NOYELLES LEZ SECLIN -,POINT (50.575626 3.011898),3.011898,50.575626,1,,0,5526,,1,NOYELLES LEZ SECLIN
arret_point.3383,3383,ATO001,Marcel Paul,RUE DU MONT DE TEMPLEMARS 59139 NOYELLES LEZ SECLIN - AU DRIOIT DU N°122,POINT (50.567904 3.029344),3.029344,50.567904,1,,0,1279,,1,NOYELLES LEZ SECLIN
arret_point.3397,3397,PPG003,Ph. De Girard,RUE EDOUARD AGACHE 59840 PERENCHIES - À DROITE DU N°104,POINT (50.664768 2.967206),2.967206,50.664768,1,,0,5820,,2,PERENCHIES
arret_point.3396,3396,ARP001,Gare,RUE DU MARECHAL LECLERC 59840 PERENCHIES - A L'OPP DU 40,POINT (50.66577 2.974642),2.974642,50.66577,1,,0,7152,,1,PERENCHIES
arret_point.3386,3386,MPE005,Hotel De Ville,RUE HENRI BOUCHERY 59840 PERENCHIES -,POINT (50.668778 2.974059),2.974059,50.668778,1,,0,7820,,1,PERENCHIES
arret_point.3387,3387,RLO001,Rue De Lomme,RUE DE LOMME 59840 PERENCHIES -,POINT (50.660926 2.976443),2.976443,50.660926,1,,0,1292,,1,PERENCHIES
arret_point.3391,3391,EUP001,Limousin,RUE DES FLANDRES 59840 PERENCHIES - AVANT LE N°7,POINT (50.672394 2.973753),2.973753,50.672394,1,,0,1300,,2,PERENCHIES
arret_point.3393,3393,PRD002,Picardie,RUE DE PICARDIE 59840 PERENCHIES - A L'OPPOSE DU N°1,POINT (50.671046 2.970828),2.970828,50.671046,1,,0,1293,,2,PERENCHIES
arret_point.3390,3390,PRD003,Picardie,RUE DE LA PREVOTE 59840 PERENCHIES - AU DROIT DU N°133,POINT (50.671474 2.969633),2.969633,50.671474,1,,0,1293,,1,PERENCHIES
arret_point.3408,3408,PRD004,Picardie,RUE DE LA PRÉVOTÉ 59840 PERENCHIES - AU DROIT DU N°46,POINT (50.670292 2.970973),2.970973,50.670292,1,,0,1293,,2,PERENCHIES
arret_point.3409,3409,MPE002,Hotel De Ville,PLACE DU GENERAL DE GAULLE 59840 PERENCHIES - À L'OPPOSÉ DU N°10,POINT (50.668217 2.973163),2.973163,50.668217,1,,0,7820,,1,PERENCHIES
arret_point.3417,3417,PEN007,Centre,RUE CHARLES DE GAULLE 59840 PREMESQUES - À L'OPPOSÉ DU N°823,POINT (50.65497 2.953409),2.953409,50.65497,1,,0,2551,,2,PREMESQUES
arret_point.3416,3416,FEC002,Fleur D'Ecosse,ROUTE NATIONALE 59840 PREMESQUES - À L'OPPOSÉ DU N° 37,POINT (50.655278 2.934477),2.934477,50.655278,1,,0,2550,,1,PREMESQUES
arret_point.3418,3418,PEN006,Centre,RUE CHARLES DE GAULLE 59840 PREMESQUES -,POINT (50.654995 2.953903),2.953903,50.654995,1,,0,2551,,1,PREMESQUES
arret_point.3420,3420,VEF004,Vert Feuillage,RUE CHARLES DE GAULLE 59840 PREMESQUES - 1613-2163,POINT (50.650174 2.947396),2.947396,50.650174,1,,0,2548,,2,PREMESQUES
arret_point.3439,3439,PTC002,Le Petit Chat,ROUTE DE COMINES WAMBRECHIES 59890 QUESNOY SUR DEULE - À DROITE DU N°1681,POINT (50.707231 3.032237),3.032237,50.707231,1,,0,5506,,2,QUESNOY SUR DEULE
arret_point.3435,3435,LET002,Le Tilleul,ROUTE DE COMINES WAMBRECHIES 59890 QUESNOY SUR DEULE - A L'OPP DU N°389,POINT (50.724697 3.020583),3.020583,50.724697,1,,0,1308,,2,QUESNOY SUR DEULE
arret_point.3437,3437,LPL001,Le Plaquet,RUE DE LA PRÉVOTÉ 59890 QUESNOY SUR DEULE - ANGLE CHEMIN DE LA BOURLOIRE,POINT (50.701798 2.980342),2.980342,50.701798,1,,0,1319,,1,QUESNOY SUR DEULE
arret_point.3442,3442,QPO002,Le Pont,RUE DE LA GARE 59890 QUESNOY SUR DEULE -,POINT (50.710025 2.996989),2.996989,50.710025,1,,0,1311,,1,QUESNOY SUR DEULE
arret_point.3443,3443,QCL001,Chemin Du Loup,RUE D'YPRES 59890 QUESNOY SUR DEULE -,POINT (50.712742 2.986953),2.986953,50.712742,1,,0,7907,,1,QUESNOY SUR DEULE
arret_point.3436,3436,PTC001,Le Petit Chat,ROUTE DE COMINES WAMBRECHIES 59890 QUESNOY SUR DEULE - A L'OPP DU N°1681,POINT (50.707438 3.032268),3.032268,50.707438,1,,0,5506,,2,QUESNOY SUR DEULE
arret_point.3440,3440,QUE002,Quesnoy Mairie,RUE DE LA BELLE CROIX 59890 QUESNOY SUR DEULE -,POINT (50.712704 2.999341),2.999341,50.712704,1,,0,7633,,1,QUESNOY SUR DEULE
arret_point.3422,3422,WHC002,La Chapelle,ROUTE DE LINSELLES 59890 QUESNOY SUR DEULE - A L'OPP DU N° 2388,POINT (50.723962 3.030054),3.030054,50.723962,1,,0,1321,,2,QUESNOY SUR DEULE
arret_point.3423,3423,LPP002,Le Plat Parez,ROUTE DE COMINES WAMBRECHIES 59890 QUESNOY SUR DEULE - À L'OPP DU CHEMIN PLAT PAREZ,POINT (50.714247 3.023915),3.023915,50.714247,1,,0,5507,,2,QUESNOY SUR DEULE
arret_point.3433,3433,WHC001,La Chapelle,ROUTE DE LINSELLES 59890 QUESNOY SUR DEULE -,POINT (50.723916 3.030293),3.030293,50.723916,1,,0,1321,,2,QUESNOY SUR DEULE
arret_point.3427,3427,LEA001,Le Cheneau,RUE DE LINSELLES 59890 QUESNOY SUR DEULE - AVANT CHEMIN DU PLAT PAREZ,POINT (50.724074 3.040554),3.040554,50.724074,1,,0,1306,,2,QUESNOY SUR DEULE
arret_point.3429,3429,SPP002,Petit Perle,ROUTE DE COMINES WAMBRECHIES 59890 QUESNOY SUR DEULE - =>QUESNOY AP RTE LINSELLES,POINT (50.718923 3.020178),3.020178,50.718923,1,,0,6863,,2,QUESNOY SUR DEULE
arret_point.3432,3432,QHV001,Quesnoy Mairie,RUE DU MARÉCHAL FOCH 59890 QUESNOY SUR DEULE - A L'OPP DE LA MAIRIE,POINT (50.712182 3.001326),3.001326,50.712182,1,,0,7633,,1,QUESNOY SUR DEULE
arret_point.3425,3425,QCE002,Centre,RUE DE WARNETON 59890 QUESNOY SUR DEULE - A L'OPP DU N° 21,POINT (50.71371 2.99903),2.99903,50.71371,1,,0,1322,,1,QUESNOY SUR DEULE
arret_point.3426,3426,RIA002,Floriade Renaissance,RUE DE COMINES 59890 QUESNOY SUR DEULE - À GAUCHE DU N°865,POINT (50.719889 3.004085),3.004085,50.719889,1,,0,1313,,1,QUESNOY SUR DEULE
arret_point.3463,3463,GCT002,Grand Cabaret,RUE D'YPRES 59890 QUESNOY SUR DEULE - AU DROIT DU N° 1400,POINT (50.715499 2.979473),2.979473,50.715499,1,,0,7906,,2,QUESNOY SUR DEULE
arret_point.3461,3461,LEA002,Le Cheneau,RUE DE LINSELLES 59890 QUESNOY SUR DEULE - APRÉS CHEMEIN DU PLAT PAREZ,POINT (50.724228 3.040273),3.040273,50.724228,1,,0,1306,,2,QUESNOY SUR DEULE
arret_point.3460,3460,OLY002,Les Olympiades,ROUTE DE LINSELLES 59890 QUESNOY SUR DEULE - APRÉS ANGLE RÉSID. OLYMPIADE,POINT (50.713668 3.00687),3.00687,50.713668,1,,0,1312,,1,QUESNOY SUR DEULE
arret_point.3446,3446,LPP001,Le Plat Parez,ROUTE DE COMINES WAMBRECHIES 59890 QUESNOY SUR DEULE - AP ANGLE CHEMIN DU PLAT PAREZ,POINT (50.714939 3.023656),3.023656,50.714939,1,,0,5507,,2,QUESNOY SUR DEULE
arret_point.3447,3447,QRA001,Traversiere,RUE DE COMINES 59890 QUESNOY SUR DEULE - A L'OPP DU N° 70 BIS,POINT (50.716495 3.001525),3.001525,50.716495,1,,0,1317,,2,QUESNOY SUR DEULE
arret_point.3457,3457,LES001,Clos Du Rivage,RUE DE LILLE 59890 QUESNOY SUR DEULE - A L'OPP DU N°92,POINT (50.708287 3.001769),3.001769,50.708287,1,,0,1307,,1,QUESNOY SUR DEULE
arret_point.3449,3449,CHI002,Le Chien,ROUTE DE COMINES 59890 QUESNOY SUR DEULE - AU DROIT CH.GLATIGNIES,POINT (50.709781 3.0286),3.0286,50.709781,1,,0,5509,,2,QUESNOY SUR DEULE
arret_point.3455,3455,QRA002,Traversiere,RUE DE COMINES 59890 QUESNOY SUR DEULE -,POINT (50.716673 3.001725),3.001725,50.716673,1,,0,1317,,1,QUESNOY SUR DEULE
arret_point.3448,3448,LET001,Le Tilleul,ROUTE DE COMINES WAMBRECHIES 59890 QUESNOY SUR DEULE - APRES CROIS CH DU VIEUX SOLDAT,POINT (50.725286 3.021),3.021,50.725286,1,,0,1308,,2,QUESNOY SUR DEULE
arret_point.3458,3458,QPO003,Le Pont,RUE DE LILLE 59890 QUESNOY SUR DEULE -,POINT (50.710024 2.998868),2.998868,50.710024,1,,0,1311,,1,QUESNOY SUR DEULE
arret_point.3454,3454,QHV002,Quesnoy Mairie,RUE DU MARÉCHAL FOCH 59890 QUESNOY SUR DEULE - AU DROIT DE LA MAIRIE,POINT (50.712397 3.001287),3.001287,50.712397,1,,0,7633,,2,QUESNOY SUR DEULE
arret_point.3466,3466,LEP002,Le Pacau,RUE DE COMINES 59890 QUESNOY SUR DEULE - A L'OPP DU N° 1657,POINT (50.726026 3.010384),3.010384,50.726026,1,,0,1318,,1,QUESNOY SUR DEULE
arret_point.3469,3469,VIN002,Vingtieme Siecle,RUE DE LILLE 59890 QUESNOY SUR DEULE -,POINT (50.703644 3.006184),3.006184,50.703644,1,,0,1320,,1,QUESNOY SUR DEULE
arret_point.3487,3487,DLE001,De Gaulle,PLACE DU GÉNÉRAL DE GAULLE 59790 RONCHIN - AU DROIT DU N° 9,POINT (50.603238 3.091037),3.091037,50.603238,1,,0,2585,,1,RONCHIN
arret_point.3482,3482,RUB001,Rubens,RUE RUBENS 59790 RONCHIN - AVANT ANGLE  AVE JEAN-JAURÈS,POINT (50.59585 3.082977),3.082977,50.59585,1,,0,1337,,1,RONCHIN
arret_point.3484,3484,TAL001,Comtesse De Segur,RUE DU MAL DE TASSIGNY 59790 RONCHIN - A L'OPP DU N°77,POINT (50.602228 3.090345),3.090345,50.602228,1,,0,1334,,1,RONCHIN
arret_point.3481,3481,GDE001,Coluche,RUE MARÉCHAL DELATTRE DE TASSIGNY 59790 RONCHIN - À L'OPPOSÉ DU N° 1,POINT (50.599372 3.093897),3.093897,50.599372,1,,0,5596,,1,RONCHIN
arret_point.3472,3472,RJA002,Jean Jaures,AVENUE JEAN JAURES 59790 RONCHIN - AU DROIT DU N° 187,POINT (50.609648 3.075316),3.075316,50.609648,1,,0,5557,,1,RONCHIN
arret_point.3504,3504,LCA002,Carnot,RUE ROGER SALENGRO 59790 RONCHIN - AU DROIT DU 71,POINT (50.601551 3.096932),3.096932,50.601551,1,,0,1333,,1,RONCHIN
arret_point.3497,3497,RJA001,Jean Jaures,RUE DU FAUBOURG DE DOUAI 59790 RONCHIN - A L'OPP DU N° 206,POINT (50.610159 3.075338),3.075338,50.610159,1,,0,5557,,1,RONCHIN
arret_point.3492,3492,DES003,Destoop,AVENUE JEAN JAURÈS 59790 RONCHIN - AU DROIT DU N° 33,POINT (50.5993 3.080548),3.080548,50.5993,1,,0,6807,,1,RONCHIN
arret_point.3494,3494,GOU002,Gounod,RUE CHARLES GOUNOD 59790 RONCHIN - À L'OPPOSÉ DU N° 9,POINT (50.596284 3.086789),3.086789,50.596284,1,,0,5597,,1,RONCHIN
arret_point.3496,3496,ROG002,Gambetta,AVENUE MARECHAL DELATTRE DE TASSIGNY 59790 RONCHIN -,POINT (50.606815 3.08837),3.08837,50.606815,1,,0,6923,,0,RONCHIN
arret_point.3498,3498,RFE001,Ferrer,RUE CLEMENCEAU 59790 RONCHIN -,POINT (50.604072 3.093954),3.093954,50.604072,1,,0,1352,,1,RONCHIN
arret_point.3491,3491,RRE001,Republique,PLACE DE LA REPUBLIQUE 59790 RONCHIN - A L'OPP DU N° 11 BIS,POINT (50.598472 3.098647),3.098647,50.598472,1,,0,1349,,1,RONCHIN
arret_point.3506,3506,18J001,18 Juin,AVENUE DU 18 JUIN 59790 RONCHIN - AU DROIT DU N° 24,POINT (50.601192 3.086637),3.086637,50.601192,1,,0,4295,,1,RONCHIN
arret_point.3525,3525,LIO003,Parc Des Lions,BOULEVARD D HALLUIN 59223 RONCQ - ANGLE AVENUE DE FLANDRE,POINT (50.747484 3.132235),3.132235,50.747484,1,,0,2663,,1,RONCQ
arret_point.3524,3524,MON002,La Montagne,RUE DE TOURCOING 59223 RONCQ - AU DROIT DU N° 56,POINT (50.738299 3.119735),3.119735,50.738299,1,,0,1368,,2,RONCQ
arret_point.3514,3514,PSR002,Piscine,BOULEVARD D HALLUIN 59223 RONCQ - AU DROIT DE LA PISCINE,POINT (50.755524 3.124657),3.124657,50.755524,1,,0,7191,,1,RONCQ
arret_point.3515,3515,PSR001,Piscine,BOULEVARD D HALLUIN 59223 RONCQ - A L OPPOSE DE LA PISCINE,POINT (50.755649 3.12473),3.12473,50.755649,1,,0,7191,,1,RONCQ
arret_point.3516,3516,LTR002,Latte,BOULEVARD D'HALLUIN 59223 RONCQ - AU DROIT DU N° 118,POINT (50.750669 3.13073),3.13073,50.750669,1,,0,7190,,1,RONCQ
arret_point.3517,3517,LTR001,Latte,BOULEVARD D'HALLUIN 59223 RONCQ - A L OPPOSE DU N° 118,POINT (50.750784 3.130973),3.130973,50.750784,1,,0,7190,,1,RONCQ
arret_point.3518,3518,LRO005,Clinique St Roch,RUE DE LILLE 59223 RONCQ - AU DROIT DU N°56,POINT (50.733148 3.11451),3.11451,50.733148,1,,0,7032,,0,RONCQ
arret_point.3519,3519,MON001,La Montagne,RUE DE TOURCOING 59223 RONCQ - AU DROIT DU N° 63,POINT (50.738424 3.119765),3.119765,50.738424,1,,0,1368,,1,RONCQ
arret_point.3520,3520,LIO001,Parc Des Lions,AVENUE DE FLANDRE 59223 RONCQ - ANGLE BD D'HALLUIN,POINT (50.747166 3.13148),3.13148,50.747166,1,,0,2663,,1,RONCQ
arret_point.3540,3540,BTT001,Broutteux,RUE DE TOURCOING 59223 RONCQ - À L'OPPOSÉ DU N° 78,POINT (50.737241 3.122503),3.122503,50.737241,1,,0,1366,,1,RONCQ
arret_point.3543,3543,BTT002,Broutteux,RUE DE TOURCOING 59223 RONCQ - AU DROIT DU N° 80,POINT (50.737171 3.122304),3.122304,50.737171,1,,0,1366,,1,RONCQ
arret_point.3539,3539,LRO002,Clinique St Roch,RUE DE LILLE 59223 RONCQ - A L'OPP DU N° 64,POINT (50.734044 3.114609),3.114609,50.734044,1,,0,7032,,1,RONCQ
arret_point.3541,3541,PHA002,Porte D'Halluin,RUE DE LILLE 59223 RONCQ - A L'OPPOSE DU N° 438,POINT (50.767251 3.121095),3.121095,50.767251,1,,0,434,,2,RONCQ
arret_point.3542,3542,KAE001,Dronckaert,RUE DU DRONCKAERT 59223 RONCQ - AU DROIT DU N° 66,POINT (50.739556 3.130751),3.130751,50.739556,1,,0,6944,,2,RONCQ
arret_point.3534,3534,FAU002,Faubourg De Roncq,RUE DE LILLE 59223 RONCQ - AU DROIT DU N° 539 BIS,POINT (50.759522 3.120818),3.120818,50.759522,1,,0,1381,,2,RONCQ
arret_point.3531,3531,LIR001,Lierre,AVENUE PAUL VANSTEENKISTE 59223 RONCQ - A L'OPPOSE DU N°22,POINT (50.75744 3.11947),3.11947,50.75744,1,,0,5511,,2,RONCQ
arret_point.3533,3533,POE002,Pied De Boeuf,RUE DU DRONCKAERT 59223 RONCQ - AU DROIT DU N° 151,POINT (50.736989 3.128265),3.128265,50.736989,1,,0,5518,,2,RONCQ
arret_point.3558,3558,ROQ002,Roncq Place,RUE DE LILLE 59223 RONCQ - AU DROIT DU N° 431,POINT (50.753936 3.120518),3.120518,50.753936,1,,0,5520,,1,RONCQ
arret_point.3568,3568,BOO001,Le Boulois,RUE DU DRONCKAERT 59223 RONCQ - OPPOSÉ AUX RES BOIS D'ACHELLES,POINT (50.728756 3.11837),3.11837,50.728756,1,,0,7033,,2,RONCQ
arret_point.3566,3566,RGA001,Ancienne Gare,RUE DE LILLE 59223 RONCQ - AU DROIT DU N° 234,POINT (50.750799 3.120228),3.120228,50.750799,1,,0,5478,,1,RONCQ
arret_point.3555,3555,FCO001,P.A Mauroy,RUE DE LILLE 59223 RONCQ - À L'OPPOSÉ DU N° 551,POINT (50.762274 3.121073),3.121073,50.762274,1,,0,6938,,1,RONCQ
arret_point.3556,3556,FBO001,Blanc Four,RUE DE LILLE 59223 RONCQ -,POINT (50.740622 3.116874),3.116874,50.740622,1,,0,6763,,2,RONCQ
arret_point.3564,3564,CBF001,Cimetiere Du Blanc Four,RUE DE LINSELLES 59223 RONCQ - AU DROIT DU N° 55,POINT (50.735729 3.110494),3.110494,50.735729,1,,0,1359,,2,RONCQ
arret_point.3552,3552,FBO002,Blanc Four,RUE DE TOURCOING 59223 RONCQ - AU DROIT DU N° 14,POINT (50.739183 3.117544),3.117544,50.739183,1,,0,6763,,2,RONCQ
arret_point.3553,3553,LRO001,La Rousselle,RUE DE LILLE 59223 RONCQ - A L'OPPOSE DU N° 73,POINT (50.735162 3.115064),3.115064,50.735162,1,,0,7698,,2,RONCQ
arret_point.3545,3545,ACH002,Bois D'Achelles,RUE DE LILLE 59223 RONCQ - A L'OPP DU N°1916,POINT (50.723162 3.110737),3.110737,50.723162,1,,0,7036,,2,RONCQ
arret_point.3546,3546,AUR002,Ctre Commercial,BOULEVARD D'HALLUIN 59223 RONCQ - AU DROIT DU CARRÉ DES HALLES,POINT (50.735984 3.132603),3.132603,50.735984,1,,0,4521,,1,RONCQ
arret_point.3562,3562,UAN002,Chats Huants,AVENUE DE FLANDRE 59223 RONCQ - AU DROIT DU N° 52,POINT (50.746482 3.126352),3.126352,50.746482,1,,0,2653,,2,RONCQ
arret_point.3569,3569,POE003,Pied De Boeuf,RUE DU DRONCKAERT 59223 RONCQ - AU DROIT DU N°161,POINT (50.736135 3.127135),3.127135,50.736135,1,,0,5518,,1,RONCQ
arret_point.5160,5160,FTE008,Roubaix Man Fraternite,AVENUE JULIEN LAGACHE 59100 ROUBAIX -,POINT (50.683092 3.196861),3.196861,50.683092,1,,0,1503,,0,ROUBAIX
arret_point.3686,3686,ILO002,Moliere,RUE MOLIERE 59100 ROUBAIX -,POINT (50.69065 3.198601),3.198601,50.69065,1,,0,1465,,2,ROUBAIX
arret_point.3669,3669,RRN001,Ernest Renan,RUE MONGOLFIER 59100 ROUBAIX -,POINT (50.680769 3.18506),3.18506,50.680769,1,,0,4708,,1,ROUBAIX
arret_point.3672,3672,MET001,Boulevard De Metz,BOULEVARD DE METZ 59100 ROUBAIX -,POINT (50.703162 3.181754),3.181754,50.703162,1,,0,1393,,1,ROUBAIX
arret_point.3687,3687,ROU031,Euroteleport,BOULEVARD GAMBETTA 59100 ROUBAIX -,POINT (50.691316 3.180085),3.180085,50.691316,1,,0,1508,,2,ROUBAIX
arret_point.3677,3677,MNI002,Paul Gelle,AVENUE JULIEN LAGACHE 59100 ROUBAIX - A L OPPOSE DU N° 127,POINT (50.683563 3.198732),3.198732,50.683563,1,,0,6979,,1,ROUBAIX
arret_point.3688,3688,PCB002,Parc Barbieux,AVENUE DU PEUPLE BELGE 59100 ROUBAIX - AVT ANGLE AVENUE JEAN JAURES,POINT (50.677493 3.162841),3.162841,50.677493,1,,0,6411,,1,ROUBAIX
arret_point.3693,3693,PBA021,Parc Barbieux,AVENUE JEAN JAURES 59100 ROUBAIX - FACE AU N°26 AV JEAN JAURES,POINT (50.678062 3.162244),3.162244,50.678062,1,,0,1545,,1,ROUBAIX
arret_point.3660,3660,RER002,Ermitage,AVENUE DES NATIONS UNIES 59100 ROUBAIX - ANGLE RUE DE L ERMITAGE,POINT (50.695222 3.170167),3.170167,50.695222,1,,0,1428,,2,ROUBAIX
arret_point.3661,3661,URI007,Roubaix Charles Fourier,AVENUE CHARLES FOURIER 59100 ROUBAIX - A L OPPOSE DU N° 75,POINT (50.671927 3.183428),3.183428,50.671927,1,,0,4710,,2,ROUBAIX
arret_point.3662,3662,LJM001,Alfred Mongy,BOULEVARD GÉNÉRAL LECLERC 59100 ROUBAIX -,POINT (50.688649 3.17651),3.17651,50.688649,1,,0,8036,,2,ROUBAIX
arret_point.3699,3699,JGU001,Jules Guesde,RUE DE LANNOY 59100 ROUBAIX -,POINT (50.685985 3.187083),3.187083,50.685985,1,,0,1414,,1,ROUBAIX
arret_point.3673,3673,ADP001,Avenue Des Sports,AVENUE MAXENCE VAN DER MEERSCH 59100 ROUBAIX - APS ANGLE AVE PARC DES SPORTS,POINT (50.678867 3.20715),3.20715,50.678867,1,,0,1459,,1,ROUBAIX
arret_point.3694,3694,MNI001,Paul Gelle,AVENUE JULIEN LAGACHE 59100 ROUBAIX -,POINT (50.683752 3.198679),3.198679,50.683752,1,,0,6979,,1,ROUBAIX
arret_point.3674,3674,MET002,Boulevard De Metz,BOULEVARD DE METZ 59100 ROUBAIX -,POINT (50.702531 3.182323),3.182323,50.702531,1,,0,1393,,1,ROUBAIX
arret_point.3658,3658,HOM002,Hommelet,AVENUE DES NATIONS UNIES 59100 ROUBAIX - A L OPPOSE DU N° 28,POINT (50.692957 3.184081),3.184081,50.692957,1,,0,1469,,1,ROUBAIX
arret_point.3689,3689,RHO002,Rue De L'Hospice,AVENUE JEAN LEBAS 59100 ROUBAIX -,POINT (50.692744 3.170521),3.170521,50.692744,1,,0,5892,,1,ROUBAIX
arret_point.3690,3690,REM001,Saint Remi,AVENUE DES NATIONS UNIES 59100 ROUBAIX - AU DROIT DU LYCEE SAINT REMI,POINT (50.695095 3.180982),3.180982,50.695095,1,,0,7130,,1,ROUBAIX
arret_point.3655,3655,AID005,Condition Publique,BOULEVARD BEAUREPAIRE 59100 ROUBAIX - A L'OPPOSE DU N° 19,POINT (50.69101 3.190657),3.190657,50.69101,1,,0,1427,,1,ROUBAIX
arret_point.3659,3659,BEA001,Beaumont,RUE D ' HEM 59100 ROUBAIX -,POINT (50.682094 3.176273),3.176273,50.682094,1,,0,4415,,2,ROUBAIX
arret_point.3656,3656,NAU001,Nations Unies,RUE DE L ALMA 59100 ROUBAIX -,POINT (50.698369 3.167663),3.167663,50.698369,1,,0,1388,,1,ROUBAIX
arret_point.3666,3666,ROU042,Euroteleport,BOULEVARD GAMBETTA 59100 ROUBAIX -,POINT (50.69135 3.180326),3.180326,50.69135,1,,0,1508,,2,ROUBAIX
arret_point.3651,3651,CAR002,Carpeaux,BOULEVARD DE FOURMIES 59100 ROUBAIX -,POINT (50.675253 3.182313),3.182313,50.675253,1,,0,1387,,2,ROUBAIX
arret_point.3671,3671,CDG098,Roubaix Charles De Gaulle,RUE LILLE 59100 ROUBAIX - A L'OPP DU N°69,POINT (50.686621 3.169981),3.169981,50.686621,1,,0,1453,,1,ROUBAIX
arret_point.3667,3667,NUI001,Guinguette,RUE DE TOURCOING 59100 ROUBAIX - A L OPPOSE DU N° 122,POINT (50.70415 3.170952),3.170952,50.70415,1,,0,5725,,2,ROUBAIX
arret_point.3580,3580,MGR001,Gare Jean Lebas,RUE DE L ALMA 59100 ROUBAIX - A L OPPOSE DU N° 40,POINT (50.694989 3.163399),3.163399,50.694989,1,,0,6587,,2,ROUBAIX
arret_point.3603,3603,MGR003,Gare Jean Lebas,PLACE DE LA GARE 59100 ROUBAIX -,POINT (50.695631 3.164017),3.164017,50.695631,1,,0,6587,,1,ROUBAIX
arret_point.3595,3595,GUY001,Guynemer,SQUARE GUYNEMER 59100 ROUBAIX - A L OPPOSE DU N° 3,POINT (50.670421 3.188569),3.188569,50.670421,1,,0,4429,,2,ROUBAIX
arret_point.3571,3571,RHO001,Rue De L'Hospice,RUE DE L ' HOSPICE 59100 ROUBAIX -,POINT (50.692143 3.170539),3.170539,50.692143,1,,0,5892,,1,ROUBAIX
arret_point.3596,3596,GEA010,Galon D'Eau,BOULEVARD GAMBETTA 59100 ROUBAIX - COULOIR BUS,POINT (50.692966 3.188035),3.188035,50.692966,1,,0,1431,,2,ROUBAIX
arret_point.3573,3573,EPL099,Ep. Montesquieu,RUE RUE INKERMAN 59100 ROUBAIX - A L'OPP DE LA STATION,POINT (50.683869 3.163116),3.163116,50.683869,1,,0,7905,,1,ROUBAIX
arret_point.3574,3574,SQP002,Square Des Pres,RUE PIERRE DE ROUBAIX 59100 ROUBAIX -,POINT (50.685667 3.191596),3.191596,50.685667,1,,0,6982,,2,ROUBAIX
arret_point.3590,3590,3PO004,Trois Ponts,AVENUE JULIEN LAGACHE 59100 ROUBAIX -,POINT (50.684295 3.200538),3.200538,50.684295,1,,0,1512,,2,ROUBAIX
arret_point.3622,3622,NAU002,Nations Unies,RUE BLANCHEMAILLE 59100 ROUBAIX - A L OPPOSE DU N° 41,POINT (50.696519 3.167986),3.167986,50.696519,1,,0,1388,,2,ROUBAIX
arret_point.3615,3615,RRN002,Ernest Renan,RUE DUPUY DE LOME 59100 ROUBAIX - A L OPPOSE DU N° 175,POINT (50.68078 3.184849),3.184849,50.68078,1,,0,4708,,1,ROUBAIX
arret_point.3635,3635,FCH001,Fosse Aux Chenes,RUE DES SEPT PONTS 59100 ROUBAIX -,POINT (50.699563 3.175536),3.175536,50.699563,1,,0,1449,,1,ROUBAIX
arret_point.3639,3639,BDO002,Boulevard De Douai,BOULEVARD DE CAMBRAI 59100 ROUBAIX - FACE AU N° 68,POINT (50.681687 3.167485),3.167485,50.681687,1,,0,1551,,1,ROUBAIX
arret_point.3640,3640,HUT001,Le Hutin,BOULEVARD DE LA LAINE 59100 ROUBAIX -,POINT (50.706594 3.181021),3.181021,50.706594,1,,0,1544,,1,ROUBAIX
arret_point.3630,3630,OUE001,Rue De L'Ouest,RUE DE MOUVAUX 59100 ROUBAIX -,POINT (50.693498 3.159759),3.159759,50.693498,1,,0,1492,,1,ROUBAIX
arret_point.3607,3607,HOR001,Hopital Victor Provo,BOULEVARD LACORDAIRE 59100 ROUBAIX -,POINT (50.678486 3.17257),3.17257,50.678486,1,,0,7238,,2,ROUBAIX
arret_point.3608,3608,ORT001,Pont Rouge,RUE DE LANNOY 59100 ROUBAIX -,POINT (50.679553 3.196221),3.196221,50.679553,1,,0,1416,,2,ROUBAIX
arret_point.3643,3643,VDM003,Vélodrome,AVENUE MAXENCE VAN DER MEERSCH 59100 ROUBAIX - A L OPPOSE DU N° 1,POINT (50.680558 3.205132),3.205132,50.680558,1,,0,9039,,1,ROUBAIX
arret_point.3611,3611,VIG002,La Vigne,BOULEVARD DE METZ 59100 ROUBAIX -,POINT (50.701059 3.183767),3.183767,50.701059,1,,0,4450,,2,ROUBAIX
arret_point.3632,3632,CLO002,Colisee,RUE DU GRAND CHEMIN 59100 ROUBAIX -,POINT (50.692154 3.163592),3.163592,50.692154,1,,0,4417,,1,ROUBAIX
arret_point.3626,3626,HCH002,Les Hauts Champs,RUE JULES MICHELET 59100 ROUBAIX - AU DROIT DU PARKING,POINT (50.674973 3.195733),3.195733,50.674973,1,,0,1419,,1,ROUBAIX
arret_point.3638,3638,RXP098,Roubaix Place,RUE DE L'HOTEL DE VILLE 59100 ROUBAIX - AU DROIT DE LA CAISSE D'EPARGN,POINT (50.691598 3.174202),3.174202,50.691598,1,,0,7903,,1,ROUBAIX
arret_point.3614,3614,ATT002,Watt,RUE DE L ' EPEULE 59100 ROUBAIX - A L'OPPOSE DU N° 163,POINT (50.688293 3.158798),3.158798,50.688293,1,,0,1462,,2,ROUBAIX
arret_point.3604,3604,GEA011,Galon D'Eau,BOULEVARD GAMBETTA 59100 ROUBAIX - A L OPPOSE DU N° 236,POINT (50.692892 3.188232),3.188232,50.692892,1,,0,1431,,1,ROUBAIX
arret_point.3624,3624,MAM098,Alfred Mongy,BOULEVARD GÉNÉRAL DE GAULLE 59100 ROUBAIX -,POINT (50.68747 3.1745),3.1745,50.68747,1,,0,7239,,2,ROUBAIX
arret_point.3770,3770,NUR004,Nations Unies,BOULEVARD GAMBETTA 59100 ROUBAIX -,POINT (50.692762 3.185095),3.185095,50.692762,1,,0,6602,,2,ROUBAIX
arret_point.3756,3756,DHC002,Edhec,AVENUE GUSTAVE DELORY 59100 ROUBAIX - AU DROIT DU N° 31,POINT (50.676303 3.169033),3.169033,50.676303,1,,0,4601,,0,ROUBAIX
arret_point.3757,3757,MGR099,Gare Jean Lebas,RUE DE L'ALMA 59100 ROUBAIX - AU DROIT DU N°50,POINT (50.695865 3.163823),3.163823,50.695865,1,,0,6587,,1,ROUBAIX
arret_point.3760,3760,DUL002,Dupuy De Lome,RUE JULES GUESDE 59100 ROUBAIX - A L OPPOSE DU N° 61,POINT (50.68217 3.180863),3.180863,50.68217,1,,0,5629,,1,ROUBAIX
arret_point.3773,3773,3PO003,Trois Ponts,AVENUE JULIEN LAGACHE 59100 ROUBAIX - ANGLE AVENUE DE VERUDN,POINT (50.684546 3.200557),3.200557,50.684546,1,,0,1512,,1,ROUBAIX
arret_point.3761,3761,HCH003,Les Hauts Champs,AVENUE ALFRED MOTTE 59100 ROUBAIX - AU DROIT MAGASIN INTERMARCHÉ,POINT (50.674943 3.194772),3.194772,50.674943,1,,0,1419,,2,ROUBAIX
arret_point.3767,3767,VGL002,Braille,RUE LOUIS BRAILLE 59100 ROUBAIX - A L OPPOSE DU N° 32,POINT (50.677447 3.192119),3.192119,50.677447,1,,0,7775,,2,ROUBAIX
arret_point.3768,3768,VGL001,Braille,RUE LOUIS BRAILLE 59100 ROUBAIX -,POINT (50.677394 3.19192),3.19192,50.677394,1,,0,7775,,1,ROUBAIX
arret_point.3752,3752,ROU099,Euroteleport,BOULEVARD GENERAL LECLERC 59100 ROUBAIX -,POINT (50.690936 3.179161),3.179161,50.690936,1,,0,1508,,2,ROUBAIX
arret_point.3762,3762,SQD005,Square Des Platanes,AVENUE LINNE 59100 ROUBAIX -,POINT (50.677043 3.18823),3.18823,50.677043,1,,0,1524,,1,ROUBAIX
arret_point.3763,3763,HOR002,Hopital Victor Provo,BOULEVARD LACORDAIRE 59100 ROUBAIX - A L OPPOSE DU N° 10,POINT (50.678694 3.172277),3.172277,50.678694,1,,0,7238,,2,ROUBAIX
arret_point.3748,3748,SQD002,Square Des Platanes,RUE PAUL WANTE 59100 ROUBAIX -,POINT (50.676886 3.187606),3.187606,50.676886,1,,0,1524,,2,ROUBAIX
arret_point.3746,3746,VAI002,Edouard Vaillant,AVENUE GUSTAVE DELORY 59100 ROUBAIX -,POINT (50.673971 3.175629),3.175629,50.673971,1,,0,4779,,0,ROUBAIX
arret_point.3733,3733,RER001,Ermitage,AVENUE DES NATIONS UNIES 59100 ROUBAIX - ANGLE RUE CHARLIE CHAPLIN,POINT (50.695602 3.169623),3.169623,50.695602,1,,0,1428,,2,ROUBAIX
arret_point.3747,3747,FLE001,Salengro,AVENUE ROGER SALENGRO 59100 ROUBAIX - AU DROIT DU PARC DES SPORTS,POINT (50.679464 3.202516),3.202516,50.679464,1,,0,4831,,2,ROUBAIX
arret_point.3702,3702,ROU029,Euroteleport,BOULEVARD GAMBETTA 59100 ROUBAIX -,POINT (50.691706 3.18077),3.18077,50.691706,1,,0,1508,,2,ROUBAIX
arret_point.3713,3713,RDC002,Rue Des Champs,RUE DU GRAND CHEMIN 59100 ROUBAIX -,POINT (50.691585 3.166732),3.166732,50.691585,1,,0,5896,,2,ROUBAIX
arret_point.3718,3718,DEY002,Delory,AVENUE GUSTAVE DELORY 59100 ROUBAIX -,POINT (50.670167 3.18625),3.18625,50.670167,1,,0,5625,,1,ROUBAIX
arret_point.3738,3738,FCH005,Fosse Aux Chenes,AVENUE DE LA FOSSE AUX CHÊNES 59100 ROUBAIX -,POINT (50.698691 3.17442),3.17442,50.698691,1,,0,1449,,1,ROUBAIX
arret_point.3705,3705,DDE001,Rue De Denain,RUE DE DENAIN 59100 ROUBAIX -,POINT (50.684058 3.177605),3.177605,50.684058,1,,0,1468,,1,ROUBAIX
arret_point.3722,3722,HOM001,Hommelet,AVENUE DES NATIONS UNIES 59100 ROUBAIX -,POINT (50.69282 3.18446),3.18446,50.69282,1,,0,1469,,1,ROUBAIX
arret_point.3741,3741,GOB001,Les Gobelins,AVENUE DES NATIONS UNIES 59100 ROUBAIX -,POINT (50.694474 3.172005),3.172005,50.694474,1,,0,1407,,2,ROUBAIX
arret_point.3703,3703,HCH001,Les Hauts Champs,AVENUE MOTTE 59100 ROUBAIX -,POINT (50.675543 3.196293),3.196293,50.675543,1,,0,1419,,2,ROUBAIX
arret_point.3727,3727,AVG002,Avelghem,RUE D AVELGHEM 59100 ROUBAIX - ANGLE M9,POINT (50.694813 3.199732),3.199732,50.694813,1,,0,7872,,2,ROUBAIX
arret_point.3707,3707,MGR004,Gare Jean Lebas,RUE DE L ' ALMA 59100 ROUBAIX -,POINT (50.696334 3.164876),3.164876,50.696334,1,,0,6587,,1,ROUBAIX
arret_point.3719,3719,OUE002,Rue De L'Ouest,RUE DE MOUVAUX 59100 ROUBAIX - A L OPPOSE DU N° 18,POINT (50.693435 3.159772),3.159772,50.693435,1,,0,1492,,1,ROUBAIX
arret_point.3730,3730,REI001,Boulevard De Reims,RUE JEAN BAPTISTE NOTTE 59100 ROUBAIX -,POINT (50.678268 3.184905),3.184905,50.678268,1,,0,1521,,2,ROUBAIX
arret_point.3735,3735,APT002,Place Chaptal,RUE D' AVELGHEM 59100 ROUBAIX - A L OPPOSE DU N° 7,POINT (50.694581 3.193048),3.193048,50.694581,1,,0,1482,,1,ROUBAIX
arret_point.3700,3700,RXC002,Cimetiere,RUE DE CARTIGNY 59100 ROUBAIX - A L'OPPOSE DU N° 57,POINT (50.701234 3.188205),3.188205,50.701234,1,,0,1559,,1,ROUBAIX
arret_point.3701,3701,HUT002,Le Hutin,BOULEVARD DE LA LAINE 59100 ROUBAIX - A L OPPOSE DU N° 1,POINT (50.706537 3.181388),3.181388,50.706537,1,,0,1544,,1,ROUBAIX
arret_point.3704,3704,KLI001,Franklin,BOULEVARD BEAUREPAIRE 59100 ROUBAIX -,POINT (50.691115 3.194867),3.194867,50.691115,1,,0,1442,,1,ROUBAIX
arret_point.3729,3729,GEA013,Galon D'Eau,RUE NADAUD 59100 ROUBAIX - A L OPPOSE DU N° 27,POINT (50.693719 3.188006),3.188006,50.693719,1,,0,1431,,1,ROUBAIX
arret_point.3745,3745,CGL002,College,AVENUE DES NATIONS UNIES 59100 ROUBAIX -,POINT (50.694185 3.176321),3.176321,50.694185,1,,0,1434,,1,ROUBAIX
arret_point.3724,3724,ANL001,Canal De Roubaix,BOULEVARD DE STRASBOURG 59100 ROUBAIX -,POINT (50.695682 3.186938),3.186938,50.695682,1,,0,9084,,2,ROUBAIX
arret_point.3725,3725,SLS005,Visitation,BOULEVARD DE STRASBOURG 59100 ROUBAIX -,POINT (50.699471 3.185025),3.185025,50.699471,1,,0,7704,,2,ROUBAIX
arret_point.3726,3726,SLS004,Visitation,BOULEVARD DE STRASBOURG 59100 ROUBAIX - AU DROIT DU N° 161,POINT (50.699482 3.184785),3.184785,50.699482,1,,0,7704,,1,ROUBAIX
arret_point.3799,3799,ROU096,Euroteleport,BOULEVARD GAMBETTA 59100 ROUBAIX - ANGLE PLACE DE LA LIBERTE,POINT (50.691344 3.179832),3.179832,50.691344,1,,0,1508,,1,ROUBAIX
arret_point.3782,3782,KLI002,Franklin,BOULEVARD BEAUREPAIRE 59100 ROUBAIX -,POINT (50.690955 3.194779),3.194779,50.690955,1,,0,1442,,2,ROUBAIX
arret_point.3779,3779,PIE001,P. De Roubaix,RUE PIERRE DE ROUBAIX 59100 ROUBAIX -,POINT (50.690717 3.186373),3.186373,50.690717,1,,0,7658,,1,ROUBAIX
arret_point.3792,3792,MOT001,Fourmies,BOULEVARD DE FOURMIES 59100 ROUBAIX -,POINT (50.671683 3.188929),3.188929,50.671683,1,,0,5474,,2,ROUBAIX
arret_point.3808,3808,MAM032,Alfred Mongy,AVENUE DU GENERAL LECLERC 59100 ROUBAIX - AU DROIT DU N° 4 A 8,POINT (50.687425 3.174485),3.174485,50.687425,1,,0,1546,,1,ROUBAIX
arret_point.3809,3809,ELI001,Sainte Elisabeth,RUE DE LANNOY 59100 ROUBAIX -,POINT (50.687367 3.184339),3.184339,50.687367,1,,0,4423,,2,ROUBAIX
arret_point.3793,3793,DNL001,Roubaix Piscine Lesaffre,RUE DUPUY DE LOME 59100 ROUBAIX -,POINT (50.682108 3.182048),3.182048,50.682108,1,,0,8903,,1,ROUBAIX
arret_point.3802,3802,AID006,Condition Publique,BOULEVARD BEAUREPAIRE 59100 ROUBAIX -,POINT (50.691153 3.192029),3.192029,50.691153,1,,0,1427,,1,ROUBAIX
arret_point.3815,3815,TYR001,Musee,AVENUE JEAN LEBAS 59100 ROUBAIX -,POINT (50.693584 3.168276),3.168276,50.693584,1,,0,5475,,1,ROUBAIX
arret_point.3783,3783,URI002,Roubaix Charles Fourier,AVENUE GUSTAVE DELORY 59100 ROUBAIX - A L OPPOSE DU N° 238,POINT (50.671604 3.182167),3.182167,50.671604,1,,0,4710,,2,ROUBAIX
arret_point.3813,3813,CDG099,Roubaix Charles De Gaulle,RUE INKERMAN 59100 ROUBAIX - AU DROIT DU N°71,POINT (50.686477 3.170049),3.170049,50.686477,1,,0,1453,,1,ROUBAIX
arret_point.3794,3794,PLT002,Place Du Travail,BOULEVARD DE FOURMIES 59100 ROUBAIX -,POINT (50.677188 3.178732),3.178732,50.677188,1,,0,5628,,2,ROUBAIX
arret_point.3795,3795,ILO003,Moliere,BOULEVARD BEAUREPAIRE 59100 ROUBAIX -,POINT (50.690973 3.198521),3.198521,50.690973,1,,0,1465,,1,ROUBAIX
arret_point.3789,3789,DHC001,Edhec,AVENUE GUSTAVE DELORY 59100 ROUBAIX - A L OPPOSE DU N° 31,POINT (50.676187 3.169003),3.169003,50.676187,1,,0,4601,,0,ROUBAIX
arret_point.3805,3805,NUR002,Nations Unies,BOULEVARD GAMBETTA 59100 ROUBAIX - A L OPPOSE DU N° 158,POINT (50.692501 3.185217),3.185217,50.692501,1,,0,6602,,1,ROUBAIX
arret_point.3814,3814,TYR002,Musee,AVENUE JEAN LEBAS 59100 ROUBAIX -,POINT (50.69423 3.166945),3.166945,50.69423,1,,0,5475,,1,ROUBAIX
arret_point.3784,3784,RTG002,Rue De Tourcoing,RUE DE TOURCOING 59100 ROUBAIX -,POINT (50.701834 3.172551),3.172551,50.701834,1,,0,1446,,2,ROUBAIX
arret_point.3777,3777,LEM001,Leon Marlot,AVENUE MOTTE 59100 ROUBAIX - A L OPPOSE DU N° 141,POINT (50.67353 3.192941),3.192941,50.67353,1,,0,1476,,2,ROUBAIX
arret_point.3791,3791,MAM021,Alfred Mongy,AVENUE AVENUE DU GENERAL LECLERC 59100 ROUBAIX - AN DROIT DU LABO D'ANALYSE,POINT (50.68785 3.175353),3.175353,50.68785,1,,0,1546,,1,ROUBAIX
arret_point.3824,3824,TAB002,Tabac,RUE DE WILLEMS 59390 SAILLY LEZ LANNOY - AU DROIT DU N° 2 BIS,POINT (50.649041 3.224775),3.224775,50.649041,1,,0,4391,,2,SAILLY LEZ LANNOY
arret_point.3825,3825,ANC002,Lapin Blanc,RUE DE WILLEMS 59390 SAILLY LEZ LANNOY - A L'OPPOSE DU N° 17,POINT (50.643825 3.231581),3.231581,50.643825,1,,0,4390,,2,SAILLY LEZ LANNOY
arret_point.3820,3820,TNB002,Tourne Bride,RUE DE WILLEMS 59390 SAILLY LEZ LANNOY - A L'OPPOSE DU N° 15 BIS,POINT (50.647447 3.228105),3.228105,50.647447,1,,0,4392,,2,SAILLY LEZ LANNOY
arret_point.3822,3822,TNB001,Tourne Bride,RUE DE WILLEMS 59390 SAILLY LEZ LANNOY - AU DROIT DU N° 15 BIS,POINT (50.647473 3.228274),3.228274,50.647473,1,,0,4392,,2,SAILLY LEZ LANNOY
arret_point.3832,3832,SGC001,Cimetiere,RUE MARECHAL LECLERC 59262 SAINGHIN EN MELANTOIS - A L'OPPOSE DU N°890,POINT (50.593361 3.16654),3.16654,50.593361,1,,0,2557,,2,SAINGHIN EN MELANTOIS
arret_point.3836,3836,LTL001,Le Tilleul,RUE DE LILLE 59262 SAINGHIN EN MELANTOIS - AU DROIT DU N° 1395,POINT (50.585109 3.167771),3.167771,50.585109,1,,0,2559,,1,SAINGHIN EN MELANTOIS
arret_point.3837,3837,SME001,Place,RUE DU MARECHAL LECLERC 59262 SAINGHIN EN MELANTOIS - AU DROIT DU N° 433,POINT (50.589562 3.167238),3.167238,50.589562,1,,0,2558,,2,SAINGHIN EN MELANTOIS
arret_point.3847,3847,DAE002,Lardé,RUE JEAN JAURÈS 59184 SAINGHIN EN WEPPES - À DROITE DU N°44,POINT (50.553333 2.914589),2.914589,50.553333,1,,0,1590,,1,SAINGHIN EN WEPPES
arret_point.3848,3848,PDG001,Place De Gaulle,RUE DU CAPITAINE LHEUREUX 59184 SAINGHIN EN WEPPES -,POINT (50.562506 2.899977),2.899977,50.562506,1,,0,1580,,1,SAINGHIN EN WEPPES
arret_point.3839,3839,MCU002,Marie Curie,RUE DE L'EGALITE 59184 SAINGHIN EN WEPPES - AU DROIT DE LA SALLE DES FÊTES,POINT (50.562627 2.903049),2.903049,50.562627,1,,0,1584,,1,SAINGHIN EN WEPPES
arret_point.3840,3840,OCR001,Ocron,RUE EDOUARD VAILLANT 59184 SAINGHIN EN WEPPES -,POINT (50.561882 2.889111),2.889111,50.561882,1,,0,1582,,2,SAINGHIN EN WEPPES
arret_point.3841,3841,SWR001,Renovation,RUE GAMBETTA 59184 SAINGHIN EN WEPPES -,POINT (50.565831 2.894859),2.894859,50.565831,1,,0,1588,,2,SAINGHIN EN WEPPES
arret_point.3845,3845,LNM002,Lotissement Nouveau Monde,RUE JEAN JAURES 59184 SAINGHIN EN WEPPES - AU DROIT DU N° 21,POINT (50.556882 2.90949),2.90949,50.556882,1,,0,1579,,1,SAINGHIN EN WEPPES
arret_point.3844,3844,SWP002,Republique,RUE GENERAL LECLERC 59184 SAINGHIN EN WEPPES -,POINT (50.559614 2.904564),2.904564,50.559614,1,,0,1585,,1,SAINGHIN EN WEPPES
arret_point.3842,3842,PSE001,Poste,RUE CHEVALIER DE LA BARRE 59184 SAINGHIN EN WEPPES - AU DROIT DE LA POSTE,POINT (50.562692 2.900514),2.900514,50.562692,1,,0,1581,,2,SAINGHIN EN WEPPES
arret_point.3849,3849,OCR002,Ocron,RUE ÉDOUARD VAILLANT 59184 SAINGHIN EN WEPPES -,POINT (50.561579 2.888643),2.888643,50.561579,1,,0,1582,,1,SAINGHIN EN WEPPES
arret_point.3852,3852,SWG001,Gare De Don,PLACE DE LA GARE 59184 SAINGHIN EN WEPPES - AU DROIT DE LA GARE,POINT (50.551336 2.913721),2.913721,50.551336,1,,0,1591,,1,SAINGHIN EN WEPPES
arret_point.3851,3851,SWR002,Renovation,RUE RUE GAMBETTA 59184 SAINGHIN EN WEPPES -,POINT (50.565956 2.894987),2.894987,50.565956,1,,0,1588,,1,SAINGHIN EN WEPPES
arret_point.3855,3855,SRH002,Rue Du 8 Mai 45,RUE GAMBETTA 59184 SAINGHIN EN WEPPES -,POINT (50.569686 2.891366),2.891366,50.569686,1,,0,6935,,1,SAINGHIN EN WEPPES
arret_point.3854,3854,SWP001,Republique,RUE DU GENERAL  LECLERC 59184 SAINGHIN EN WEPPES -,POINT (50.559758 2.904481),2.904481,50.559758,1,,0,1585,,1,SAINGHIN EN WEPPES
arret_point.3873,3873,ESI001,Ulysse Trelat,RUE DE LAMBERSART 59350 SAINT ANDRE - AU DROIT DE L'HÔPITAL,POINT (50.658503 3.042552),3.042552,50.658503,1,,0,7072,,0,SAINT ANDRE
arret_point.3874,3874,MME002,Lommelet,RUE DU GENERAL LECLERC 59350 SAINT ANDRE -,POINT (50.665657 3.049554),3.049554,50.665657,1,,0,5905,,1,SAINT ANDRE
arret_point.3858,3858,MME001,Lommelet,RUE DU GENERAL LECLERC 59350 SAINT ANDRE -,POINT (50.666263 3.050212),3.050212,50.666263,1,,0,5905,,1,SAINT ANDRE
arret_point.3862,3862,YSE002,Yser,RUE DU MAL DE LATTRE DE TASSIGNY 59350 SAINT ANDRE - A L'OPP DU N° 203,POINT (50.661222 3.036183),3.036183,50.661222,1,,0,1601,,1,SAINT ANDRE
arret_point.3863,3863,MOS002,Moliere,RUE DU GENERAL LELERC 59350 SAINT ANDRE - AU DROIT DE LA STATION AVIA,POINT (50.65766 3.051994),3.051994,50.65766,1,,0,4043,,1,SAINT ANDRE
arret_point.3864,3864,SAN003,Mairie,RUE GENERAL LECLERC 59350 SAINT ANDRE - A L'OPP DU N°83,POINT (50.661077 3.05059),3.05059,50.661077,1,,0,1604,,1,SAINT ANDRE
arret_point.3865,3865,FOS002,Foch,RUE DU GÉNÉRAL LECLERC 59350 SAINT ANDRE - AU DROIT DU N° 139,POINT (50.663053 3.05011),3.05011,50.663053,1,,0,4039,,0,SAINT ANDRE
arret_point.3861,3861,VCO001,Le Corbeau,AVENUE DU MAL DE LATTRE DE TASSIGNY 59350 SAINT ANDRE -,POINT (50.669893 3.023742),3.023742,50.669893,1,,0,7146,,1,SAINT ANDRE
arret_point.3868,3868,LFA001,Faidherbe,RUE LILLE 59350 SAINT ANDRE -,POINT (50.653269 3.052778),3.052778,50.653269,1,,0,1594,,1,SAINT ANDRE
arret_point.3879,3879,MME005,Lommelet,VOIE INTERCOMMUNALE 59350 SAINT ANDRE - NORD OUEST ANGLE R GÉN DE GAUL,POINT (50.666179 3.049293),3.049293,50.666179,1,,0,5905,,2,SAINT ANDRE
arret_point.3882,3882,SRP001,Rue Pasteur,RUE PASTEUR 59496 SALOME - À L'OPPOSÉ DU N°15,POINT (50.535397 2.841368),2.841368,50.535397,1,,0,1626,,1,SALOME
arret_point.3883,3883,SPO002,Place Des Ecoles,RUE PASTEUR 59496 SALOME - À L'OPPOSÉ DU N°68,POINT (50.533375 2.839954),2.839954,50.533375,1,,0,1620,,1,SALOME
arret_point.3885,3885,SML002,Millenaires,RUE DE L'EGALITE 59496 SALOME -,POINT (50.536364 2.844094),2.844094,50.536364,1,,0,5689,,2,SALOME
arret_point.3884,3884,SML001,Millenaires,RUE DE L'EGALITE 59496 SALOME -,POINT (50.536556 2.843223),2.843223,50.536556,1,,0,5689,,1,SALOME
arret_point.3894,3894,SPO001,Place Des Ecoles,RUE PASTEUR 59496 SALOME - A L'OPPOSE DU N° 93,POINT (50.532925 2.840526),2.840526,50.532925,1,,0,1620,,1,SALOME
arret_point.3891,3891,SCI002,Coisne,RUE DE LA REPUBLIQUE 59496 SALOME - A  L'OPPOSE DU N° 12,POINT (50.530889 2.826881),2.826881,50.530889,1,,0,5686,,2,SALOME
arret_point.3895,3895,HTE001,Halte,RUE JULES FERRY 59496 SALOME -,POINT (50.539903 2.838555),2.838555,50.539903,1,,0,1616,,1,SALOME
arret_point.3905,3905,SEG002,Santes Eglise,PLACE JEAN BAPTISTE HENNION 59211 SANTES -,POINT (50.597288 2.955856),2.955856,50.597288,1,,0,7632,,1,SANTES
arret_point.3901,3901,SGA002,Santes Gare,RUE DU MARECHAL FOCH 59211 SANTES - AU DROIT DU N° 20,POINT (50.592176 2.96081),2.96081,50.592176,1,,0,7027,,2,SANTES
arret_point.3899,3899,SFA001,Faidherbe,RUE FAIDHERBE 59211 SANTES - A L'OPP DU N°95,POINT (50.594651 2.966464),2.966464,50.594651,1,,0,1634,,2,SANTES
arret_point.3897,3897,SEG001,Santes Eglise,RUE MARECHAL FOCH 59211 SANTES - AU DROIT DU 195,POINT (50.596677 2.956003),2.956003,50.596677,1,,0,7632,,1,SANTES
arret_point.3909,3909,RDW002,Rue De Wavrin,RUE DE WAVRIN 59211 SANTES -,POINT (50.593594 2.950046),2.950046,50.593594,1,,0,1635,,1,SANTES
arret_point.3910,3910,SRA001,Ramponneau,RUE DU MARECHAL FOCH 59211 SANTES - ENTREE IMPASSE,POINT (50.594008 2.958747),2.958747,50.594008,1,,0,1633,,1,SANTES
arret_point.3911,3911,SGA001,Santes Gare,RUE DU MARECHAL FOCH 59211 SANTES - AU DROIT DU N° 23,POINT (50.592123 2.960696),2.960696,50.592123,1,,0,7027,,2,SANTES
arret_point.3907,3907,MAX003,Marx Dormoy,RUE MARX DORMOY 59211 SANTES - APR ROND POINT AVE BRIQUE D'OR,POINT (50.600693 2.963777),2.963777,50.600693,1,,0,1638,,2,SANTES
arret_point.3912,3912,SBE002,Santes Eglise,RUE CLEMENCEAU 59211 SANTES - À L'OPPOSÉ DU N°18,POINT (50.596858 2.95392),2.95392,50.596858,1,,0,7631,,1,SANTES
arret_point.3933,3933,SFE004,Fenelon,RUE ROGER BOUVERY 59113 SECLIN - AU DROIT DU N° 34,POINT (50.548693 3.028403),3.028403,50.548693,1,,0,1642,,2,SECLIN
arret_point.3934,3934,SMO002,La Mouchonniere,RUE C. GERNEZ-RIEUX 59113 SECLIN - AU DROIT DU N° 1,POINT (50.54102 3.027143),3.027143,50.54102,1,,0,1646,,1,SECLIN
arret_point.3921,3921,EPN001,Centre Commercial,AVENUE DE L'ÉPINETTE 59113 SECLIN - AU DROIT DU BURGER KING,POINT (50.54898 3.050485),3.050485,50.54898,1,,0,6927,,1,SECLIN
arret_point.3919,3919,SHO001,Hotel De Ville,RUE ROGER BOUVRY 59113 SECLIN -,POINT (50.546069 3.025861),3.025861,50.546069,1,,0,5529,,1,SECLIN
arret_point.3930,3930,SHO002,Hotel De Ville,RUE ROGER BOUVRY 59113 SECLIN - A L'OPP DU N°74,POINT (50.545035 3.024762),3.024762,50.545035,1,,0,5529,,1,SECLIN
arret_point.3929,3929,TVI001,Vieux Moulin,AVENUE DE LA REPUBLIQUE 59113 SECLIN - A L'OPP DU N° 9,POINT (50.552175 3.039181),3.039181,50.552175,1,,0,1652,,2,SECLIN
arret_point.3925,3925,JUB001,Jude Blanckaert,AVENUE JUDE BLANCKAERT 59113 SECLIN - A L'OPP LYCEE HAUTS DE FLANDRE,POINT (50.542571 3.027375),3.027375,50.542571,1,,0,1681,,2,SECLIN
arret_point.3923,3923,ZIR002,Zi Rouge Bouton,RUE DE LA POINTE 59113 SECLIN - A L OPPOSE DU N° 1,POINT (50.565175 3.040631),3.040631,50.565175,1,,0,6931,,1,SECLIN
arret_point.3928,3928,RDP005,Rte Pt A Marcq,BOULEVARD JOSEPH HENTGÈS 59113 SECLIN - À L'OPPOSÉ DU N°4,POINT (50.556678 3.033006),3.033006,50.556678,1,,0,6928,,1,SECLIN
arret_point.3922,3922,ESG001,Eglise,BOULEVARD HENTGES 59113 SECLIN - AU DROIT DU N° 25,POINT (50.551648 3.030894),3.030894,50.551648,1,,0,1670,,1,SECLIN
arret_point.3947,3947,CDP002,Commune De Paris,RUE DE LA COMMUNE DE PARIS 59113 SECLIN - AU DU COMPLEXE PAUL DUROT,POINT (50.547127 3.041842),3.041842,50.547127,1,,0,6925,,2,SECLIN
arret_point.3946,3946,RDP002,Rte Pt A Marcq,BOULEVARD JOSEPH HENTGÈS 59113 SECLIN -,POINT (50.556937 3.033263),3.033263,50.556937,1,,0,6928,,1,SECLIN
arret_point.3943,3943,CDP001,Commune De Paris,RUE DE LA COMMUNE DE PARIS 59113 SECLIN - A L'OPPOSÉ COMPLEXE PAUL DUROT,POINT (50.547976 3.042487),3.042487,50.547976,1,,0,6925,,2,SECLIN
arret_point.3941,3941,ECS002,Ecole,AVENUE DE LA RÉPUBLIQUE 59113 SECLIN - AU DROIT DU N° 103,POINT (50.548816 3.042992),3.042992,50.548816,1,,0,1647,,1,SECLIN
arret_point.3951,3951,SPV002,Prevert,RUE DU FOURCHON 59113 SECLIN - À L'OPPOSÉ DU N°1,POINT (50.540588 3.022604),3.022604,50.540588,1,,0,1659,,2,SECLIN
arret_point.3956,3956,BUR001,Burgault,RUE DE BURGAULT 59113 SECLIN - AU DROIT DU N° 85,POINT (50.547568 3.040004),3.040004,50.547568,1,,0,1675,,2,SECLIN
arret_point.3952,3952,CAF002,Lorival,RUE DE LA POINTE 59113 SECLIN -,POINT (50.56649 3.035029),3.035029,50.56649,1,,0,2533,,2,SECLIN
arret_point.3948,3948,APO002,Apolda,RUE D APOLDA 59113 SECLIN - A L'OPP D UN LOTISSEMENT,POINT (50.543249 3.01843),3.01843,50.543249,1,,0,5527,,2,SECLIN
arret_point.3953,3953,SHG001,Hentges,BOULEVARD JOSEPH HENTGES 59113 SECLIN -,POINT (50.553705 3.032148),3.032148,50.553705,1,,0,1660,,1,SECLIN
arret_point.3970,3970,RPO002,Rue Du Pont,RUE DU DR CALMETTE 59320 SEQUEDIN - AU DROIT DE LA SALLE DES SPORT,POINT (50.622149 2.981362),2.981362,50.622149,1,,0,6346,,1,SEQUEDIN
arret_point.3967,3967,PCO002,Petite Couture,RUE DU CHEMIN NOIR 59320 SEQUEDIN - AU DROIT DU N° 63,POINT (50.628676 2.982067),2.982067,50.628676,1,,0,1689,,1,SEQUEDIN
arret_point.3957,3957,VTO002,Vert Touquet,RUE DU VERT TOUQUET 59320 SEQUEDIN - AU DROIT DU N° 20,POINT (50.625564 2.985439),2.985439,50.625564,1,,0,5666,,2,SEQUEDIN
arret_point.3963,3963,LMT001,D. Penitentiaire,RUE DU TRAIN DE LOOS 59320 SEQUEDIN - A L'OPPOSÉ DU N°44,POINT (50.618816 2.994249),2.994249,50.618816,1,,0,5667,,2,SEQUEDIN
arret_point.3959,3959,MUC001,Muchembus,AVENUE DE MUCHEMBUS 59320 SEQUEDIN - À L'OPPOSÉ DU N°11,POINT (50.625696 2.984143),2.984143,50.625696,1,,0,1697,,1,SEQUEDIN
arret_point.3961,3961,RDH001,Rue Du Hem,RUE DU HEM 59320 SEQUEDIN - AU DROIT DU N°10,POINT (50.631989 2.985043),2.985043,50.631989,1,,0,5970,,2,SEQUEDIN
arret_point.3974,3974,RDO001,Rue Dr Calmette,RUE DU DOCTEUR CALMETTE 59320 SEQUEDIN - AVANT IMPASSE DR CALMETTE,POINT (50.617039 2.975656),2.975656,50.617039,1,,0,4604,,2,SEQUEDIN
arret_point.3972,3972,SEQ001,Sequedin Centre,RUE DU MARAIS 59320 SEQUEDIN - AU DROIT DU N° 27,POINT (50.622607 2.988235),2.988235,50.622607,1,,0,5663,,0,SEQUEDIN
arret_point.3982,3982,BTL002,Boutillerie,AVENUE DE LA BOUTILLERIE 59320 SEQUEDIN - AU DROIT DU MAGASIN TOYS R US,POINT (50.628552 2.969683),2.969683,50.628552,1,,0,1691,,2,SEQUEDIN
arret_point.3975,3975,BTL001,Boutillerie,AVENUE DE LA BOUTILLERIE 59320 SEQUEDIN - A L'OPPOSÉ DU GARAGE RENAULT,POINT (50.628511 2.968921),2.968921,50.628511,1,,0,1691,,1,SEQUEDIN
arret_point.3977,3977,PCO001,Petite Couture,RUE DU CHEMIN NOIR 59320 SEQUEDIN -,POINT (50.628693 2.982222),2.982222,50.628693,1,,0,1689,,1,SEQUEDIN
arret_point.3979,3979,SEE002,Sequedin Eglise,RUE DU PONT 59320 SEQUEDIN -,POINT (50.622985 2.986266),2.986266,50.622985,1,,0,5665,,1,SEQUEDIN
arret_point.3986,3986,VPO002,Mairie,RUE JULES GUESDE 59175 TEMPLEMARS -,POINT (50.575923 3.053151),3.053151,50.575923,1,,0,1701,,1,TEMPLEMARS
arret_point.3983,3983,PAC003,Rue D'Ennetieres,RUE D'ENNETIÈRES 59175 TEMPLEMARS - AU DROIT DES ETS FICHORGA,POINT (50.565553 3.065187),3.065187,50.565553,1,,0,6932,,2,TEMPLEMARS
arret_point.3994,3994,VST002,Villa Saint Eloi,RUE DU GÉNÉRAL DE GAULLE 59175 TEMPLEMARS - AU DROIT DE LA VILLA ST ÉLOI,POINT (50.579798 3.050009),3.050009,50.579798,1,,0,1704,,2,TEMPLEMARS
arret_point.3989,3989,TEU001,Pasteur,RUE JEAN JAURES 59175 TEMPLEMARS -,POINT (50.568524 3.055736),3.055736,50.568524,1,,0,1702,,1,TEMPLEMARS
arret_point.3991,3991,TEM002,Eglise,PLACE GUSTAVE DELECROIX 59175 TEMPLEMARS - AVANT LE N°1 ET A L'OPP DU N°6,POINT (50.571493 3.054328),3.054328,50.571493,1,,0,1705,,2,TEMPLEMARS
arret_point.3995,3995,VST001,Villa Saint Eloi,RUE LOUIS SURY 59175 TEMPLEMARS -,POINT (50.579265 3.050734),3.050734,50.579265,1,,0,1704,,2,TEMPLEMARS
arret_point.3996,3996,MRL002,Mulier,RUE D'ENNETIÈRES 59175 TEMPLEMARS - AVANT ANGLE RUE J B MULIER,POINT (50.567792 3.059796),3.059796,50.567792,1,,0,1703,,2,TEMPLEMARS
arret_point.3997,3997,PTO001,Place,RUE DE ROUBAIX 59390 TOUFFLERS - AU DROIT DU N° 1 BIS,POINT (50.660971 3.228586),3.228586,50.660971,1,,0,1713,,1,TOUFFLERS
arret_point.4004,4004,MTD002,Mont Saint Bernard,RUE DE ROUBAIX 59390 TOUFFLERS - A L'OPPOSE DU N°60,POINT (50.660869 3.225267),3.225267,50.660869,1,,0,1710,,1,TOUFFLERS
arret_point.4090,4090,HEN001,Hentges,RUE CONDORCET 59200 TOURCOING -,POINT (50.725633 3.164118),3.164118,50.725633,1,,0,4472,,1,TOURCOING
arret_point.4008,4008,BPO003,Bon Poste,RUE DE VERDUN 59390 TOUFFLERS - AU DROIT DU N° 4,POINT (50.660557 3.21877),3.21877,50.660557,1,,0,1711,,2,TOUFFLERS
arret_point.4111,4111,JDN001,Jourdan,RUE DE LA LATTE 59200 TOURCOING -,POINT (50.72812 3.15301),3.15301,50.72812,1,,0,9078,,1,TOURCOING
arret_point.4112,4112,PUT001,Paul Bert,RUE DE MENIN 59200 TOURCOING - À L'OPPOSÉ DU N° 130,POINT (50.72917 3.154158),3.154158,50.72917,1,,0,8935,,1,TOURCOING
arret_point.4113,4113,SJS001,St Jacques,RUE DE RONCQ 59200 TOURCOING -,POINT (50.732144 3.149331),3.149331,50.732144,1,,0,8934,,1,TOURCOING
arret_point.4114,4114,RRQ002,Rue De Roncq,RUE DE RONCQ 59200 TOURCOING -,POINT (50.733493 3.145975),3.145975,50.733493,1,,0,8933,,2,TOURCOING
arret_point.4079,4079,CBE002,Colbert,RUE  DE LA BIENFAISANCE 59200 TOURCOING - A L OPPOSE DU N° 34,POINT (50.725062 3.156973),3.156973,50.725062,1,,0,6588,,1,TOURCOING
arret_point.4091,4091,PLR003,Tourcoing Centre,PLACE CHARLES ROUSSEL 59200 TOURCOING - A L OPPOSE DU N° 41,POINT (50.721621 3.157835),3.157835,50.721621,1,,0,7124,,1,TOURCOING
arret_point.4115,4115,EMI001,Lemire,RUE DE L'ABBÉ LEMIRE 59200 TOURCOING - AU DROIT DU N° 62-64,POINT (50.722629 3.139469),3.139469,50.722629,1,,0,1808,,1,TOURCOING
arret_point.4129,4129,OJT001,Saint Joseph,RUE DE LA CROIX ROUGE 59200 TOURCOING - AU DROIT DU N° 315,POINT (50.730766 3.178477),3.178477,50.730766,1,,0,1778,,1,TOURCOING
arret_point.4104,4104,TOS001,Tossee,RUE DE ROUBAIX 59200 TOURCOING - A L'OPPOSE DU N° 157,POINT (50.70933 3.167733),3.167733,50.70933,1,,0,1764,,1,TOURCOING
arret_point.4084,4084,AMS001,Amsterdam,RUE D ' AMSTERDAM 59200 TOURCOING - AU DROIT DU N° 67,POINT (50.717266 3.135186),3.135186,50.717266,1,,0,1866,,2,TOURCOING
arret_point.4108,4108,TPH098,Phalempins,RUE DE GAND 59200 TOURCOING - AU DROIT DU N°171,POINT (50.73242 3.157744),3.157744,50.73242,1,,0,1818,,1,TOURCOING
arret_point.4134,4134,PDN004,Pt De Neuville,RUE DU PONT DE NEUVILLE 59200 TOURCOING - AU DROIT DU N° 245,POINT (50.736922 3.17133),3.17133,50.736922,1,,0,6522,,1,TOURCOING
arret_point.4101,4101,ICT011,Victoire,PLACE DE LA VICTOIRE 59200 TOURCOING - A L'OPP DU N° 25,POINT (50.717595 3.159026),3.159026,50.717595,1,,0,7535,,1,TOURCOING
arret_point.4081,4081,AIL001,Braille,RUE VOLTAIRE 59200 TOURCOING - A L'OPP DU N° 36,POINT (50.728867 3.130511),3.130511,50.728867,1,,0,1750,,2,TOURCOING
arret_point.4085,4085,EMI002,Lemire,RUE DE L'ABBÉ LEMIRE 59200 TOURCOING - AU DROIT DU N° 35,POINT (50.722367 3.139804),3.139804,50.722367,1,,0,1808,,1,TOURCOING
arret_point.4098,4098,ERU002,Parc Clemenceau,RUE DE LA FIN DE LA GUERRE 59200 TOURCOING - A L OPPOSE DU N° 49,POINT (50.727753 3.148708),3.148708,50.727753,1,,0,1836,,1,TOURCOING
arret_point.4099,4099,TIL002,Tilleul,RUE LAFAYETTE 59200 TOURCOING - A L'OPPOSE DU N° 2 BIS,POINT (50.718834 3.169572),3.169572,50.718834,1,,0,1779,,1,TOURCOING
arret_point.4105,4105,CSE001,Descat,RUE DE MOUVAUX 59200 TOURCOING -,POINT (50.694936 3.151197),3.151197,50.694936,1,,0,1754,,1,TOURCOING
arret_point.4109,4109,CRO002,Croix Rouge,PLACE DE LA CROIX ROUGE 59200 TOURCOING -,POINT (50.732025 3.180547),3.180547,50.732025,1,,0,1873,,1,TOURCOING
arret_point.4126,4126,TCC001,Tourcoing C.Cial,RUE DE RONCQ 59200 TOURCOING - A L OPPOSE DU N° 388,POINT (50.738608 3.13875),3.13875,50.738608,1,,0,6693,,1,TOURCOING
arret_point.4135,4135,CTL099,Carliers,59200 TOURCOING -,POINT (50.710252 3.159908),3.159908,50.710252,1,,0,8811,,1,TOURCOING
arret_point.4116,4116,TBR002,Brossolette,RUE DU BRUN PAIN 59200 TOURCOING - AU DROIT DU N° 331/333,POINT (50.730114 3.134586),3.134586,50.730114,1,,0,5766,,1,TOURCOING
arret_point.4100,4100,MAC001,Mackellerie,RUE DE MOUVAUX 59200 TOURCOING -,POINT (50.69479 3.154245),3.154245,50.69479,1,,0,5441,,2,TOURCOING
arret_point.4106,4106,DHE001,Faidherbe,59200 TOURCOING -,POINT (50.704041 3.142715),3.142715,50.704041,1,,0,5961,,0,TOURCOING
arret_point.4122,4122,TWA007,Watt,CHAUSSEE WATT 59200 TOURCOING - AU DROIT DU N°18,POINT (50.727853 3.136062),3.136062,50.727853,1,,0,1838,,1,TOURCOING
arret_point.4124,4124,TWA009,Lucie Aubrac,CHAUSSEE DENIS PAPIN 59200 TOURCOING - AU DROIT DU N°246,POINT (50.72996 3.139021),3.139021,50.72996,1,,0,7834,,1,TOURCOING
arret_point.4125,4125,TWA008,Lucie Aubrac,CHAUSSEE DENIS PAPIN 59200 TOURCOING - A L OPPOSE DU N° 232,POINT (50.731159 3.140864),3.140864,50.731159,1,,0,7834,,1,TOURCOING
arret_point.4087,4087,ROI004,Roitelet,RUE DR SCHWEITZER 59200 TOURCOING -,POINT (50.739028 3.175492),3.175492,50.739028,1,,0,1789,,2,TOURCOING
arret_point.4103,4103,ADR002,Les Arcades,AVENUE GUSTAVE DRON 59200 TOURCOING - AU DROIT DU N° 2,POINT (50.71964 3.161702),3.161702,50.71964,1,,0,1813,,1,TOURCOING
arret_point.4120,4120,TGC001,Cimetiere,RUE DU PONT DE NEUVILLE 59200 TOURCOING - AU DROIT DU N° 132,POINT (50.739389 3.168573),3.168573,50.739389,1,,0,6310,,1,TOURCOING
arret_point.4110,4110,JUI001,Juin,RUE DE LA BOURGOGNE 59200 TOURCOING - AU DROIT DU N° 1,POINT (50.739429 3.186496),3.186496,50.739429,1,,0,1869,,2,TOURCOING
arret_point.4128,4128,PTN099,Pont De Neuville,59200 TOURCOING -,POINT (50.736809 3.170734),3.170734,50.736809,1,,0,8780,,1,TOURCOING
arret_point.4107,4107,ICT021,Victoire,PLACE DE LA VICTOIRE 59200 TOURCOING - AU DROIT DU N° 33 A 35,POINT (50.71776 3.157093),3.157093,50.71776,1,,0,1851,,1,TOURCOING
arret_point.4030,4030,TET001,Potente,RUE DE LA POTENTE 59200 TOURCOING - A L'OPPOSE DU N° 167,POINT (50.726068 3.1847),3.1847,50.726068,1,,0,4646,,1,TOURCOING
arret_point.4031,4031,BTO002,Berthelot,CHAUSSEE BERTHELOT 59200 TOURCOING -,POINT (50.724383 3.181845),3.181845,50.724383,1,,0,1859,,1,TOURCOING
arret_point.4036,4036,ADR003,Les Arcades,AVENUE GUSTAVE DRON 59200 TOURCOING - AU DROIT DU N° 11,POINT (50.719828 3.161719),3.161719,50.719828,1,,0,1813,,1,TOURCOING
arret_point.4016,4016,PHY012,Pont Hydraulique,AVENUE DE LA MARNE 59200 TOURCOING - FACE A LA STATION TRAMWAY,POINT (50.712618 3.156076),3.156076,50.712618,1,,0,1746,,1,TOURCOING
arret_point.4024,4024,RYS002,Rue De L'Yser,RUE DE L'YSER 59200 TOURCOING - AU DROIT DU N°26,POINT (50.741201 3.167274),3.167274,50.741201,1,,0,5765,,2,TOURCOING
arret_point.4025,4025,SEB098,Gare De Tourcoing,59200 TOURCOING -,POINT (50.71662 3.162584),3.162584,50.71662,1,,0,1822,,1,TOURCOING
arret_point.4017,4017,PDF002,Parc Des Francs,AVENUE MASUREL 59200 TOURCOING - AU DROIT DU N° 17,POINT (50.720482 3.141412),3.141412,50.720482,1,,0,1835,,1,TOURCOING
arret_point.4013,4013,PLR031,Tourcoing Centre,PLACE CHARLES ROUSSEL 59200 TOURCOING - A L'OPPOSE DU N° 26,POINT (50.721642 3.157327),3.157327,50.721642,1,,0,7124,,1,TOURCOING
arret_point.4014,4014,OMN002,Omnibus,RUE DE ROUBAIX 59200 TOURCOING - AU DROIT DU N° 99,POINT (50.712337 3.16596),3.16596,50.712337,1,,0,7116,,1,TOURCOING
arret_point.4039,4039,RXA002,Renaix,RUE DES PIATS 59200 TOURCOING - AU DROIT DU N° 104,POINT (50.722445 3.171342),3.171342,50.722445,1,,0,1760,,1,TOURCOING
arret_point.4027,4027,TGA007,Tourcoing Gare,AVENUE GUSTAVE DRON 59200 TOURCOING - AU DROIT DU N° 111,POINT (50.717336 3.166919),3.166919,50.717336,1,,0,6983,,1,TOURCOING
arret_point.4043,4043,RIS002,Risquons Tout,RUE DE L'YSER 59200 TOURCOING - A L'OPPOSE DU N° 433,POINT (50.748035 3.180592),3.180592,50.748035,1,,0,1837,,1,TOURCOING
arret_point.4054,4054,HOC001,Hoche,RUE DE PARIS 59200 TOURCOING - AU DROIT DU N° 63,POINT (50.721648 3.144101),3.144101,50.721648,1,,0,4474,,1,TOURCOING
arret_point.4078,4078,CTL098,Carliers,BOULEVARD GAMBETTA 59200 TOURCOING - AU DROIT DU N°84 BD GAMBETTA,POINT (50.710252 3.159908),3.159908,50.710252,1,,0,8811,,1,TOURCOING
arret_point.4055,4055,CPA001,Rue Des Champs,RUE DU BRUN PAIN 59200 TOURCOING - AU DROIT DU N° 136,POINT (50.726339 3.141422),3.141422,50.726339,1,,0,5763,,2,TOURCOING
arret_point.4064,4064,TOS002,Tossee,RUE DE ROUBAIX 59200 TOURCOING -,POINT (50.709194 3.167886),3.167886,50.709194,1,,0,1764,,1,TOURCOING
arret_point.4068,4068,FRE001,Fresnoy,BOULEVARD DESCAT 59200 TOURCOING - AU DROIT DU N° 149,POINT (50.699631 3.155906),3.155906,50.699631,1,,0,1804,,1,TOURCOING
arret_point.4072,4072,CAI002,Calais,RUE BLANCHE PORTE 59200 TOURCOING - A L'OPP DU N° 43,POINT (50.717319 3.151873),3.151873,50.717319,1,,0,1715,,2,TOURCOING
arret_point.4073,4073,THD001,Hotel De Ville,RUE NATIONALE 59200 TOURCOING - AU DROIT DU N° 22,POINT (50.724023 3.159358),3.159358,50.724023,1,,0,5751,,1,TOURCOING
arret_point.4057,4057,CAM002,Ma Campagne,AVENUE DE LA MARNE 59200 TOURCOING - AU DROIT DU N°35,POINT (50.710034 3.153519),3.153519,50.710034,1,,0,1874,,1,TOURCOING
arret_point.4065,4065,WIN002,Levant,RUE DU LEVANT 59200 TOURCOING - AU DROIT DU N° 75,POINT (50.718779 3.176381),3.176381,50.718779,1,,0,4677,,2,TOURCOING
arret_point.4066,4066,HOO002,Hondschoote,RUE DE ROUBAIX 59200 TOURCOING - AU DROIT DU N° 35 / 37,POINT (50.714221 3.164636),3.164636,50.714221,1,,0,1721,,2,TOURCOING
arret_point.4047,4047,TPH099,Phalempins,RUE DE GAND 59200 TOURCOING - AU DROIT DU N°126,POINT (50.73242 3.157744),3.157744,50.73242,1,,0,1818,,1,TOURCOING
arret_point.4070,4070,PDN038,Pt De Neuville,CHAUSSEE GRAMME 59200 TOURCOING - A L'OPPOSE DU N° 49,POINT (50.736639 3.170717),3.170717,50.736639,1,,0,6522,,1,TOURCOING
arret_point.4076,4076,AUB002,Haubourdin,RUE DE DUNKERQUE 59200 TOURCOING - AU DROIT DU N°143,POINT (50.71761 3.144488),3.144488,50.71761,1,,0,1798,,1,TOURCOING
arret_point.4063,4063,RYS001,Rue De L'Yser,RUE DE L'YSER 59200 TOURCOING - AU DROIT DU N°13,POINT (50.741168 3.16675),3.16675,50.741168,1,,0,5765,,2,TOURCOING
arret_point.4071,4071,TGC002,Cimetiere,RUE DU PONT DE NEUVILLE 59200 TOURCOING - AU DROIT DU N° 145,POINT (50.73946 3.168687),3.168687,50.73946,1,,0,6310,,2,TOURCOING
arret_point.4049,4049,MRI001,Marliere,PLACE ALBERT THOMAS 59200 TOURCOING - AU DROIT DU N° 272,POINT (50.737138 3.189623),3.189623,50.737138,1,,0,1771,,1,TOURCOING
arret_point.4058,4058,PLR011,Tourcoing Centre,RUE FIDÈLE LEHOUCQ 59200 TOURCOING - AU DROIT DU N° 7,POINT (50.720719 3.158639),3.158639,50.720719,1,,0,7124,,1,TOURCOING
arret_point.4041,4041,PMN002,Petit Menin,ROUTE DU PETIT MENIN 59200 TOURCOING - AU DROIT DU N° 117,POINT (50.740621 3.140931),3.140931,50.740621,1,,0,7560,,0,TOURCOING
arret_point.4042,4042,PMN001,Petit Menin,ROUTE DU PETIT MENIN 59200 TOURCOING -,POINT (50.740931 3.141502),3.141502,50.740931,1,,0,7560,,0,TOURCOING
arret_point.4059,4059,LEF001,Les Francs,RUE DE PARIS 59200 TOURCOING - AU DROIT DU N° 207,POINT (50.719793 3.142574),3.142574,50.719793,1,,0,1803,,1,TOURCOING
arret_point.4056,4056,CSE002,Descat,RUE DE MOUVAUX 59200 TOURCOING -,POINT (50.694809 3.151279),3.151279,50.694809,1,,0,1754,,2,TOURCOING
arret_point.4177,4177,BNT002,Point Central,RUE DU BLANC SEAU 59200 TOURCOING - AU DROIT DU N° 92,POINT (50.707302 3.156992),3.156992,50.707302,1,,0,1875,,1,TOURCOING
arret_point.4182,4182,TOU099,Tourcoing Centre,PLACE DU DR ROUX GARE D'ECHANGE 59200 TOURCOING - AU DROIT DE LA STATION,POINT (50.720554 3.160445),3.160445,50.720554,1,,0,6666,,1,TOURCOING
arret_point.4179,4179,THD002,Hotel De Ville,RUE NATIONALE 59200 TOURCOING - AU DROIT DU N° 17,POINT (50.724098 3.158935),3.158935,50.724098,1,,0,5751,,1,TOURCOING
arret_point.4180,4180,TET002,Potente,RUE DE LA POTENTE 59200 TOURCOING - AU DROIT N°163,POINT (50.72669 3.184188),3.184188,50.72669,1,,0,4646,,1,TOURCOING
arret_point.4140,4140,VIR001,Virolois,RUE DES PIATS 59200 TOURCOING -,POINT (50.724693 3.173245),3.173245,50.724693,1,,0,1787,,1,TOURCOING
arret_point.4137,4137,PIP002,Papin,RUE DU BRUN PAIN 59200 TOURCOING - AU DROIT DU N° 233,POINT (50.728036 3.137026),3.137026,50.728036,1,,0,6853,,2,TOURCOING
arret_point.4168,4168,FLK002,Flocon,RUE DU HALOT 59200 TOURCOING - ANGLE RUE DU FLOCON,POINT (50.711083 3.149567),3.149567,50.711083,1,,0,6892,,2,TOURCOING
arret_point.4169,4169,ZPE002,Les Peupliers,CHAUSSEE ALBERT EINSTEIN 59200 TOURCOING - ANGLE RUE MICHEL RAILLARD,POINT (50.713376 3.145861),3.145861,50.713376,1,,0,7013,,1,TOURCOING
arret_point.4160,4160,TRC001,Rochdale,BOULEVARD DE L'EGALITE 59200 TOURCOING - AU DROIT DU N° 171,POINT (50.731699 3.167823),3.167823,50.731699,1,,0,5760,,2,TOURCOING
arret_point.4165,4165,APK002,Bradford,CHAUSSEE ALBERT EINSTEIN 59200 TOURCOING - ANGLE RUE BRADFORD,POINT (50.714796 3.144075),3.144075,50.714796,1,,0,6996,,1,TOURCOING
arret_point.4170,4170,GAD001,Rue De Gand,CHAUSSEE GRAMME 59200 TOURCOING - ANGLE RUE DE GAND,POINT (50.737858 3.162823),3.162823,50.737858,1,,0,5755,,2,TOURCOING
arret_point.4162,4162,RAC002,Racine,RUE RACINE 59200 TOURCOING - AU DROIT DU N° 257,POINT (50.737709 3.143287),3.143287,50.737709,1,,0,6985,,1,TOURCOING
arret_point.4171,4171,GRA002,Egalite,BOULEVARD DE L'ÉGALITÉ 59200 TOURCOING - AU DROIT DU N° 374,POINT (50.735684 3.168638),3.168638,50.735684,1,,0,5759,,2,TOURCOING
arret_point.4172,4172,PHY099,Pont Hydraulique,AVENUE DE LA MARNE 59200 TOURCOING - N°1,POINT (50.712358 3.156129),3.156129,50.712358,1,,0,1746,,1,TOURCOING
arret_point.4138,4138,SEB001,Sebastopol,CHAUSSEE GALILEE 59200 TOURCOING - AU DROIT DU N°2,POINT (50.716367 3.164219),3.164219,50.716367,1,,0,7544,,1,TOURCOING
arret_point.4154,4154,WIN001,Levant,RUE DU LEVANT 59200 TOURCOING - A L OPPOSE DU N° 101,POINT (50.719298 3.177817),3.177817,50.719298,1,,0,4677,,1,TOURCOING
arret_point.4145,4145,VIL001,Villas,BOULEVARD DESCAT 59200 TOURCOING - A L'OPPOSE DU N° 278,POINT (50.696898 3.152853),3.152853,50.696898,1,,0,1799,,1,TOURCOING
arret_point.4156,4156,RYS003,Rue De L'Yser,RUE DU PONT DE NEUVILLE 59200 TOURCOING - ANGLE DE LA RUE DE L'YSER,POINT (50.741128 3.166114),3.166114,50.741128,1,,0,5765,,2,TOURCOING
arret_point.4159,4159,TBO098,Bourgogne,RUE SCHWEITZER 59200 TOURCOING - A L'OPP DE LA STATION,POINT (50.739496 3.179274),3.179274,50.739496,1,,0,1719,,1,TOURCOING
arret_point.4142,4142,PLR030,Tourcoing Centre,PLACE CHARLES ROUSSEL 59200 TOURCOING - À L'OPPOSÉ DU N° 45,POINT (50.721457 3.158228),3.158228,50.721457,1,,0,7124,,1,TOURCOING
arret_point.4146,4146,JUI002,Juin,RUE DE LA BOURGOGNE 59200 TOURCOING - AU DROIT DU N°102,POINT (50.739571 3.186682),3.186682,50.739571,1,,0,1869,,1,TOURCOING
arret_point.4136,4136,SEB099,Gare De Tourcoing,59200 TOURCOING -,POINT (50.71662 3.162584),3.162584,50.71662,1,,0,1822,,1,TOURCOING
arret_point.4152,4152,VIR002,Virolois,RUE DES PIATS 59200 TOURCOING - A L'OPPOSE DU N° 177,POINT (50.724858 3.173997),3.173997,50.724858,1,,0,1787,,1,TOURCOING
arret_point.4157,4157,SEB002,Sebastopol,CHAUSSEE GALILEE 59200 TOURCOING - A L OPPOSE DU N° 2,POINT (50.716081 3.164073),3.164073,50.716081,1,,0,7544,,1,TOURCOING
arret_point.4148,4148,BNT001,Point Central,RUE DU BLANC SEAU 59200 TOURCOING - AU DROIT DU N° 101,POINT (50.70672 3.156813),3.156813,50.70672,1,,0,1875,,2,TOURCOING
arret_point.4188,4188,CRO001,Croix Rouge,PLACE DE LA CROIX ROUGE 59200 TOURCOING - AU DROIT DU 12 BIS,POINT (50.732133 3.180492),3.180492,50.732133,1,,0,1873,,1,TOURCOING
arret_point.4200,4200,PDF001,Parc Des Francs,AVENUE MASUREL 59200 TOURCOING - AU DROIT DU N° 10,POINT (50.720672 3.14109),3.14109,50.720672,1,,0,1835,,1,TOURCOING
arret_point.4209,4209,ICT002,Victoire,PLACE DE LA VICTOIRE 59200 TOURCOING - AU DROIT DU N° 35,POINT (50.717228 3.158907),3.158907,50.717228,1,,0,7535,,1,TOURCOING
arret_point.4195,4195,RYS004,Rue De L'Yser,RUE DU PONT DE NEUVILLE 59200 TOURCOING - A L'OPP AU 47 BIS,POINT (50.741075 3.165986),3.165986,50.741075,1,,0,5765,,2,TOURCOING
arret_point.4227,4227,PHY098,Pont Hydraulique,AVENUE  DE LA MARNE 59200 TOURCOING - CROISEMENT ALLEE PAUL VERLAINE,POINT (50.712702 3.155668),3.155668,50.712702,1,,0,1746,,2,TOURCOING
arret_point.4196,4196,MER099,Mercure,BOULEVARD GAMBETTA 59200 TOURCOING - DEVANT LA STATION METRO,POINT (50.705153 3.160544),3.160544,50.705153,1,,0,1805,,1,TOURCOING
arret_point.4201,4201,DPA002,Lucie Aubrac,RUE FIN DE LA GUERRE 59200 TOURCOING - AU DROIT N°239,POINT (50.730013 3.141976),3.141976,50.730013,1,,0,7211,,1,TOURCOING
arret_point.4202,4202,GAD002,Rue De Gand,CHAUSSEE GRAMME 59200 TOURCOING -,POINT (50.738009 3.162995),3.162995,50.738009,1,,0,5755,,0,TOURCOING
arret_point.4203,4203,TOU098,Tourcoing Centre,PLACE DU DR ROUX GARE D'ECHANGE 59200 TOURCOING - AU DROIT DE LA STATION,POINT (50.720554 3.160445),3.160445,50.720554,1,,0,6666,,1,TOURCOING
arret_point.4212,4212,AFR002,Orions,RUE ANATOLE FRANCE 59200 TOURCOING - AU DROIT DU N° 3,POINT (50.730987 3.134176),3.134176,50.730987,1,,0,6583,,1,TOURCOING
arret_point.4219,4219,LYG001,Lycee Gambetta,RUE VICTOR HUGO 59200 TOURCOING - A L'OPP DU N° 17,POINT (50.713801 3.157636),3.157636,50.713801,1,,0,6843,,2,TOURCOING
arret_point.4185,4185,TRE001,Curie,RUE ACHILLE TESTELIN 59200 TOURCOING - A L'OPPOSE DU N° 108,POINT (50.734341 3.184218),3.184218,50.734341,1,,0,5590,,1,TOURCOING
arret_point.4205,4205,OJT002,Saint Joseph,PLACE SAINT JOSEPH 59200 TOURCOING - A L'OPPOSE DU N° 315,POINT (50.730817 3.178873),3.178873,50.730817,1,,0,1778,,1,TOURCOING
arret_point.4190,4190,RPH001,Phalempins,RUE DE LA LATTE 59200 TOURCOING - CROISEMENT RUE DES PHALEMPINS,POINT (50.732801 3.151687),3.151687,50.732801,1,,0,8927,,2,TOURCOING
arret_point.4206,4206,TWA001,Watt,RUE DE BESANÇON 59200 TOURCOING - A L'OPPOSE DU N° 45,POINT (50.728943 3.136786),3.136786,50.728943,1,,0,1838,,2,TOURCOING
arret_point.4225,4225,AMS002,Amsterdam,RUE D ' AMSTERDAM 59200 TOURCOING - A L OPPOSE DU N° 67,POINT (50.717635 3.135009),3.135009,50.717635,1,,0,1866,,1,TOURCOING
arret_point.4186,4186,VAU001,Vauban,RUE DU BLANC SEAU 59200 TOURCOING - AU DROIT DU N° 321,POINT (50.70172 3.153412),3.153412,50.70172,1,,0,1834,,1,TOURCOING
arret_point.4192,4192,HOO001,Hondschoote,RUE DE ROUBAIX 59200 TOURCOING - AU DROIT DU N° 35,POINT (50.714383 3.16444),3.16444,50.714383,1,,0,1721,,2,TOURCOING
arret_point.4193,4193,RSR002,Roseraie,RUE RACINE 59200 TOURCOING - A L OPPOSE DU N° 315,POINT (50.739167 3.141021),3.141021,50.739167,1,,0,7837,,2,TOURCOING
arret_point.4197,4197,APK001,Bradford,CHAUSSEE ALBERT EINSTEIN 59200 TOURCOING - AU DROIT DU N° 60,POINT (50.715443 3.143817),3.143817,50.715443,1,,0,6996,,1,TOURCOING
arret_point.4221,4221,TRC002,Rochdale,BOULEVARD DE L'EGALITE 59200 TOURCOING - AU DROIT DU N° 194,POINT (50.733265 3.168244),3.168244,50.733265,1,,0,5760,,1,TOURCOING
arret_point.4226,4226,TOU202,Tourcoing Centre,59200 TOURCOING -,POINT (50.72086 3.15891),3.15891,50.72086,1,,0,6666,,1,TOURCOING
arret_point.4208,4208,YOU001,Parc De L'Yser,RUE DE L'YSER 59200 TOURCOING - AU DROIT DU N° 106,POINT (50.742573 3.169898),3.169898,50.742573,1,,0,9098,,1,TOURCOING
arret_point.4210,4210,PIP001,Papin,RUE DU BRUN PAIN 59200 TOURCOING - A L OPPOSE DU N° 213,POINT (50.727616 3.138136),3.138136,50.727616,1,,0,6853,,1,TOURCOING
arret_point.4237,4237,PLS001,Place,RUE PIERRE BRABANT 59152 TRESSIN - AU DROIT DU N° 27,POINT (50.616088 3.190985),3.190985,50.616088,1,,0,1879,,2,TRESSIN
arret_point.4241,4241,PTP002,Petit Paris,RUE NATIONALE 59152 TRESSIN - A L'OPPOSE DU N° 5,POINT (50.609359 3.18072),3.18072,50.609359,1,,0,1881,,1,TRESSIN
arret_point.4239,4239,PTP001,Petit Paris,ROUTE NATIONALE 59152 TRESSIN - AU DROIT DU N° 3,POINT (50.609477 3.180468),3.180468,50.609477,1,,0,1881,,1,TRESSIN
arret_point.4244,4244,TGR001,Gressart,RUE DU MARAIS 59152 TRESSIN - AU DROIT DU N° 61,POINT (50.62385 3.195884),3.195884,50.62385,1,,0,1880,,2,TRESSIN
arret_point.4243,4243,PMS002,Bicentenaire,RUE DU MARAIS 59152 TRESSIN - AU DROIT DU N° 12,POINT (50.62132 3.195982),3.195982,50.62132,1,,0,1883,,2,TRESSIN
arret_point.4248,4248,VEN001,Eglise,RUE DE SECLIN 59175 VENDEVILLE - À L'OPPOSÉ DU N°26,POINT (50.576309 3.081855),3.081855,50.576309,1,,0,1888,,1,VENDEVILLE
arret_point.4250,4250,ORM001,Les Ormeaux,RUE DE SECLIN 59175 VENDEVILLE -,POINT (50.574631 3.074518),3.074518,50.574631,1,,0,1886,,1,VENDEVILLE
arret_point.4252,4252,VLL001,Mairie,RUE DE SECLIN 59175 VENDEVILLE -,POINT (50.575408 3.078066),3.078066,50.575408,1,,0,1885,,2,VENDEVILLE
arret_point.4914,4914,OLP002,Olympiade,RUE LAMBERSART 59237 VERLINGHEM - A L'OPPPOSÉ DU N°10,POINT (50.678582 2.997887),2.997887,50.678582,1,,0,9158,,1,VERLINGHEM
arret_point.4261,4261,VMO001,Le Moulin,CHEMIN DE MESSINES 59237 VERLINGHEM - À L'OPPOSÉ DU N°36,POINT (50.677334 3.013144),3.013144,50.677334,1,,0,6329,,1,VERLINGHEM
arret_point.4260,4260,VMO002,Le Moulin,RUE DE MESSINES 59237 VERLINGHEM - OPP AU CHAMP,POINT (50.677685 3.012881),3.012881,50.677685,1,,0,6329,,1,VERLINGHEM
arret_point.4256,4256,PPD002,Pompidou,RUE DE PERENCHIES 59237 VERLINGHEM - A L'OPPOSE DU N° 13 B,POINT (50.682068 2.998554),2.998554,50.682068,1,,0,1889,,1,VERLINGHEM
arret_point.4254,4254,VCA001,Calvaire,RUE DE PERENCHIES 59237 VERLINGHEM -,POINT (50.683952 3.000217),3.000217,50.683952,1,,0,7143,,1,VERLINGHEM
arret_point.5027,5027,CMN002,Chemin Noir,59237 VERLINGHEM -,POINT (50.671888 3.003557),3.003557,50.671888,1,,0,9159,,0,VERLINGHEM
arret_point.4258,4258,CHE001,Chemin De Sainghin,RUE D'YPRES 59237 VERLINGHEM - A L'OPP D'UN CHAMP,POINT (50.700138 3.010967),3.010967,50.700138,1,,0,1896,,1,VERLINGHEM
arret_point.4264,4264,ONT001,Fontaine,RUE DE MESSINES 59237 VERLINGHEM -,POINT (50.68593 2.997546),2.997546,50.68593,1,,0,1894,,1,VERLINGHEM
arret_point.4268,4268,FLP002,Fort De Lompret,RUE DE PÉRENCHIES 59237 VERLINGHEM - À L'OPPOSÉ DU N° 17,POINT (50.6738 2.984583),2.984583,50.6738,1,,0,5956,,1,VERLINGHEM
arret_point.4265,4265,VGH001,Mairie,PLACE DU GÉNÉRAL DE GAULLE 59237 VERLINGHEM - A L'OPPOSE DE LA MAIRIE,POINT (50.681016 2.995618),2.995618,50.681016,1,,0,5799,,1,VERLINGHEM
arret_point.4355,4355,SSU002,Le Sart Sud,RUE JEAN JAURES 59650 VILLENEUVE D ASCQ - A L'OPPOSE DU N° 120 BIS,POINT (50.662809 3.138339),3.138339,50.662809,1,,0,5415,,2,VILLENEUVE D ASCQ
arret_point.4360,4360,PDB099,Pont De Bois,RUE DES VETERANS 59650 VILLENEUVE D ASCQ - SOUS LA PASSERELLE,POINT (50.624355 3.128232),3.128232,50.624355,1,,0,1971,,1,VILLENEUVE D ASCQ
arret_point.4336,4336,SNO001,Le Sart Nord,RUE JEAN JAURES 59650 VILLENEUVE D ASCQ - A L'OPPOSE DU N° 109,POINT (50.663966 3.139642),3.139642,50.663966,1,,0,5416,,2,VILLENEUVE D ASCQ
arret_point.4348,4348,RBE002,Faidherbe,RUE JULES GUESDE 59650 VILLENEUVE D ASCQ - AU DROIT DU N° 194,POINT (50.638857 3.127432),3.127432,50.638857,1,,0,5275,,1,VILLENEUVE D ASCQ
arret_point.4363,4363,ANP002,Poste D'Annappes,RUE DE LILLE 59650 VILLENEUVE D ASCQ - A L'OPP DU N° 112,POINT (50.62518 3.146296),3.146296,50.62518,1,,0,2007,,2,VILLENEUVE D ASCQ
arret_point.4371,4371,4CA099,4 Cantons Stade P. Mauroy,AVENUE PAUL LANGEVIN 59650 VILLENEUVE D ASCQ - AU DROIT DE VELOPOLE,POINT (50.605423 3.13866),3.13866,50.605423,1,,0,4703,,1,VILLENEUVE D ASCQ
arret_point.4324,4324,PAH002,Chappe,RUE FAIDHERBE 59650 VILLENEUVE D ASCQ - ANGLE RUE CHAPPE,POINT (50.64472 3.126537),3.126537,50.64472,1,,0,2006,,2,VILLENEUVE D ASCQ
arret_point.4356,4356,PPS001,Peupliers,AVENUE DE LA RECONNAISSANCE 59650 VILLENEUVE D ASCQ -,POINT (50.654999 3.15159),3.15159,50.654999,1,,0,9061,,1,VILLENEUVE D ASCQ
arret_point.4358,4358,RLA002,Rue De Lannoy,RUE DE LA RECHERCHE 59650 VILLENEUVE D ASCQ - APRÈS L'ANGLE RUE DE LANNOY,POINT (50.648309 3.160708),3.160708,50.648309,1,,0,9122,,2,VILLENEUVE D ASCQ
arret_point.4353,4353,PPS002,Peupliers,AVENUE DE LA RECONNAISSANCE 59650 VILLENEUVE D ASCQ - À L'OPPOSÉ DU N°21,POINT (50.654961 3.151872),3.151872,50.654961,1,,0,9061,,1,VILLENEUVE D ASCQ
arret_point.4364,4364,PRE001,Colpin,BOULEVARD DE MONS 59650 VILLENEUVE D ASCQ - AU DROIT DU N° 180,POINT (50.645684 3.132915),3.132915,50.645684,1,,0,7128,,2,VILLENEUVE D ASCQ
arret_point.4342,4342,FLO003,Florence,RUE DE FIVES 59650 VILLENEUVE D ASCQ - AU DROIT DU N° 98,POINT (50.631696 3.124977),3.124977,50.631696,1,,0,1961,,2,VILLENEUVE D ASCQ
arret_point.4343,4343,BDU003,Bd De L'Ouest,RUE JULES GUESDE 59650 VILLENEUVE D ASCQ - AU DRIOIT DU N°18,POINT (50.637124 3.120662),3.120662,50.637124,1,,0,2974,,2,VILLENEUVE D ASCQ
arret_point.4331,4331,DOU002,Doumer,RUE DES FUSILLÉS 59650 VILLENEUVE D ASCQ - A L OPPOSE DU N° 243,POINT (50.611166 3.161507),3.161507,50.611166,1,,0,4343,,2,VILLENEUVE D ASCQ
arret_point.4345,4345,BAU002,Baudouin Ix,RUE BAUDOUIN IX 59650 VILLENEUVE D ASCQ - AU DROIT DU N° 5,POINT (50.627376 3.139745),3.139745,50.627376,1,,0,1963,,1,VILLENEUVE D ASCQ
arret_point.4351,4351,HDV044,Hotel De Ville,STATION METRO HOTEL DE VILLE 59650 VILLENEUVE D ASCQ - AU DROIT DE LA STATION,POINT (50.619389 3.130579),3.130579,50.619389,1,,0,1942,,1,VILLENEUVE D ASCQ
arret_point.4369,4369,MOA002,Montalembert,BOULEVARD MONTALEMBERT 59650 VILLENEUVE D ASCQ - A L OPPOSE DU N° 15,POINT (50.62493 3.158476),3.158476,50.62493,1,,0,1934,,1,VILLENEUVE D ASCQ
arret_point.4352,4352,VFO001,La Fontaine,RUE DU RECEUIL 59650 VILLENEUVE D ASCQ - AU DROIT DU N°107,POINT (50.656848 3.150054),3.150054,50.656848,1,,0,1954,,2,VILLENEUVE D ASCQ
arret_point.4359,4359,CBA011,Cite Babylone,RUE DE L'ABBE BONPAIN 59650 VILLENEUVE D ASCQ - A L'OPPOSE DU N° 4,POINT (50.656917 3.14355),3.14355,50.656917,1,,0,1990,,2,VILLENEUVE D ASCQ
arret_point.4365,4365,GRU002,Grand Ruage,RUE COLBERT 59650 VILLENEUVE D ASCQ - À L'OPPOSÉ DU N° 114,POINT (50.618131 3.174312),3.174312,50.618131,1,,0,5646,,2,VILLENEUVE D ASCQ
arret_point.4329,4329,ASC002,Village,RUE GASTON BARATTE 59650 VILLENEUVE D ASCQ - A L'OPPOSÉ DU N° 76 A,POINT (50.619013 3.159154),3.159154,50.619013,1,,0,1974,,2,VILLENEUVE D ASCQ
arret_point.4338,4338,LEY002,Haley,AVENUE HALEY 59650 VILLENEUVE D ASCQ - AU DROIT DU N° 30,POINT (50.605628 3.149898),3.149898,50.605628,1,,0,7193,,1,VILLENEUVE D ASCQ
arret_point.4333,4333,CIO002,College Triolo,RUE TRUDAINE 59650 VILLENEUVE D ASCQ -,POINT (50.616138 3.139368),3.139368,50.616138,1,,0,4334,,1,VILLENEUVE D ASCQ
arret_point.4350,4350,CSN002,La Chesnaie,RUE DE LA CHESNAY 59650 VILLENEUVE D ASCQ - 75M AVANT AVENUE PONT DE BOIS,POINT (50.628105 3.130999),3.130999,50.628105,1,,0,4340,,1,VILLENEUVE D ASCQ
arret_point.4335,4335,DOU001,Doumer,RUE DES FUSILLES 59650 VILLENEUVE D ASCQ - AU DROIT DU N° 227,POINT (50.611728 3.160726),3.160726,50.611728,1,,0,4343,,1,VILLENEUVE D ASCQ
arret_point.4347,4347,PDB411,Pont De Bois,RUE BAUDOUIN IX 59650 VILLENEUVE D ASCQ - AU DROIT DE LA STATION DE METR,POINT (50.62437 3.127301),3.127301,50.62437,1,,0,1971,,1,VILLENEUVE D ASCQ
arret_point.4354,4354,PAH012,Chappe,RUE CHAPPE 59650 VILLENEUVE D ASCQ - A L'OPP DU N° 3,POINT (50.643851 3.126297),3.126297,50.643851,1,,0,2006,,2,VILLENEUVE D ASCQ
arret_point.4334,4334,NTB002,Note Bleue,RUE DE LA RECHERCHE 59650 VILLENEUVE D ASCQ - A L OPPOSE DU N° 191,POINT (50.64944 3.152473),3.152473,50.64944,1,,0,5648,,2,VILLENEUVE D ASCQ
arret_point.4277,4277,CHA003,Chanterelle,AVENUE CHAMPOLLION 59650 VILLENEUVE D ASCQ - AU DROIT DU N°1,POINT (50.638245 3.140244),3.140244,50.638245,1,,0,7057,,2,VILLENEUVE D ASCQ
arret_point.4278,4278,BDM001,Boulevard De Mons,BOULEVARD DE MONS 59650 VILLENEUVE D ASCQ -  ANGLE RUE PARMENTIER,POINT (50.643982 3.135314),3.135314,50.643982,1,,0,1973,,2,VILLENEUVE D ASCQ
arret_point.4279,4279,RIM001,College Rimbaud,RUE GASTON BARATTE 59650 VILLENEUVE D ASCQ - AU DROIT DU COLLEGE,POINT (50.618037 3.157517),3.157517,50.618037,1,,0,1986,,2,VILLENEUVE D ASCQ
arret_point.4275,4275,4CA005,4 Cantons Stade,RUE DES CARRIERES 59650 VILLENEUVE D ASCQ - SUR LA PLACE,POINT (50.605262 3.139926),3.139926,50.605262,1,,0,6635,,1,VILLENEUVE D ASCQ
arret_point.2160,2160,HEG001,Hantay Eglise,RUE MIRABEAU 59496 HANTAY -,POINT (50.532748 2.865495),2.865495,50.532748,1,,0,5673,,2,HANTAY
arret_point.4273,4273,VBO001,Val Boise,RUE DES FUSILLES 59650 VILLENEUVE D ASCQ - AU DROIT DU N° 363,POINT (50.608966 3.168618),3.168618,50.608966,1,,0,1950,,1,VILLENEUVE D ASCQ
arret_point.4272,4272,LCT001,Lac De Canteleu,RUE DU 8 MAI 45 59650 VILLENEUVE D ASCQ - ANGLE RUE CARPEAUX,POINT (50.635806 3.1551),3.1551,50.635806,1,,0,5604,,1,VILLENEUVE D ASCQ
arret_point.4313,4313,CUI002,Rue De Lannoy,"RUE DE LANNOY 59650 VILLENEUVE D ASCQ - AU DROIT ""ESAT PAPILLON BLANC""",POINT (50.64961 3.162112),3.162112,50.64961,1,,0,9122,,1,VILLENEUVE D ASCQ
arret_point.4306,4306,RQU004,La Marque,RUE DE LA CIMAISE 59650 VILLENEUVE D ASCQ - AU DROIT DU N° 21,POINT (50.641314 3.148264),3.148264,50.641314,1,,0,6837,,1,VILLENEUVE D ASCQ
arret_point.4283,4283,FLB001,Flers Bourg,RUE ALEXANDRE DETROY 59650 VILLENEUVE D ASCQ - À L'OPPOSÉ DU N° 2,POINT (50.63635 3.127985),3.127985,50.63635,1,,0,4351,,2,VILLENEUVE D ASCQ
arret_point.4303,4303,RIO002,Brigode,RUE DU 8 MAI  45 59650 VILLENEUVE D ASCQ - ANGLE AVENUE DE BRIGODE,POINT (50.632003 3.155108),3.155108,50.632003,1,,0,5607,,1,VILLENEUVE D ASCQ
arret_point.4295,4295,HDV032,Hotel De Ville,RUE DU VENTOUX 59650 VILLENEUVE D ASCQ - AU DROIT DE LA STATION MÉTRO,POINT (50.618782 3.131471),3.131471,50.618782,1,,0,1942,,1,VILLENEUVE D ASCQ
arret_point.4289,4289,DOU003,Doumer,RUE DU PRÉSIDENT DOUMER 59650 VILLENEUVE D ASCQ - À L'OPPOSÉ DU N° 13,POINT (50.61079 3.160119),3.160119,50.61079,1,,0,4343,,2,VILLENEUVE D ASCQ
arret_point.4304,4304,SNO022,Le Sart,AVENUE DE FLANDRE 59650 VILLENEUVE D ASCQ - AU DROIT DU N° 21,POINT (50.663586 3.138789),3.138789,50.663586,1,,0,1982,,2,VILLENEUVE D ASCQ
arret_point.4314,4314,SNO002,Le Sart Nord,RUE JEAN JAURES 59650 VILLENEUVE D ASCQ - AU DROIT DU N° 107,POINT (50.663789 3.139314),3.139314,50.663789,1,,0,5416,,2,VILLENEUVE D ASCQ
arret_point.4319,4319,OUL001,Moulin D'Ascq,RUE DU MOULIN D'ASCQ 59650 VILLENEUVE D ASCQ - AU DROIT DU N° 58,POINT (50.61734 3.154446),3.154446,50.61734,1,,0,2004,,2,VILLENEUVE D ASCQ
arret_point.4290,4290,HDV043,Hotel De Ville,STATION METRO H.D.V. 59650 VILLENEUVE D ASCQ - AU DROIT DE STATION BUS,POINT (50.619047 3.1307),3.1307,50.619047,1,,0,1942,,1,VILLENEUVE D ASCQ
arret_point.4311,4311,PDB013,Pont De Bois,RUE BAUDOUIN IX 59650 VILLENEUVE D ASCQ - STATION METRO PONT DE BOIS,POINT (50.624159 3.129428),3.129428,50.624159,1,,0,1971,,1,VILLENEUVE D ASCQ
arret_point.4316,4316,PAT001,Parmentier,RUE JULES GUESDE 59650 VILLENEUVE D ASCQ - AU DROIT DU N° 326,POINT (50.639021 3.134036),3.134036,50.639021,1,,0,1962,,2,VILLENEUVE D ASCQ
arret_point.4291,4291,VSA001,Versailles,RUE DE VERSAILLES 59650 VILLENEUVE D ASCQ - AU DROIT DU N° 7,POINT (50.614878 3.128858),3.128858,50.614878,1,,0,1907,,2,VILLENEUVE D ASCQ
arret_point.4307,4307,HVA003,Valmy,BOULEVARD DE VALMY 59650 VILLENEUVE D ASCQ - AU DROIT DU N°37,POINT (50.616593 3.132847),3.132847,50.616593,1,,0,6858,,1,VILLENEUVE D ASCQ
arret_point.4298,4298,MUS002,Musee Du Terroir,RUE DU 8 MAI 45 59650 VILLENEUVE D ASCQ - A L'OPPOSE DU N° 3,POINT (50.626135 3.153884),3.153884,50.626135,1,,0,1916,,1,VILLENEUVE D ASCQ
arret_point.4286,4286,CLL011,Courtilles,RUE DES COMICES 59650 VILLENEUVE D ASCQ - AU DROIT D'UN STADE,POINT (50.644189 3.154461),3.154461,50.644189,1,,0,1989,,1,VILLENEUVE D ASCQ
arret_point.4287,4287,COC011,Comices,RUE DES COMICES 59650 VILLENEUVE D ASCQ - A L'OPPOSÉ DU N°34,POINT (50.641176 3.152931),3.152931,50.641176,1,,0,7060,,1,VILLENEUVE D ASCQ
arret_point.4292,4292,CBA012,Cite Babylone,BOULEVARD ALBERT 1ER 59650 VILLENEUVE D ASCQ - AU DROIT DU N° 54,POINT (50.656526 3.142979),3.142979,50.656526,1,,0,1990,,2,VILLENEUVE D ASCQ
arret_point.4301,4301,HDV042,Hotel De Ville,STATION METRO 59650 VILLENEUVE D ASCQ - HDV AU DROIT DE LA STATION,POINT (50.61968 3.129892),3.129892,50.61968,1,,0,1942,,1,VILLENEUVE D ASCQ
arret_point.4312,4312,VVA001,Valmy,BOULEVARD DE VALMY 59650 VILLENEUVE D ASCQ - AU DROIT DU N°1,POINT (50.617058 3.134447),3.134447,50.617058,1,,0,6858,,2,VILLENEUVE D ASCQ
arret_point.4317,4317,PRS099,Les Pres-E. Pisani,BOULEVARD DE L'OUEST 59650 VILLENEUVE D ASCQ - OPPOSE LA STATION METRO,POINT (50.650345 3.126386),3.126386,50.650345,1,,0,1968,,1,VILLENEUVE D ASCQ
arret_point.4437,4437,FIA001,Fiacres,RUE DU COLONEL POLLET 59650 VILLENEUVE D ASCQ - À L'OPPOSÉ DU N° 38,POINT (50.636118 3.126443),3.126443,50.636118,1,,0,1948,,2,VILLENEUVE D ASCQ
arret_point.4432,4432,CRT001,Courteline,RUE COCTEAU 59650 VILLENEUVE D ASCQ - ANGLE ALLEE COURTELINE,POINT (50.645114 3.16098),3.16098,50.645114,1,,0,1939,,1,VILLENEUVE D ASCQ
arret_point.4430,4430,CIO001,College Triolo,RUE TRUDAINE 59650 VILLENEUVE D ASCQ - A L OPPOSE DU N° 11,POINT (50.616196 3.140186),3.140186,50.616196,1,,0,4334,,1,VILLENEUVE D ASCQ
arret_point.4439,4439,HDV099,Hotel De Ville,STATION DE METRO HDV 59650 VILLENEUVE D ASCQ - SORTIE QUAI A/B/C,POINT (50.618385 3.131846),3.131846,50.618385,1,,0,1942,,1,VILLENEUVE D ASCQ
arret_point.4440,4440,HNE002,Haute Borne,AVENUE HALLEY 59650 VILLENEUVE D ASCQ - AU DROIT DES ETS OLIVARIUS,POINT (50.60795 3.154137),3.154137,50.60795,1,,0,4356,,2,VILLENEUVE D ASCQ
arret_point.4428,4428,HOZ002,Horizon,AVENUE HARRISON 59650 VILLENEUVE D ASCQ - AU DROIT DE LA CRÈCHE,POINT (50.605207 3.157828),3.157828,50.605207,1,,0,1928,,1,VILLENEUVE D ASCQ
arret_point.4377,4377,CMO002,College Moliere,AVENUE DE PARIS 59650 VILLENEUVE D ASCQ - ANGLE RUE DE L ABBE PONPAIN,POINT (50.657903 3.145132),3.145132,50.657903,1,,0,1945,,1,VILLENEUVE D ASCQ
arret_point.4380,4380,MAS002,Massena,BOULEVARD MONTALEMBERT 59650 VILLENEUVE D ASCQ - AU DROIT DU N° 106,POINT (50.622791 3.16301),3.16301,50.622791,1,,0,7099,,1,VILLENEUVE D ASCQ
arret_point.4386,4386,PQU002,Pont Du Breucq,RUE JEAN JAURES 59650 VILLENEUVE D ASCQ - AU DROIT DU N° 197 B,POINT (50.66719 3.141952),3.141952,50.66719,1,,0,7126,,2,VILLENEUVE D ASCQ
arret_point.4399,4399,OUL002,Moulin D'Ascq,RUE DU MOULIN D'ASCQ 59650 VILLENEUVE D ASCQ - A L'OPP DU N° 58,POINT (50.617448 3.154377),3.154377,50.617448,1,,0,2004,,1,VILLENEUVE D ASCQ
arret_point.4401,4401,PRS001,Les Pres-E. Pisani,BOULEVARD DE L OUEST 59650 VILLENEUVE D ASCQ - AU DROIT DE LA STATION METRO,POINT (50.649851 3.126519),3.126519,50.649851,1,,0,1968,,2,VILLENEUVE D ASCQ
arret_point.4387,4387,BAT002,Baratte,RUE GASTON BARATTE 59650 VILLENEUVE D ASCQ - AU DROIT DU N° 27,POINT (50.616794 3.157073),3.157073,50.616794,1,,0,7049,,2,VILLENEUVE D ASCQ
arret_point.4406,4406,BDU004,Bd De L'Ouest,RUE JULES GUESDE 59650 VILLENEUVE D ASCQ - AU DROIT DU N° 21,POINT (50.63722 3.119662),3.119662,50.63722,1,,0,2974,,1,VILLENEUVE D ASCQ
arret_point.4408,4408,ELA002,Epoux Labrousse,RUE DES EPOUX LABROUSSE 59650 VILLENEUVE D ASCQ - AU DROIT DU N° 8,POINT (50.623067 3.127676),3.127676,50.623067,1,,0,5294,,1,VILLENEUVE D ASCQ
arret_point.4409,4409,PDB005,Pont De Bois,RUE DU PONT DE BOIS 59650 VILLENEUVE D ASCQ - ANGLE RUE BAUDOUIN,POINT (50.625527 3.12732),3.12732,50.625527,1,,0,1971,,2,VILLENEUVE D ASCQ
arret_point.4390,4390,JRS098,Jean Jaures,RUE JEAN JAURES 59650 VILLENEUVE D ASCQ - FACE A LA STATION METRO,POINT (50.658507 3.134911),3.134911,50.658507,1,,0,6699,,1,VILLENEUVE D ASCQ
arret_point.4393,4393,DOU004,Doumer,RUE CHARLES RONSSE 59650 VILLENEUVE D ASCQ - A L'OPPOSE DU N° 13,POINT (50.612464 3.163262),3.163262,50.612464,1,,0,4343,,2,VILLENEUVE D ASCQ
arret_point.4403,4403,RLA001,Rue De Lannoy,RUE DE LA RECHERCHE 59650 VILLENEUVE D ASCQ - AVANT L'ANGLE RUE DE LANNOY,POINT (50.648373 3.160568),3.160568,50.648373,1,,0,9122,,1,VILLENEUVE D ASCQ
arret_point.4404,4404,VFO002,La Fontaine,RUE DU RECUEIL 59650 VILLENEUVE D ASCQ -,POINT (50.657131 3.149268),3.149268,50.657131,1,,0,1954,,2,VILLENEUVE D ASCQ
arret_point.4414,4414,CSC099,Cité Scientifique,AVENUE PAUL LANGEVIN 59650 VILLENEUVE D ASCQ - ANGLE AVENUE J.PERRIN,POINT (50.611731 3.142497),3.142497,50.611731,1,,0,6415,,1,VILLENEUVE D ASCQ
arret_point.4417,4417,CSN003,La Chesnaie,RUE DE LA CHESNAIE 59650 VILLENEUVE D ASCQ -,POINT (50.628491 3.130949),3.130949,50.628491,1,,0,4340,,1,VILLENEUVE D ASCQ
arret_point.4418,4418,PQU001,Pont Du Breucq,RUE JEAN JAURES 59650 VILLENEUVE D ASCQ - AU DROIT DU N° 192,POINT (50.66641 3.141756),3.141756,50.66641,1,,0,7126,,2,VILLENEUVE D ASCQ
arret_point.4374,4374,CPT002,Pont De Croix,RUE JEAN JAURÈS 59650 VILLENEUVE D ASCQ - ANGLE AVENUE LE NÔTRE,POINT (50.67155 3.144591),3.144591,50.67155,1,,0,1994,,2,VILLENEUVE D ASCQ
arret_point.4385,4385,LAD002,Ladriere,RUE DE FIVES 59650 VILLENEUVE D ASCQ - AU DROIT DU N° 68,POINT (50.630962 3.128957),3.128957,50.630962,1,,0,1900,,2,VILLENEUVE D ASCQ
arret_point.4422,4422,RBA002,Rue De Babylone,BOULEVARD ALBERT 1 ER 59650 VILLENEUVE D ASCQ - AU DROIT DU N° 51,POINT (50.657667 3.140077),3.140077,50.657667,1,,0,2010,,1,VILLENEUVE D ASCQ
arret_point.4396,4396,CRT002,Courteline,RUE COCTEAU 59650 VILLENEUVE D ASCQ - ANGLE ALLEE COURTELINE,POINT (50.64526 3.161928),3.161928,50.64526,1,,0,1939,,1,VILLENEUVE D ASCQ
arret_point.4419,4419,GEN001,Gendarmerie,BOULEVARD DE MONS 59650 VILLENEUVE D ASCQ - À L'OPPOSÉ DE LA GENDARMERIE,POINT (50.646875 3.12904),3.12904,50.646875,1,,0,7079,,1,VILLENEUVE D ASCQ
arret_point.4382,4382,ANN001,Republique,PLACE DE LA REPUBLIQUE 59650 VILLENEUVE D ASCQ - AU DROIT DU N° 1,POINT (50.626581 3.150267),3.150267,50.626581,1,,0,5600,,1,VILLENEUVE D ASCQ
arret_point.4388,4388,BET002,Jean Jaures,BOULEVARD ALBERT 1ER 59650 VILLENEUVE D ASCQ -,POINT (50.659229 3.135656),3.135656,50.659229,1,,0,6699,,2,VILLENEUVE D ASCQ
arret_point.4415,4415,JRS099,Jean Jaures,59650 VILLENEUVE D ASCQ -,POINT (50.658507 3.134911),3.134911,50.658507,1,,0,6699,,1,VILLENEUVE D ASCQ
arret_point.4411,4411,BAT001,Baratte,RUE GASTON BARATTE 59650 VILLENEUVE D ASCQ - AU DROIT DU N° 26,POINT (50.617085 3.157825),3.157825,50.617085,1,,0,7049,,2,VILLENEUVE D ASCQ
arret_point.4397,4397,TIO099,Triolo,RUE TRUDAINE 59650 VILLENEUVE D ASCQ - FACE AU COLLEGE,POINT (50.616294 3.14164),3.14164,50.616294,1,,0,1903,,1,VILLENEUVE D ASCQ
arret_point.4381,4381,COU011,Cousinerie,RUE DU 8 MAI 45 59650 VILLENEUVE D ASCQ - ANGLE RUE DE LA CIMAISE,POINT (50.644451 3.158162),3.158162,50.644451,1,,0,4337,,2,VILLENEUVE D ASCQ
arret_point.4389,4389,ASC001,Village,RUE GASTON BARATTE 59650 VILLENEUVE D ASCQ - AU DROIT DU N° 76B,POINT (50.619233 3.159835),3.159835,50.619233,1,,0,1974,,2,VILLENEUVE D ASCQ
arret_point.4400,4400,STU001,Stadium,AVENUE DE LA CHATELLERIE 59650 VILLENEUVE D ASCQ - AU DROIT DU N° 3,POINT (50.631246 3.13497),3.13497,50.631246,1,,0,1901,,1,VILLENEUVE D ASCQ
arret_point.4412,4412,PAB001,Pave Bleu,RUE DU PAVE BLEU 59650 VILLENEUVE D ASCQ - AU DROIT DE L'ECOLE PICASSO,POINT (50.646202 3.135942),3.135942,50.646202,1,,0,2014,,2,VILLENEUVE D ASCQ
arret_point.4376,4376,VSA002,Versailles,RUE DE VERSAILLES 59650 VILLENEUVE D ASCQ - A L OPPOSE DU N° 7,POINT (50.614368 3.128652),3.128652,50.614368,1,,0,1907,,1,VILLENEUVE D ASCQ
arret_point.4421,4421,TMI012,Tremiere,RUE DES FUSILLES 59650 VILLENEUVE D ASCQ - AU DROIT DU N° 6,POINT (50.61979 3.139215),3.139215,50.61979,1,,0,6920,,0,VILLENEUVE D ASCQ
arret_point.4398,4398,PLE012,Planche Epinoy,AVENUE DE FLANDRE 59650 VILLENEUVE D ASCQ - AU DROIT DU N° 91,POINT (50.664126 3.145445),3.145445,50.664126,1,,0,1997,,1,VILLENEUVE D ASCQ
arret_point.4373,4373,CES001,Contrescarpe,RUE CONTRESCARPE 59650 VILLENEUVE D ASCQ - AU DROIT DU N° 20,POINT (50.644071 3.164067),3.164067,50.644071,1,,0,1952,,2,VILLENEUVE D ASCQ
arret_point.4395,4395,PRE002,Colpin,BOULEVARD DE MONS 59650 VILLENEUVE D ASCQ - A L OPPOSE DU N° 180,POINT (50.64554 3.132898),3.132898,50.64554,1,,0,7128,,1,VILLENEUVE D ASCQ
arret_point.4445,4445,PLE001,Planche Epinoy,AVENUE DE FLANDRE 59650 VILLENEUVE D ASCQ - APRESLE CARREFOUR 30 M APRES,POINT (50.664497 3.146269),3.146269,50.664497,1,,0,1997,,1,VILLENEUVE D ASCQ
arret_point.4470,4470,HDV098,Hotel De Ville,STATION METRO HDV 59650 VILLENEUVE D ASCQ - SORTIE QUAIS D/E/F,POINT (50.618344 3.13255),3.13255,50.618344,1,,0,1942,,1,VILLENEUVE D ASCQ
arret_point.4456,4456,BDM002,Boulevard De Mons,RUE PARMENTIER 59650 VILLENEUVE D ASCQ - AU DROIT DU N° 97,POINT (50.643165 3.135442),3.135442,50.643165,1,,0,1973,,2,VILLENEUVE D ASCQ
arret_point.4467,4467,CSC198,Cité Scientifique,AVENUE PAUL LANGEVIN 59650 VILLENEUVE D ASCQ - OPP AU METRO,POINT (50.61229 3.142168),3.142168,50.61229,1,,0,6415,,1,VILLENEUVE D ASCQ
arret_point.4466,4466,PET002,Petit Boulevard,RUE DE LILLE 59650 VILLENEUVE D ASCQ - AU DROIT DU N° 187,POINT (50.626414 3.142818),3.142818,50.626414,1,,0,1921,,2,VILLENEUVE D ASCQ
arret_point.4453,4453,DEH001,Campus,BOULEVARD DE MONS 59650 VILLENEUVE D ASCQ - A L'ANGL DE LA RUE  DU PODUIM,POINT (50.643629 3.138525),3.138525,50.643629,1,,0,7066,,2,VILLENEUVE D ASCQ
arret_point.4448,4448,PDB021,Pont De Bois,RUE BAUDOUIN IX 59650 VILLENEUVE D ASCQ - DANS LE POLE D ECHANGE,POINT (50.624458 3.127585),3.127585,50.624458,1,,0,1971,,1,VILLENEUVE D ASCQ
arret_point.3226,3226,SNO032,Le Sart,59650 VILLENEUVE D ASCQ -,POINT (50.663232 3.13812),3.13812,50.663232,1,,0,1982,,0,VILLENEUVE D ASCQ
arret_point.4468,4468,CSC098,Cité Scientifique,AVENUE PAUL LANGEVIN 59650 VILLENEUVE D ASCQ - A L'OPPOSE DE LA STATION METRO,POINT (50.61173 3.142695),3.142695,50.61173,1,,0,6415,,1,VILLENEUVE D ASCQ
arret_point.4454,4454,CSN004,La Chesnaie,AVENUE DU PONT DE BOIS 59650 VILLENEUVE D ASCQ - ANGLE RUE BREVE,POINT (50.627596 3.132133),3.132133,50.627596,1,,0,4340,,1,VILLENEUVE D ASCQ
arret_point.4455,4455,VBO002,Val Boise,RUE DES FUSILLES 59650 VILLENEUVE D ASCQ - AU DROIT DE CARREDAS,POINT (50.60875 3.168685),3.168685,50.60875,1,,0,1950,,1,VILLENEUVE D ASCQ
arret_point.4458,4458,FLO002,Florence,RUE FLORENCE 59650 VILLENEUVE D ASCQ - AU DROIT DU N° 96,POINT (50.631655 3.125823),3.125823,50.631655,1,,0,1961,,1,VILLENEUVE D ASCQ
arret_point.4465,4465,PAH011,Chappe,RUE FAIDHERBE 59650 VILLENEUVE D ASCQ - A L OPPOSE DU N° 128,POINT (50.643579 3.126773),3.126773,50.643579,1,,0,2006,,1,VILLENEUVE D ASCQ
arret_point.4471,4471,TIE002,Rue Thiers,RUE DES FUSILLES 59650 VILLENEUVE D ASCQ - AU DROIT DU N° 432,POINT (50.60873 3.174309),3.174309,50.60873,1,,0,7650,,2,VILLENEUVE D ASCQ
arret_point.4444,4444,CMO001,College Moliere,AVENUE DE PARIS 59650 VILLENEUVE D ASCQ - AU DROIT DU COLLEGE,POINT (50.657927 3.145471),3.145471,50.657927,1,,0,1945,,1,VILLENEUVE D ASCQ
arret_point.4472,4472,PDB098,Pont De Bois,RUE DES VETERANS 59650 VILLENEUVE D ASCQ - SOUS LA PASSERELLE,POINT (50.624355 3.128232),3.128232,50.624355,1,,0,1971,,1,VILLENEUVE D ASCQ
arret_point.4447,4447,HDV007,Hotel De Ville,STATION MÉTRO HDV 59650 VILLENEUVE D ASCQ -,POINT (50.6193 3.130422),3.130422,50.6193,1,,0,1942,,1,VILLENEUVE D ASCQ
arret_point.4450,4450,PDB009,Pont De Bois,RUE BAUDOIN IX 59650 VILLENEUVE D ASCQ - STATION DE METRO,POINT (50.624655 3.127673),3.127673,50.624655,1,,0,1971,,1,VILLENEUVE D ASCQ
arret_point.4451,4451,PDB012,Pont De Bois,RUE BAUDOUIN IX 59650 VILLENEUVE D ASCQ - STATION METRO PONT DE BOIS,POINT (50.624223 3.129302),3.129302,50.624223,1,,0,1971,,1,VILLENEUVE D ASCQ
arret_point.4503,4503,SWL002,Trois Louches,ROUTE DE  COMINES 59118 WAMBRECHIES - A L'OPP DU N°950,POINT (50.701256 3.035699),3.035699,50.701256,1,,0,5855,,1,WAMBRECHIES
arret_point.4508,4508,WCV002,Cavle,RUE GENERAL LECLERC 59118 WAMBRECHIES -,POINT (50.686733 3.050109),3.050109,50.686733,1,,0,5907,,2,WAMBRECHIES
arret_point.4509,4509,CHT001,Chariot D'Or,RUE DE QUESNOY 59118 WAMBRECHIES - AU DROIT DU  N° 100,POINT (50.692855 3.052385),3.052385,50.692855,1,,0,5859,,1,WAMBRECHIES
arret_point.4496,4496,BIH002,Le Bihamel,ROUTE DE QUESNOY 59118 WAMBRECHIES - A L'OPP CH.DU BIHAMEL,POINT (50.694595 3.046168),3.046168,50.694595,1,,0,5857,,2,WAMBRECHIES
arret_point.4507,4507,CLB003,Le Colombier,RUE DE LINSELLE 59118 WAMBRECHIES - OPP N°139,POINT (50.69831 3.053678),3.053678,50.69831,1,,0,6840,,2,WAMBRECHIES
arret_point.4497,4497,TOQ002,Le Touquet,RUE DE LINSELLES 59118 WAMBRECHIES - AU DROIT DU N°210,POINT (50.702697 3.05658),3.05658,50.702697,1,,0,7958,,2,WAMBRECHIES
arret_point.4498,4498,TOQ001,Le Touquet,RUE DE LINSELLES 59118 WAMBRECHIES - AU DROIT DU N°213,POINT (50.702219 3.055513),3.055513,50.702219,1,,0,7958,,2,WAMBRECHIES
arret_point.4499,4499,ZMO002,P.A. Du Moulin,RUE DE MARQUETTE 59118 WAMBRECHIES - 15M AVANT LE ROND POINT,POINT (50.68469 3.060528),3.060528,50.68469,1,,0,2031,,1,WAMBRECHIES
arret_point.4478,4478,WAM090,Agrippin,RUE D'YPRES 59118 WAMBRECHIES - A L'OPP DU N°1825,POINT (50.687256 3.036999),3.036999,50.687256,1,,0,2026,,1,WAMBRECHIES
arret_point.4490,4490,RYP002,Rue D'Ypres,RUE D'YPRES 59118 WAMBRECHIES - A L'OPP DU 1320,POINT (50.683623 3.040224),3.040224,50.683623,1,,0,2032,,1,WAMBRECHIES
arret_point.4481,4481,WAM001,Agrippin,RUE DU MAIRE CATTEAU 59118 WAMBRECHIES - 10M AVANT LE ROND POINT,POINT (50.686961 3.038421),3.038421,50.686961,1,,0,2026,,0,WAMBRECHIES
arret_point.4483,4483,SCP002,Le Complivois,RUE DU PONT LEVIS 59118 WAMBRECHIES - A L'OPP DU N° 34,POINT (50.688868 3.056253),3.056253,50.688868,1,,0,2035,,1,WAMBRECHIES
arret_point.4485,4485,WAM091,Agrippin,RUE D'YPRES 59118 WAMBRECHIES -,POINT (50.68626 3.037197),3.037197,50.68626,1,,0,2026,,1,WAMBRECHIES
arret_point.4492,4492,PAS004,Pasteur,AVENUE DU MARÉCHAL FOCH 59118 WAMBRECHIES -,POINT (50.681317 3.048239),3.048239,50.681317,1,,0,5860,,2,WAMBRECHIES
arret_point.4494,4494,VLI001,Paul Verlaine,CHEMIN DU BAS PLAT 59118 WAMBRECHIES - À L'OPPOSÉ ANGLE PAUL VERLAINE,POINT (50.70431 3.066038),3.066038,50.70431,1,,0,5909,,2,WAMBRECHIES
arret_point.4489,4489,PAS002,Pasteur,RUE D'YPRES 59118 WAMBRECHIES -,POINT (50.680963 3.047457),3.047457,50.680963,1,,0,5860,,1,WAMBRECHIES
arret_point.4487,4487,PEP002,Petit Paradis,AVENUE DU MARECHAL FOCH 59118 WAMBRECHIES -,POINT (50.682395 3.052588),3.052588,50.682395,1,,0,2019,,2,WAMBRECHIES
arret_point.4516,4516,CHT002,Chariot D'Or,RUE DE QUESNOY 59118 WAMBRECHIES - A L'OPP DU N°100,POINT (50.692459 3.052634),3.052634,50.692459,1,,0,5859,,1,WAMBRECHIES
arret_point.4510,4510,PAS001,Pasteur,RUE D ' YPRES 59118 WAMBRECHIES -,POINT (50.681603 3.046902),3.046902,50.681603,1,,0,5860,,2,WAMBRECHIES
arret_point.4511,4511,PPL001,Plat Pays,CHEMIN DU BAS PLAT 59118 WAMBRECHIES - À L'OPPOSÉ ANGLE AVE PLAT PAYS,POINT (50.706983 3.067532),3.067532,50.706983,1,,0,5912,,2,WAMBRECHIES
arret_point.4514,4514,RYP001,Rue D'Ypres,RUE D'YPRES 59118 WAMBRECHIES -,POINT (50.683044 3.041077),3.041077,50.683044,1,,0,2032,,2,WAMBRECHIES
arret_point.4513,4513,CLB004,Le Colombier,RUE DE LINSELLES 59118 WAMBRECHIES - AU DROIT DU N°119,POINT (50.69761 3.053752),3.053752,50.69761,1,,0,6840,,1,WAMBRECHIES
arret_point.4528,4528,SWL001,Trois Louches,ROUTE DE COMINES 59118 WAMBRECHIES -,POINT (50.701489 3.035857),3.035857,50.701489,1,,0,5855,,1,WAMBRECHIES
arret_point.4521,4521,CLE001,Leclerc,RUE DU GENERAL LECLERC 59118 WAMBRECHIES - À L'OPPOSÉ RUE DE L'AGRIPPIN,POINT (50.685008 3.047529),3.047529,50.685008,1,,0,5861,,1,WAMBRECHIES
arret_point.4527,4527,CLE002,Leclerc,RUE DU GENERAL LECLERC 59118 WAMBRECHIES - AU DROIT DU N° 88,POINT (50.684938 3.047104),3.047104,50.684938,1,,0,5861,,1,WAMBRECHIES
arret_point.4522,4522,RUL001,Route De Linselles,ROUTE DE LINSELLES 59118 WAMBRECHIES -,POINT (50.709031 3.061036),3.061036,50.709031,1,,0,2025,,2,WAMBRECHIES
arret_point.4526,4526,WAM023,Agrippin,AVENUE DU MAIRE CATTEAU 59118 WAMBRECHIES - AU DROIT DE L'ESPACE VERT,POINT (50.686893 3.03787),3.03787,50.686893,1,,0,2026,,1,WAMBRECHIES
arret_point.4529,4529,RDD001,Rte Deulemont,ROUTE DE DEULEMONT 59560 WARNETON - AU DROIT DE L'USINE FLANDRIA,POINT (50.744469 2.945709),2.945709,50.744469,1,,0,5828,,1,WARNETON
arret_point.4533,4533,SBA001,Sainte Barbe,ROUTE D'ARMENTIERES 59560 WARNETON - APRÈS ANGLE CHEM FOND DE L'EAU,POINT (50.743683 2.970068),2.970068,50.743683,1,,0,2040,,1,WARNETON
arret_point.4534,4534,WMA002,Mairie,ROUTE DE DEULEMONT 59560 WARNETON -,POINT (50.747113 2.951523),2.951523,50.747113,1,,0,2043,,1,WARNETON
arret_point.4564,4564,LAV001,Lavoisier,RUE EMILE DELETTE 59290 WASQUEHAL - AU DROIT DU N° 47,POINT (50.675727 3.131135),3.131135,50.675727,1,,0,5869,,1,WASQUEHAL
arret_point.4565,4565,MNL001,Molinel,RUE DU MOLINEL 59290 WASQUEHAL - AU DROIT DU N° 14,POINT (50.674923 3.127847),3.127847,50.674923,1,,0,4650,,1,WASQUEHAL
arret_point.4558,4558,STC002,Saint Clement,RUE LOUIS LEJEUNE 59290 WASQUEHAL - AU DROIT DU N° 13,POINT (50.6869 3.144161),3.144161,50.6869,1,,0,2052,,1,WASQUEHAL
arret_point.4567,4567,DML002,Desmoulins,RUE VOLTAIRE 59290 WASQUEHAL - AU DROIT DU N° 12,POINT (50.68549 3.138872),3.138872,50.68549,1,,0,4146,,2,WASQUEHAL
arret_point.4568,4568,GDC012,Grand Cottignies,AVENUE DE LA MARNE 59290 WASQUEHAL - AU DROIT DU N° 29 A 29 BIS,POINT (50.686817 3.12363),3.12363,50.686817,1,,0,2089,,1,WASQUEHAL
arret_point.4559,4559,IAL001,Wasquehal C.Cial,AVENUE DU GRAND COTTIGNIES 59290 WASQUEHAL - A L OPPOSE DU N° 18,POINT (50.682773 3.126164),3.126164,50.682773,1,,0,4713,,1,WASQUEHAL
arret_point.4561,4561,LAT012,La Terrasse,AVENUE DE FLANDRE 59290 WASQUEHAL - AU DROIT DU N° 71 A 75,POINT (50.66404 3.125445),3.125445,50.66404,1,,0,2073,,1,WASQUEHAL
arret_point.4537,4537,BRI002,Briqueterie,RUE AUGUSTIN TELLIEZ 59290 WASQUEHAL - A L'OPPOSÉ DU N° 25,POINT (50.691508 3.148684),3.148684,50.691508,1,,0,7053,,1,WASQUEHAL
arret_point.4540,4540,TRI001,Wasquehal Triez,RUE DE MOUVAUX 59290 WASQUEHAL - AU DROIT DU N° 21,POINT (50.691051 3.132014),3.132014,50.691051,1,,0,6670,,2,WASQUEHAL
arret_point.4538,4538,WAC001,Clemenceau,RUE COLI 59290 WASQUEHAL - A L OPPOSE DU N° 30,POINT (50.681587 3.139148),3.139148,50.681587,1,,0,2065,,2,WASQUEHAL
arret_point.4539,4539,WMI099,Hotel De Ville,59290 WASQUEHAL - A L'OPP DU MUSEE DES POMPIER,POINT (50.669637 3.130982),3.130982,50.669637,1,,0,2044,,1,WASQUEHAL
arret_point.4548,4548,GDC001,Grand Cottignies,AVENUE DE LA MARNE 59290 WASQUEHAL - AU DROIT DU BAT GROUPE EGIS,POINT (50.687305 3.124414),3.124414,50.687305,1,,0,2089,,1,WASQUEHAL
arret_point.4554,4554,PVL196,Wasquehal Pavé De Lille,RUE JEAN BART 59290 WASQUEHAL - A L OPPOSE DU N° 91,POINT (50.664429 3.130489),3.130489,50.664429,1,,0,2071,,2,WASQUEHAL
arret_point.4555,4555,URE001,Jean Jaures,RUE DE COLI 59290 WASQUEHAL - AU DROIT DU N° 3,POINT (50.680788 3.137724),3.137724,50.680788,1,,0,5868,,2,WASQUEHAL
arret_point.4552,4552,OLI002,Molinel,RUE ALBERT BAILLY 59290 WASQUEHAL - AU DROIT DU N°497,POINT (50.689028 3.1158),3.1158,50.689028,1,,0,6851,,1,WASQUEHAL
arret_point.4546,4546,WAC002,Clemenceau,RUE COLI 59290 WASQUEHAL - AU DROIT DU N° 30,POINT (50.681524 3.139175),3.139175,50.681524,1,,0,2065,,1,WASQUEHAL
arret_point.4582,4582,XRC002,Rue De Croix,RUE EMILE DELETTE 59290 WASQUEHAL - A L'OPPOSE DU N° 137,POINT (50.677283 3.134646),3.134646,50.677283,1,,0,5864,,2,WASQUEHAL
arret_point.4584,4584,SRB001,Sentier Des Briques,RUE AUGUSTIN TELLIEZ 59290 WASQUEHAL - AU DROIT DU N° 3,POINT (50.690074 3.147065),3.147065,50.690074,1,,0,2085,,1,WASQUEHAL
arret_point.4574,4574,JPS001,Jp Sartre,AVENUE JEAN PAUL SARTRE 59290 WASQUEHAL - A L OPPOSE DU N° 4,POINT (50.672246 3.134058),3.134058,50.672246,1,,0,5877,,2,WASQUEHAL
arret_point.4570,4570,MNL002,Molinel,RUE DU MOLINEL 59290 WASQUEHAL - A L OPPOSE DU N° 14,POINT (50.674657 3.128774),3.128774,50.674657,1,,0,4650,,1,WASQUEHAL
arret_point.4269,4269,RIB002,Ribot,RUE COLI 59290 WASQUEHAL - AU DROIT DU N° 134,POINT (50.684633 3.143743),3.143743,50.684633,1,,0,2080,,2,WASQUEHAL
arret_point.4572,4572,PVL021,Wasquehal Pavé De Lille,AVENUE DE FLANDRE 59290 WASQUEHAL - AU DROIT DU N° 94,POINT (50.663674 3.130732),3.130732,50.663674,1,,0,2071,,1,WASQUEHAL
arret_point.4590,4590,LAT001,La Terrasse,AVENUE DE FLANDRE 59290 WASQUEHAL - AU DROIT DU N° 72 A 74,POINT (50.663907 3.126628),3.126628,50.663907,1,,0,2073,,1,WASQUEHAL
arret_point.4586,4586,BRI001,Briqueterie,RUE AUGUSTIN TELLIEZ 59290 WASQUEHAL - A L'OPPOSÉ DU N° 62,POINT (50.691492 3.148415),3.148415,50.691492,1,,0,7053,,1,WASQUEHAL
arret_point.4592,4592,LAV002,Lavoisier,RUE PASTEUR 59290 WASQUEHAL - AU DROIT DU N° 34,POINT (50.675038 3.130813),3.130813,50.675038,1,,0,5869,,1,WASQUEHAL
arret_point.4585,4585,DEN002,Adenauer,RUE DU TRIEZ 59290 WASQUEHAL - AU DROIT ETS GENERALI,POINT (50.68442 3.129621),3.129621,50.68442,1,,0,4653,,1,WASQUEHAL
arret_point.4588,4588,LAM001,Lamartine,RUE VOLTAIRE 59290 WASQUEHAL - AU DROIT DU N° 155,POINT (50.68861 3.133528),3.133528,50.68861,1,,0,2084,,2,WASQUEHAL
arret_point.4589,4589,URE003,Jean Jaures,RUE LOUISE MICHEL 59290 WASQUEHAL - A L'OPPOSE DU N° 15,POINT (50.680748 3.136989),3.136989,50.680748,1,,0,5868,,1,WASQUEHAL
arret_point.4610,4610,BAM003,Bargues Marais,RUE DE L'YSER 59139 WATTIGNIES - A L'OPPOSÉ DU 96 BIS,POINT (50.580247 3.034362),3.034362,50.580247,1,,0,6943,,1,WATTIGNIES
arret_point.4612,4612,LCN002,Laennec,AVENUE CHARLES GUILLAIN 59139 WATTIGNIES - À L'OPPOSÉ DU N°1,POINT (50.589465 3.050682),3.050682,50.589465,1,,0,6940,,2,WATTIGNIES
arret_point.4597,4597,BAM002,Bargues Marais,AVENUE DU MAL DELATTRE DE TASSIGNY 59139 WATTIGNIES - A L'OPPOSÉ DU N°4,POINT (50.57972 3.033904),3.033904,50.57972,1,,0,6943,,1,WATTIGNIES
arret_point.4595,4595,WBL002,Wattignies Blum,RUE CLEMENCEAU 59139 WATTIGNIES - AU DROIT DU SUPER MARCHE,POINT (50.591517 3.051162),3.051162,50.591517,1,,0,6324,,1,WATTIGNIES
arret_point.4599,4599,WBT001,Bleriot,AVENUE CHARLES GUILLAIN 59139 WATTIGNIES - APRÈS ANGLE RUE GAGARINE,POINT (50.588756 3.039849),3.039849,50.588756,1,,0,6941,,2,WATTIGNIES
arret_point.4596,4596,WTE002,Terray,AVENUE CHARLES GUILLAIN 59139 WATTIGNIES - AVANT ANGLE RUE VICTOR HUGO,POINT (50.590061 3.035865),3.035865,50.590061,1,,0,5542,,1,WATTIGNIES
arret_point.4593,4593,PHG004,Philippe De Girard,RUE D'HAUBOURDIN 59139 WATTIGNIES -,POINT (50.599627 3.054224),3.054224,50.599627,1,,0,359,,2,WATTIGNIES
arret_point.4601,4601,WRE005,Republique,RUE DE L'YSER 59139 WATTIGNIES - A L'OPP DU N° 10,POINT (50.581446 3.042691),3.042691,50.581446,1,,0,7664,,1,WATTIGNIES
arret_point.4602,4602,GUI002,Guillain,RUE DU DR SCHWEITZER 59139 WATTIGNIES - AU DROIT DE LA CAF,POINT (50.587712 3.042019),3.042019,50.587712,1,,0,2105,,1,WATTIGNIES
arret_point.4621,4621,AMT002,Amiteuse,RUE DU GENERAL DE GAULLE 59139 WATTIGNIES - A L'OPP DU CREDIT DU NORD,POINT (50.584706 3.051417),3.051417,50.584706,1,,0,2096,,1,WATTIGNIES
arret_point.4619,4619,LCN001,Laennec,AVENUE CHARLES GUILLAIN 59139 WATTIGNIES -,POINT (50.589457 3.050484),3.050484,50.589457,1,,0,6940,,1,WATTIGNIES
arret_point.4620,4620,WTE001,Terray,AVENUE CHARLES GUILLAIN 59139 WATTIGNIES - APRÈS ANGLE RUE VOCTOR HUGO,POINT (50.589936 3.035779),3.035779,50.589936,1,,0,5542,,1,WATTIGNIES
arret_point.4627,4627,SAL004,Salengro,AVENUE DELATTRE DE TASSIGNY 59139 WATTIGNIES -,POINT (50.582718 3.033523),3.033523,50.582718,1,,0,2095,,2,WATTIGNIES
arret_point.4630,4630,CWT001,Cimetiere,AVENUE DU 14 JUILLET 59139 WATTIGNIES - OPPOSÉ À LA RUE DES ARTS,POINT (50.584687 3.042244),3.042244,50.584687,1,,0,7635,,1,WATTIGNIES
arret_point.4673,4673,LIE001,Saint Lievin,CONTOUR ST LIEVIN 59150 WATTRELOS - A L'OPPOSE DU N° 23 BIS,POINT (50.705404 3.222896),3.222896,50.705404,1,,0,2194,,1,WATTRELOS
arret_point.4682,4682,CIC001,Cimetiere Centre,RUE DE LEERS 59150 WATTRELOS - A L'OPP DU CIMETIERE N°161,POINT (50.697569 3.224734),3.224734,50.697569,1,,0,5695,,1,WATTRELOS
arret_point.4685,4685,JOF001,Marechal Joffre,BOULEVARD LEON JOUHAUX 59150 WATTRELOS - A L OPPOSE DU N° 70,POINT (50.714576 3.174488),3.174488,50.714576,1,,0,2124,,2,WATTRELOS
arret_point.4683,4683,SQC001,Square Calmette,RUE DE TOUL 59150 WATTRELOS - A L'OPPOSE DU N°23,POINT (50.706759 3.201252),3.201252,50.706759,1,,0,3034,,1,WATTRELOS
arret_point.4688,4688,SAP011,Delecourt,RUE DE L ' UNION 59150 WATTRELOS - AU DROIT DU N° 39,POINT (50.713881 3.179167),3.179167,50.713881,1,,0,4670,,2,WATTRELOS
arret_point.4678,4678,CBO004,College Neruda,RUE VIOLET LEDUC 59150 WATTRELOS - AU DROIT DU COLLEGE,POINT (50.709232 3.236878),3.236878,50.709232,1,,0,4707,,1,WATTRELOS
arret_point.4670,4670,MOL002,Mont A Leux,RUE DU MONT A LEUX 59150 WATTRELOS - A L'OPPOSE DU N° 489,POINT (50.722466 3.190757),3.190757,50.722466,1,,0,2129,,2,WATTRELOS
arret_point.4671,4671,CHN002,Chardonnet,RUE DU MONT A LEUX 59150 WATTRELOS - A L OPPOSE DU N° 126,POINT (50.717725 3.184911),3.184911,50.717725,1,,0,2139,,1,WATTRELOS
arret_point.4675,4675,WJB002,Duthoit,RUE STEPHENSON 59150 WATTRELOS - ANGLE BD P. MENDES FRANCE,POINT (50.694361 3.210485),3.210485,50.694361,1,,0,4680,,1,WATTRELOS
arret_point.4692,4692,CIN002,Cimetiere Intercommunal,RUE DE LEERS 59150 WATTRELOS - AU DROIT DU CIMETIERE,POINT (50.696742 3.226245),3.226245,50.696742,1,,0,2138,,2,WATTRELOS
arret_point.4680,4680,MAR001,Voltaire,RUE VOLTAIRE 59150 WATTRELOS - A L'OPPOSE DU N°122,POINT (50.713728 3.193602),3.193602,50.713728,1,,0,5473,,1,WATTRELOS
arret_point.4644,4644,PLG002,De Gaulle,RUE J.B LEBAS 59150 WATTRELOS - A L'OPPOSÉ DU N°102,POINT (50.703284 3.219539),3.219539,50.703284,1,,0,2164,,1,WATTRELOS
arret_point.4636,4636,WAG001,Wagner,RUE DU SAPIN VERT 59150 WATTRELOS - A L OPPOSE DU N° 424,POINT (50.713301 3.185232),3.185232,50.713301,1,,0,2205,,2,WATTRELOS
arret_point.4640,4640,CIS002,Cimetiere,RUE CORNEILLE 59150 WATTRELOS - AU DROIT DU N° 16,POINT (50.713925 3.188477),3.188477,50.713925,1,,0,4971,,1,WATTRELOS
arret_point.4635,4635,SAP012,Delecourt,RUE A . DELECOURT 59150 WATTRELOS - AU DROIT DU N° 3,POINT (50.714155 3.179765),3.179765,50.714155,1,,0,4670,,2,WATTRELOS
arret_point.4633,4633,WAT001,Centre,RUE GUSTAVE DELORY 59150 WATTRELOS - AU DROIT DU N° 18,POINT (50.703231 3.214425),3.214425,50.703231,1,,0,2150,,1,WATTRELOS
arret_point.4632,4632,PAL002,Parc Du Lion,RUE GEORGES PHILIPPOT 59150 WATTRELOS - AU DROIT DU N°93,POINT (50.706954 3.209306),3.209306,50.706954,1,,0,2155,,2,WATTRELOS
arret_point.5041,5041,CRE004,Cretinier,RUE DU 19 MARS 1962 59150 WATTRELOS - A L OPPOSE DU N°3,POINT (50.707329 3.197956),3.197956,50.707329,1,,0,6789,,2,WATTRELOS
arret_point.5042,5042,CAP006,Pn Cartigny,RUE CHARLES CASTERMANT 59150 WATTRELOS -,POINT (50.704675 3.194026),3.194026,50.704675,1,,0,1487,,2,WATTRELOS
arret_point.4653,4653,CIN001,Cimetiere Intercommunal,RUE DE LEERS 59150 WATTRELOS - A L'OPPOSE DU CIMETIERE,POINT (50.696265 3.226476),3.226476,50.696265,1,,0,2138,,2,WATTRELOS
arret_point.4655,4655,ACQ002,Jacquard,RUE DE LA MARTINOIRE 59150 WATTRELOS - A L'OPPOSE DU N°285,POINT (50.717629 3.197555),3.197555,50.717629,1,,0,2195,,1,WATTRELOS
arret_point.4661,4661,SVD002,Saint Vincent De Paul,RUE DES PATRIOTES 59150 WATTRELOS - A L'OPPOSE DU N° 77,POINT (50.70724 3.19657),3.19657,50.70724,1,,0,2174,,2,WATTRELOS
arret_point.4656,4656,CIP002,Cite A. Prouvost,BOULEVARD DE L EGALITE 59150 WATTRELOS - ANGLE RUE DES PATRIOTES,POINT (50.709854 3.194722),3.194722,50.709854,1,,0,2130,,2,WATTRELOS
arret_point.4663,4663,WHT001,Winhoutte,RUE DE LA MARTINOIRE 59150 WATTRELOS - A L OPPOSE DU N° 221,POINT (50.716488 3.20036),3.20036,50.716488,1,,0,2126,,2,WATTRELOS
arret_point.4669,4669,SAP002,Sapin Vert,RUE DU SAPIN VERT 59150 WATTRELOS - AU DROIT DU N° 568,POINT (50.715076 3.180176),3.180176,50.715076,1,,0,2147,,2,WATTRELOS
arret_point.4647,4647,VAO003,Vallon,RUE VALLON 59150 WATTRELOS - AU DROIT DU 49,POINT (50.704506 3.225578),3.225578,50.704506,1,,0,2175,,1,WATTRELOS
arret_point.4652,4652,ZBE011,Quart. Beaulieu,RUE PIERRE BROSSOLETTE 59150 WATTRELOS - FACE AU 5,POINT (50.703016 3.23565),3.23565,50.703016,1,,0,6942,,0,WATTRELOS
arret_point.4659,4659,MSS001,Mousserie,RUE ALFRED DELECOURT 59150 WATTRELOS - A L'OPPOSE DU N° 161,POINT (50.710101 3.184895),3.184895,50.710101,1,,0,2160,,2,WATTRELOS
arret_point.4645,4645,MAR002,Voltaire,RUE VOLTAIRE 59150 WATTRELOS - A L'OPPOSE DU N°59,POINT (50.714675 3.192813),3.192813,50.714675,1,,0,5473,,1,WATTRELOS
arret_point.4649,4649,MOL001,Mont A Leux,RUE DU MONT A LEUX 59150 WATTRELOS - AU DROIT DU N° 437,POINT (50.721679 3.190319),3.190319,50.721679,1,,0,2129,,2,WATTRELOS
arret_point.4716,4716,THO001,Place Thomas,RUE GEORGES PHILIPPOT 59150 WATTRELOS - AU DROIT DU N° 202,POINT (50.709652 3.206995),3.206995,50.709652,1,,0,2199,,2,WATTRELOS
arret_point.4718,4718,FOC002,Foch,RUE LÉON BLUM 59150 WATTRELOS - À L'OPPOSÉ DU N° 16,POINT (50.705151 3.230618),3.230618,50.705151,1,,0,2128,,2,WATTRELOS
arret_point.4719,4719,CBO002,College Neruda,RUE VIOLLET LE DUC 59150 WATTRELOS - AU DROIT DU N° 3,POINT (50.709225 3.236652),3.236652,50.709225,1,,0,4707,,1,WATTRELOS
arret_point.4720,4720,WAH002,Hotel De Ville,RUE GUSTAVE DELORY 59150 WATTRELOS - AU DROIT DU N° 10,POINT (50.702579 3.21536),3.21536,50.702579,1,,0,2157,,1,WATTRELOS
arret_point.4723,4723,OAE001,Pont Du Sartel,RUE ALBERT PREMIER 59150 WATTRELOS - A L OPPOSE DU N° 4,POINT (50.693297 3.204874),3.204874,50.693297,1,,0,7871,,1,WATTRELOS
arret_point.4713,4713,VAO001,Vallon,RUE DE LA BAILLERIE 59150 WATTRELOS - A L'OPPOSE DU N°19,POINT (50.704837 3.226968),3.226968,50.704837,1,,0,2175,,1,WATTRELOS
arret_point.4721,4721,SGD003,Saint Gerard,RUE DE LA POTENTE 59150 WATTRELOS - À L'OPPOSÉ DU N°13,POINT (50.7225 3.187013),3.187013,50.7225,1,,0,6603,,2,WATTRELOS
arret_point.4694,4694,ZWH002,Egalite,RUE DE LA MARTINOIRE 59150 WATTRELOS - AU DROIT DU N° 119,POINT (50.714961 3.201973),3.201973,50.714961,1,,0,4679,,2,WATTRELOS
arret_point.4708,4708,ZBE012,Quart. Beaulieu,RUE GASTON DEFERRE 59150 WATTRELOS - AU DROIT DU N° 2,POINT (50.703418 3.234683),3.234683,50.703418,1,,0,6942,,1,WATTRELOS
arret_point.4698,4698,FON002,La Fontaine,RUE VOLTAIRE 59150 WATTRELOS - AU DROIT DU N° 48,POINT (50.712045 3.195678),3.195678,50.712045,1,,0,2136,,2,WATTRELOS
arret_point.4705,4705,STS002,Stephenson,RUE DE STEPHENSON 59150 WATTRELOS - AU DROIT DU N° 69,POINT (50.696057 3.209116),3.209116,50.696057,1,,0,2148,,2,WATTRELOS
arret_point.4701,4701,VIP002,Vieille Place,RUE PIERRE CATTEAU 59150 WATTRELOS - AU DROIT DU N° 98,POINT (50.703279 3.21016),3.21016,50.703279,1,,0,2197,,2,WATTRELOS
arret_point.4696,4696,GRI001,Grimomprez,RUE DE LA MARTINOIRE 59150 WATTRELOS - AU DROIT DU N° 360,POINT (50.71639 3.195202),3.195202,50.71639,1,,0,2125,,1,WATTRELOS
arret_point.4693,4693,SAV001,Savary,RUE DE TOUL 59150 WATTRELOS - AU DROIT DU N° 83,POINT (50.708784 3.198984),3.198984,50.708784,1,,0,2132,,2,WATTRELOS
arret_point.4702,4702,CRE001,Cretinier,PLACE L'HUMANITÉ 59150 WATTRELOS - AU DROIT DU N° 1,POINT (50.704698 3.199648),3.199648,50.704698,1,,0,6789,,2,WATTRELOS
arret_point.4740,4740,RUN001,Leon Jouhaux,RUE DE L'UNION 59150 WATTRELOS - A L'OPPOSE DU N° 176,POINT (50.711659 3.176149),3.176149,50.711659,1,,0,4600,,1,WATTRELOS
arret_point.4747,4747,ENO002,La Martinoire,RUE DU MONT À LEUX 59150 WATTRELOS - AU DROIT DU N° 278,POINT (50.718438 3.188244),3.188244,50.718438,1,,0,2161,,1,WATTRELOS
arret_point.4750,4750,IQU002,Republique,RUE CARNOT 59150 WATTRELOS - A L OPPOSE DU N° 189,POINT (50.697643 3.205571),3.205571,50.697643,1,,0,4454,,2,WATTRELOS
arret_point.4745,4745,CAG001,Ma Campagne,RUE HENRI BRIFFAUT 59150 WATTRELOS - AU DROIT DU N° 113,POINT (50.704075 3.204171),3.204171,50.704075,1,,0,2141,,1,WATTRELOS
arret_point.4732,4732,ZBE007,Quart. Beaulieu,RUE GASTON DEFERRE 59150 WATTRELOS - COULOIR BUS DU MILIEU,POINT (50.703101 3.235016),3.235016,50.703101,1,,0,6942,,1,WATTRELOS
arret_point.4730,4730,CHN001,Chardonnet,RUE DU MONT A LEUX 59150 WATTRELOS - A L'OPP DU N° 126,POINT (50.717806 3.184828),3.184828,50.717806,1,,0,2139,,1,WATTRELOS
arret_point.4733,4733,VIP001,Vieille Place,RUE PIERRE CATTEAU 59150 WATTRELOS - AU DROIT DU N° 105,POINT (50.703162 3.210187),3.210187,50.703162,1,,0,2197,,2,WATTRELOS
arret_point.4737,4737,ALF001,Flandre,RUE JULES GUESDE 59150 WATTRELOS - A L'OPP DU N° 109,POINT (50.708139 3.227987),3.227987,50.708139,1,,0,2156,,2,WATTRELOS
arret_point.4742,4742,HOP003,Hopital,RUE DU GÉNÉRAL DE GAULLE 59150 WATTRELOS - À L'OPPOSÉ DU N° 40,POINT (50.702029 3.220731),3.220731,50.702029,1,,0,2190,,1,WATTRELOS
arret_point.4751,4751,ZBE006,Quart. Beaulieu,RUE LEON BLUM 59150 WATTRELOS - A L OPPOSE DU N° 2,POINT (50.703472 3.234571),3.234571,50.703472,1,,0,6942,,1,WATTRELOS
arret_point.4746,4746,CRE002,Cretinier,PLACE L'HUMANITÉ 59150 WATTRELOS - ANGLE RUE DES PATRIOTES,POINT (50.704931 3.199723),3.199723,50.704931,1,,0,6789,,2,WATTRELOS
arret_point.4727,4727,CIC002,Cimetiere Centre,RUE DE LEERS 59150 WATTRELOS - AU DROIT DU CIMETIERE N°161,POINT (50.697915 3.224119),3.224119,50.697915,1,,0,5695,,2,WATTRELOS
arret_point.4724,4724,WPL001,Wattrelos Place,PLACE JEAN DELVAINQUIERE 59150 WATTRELOS - AU DROIT DU N° 16,POINT (50.700966 3.215021),3.215021,50.700966,1,,0,7202,,1,WATTRELOS
arret_point.4725,4725,RCA002,Carnot,RUE CARNOT 59150 WATTRELOS - AU DROIT DU N° 288,POINT (50.696305 3.201932),3.201932,50.696305,1,,0,2204,,2,WATTRELOS
arret_point.4743,4743,PLG001,De Gaulle,RUE J.B LEBAS 59150 WATTRELOS - AU DROIT DU N° 102,POINT (50.703283 3.219751),3.219751,50.703283,1,,0,2164,,2,WATTRELOS
arret_point.4731,4731,WAH001,Hotel De Ville,RUE GUSTAVE DELORY 59150 WATTRELOS - AU DROIT DU N° 35,POINT (50.702281 3.215637),3.215637,50.702281,1,,0,2157,,1,WATTRELOS
arret_point.4763,4763,WRP002,Republique,PLACE DE LA REPUBLIQUE 59136 WAVRIN -,POINT (50.568825 2.931685),2.931685,50.568825,1,,0,2215,,2,WAVRIN
arret_point.4760,4760,LFT001,La Fontaine,RUE JEAN-BAPTISTE LEBAS 59136 WAVRIN -,POINT (50.566279 2.925725),2.925725,50.566279,1,,0,2872,,1,WAVRIN
arret_point.4759,4759,LFT002,La Fontaine,JEAN-BAPTISTE LEBAS 59136 WAVRIN - À L'OPPOSÉ DU N°43,POINT (50.566377 2.925839),2.925839,50.566377,1,,0,2872,,2,WAVRIN
arret_point.4762,4762,MAV002,Marais,RUE DU GENERAL KOENIG 59136 WAVRIN - À L'OPPPOSÉ DU N°58,POINT (50.563078 2.927335),2.927335,50.563078,1,,0,2220,,2,WAVRIN
arret_point.4753,4753,LED001,Lotissement Edf,RUE DU GENERAL KOENIG 59136 WAVRIN - AU DROIT DU GARAGE BMCAUTO,POINT (50.557231 2.923069),2.923069,50.557231,1,,0,2212,,1,WAVRIN
arret_point.4752,4752,WDG002,Gare,RUE VINCENT AURIOL 59136 WAVRIN - AU DROIT DE LA GARE,POINT (50.574557 2.937374),2.937374,50.574557,1,,0,2225,,1,WAVRIN
arret_point.4754,4754,WDZ002,Rue Des Wazieres,RUE JEAN-BAPTISTE LEBAS 59136 WAVRIN -,POINT (50.564774 2.919665),2.919665,50.564774,1,,0,2222,,1,WAVRIN
arret_point.4756,4756,MAV001,Marais,RUE DU GENERAL KOENIG 59136 WAVRIN -,POINT (50.563284 2.927309),2.927309,50.563284,1,,0,2220,,1,WAVRIN
arret_point.4755,4755,BML001,College Blum,RUE JULES FERRY 59136 WAVRIN - AU DROIT DU COLLÈGE BLUM,POINT (50.572247 2.940164),2.940164,50.572247,1,,0,2219,,1,WAVRIN
arret_point.4764,4764,WDZ001,Rue Des Wazieres,RUE JEAN-BAPTISTE LEBAS 59136 WAVRIN -,POINT (50.564781 2.920144),2.920144,50.564781,1,,0,2222,,1,WAVRIN
arret_point.4769,4769,LED002,Lotissement Edf,RUE DU GENERAL KOENIG 59136 WAVRIN -,POINT (50.557248 2.923281),2.923281,50.557248,1,,0,2212,,1,WAVRIN
arret_point.4767,4767,KOE003,Koenig,RUE DU GÉNÉRAL KOENIG 59136 WAVRIN - A L'OPP DU N°30,POINT (50.565342 2.928446),2.928446,50.565342,1,,0,2223,,2,WAVRIN
arret_point.4768,4768,WAE002,Eglise,PLACE PASTEUR 59136 WAVRIN - À L'OPPOSÉ DU N°8,POINT (50.5735 2.938911),2.938911,50.5735,1,,0,2214,,2,WAVRIN
arret_point.4772,4772,ERO002,Europe,RUE GABRIEL PÉRI 59117 WERVICQ SUD -,POINT (50.771621 3.046217),3.046217,50.771621,1,,0,5745,,1,WERVICQ SUD
arret_point.4774,4774,VIT002,Victoire,RUE ARISTIDE BRIAND 59117 WERVICQ SUD - ANGLE RUE DE LA VICTOIRE,POINT (50.769361 3.038407),3.038407,50.769361,1,,0,5746,,1,WERVICQ SUD
arret_point.4781,4781,ORE001,Rue D'Oresmieux,RUE THEODORE BRAME 59134 WICRES - A L'OPP DU N°711,POINT (50.56586 2.861506),2.861506,50.56586,1,,0,2238,,2,WICRES
arret_point.4778,4778,WIM002,Wicres Mairie,RUE DE L'EGLISE 59134 WICRES - À L'OPPOSÉ DU N°35,POINT (50.571495 2.867636),2.867636,50.571495,1,,0,5701,,1,WICRES
arret_point.4783,4783,ORE002,Rue D'Oresmieux,RUE D'ORESMIEUX 59134 WICRES - OPPOSE A UN CHAMP,POINT (50.5655 2.861784),2.861784,50.5655,1,,0,2238,,1,WICRES
arret_point.4786,4786,OIN001,Beau Coin,RUE DE VERDUN 59780 WILLEMS - A L'OPP DU N°45,POINT (50.632772 3.236701),3.236701,50.632772,1,,0,2241,,1,WILLEMS
arret_point.4787,4787,PUR001,Pureur,RUE DE LA REPUBLIQUE 59780 WILLEMS - AU DROIT DU N° 97,POINT (50.626109 3.234042),3.234042,50.626109,1,,0,2244,,1,WILLEMS
arret_point.4788,4788,PBT001,Petit Baptiste,RUE JEAN JAURES 59780 WILLEMS - AU DROIT DU N° 20,POINT (50.630594 3.237677),3.237677,50.630594,1,,0,6331,,2,WILLEMS
arret_point.4792,4792,PBT002,Petit Baptiste,RUE JEAN BAPTISTE LEBAS 59780 WILLEMS - AU DROIT DU N°5,POINT (50.630588 3.237352),3.237352,50.630588,1,,0,6331,,1,WILLEMS
arret_point.4791,4791,AQU002,Baraques,CHAUSSEE DE VERDUN 59780 WILLEMS - A L'OPPOSE DU N°48,POINT (50.639556 3.235158),3.235158,50.639556,1,,0,2243,,2,WILLEMS
arret_point.4795,4795,FRO001,Mairie,RUE DE VERDUN 59249 FROMELLES -,POINT (50.605804 2.85365),2.85365,50.605804,1,,0,2298,,1,FROMELLES
arret_point.4796,4796,FRO002,Mairie,RUE DE VERDUN 59249 FROMELLES -,POINT (50.605945 2.854314),2.854314,50.605945,1,,0,2298,,1,FROMELLES
arret_point.4799,4799,FRB002,Calvaire,RUE DE LOMMERIES 59249 FROMELLES -,POINT (50.607842 2.865936),2.865936,50.607842,1,,0,2299,,2,FROMELLES
arret_point.4806,4806,BGR001,Bois Grenier Cimetiere,RUE DU SS-LIEUTENANT DE POURTALÈS 59280 BOIS GRENIER - À L'OPPOSÉ DU N° 334,POINT (50.64743 2.875778),2.875778,50.64743,1,,0,9028,,1,BOIS GRENIER
arret_point.4803,4803,BGR002,Bois Grenier Cimetiere,RUE DU SS LIEUTENANT  DE POURTALES 59280 BOIS GRENIER -  DROIT DE L'ENTRÉE  CIMETIÈRE,POINT (50.647025 2.876254),2.876254,50.647025,1,,0,9028,,1,BOIS GRENIER
arret_point.4804,4804,BGP002,Gris Pot,RUE D ARMENTIERES 59280 BOIS GRENIER - AU DROIT DU N° 1170,POINT (50.659339 2.872379),2.872379,50.659339,1,,0,2251,,1,BOIS GRENIER
arret_point.4805,4805,BGP001,Gris Pot,RUE D ARMENTIERES 59280 BOIS GRENIER - AU DROIT DU N° 1137,POINT (50.659251 2.871955),2.871955,50.659251,1,,0,2251,,1,BOIS GRENIER
arret_point.4809,4809,BGR003,Mairie,RUE DE LA CHAPELLE 59280 BOIS GRENIER - AU DRIOIT DU N°205,POINT (50.65036 2.876515),2.876515,50.65036,1,,0,2250,,2,BOIS GRENIER
arret_point.4808,4808,JBM001,Jb Messean,RUE JEAN BAPTISTE MESSEAN 59280 BOIS GRENIER -,POINT (50.636032 2.871058),2.871058,50.636032,1,,0,8017,,1,BOIS GRENIER
arret_point.4807,4807,BGR004,Mairie,RUE DE LA CHAPELLE 59280 BOIS GRENIER - AU DROIT DU N° 113,POINT (50.650274 2.875809),2.875809,50.650274,1,,0,2250,,2,BOIS GRENIER
arret_point.4814,4814,BES002,Sacre Coeur,RUE DU BOURG 59249 AUBERS -,POINT (50.594523 2.821698),2.821698,50.594523,1,,0,8917,,1,AUBERS
arret_point.3648,3648,BES001,Sacre Coeur,RUE DU BOURG 59249 AUBERS -,POINT (50.594442 2.82188),2.82188,50.594442,1,,0,8917,,1,AUBERS
arret_point.4812,4812,WDH001,Wardhust,RUE DES SABLONNIERES 59249 AUBERS - AU DROIT DU N°78,POINT (50.597543 2.810804),2.810804,50.597543,1,,0,2399,,1,AUBERS
arret_point.4811,4811,AUC001,Ecole,RUE D HOUDRINGUE 59249 AUBERS - A L OPPOSE DU N° 51,POINT (50.59809 2.831626),2.831626,50.59809,1,,0,2398,,1,AUBERS
arret_point.4097,4097,AUC002,Ecole,RUE D'HOUDRINGUE 59249 AUBERS -,POINT (50.597384 2.83083),2.83083,50.597384,1,,0,2398,,1,AUBERS
arret_point.4816,4816,AAS001,Sacre Coeur,RUE DU BOURG 59249 AUBERS - AU DROIT DU N°80,POINT (50.594309 2.821273),2.821273,50.594309,1,,0,2397,,0,AUBERS
arret_point.4818,4818,BVM001,Mairie,RUE JEAN JAURES 59221 BAUVIN - A L OPPOSE DU N° 40A,POINT (50.515135 2.896532),2.896532,50.515135,1,,0,2435,,1,BAUVIN
arret_point.4823,4823,SJH001,Rue D'Houtem,RUE CARNOT 7780 COMINES BELGIQUE - 20M APR LA RUE GAMBETTA,POINT (50.775093 2.99058),2.99058,50.775093,1,,0,8983,,2,COMINES BELGIQUE
arret_point.4822,4822,ANE001,Place Sainte Anne,7780 COMINES BELGIQUE -,POINT (50.769045 2.999566),2.999566,50.769045,1,,0,2453,,0,COMINES BELGIQUE
arret_point.4825,4825,SHE001,Institut St Henri ( B ),7780 COMINES BELGIQUE -,POINT (50.772609 3.002344),3.002344,50.772609,1,,0,2450,,0,COMINES BELGIQUE
arret_point.4826,4826,KGA001,Gare,7780 COMINES BELGIQUE -,POINT (50.771299 2.997432),2.997432,50.771299,1,,0,2456,,0,COMINES BELGIQUE
arret_point.4835,4835,HFE002,Ferme Lassus,7700 MOUSCRON BELGIQUE -,POINT (50.716476 3.239848),3.239848,50.716476,1,,0,2477,,0,MOUSCRON BELGIQUE
arret_point.4827,4827,HPL001,Place,7700 MOUSCRON BELGIQUE -,POINT (50.722887 3.232631),3.232631,50.722887,1,,0,2479,,0,MOUSCRON BELGIQUE
arret_point.4831,4831,MPJ002,Place De La Justice,7700 MOUSCRON BELGIQUE -,POINT (50.738895 3.220551),3.220551,50.738895,1,,0,2469,,0,MOUSCRON BELGIQUE
arret_point.4828,4828,CPH002,Chapelle,7700 MOUSCRON BELGIQUE -,POINT (50.72581 3.231539),3.231539,50.72581,1,,0,2489,,0,MOUSCRON BELGIQUE
arret_point.4834,4834,HGL002,Les Glycines,7700 MOUSCRON BELGIQUE -,POINT (50.713444 3.243537),3.243537,50.713444,1,,0,2472,,0,MOUSCRON BELGIQUE
arret_point.4832,4832,MRO002,Rue De Rollegem,7700 MOUSCRON BELGIQUE -,POINT (50.742814 3.226811),3.226811,50.742814,1,,0,2482,,0,MOUSCRON BELGIQUE
arret_point.4830,4830,HFE001,Ferme Lassus,7700 MOUSCRON BELGIQUE -,POINT (50.71755 3.238865),3.238865,50.71755,1,,0,2477,,0,MOUSCRON BELGIQUE
arret_point.4829,4829,HPL002,Place,7700 MOUSCRON BELGIQUE -,POINT (50.722635 3.232782),3.232782,50.722635,1,,0,2479,,0,MOUSCRON BELGIQUE
arret_point.4841,4841,LIU001,Eglise St Amand,7700 MOUSCRON BELGIQUE -,POINT (50.738118 3.233738),3.233738,50.738118,1,,0,2466,,0,MOUSCRON BELGIQUE
arret_point.4844,4844,RPE002,Rue De La Pepiniere,7700 MOUSCRON BELGIQUE -,POINT (50.74681 3.213594),3.213594,50.74681,1,,0,2465,,0,MOUSCRON BELGIQUE
arret_point.4845,4845,LUI002,Au Chevalier,7700 MOUSCRON BELGIQUE -,POINT (50.734456 3.232923),3.232923,50.734456,1,,0,2470,,0,MOUSCRON BELGIQUE
arret_point.4842,4842,MPP002,Place De Picardie,7700 MOUSCRON BELGIQUE -,POINT (50.743804 3.212524),3.212524,50.743804,1,,0,2458,,0,MOUSCRON BELGIQUE
arret_point.4847,4847,LRS001,L'Ours,7700 MOUSCRON BELGIQUE -,POINT (50.744926 3.211115),3.211115,50.744926,1,,0,2840,,0,MOUSCRON BELGIQUE
arret_point.4840,4840,HCI001,Citadelle,7700 MOUSCRON BELGIQUE -,POINT (50.711979 3.237832),3.237832,50.711979,1,,0,2464,,0,MOUSCRON BELGIQUE
arret_point.4854,4854,GRM001,Gare,7700 MOUSCRON BELGIQUE -,POINT (50.741186 3.228747),3.228747,50.741186,1,,0,2508,,0,MOUSCRON BELGIQUE
arret_point.4852,4852,LUC002,La Carpe,7700 MOUSCRON BELGIQUE -,POINT (50.740831 3.230748),3.230748,50.740831,1,,0,2471,,0,MOUSCRON BELGIQUE
arret_point.4851,4851,LUC003,Bocle,7700 MOUSCRON BELGIQUE -,POINT (50.743224 3.23342),3.23342,50.743224,1,,0,2467,,0,MOUSCRON BELGIQUE
arret_point.4853,4853,HGL001,Les Glycines,7700 MOUSCRON BELGIQUE -,POINT (50.713216 3.243985),3.243985,50.713216,1,,0,2472,,0,MOUSCRON BELGIQUE
arret_point.4856,4856,ZUI001,Zuidstraadt,8930 MENEN (BELGIQUE) -,POINT (50.788235 3.136945),3.136945,50.788235,1,,0,2493,,0,MENEN (BELGIQUE)
arret_point.4857,4857,IMP002,Cite,07730 LEERS NORD BELGIQUE -,POINT (50.687595 3.262666),3.262666,50.687595,1,,0,2504,,0,LEERS NORD BELGIQUE
arret_point.4861,4861,LEN001,Leers Nord Belgique,07730 LEERS NORD BELGIQUE -,POINT (50.687514 3.273467),3.273467,50.687514,1,,0,2506,,0,LEERS NORD BELGIQUE
arret_point.15,15,6995,Bargues,BARGUES 59139 NOYELLES LES SECLIN,POINT (50.575137 3.0224),3.0224,50.575137,1,,1,,,0,NOYELLES LES SECLIN
arret_point.18,18,6953,Securite Sociale,SECURITE SOCIALE 59280 ARMENTIERES,POINT (50.682014 2.880796),2.880796,50.682014,1,,1,,,0,ARMENTIERES
arret_point.17,17,6989,Cat,CAT 59280 ARMENTIERES,POINT (50.691116 2.889367),2.889367,50.691116,1,,1,,,0,ARMENTIERES
arret_point.19,19,6877,Petit Bondues,PETIT BONDUES 59910 BONDUES,POINT (50.718772 3.082087),3.082087,50.718772,1,,1,,,0,BONDUES
arret_point.20,20,5732,Bousbecque Cat,BOUSBECQUE CAT 59166 BOUSBECQUE,POINT (50.772852 3.068978),3.068978,50.772852,1,,1,,,0,BOUSBECQUE
arret_point.778,778,6960,Aristide Briand,ARISTIDE BRIAND 59280 ARMENTIERES,POINT (50.690861 2.886117),2.886117,50.690861,1,,1,,,0,ARMENTIERES
arret_point.775,775,6962,Rue De Lille,RUE DE LILLE 59280 ARMENTIERES,POINT (50.683875 2.879842),2.879842,50.683875,1,,1,,,0,ARMENTIERES
arret_point.776,776,6880,Piscine,PISCINE 59280 ARMENTIERES,POINT (50.689687 2.869485),2.869485,50.689687,1,,1,,,0,ARMENTIERES
arret_point.777,777,5776,Jean Jaures,JEAN JAURES 59280 ARMENTIERES,POINT (50.685787 2.887515),2.887515,50.685787,1,,1,,,0,ARMENTIERES
arret_point.781,781,5173,Voie 227,VOIE227 59910 BONDUES,POINT (50.717381 3.073166),3.073166,50.717381,1,,1,,,0,BONDUES
arret_point.779,779,217,Carrel,CARREL 59910 BONDUES,POINT (50.721281 3.130192),3.130192,50.721281,1,,1,,,0,BONDUES
arret_point.780,780,180,Fort De Bondues,FORT DE BONDUES 59910 BONDUES,POINT (50.691455 3.087427),3.087427,50.691455,1,,1,,,0,BONDUES
arret_point.782,782,224,Eglise,BONDUES EGLISE 59910 BONDUES,POINT (50.704134 3.09242),3.09242,50.704134,1,,1,,,0,BONDUES
arret_point.783,783,198,N. Segard,BONDUES NORBERT SEGARD 59910 BONDUES,POINT (50.70492 3.09455),3.09455,50.70492,1,,1,,,0,BONDUES
arret_point.784,784,5731,Chem Des Vaches,CHEMIN DES VACHES 59166 BOUSBECQUE,POINT (50.772996 3.064369),3.064369,50.772996,1,,1,,,0,BOUSBECQUE
arret_point.1290,1290,519,Ampere,AMPERE 59510 HEM,POINT (50.661825 3.192755),3.192755,50.661825,1,,1,,,0,HEM
arret_point.4211,4211,DHE002,Faidherbe,59200 TOURCOING -,POINT (50.703751 3.143177),3.143177,50.703751,1,,0,5961,,2,TOURCOING
arret_point.4798,4798,FRB003,Calvaire,59249 FROMELLES -,POINT (50.608018 2.866727),2.866727,50.608018,1,,0,2299,,0,FROMELLES
arret_point.3,3,5618,Poste,POSTE 59510 HEM,POINT (50.660535 3.184788),3.184788,50.660535,1,,1,,,0,HEM
arret_point.240,240,6951,Papinerie,PAPINERIE 59115 LEERS,POINT (50.673438 3.234963),3.234963,50.673438,1,,1,,,0,LEERS
arret_point.390,390,5786,Ouvroir,OUVROIR 59910 BONDUES,POINT (50.706263 3.090418),3.090418,50.706263,1,,1,,,0,BONDUES
arret_point.528,528,5578,Escalette,ESCALETTE 59420 MOUVAUX,POINT (50.697025 3.141712),3.141712,50.697025,1,,1,,,0,MOUVAUX
arret_point.550,550,1788,Pont Du Blanc Seau,PONT DU BLANC SEAU 59200 TOURCOING,POINT (50.695184 3.146131),3.146131,50.695184,1,,1,,,0,TOURCOING
arret_point.555,555,1869,Juin,JUIN 59200 TOURCOING,POINT (50.7395 3.186596),3.186596,50.7395,1,,1,,,0,TOURCOING
arret_point.673,673,6,Place,LE MAISNIL PLACE 59134 LE MAISNIL,POINT (50.613873 2.885963),2.885963,50.613873,1,,1,,,0,LE MAISNIL
arret_point.10,10,LIG399,Gare Lille Flandres,59000 LILLE -,POINT (50.637096 3.071067),3.071067,50.637096,1,,0,920,,1,LILLE
arret_point.3328,3328,ESC001,Escalette,RUE DE ROUBAIX 59420 MOUVAUX - AU DROIT DU N° 167,POINT (50.697005 3.141952),3.141952,50.697005,1,,0,5578,,1,MOUVAUX
arret_point.4048,4048,PTD001,Pont Du Blanc Seau,RUE DE MOUVAUX 59200 TOURCOING - AU DROIT DU N°19,POINT (50.695248 3.145948),3.145948,50.695248,1,,0,1788,,2,TOURCOING
arret_point.1929,1929,DCA002,Calmette,RUE DU DOCTEUR CALMETTE 59272 DON -,POINT (50.551591 2.916723),2.916723,50.551591,1,,0,313,,1,DON
arret_point.1765,1765,DSA003,Les Saules,59910 BONDUES -,POINT (50.702761 3.071679),3.071679,50.702761,1,,0,7737,,0,BONDUES
arret_point.3019,3019,LMR001,La Marliere,RUE PAUL PAINLEVÉ 59120 LOOS - À DROITE DU N°2,POINT (50.604372 3.012807),3.012807,50.604372,1,,0,6273,,1,LOOS
arret_point.3326,3326,ESC002,Escalette,RUE DE ROUBAIX 59420 MOUVAUX - A L OPPOSE DU N° 165 BIS,POINT (50.697044 3.141458),3.141458,50.697044,1,,0,5578,,1,MOUVAUX
arret_point.3980,3980,RDH002,Rue Du Hem,RUE DU HEM 59320 SEQUEDIN -,POINT (50.63181 2.984871),2.984871,50.63181,1,,0,5970,,1,SEQUEDIN
arret_point.4228,4228,PTD002,Pont Du Blanc Seau,RUE DE MOUVAUX 59200 TOURCOING - AU DROIT DU N° 16 BIS,POINT (50.695111 3.146299),3.146299,50.695111,1,,0,1788,,2,TOURCOING
arret_point.1579,1579,LMS002,Place,59134 LE MAISNIL -,POINT (50.613873 2.885963),2.885963,50.613873,1,,0,6,,0,LE MAISNIL
arret_point.2444,2444,MAF001,Marechal Foch,AVENUE DE L HIPPODROME 59130 LAMBERSART -,POINT (50.648347 3.025492),3.025492,50.648347,1,,0,3985,,2,LAMBERSART
arret_point.1840,1840,GAI001,Gaie Perche,RUE D'ARMENTIÈRES 59560 COMINES -,POINT (50.754877 2.989015),2.989015,50.754877,1,,0,257,,1,COMINES
arret_point.3348,3348,PRF001,Prom De Flandre,ROUTE DE RONCQ 59960 NEUVILLE EN FERRAIN -,POINT (50.742926 3.146495),3.146495,50.742926,1,,0,7636,,1,NEUVILLE EN FERRAIN
arret_point.64,64,5520,Roncq Place,RONCQ PLACE 59223 RONCQ,POINT (50.753424 3.120708),3.120708,50.753424,1,,1,,,0,RONCQ
arret_point.5113,5113,ALB005,A.Thomas,59160 LOMME -,POINT (50.644808 3.000078),3.000078,50.644808,1,,0,1011,,0,LOMME
arret_point.5112,5112,MIT199,Mitterie,AVENUE DE DUNKERQUE 59160 LOMME - ANGLE RUE EUGENE DESCAMPS,POINT (50.646803 3.007709),3.007709,50.646803,1,,0,1036,,2,LOMME
arret_point.5114,5114,RAL006,Rabelais,59160 LOMME -,POINT (50.641906 2.982308),2.982308,50.641906,1,,0,1027,,0,LOMME
arret_point.5115,5115,RAL005,Rabelais,59160 LOMME -,POINT (50.64204 2.98238),2.98238,50.64204,1,,0,1027,,0,LOMME
arret_point.5116,5116,GUB002,Rue Goubet,59160 LOMME -,POINT (50.643523 2.988677),2.988677,50.643523,1,,0,9176,,0,LOMME
arret_point.5117,5117,ALB004,A.Thomas,59160 LOMME -,POINT (50.644868 3.000657),3.000657,50.644868,1,,0,1011,,0,LOMME
arret_point.3695,3695,FTE002,Roubaix Man Fraternite,RUE DE LANNOY 59100 ROUBAIX -,POINT (50.682144 3.193795),3.193795,50.682144,1,,0,1503,,0,ROUBAIX
arret_point.4833,4833,MLU002,Rue Luxembourg,7700 MOUSCRON BELGIQUE -,POINT (50.743352 3.218085),3.218085,50.743352,1,,0,2483,,0,MOUSCRON BELGIQUE
arret_point.5127,5127,SPM001,Stade Pierre Mauroy,59650 VILLENEUVE D ASCQ -,POINT (50.612723 3.127865),3.127865,50.612723,1,,0,9178,,0,VILLENEUVE D ASCQ
arret_point.5120,5120,4CA050,4 Cantons Stade,59650 VILLENEUVE D ASCQ -,POINT (50.612686 3.128047),3.128047,50.612686,1,,0,4704,,0,VILLENEUVE D ASCQ
arret_point.4952,4952,ACA098,Acacias,AVENUE DE FLANDRE 59700 MARCQ EN BAROEUL - AU DROIT DU N° 65-67,POINT (50.665145 3.110855),3.110855,50.665145,1,,0,1120,,0,MARCQ EN BAROEUL
arret_point.4949,4949,CLD099,Villa Cavrois,AVENUE DE FLANDRE 59170 CROIX - A L OPPOSE DU N° 23,POINT (50.668711 3.153479),3.153479,50.668711,1,,0,4630,,2,CROIX
arret_point.4957,4957,DCI099,Hopital Victor Provo,BOULEVARD DU GENERAL DE GAULLE 59100 ROUBAIX - A L OPPOSE DU N° 116,POINT (50.680872 3.167245),3.167245,50.680872,1,,0,7238,,1,ROUBAIX
arret_point.4960,4960,SNO099,Le Sart,AVENUE DE FLANDRE 59650 VILLENEUVE D ASCQ - AU DROIT DU N° 26,POINT (50.663152 3.139304),3.139304,50.663152,1,,0,1982,,2,VILLENEUVE D ASCQ
arret_point.2869,2869,PRR001,Porte D'Arras,BOULEVARD D'ALSACE 59000 LILLE - À L'ANGLE PL JACQUES FEBVRIER,POINT (50.617755 3.062055),3.062055,50.617755,1,,0,866,,0,LILLE
arret_point.4956,4956,DCI098,Hopital Victor Provo,BOULEVARD DU GENERAL DE GAULLE 59100 ROUBAIX -,POINT (50.680875 3.166864),3.166864,50.680875,1,,0,7238,,1,ROUBAIX
arret_point.4976,4976,HDV198,Hotel De Ville,RUE DU VENTOUX 59650 VILLENEUVE D ASCQ - A L OPPOSE DU N° 7,POINT (50.618411 3.131874),3.131874,50.618411,1,,0,1942,,1,VILLENEUVE D ASCQ
arret_point.3670,3670,ELI002,Sainte Elisabeth,RUE DE LANNOY 59100 ROUBAIX - AU DROIT DU N° 109,POINT (50.687965 3.183502),3.183502,50.687965,1,,0,4423,,0,ROUBAIX
arret_point.5017,5017,936,Parvis De Rotterdam,PARVIS DE ROTTERDAM 59000 LILLE,POINT (50.638339 3.077813),3.077813,50.638339,1,,1,,,0,LILLE
arret_point.710,710,755,Renoir,RENOIR 59000 LILLE,POINT (50.620196 3.037034),3.037034,50.620196,1,,1,,,0,LILLE
arret_point.4909,4909,MHE198,Mairie D'Hellemmes,RUE ROGER SALENGRO 59260 HELLEMMES LILLE -,POINT (50.627205 3.108773),3.108773,50.627205,1,,0,494,,2,HELLEMMES LILLE
arret_point.4983,4983,ROM098,Romarin,AVENUE DE LA REPUBLIQUE 59110 LA MADELEINE -,POINT (50.645632 3.074705),3.074705,50.645632,1,,0,618,,0,LA MADELEINE
arret_point.2818,2818,LEC001,Place Leclerc,PLACE DU MARECHAL LECLERC(CENTRALE) 59000 LILLE - COULOIR BUS,POINT (50.628579 3.042553),3.042553,50.628579,1,,0,912,,0,LILLE
arret_point.2755,2755,LEC002,Place Leclerc,PLACE DU MARECHAL LECLERC(LATERAL) 59000 LILLE -,POINT (50.627808 3.042415),3.042415,50.627808,1,,0,912,,0,LILLE
arret_point.877,877,2483,Rue Luxembourg,RUE LUXEMBOURG 7700 MOUSCRON BELGIQUE,POINT (50.743352 3.218085),3.218085,50.743352,1,,1,,,0,MOUSCRON BELGIQUE
arret_point.1075,1075,2468,Grand Place,GRAND PLACE 7700 MOUSCRON BELGIQUE,POINT (50.744807 3.216485),3.216485,50.744807,1,,1,,,0,MOUSCRON BELGIQUE
arret_point.4638,4638,CAP002,Pn Cartigny,RUE CHARLES CASTERMAN 59150 WATTRELOS - AU DROIT DU N° 95,POINT (50.703387 3.195981),3.195981,50.703387,1,,0,1487,,2,WATTRELOS
arret_point.5118,5118,GUB001,Rue Goubet,59160 LOMME -,POINT (50.643327 2.988463),2.988463,50.643327,1,,0,9176,,0,LOMME
arret_point.5111,5111,9176,Rue Goubet,RUE GOUBET 59160 LOMME,POINT (50.643425 2.988577),2.988577,50.643425,1,,1,,,0,
arret_point.706,706,912,Place Leclerc,PLACE LECLERC 59000 LILLE,POINT (50.62822 3.042491),3.042491,50.62822,1,,1,,,0,LILLE
arret_point.2612,2612,LEC003,Place Leclerc,BOULEVARD VAUBAN 59000 LILLE - CHAUSSEE CENTRALE,POINT (50.628283 3.042506),3.042506,50.628283,1,,0,912,,0,LILLE
arret_point.4657,4657,CRE003,Cretinier,RUE DES PATRIOTES 59150 WATTRELOS - A L'OPP DU N°27,POINT (50.705722 3.19814),3.19814,50.705722,1,,0,6789,,0,WATTRELOS
arret_point.4837,4837,MGP002,Grand Place,7700 MOUSCRON BELGIQUE -,POINT (50.744807 3.216485),3.216485,50.744807,1,,0,2468,,0,MOUSCRON BELGIQUE
arret_point.5126,5126,9178,Stade Pierre Mauroy,STADE PIERRE MAUROY,POINT (50.612723 3.127865),3.127865,50.612723,1,,1,,,0,
arret_point.848,848,1659,Prevert,PREVERT 59113 SECLIN,POINT (50.540587 3.022758),3.022758,50.540587,1,,1,,,0,SECLIN
arret_point.2579,2579,VOY001,Voyette,RUE DE LA VOYETTE 59810 LESQUIN - AU DROIT DU N° 5100,POINT (50.583039 3.127804),3.127804,50.583039,1,,0,712,,1,LESQUIN
arret_point.2581,2581,HPO002,Haie Plouvier,RUE DE LA LOUVIÈRE 59810 LESQUIN - AU DROIT D'AUCHAN,POINT (50.577732 3.124325),3.124325,50.577732,1,,0,717,,2,LESQUIN
arret_point.2582,2582,RJA003,Jean Jaures,RUE GUSTAVE DELORY 59810 LESQUIN - A L'OPPOSE DU N° 5,POINT (50.585866 3.104824),3.104824,50.585866,1,,0,727,,2,LESQUIN
arret_point.3009,3009,PRT001,Port Fluvial,AVENUE KUHLMANN 59120 LOOS - À L'OPPOSÉ DU N°421,POINT (50.622867 3.014932),3.014932,50.622867,1,,0,1061,,2,LOOS
arret_point.3011,3011,BAE001,Barbusse,RUE HENRY BARBUSSE 59120 LOOS - A L'OPP DU N°213,POINT (50.606126 3.015312),3.015312,50.606126,1,,0,1084,,1,LOOS
arret_point.3008,3008,LDH001,Dhainaut,RUE GEORGES POTIÉ 59120 LOOS -,POINT (50.613492 3.005218),3.005218,50.613492,1,,0,6276,,1,LOOS
arret_point.3027,3027,HWA001,Hop J De Flandre,RUE PIERRE DECOULX 59120 LOOS - AU DROIT MATER J DE FLANDRE,POINT (50.604954 3.033987),3.033987,50.604954,1,,0,6965,,1,LOOS
arret_point.3028,3028,HWA002,Hop J De Flandre,RUE PIERRE DECOULX 59120 LOOS - A L'OPP  LA MATER J DE FLANDRE,POINT (50.604988 3.034312),3.034312,50.604988,1,,0,6965,,1,LOOS
arret_point.3020,3020,FEN001,Ferme D'Ennequin,RUE GUY MOCQUET 59120 LOOS - À L'OPPOSÉ DE LA FERME,POINT (50.607513 3.0208),3.0208,50.607513,1,,0,6275,,2,LOOS
arret_point.2598,2598,LDE002,Descat,RUE DU PIC AU VENT 59810 LESQUIN - A L'OPPOSE DU N° 137,POINT (50.581686 3.110438),3.110438,50.581686,1,,0,740,,2,LESQUIN
arret_point.2594,2594,PTB001,Petit Bois,RUE JEAN JAURES 59810 LESQUIN - A L'OPPOSE DU N° 11,POINT (50.587076 3.107929),3.107929,50.587076,1,,0,711,,2,LESQUIN
arret_point.2749,2749,RTA002,Artois,RUE BRULE MAISON 59000 LILLE - À L'OPPOSÉ DU N°87,POINT (50.626028 3.061682),3.061682,50.626028,1,,0,757,,2,LILLE
arret_point.2710,2710,HRE001,Henri Regnault,RUE HENRY REGNAULD 59000 LILLE -,POINT (50.632668 3.030058),3.030058,50.632668,1,,0,4189,,1,LILLE
arret_point.2711,2711,MRB199,Marbrerie,RUE PIERRE LEGRAND 59000 LILLE - AU DROIT DU N° 287,POINT (50.630234 3.097777),3.097777,50.630234,1,,0,820,,2,LILLE
arret_point.2728,2728,BAJ001,Bas Jardin,BOULEVARD VICTOR HUGO 59000 LILLE - AU DROIT DU N° 76,POINT (50.623118 3.063924),3.063924,50.623118,1,,0,953,,1,LILLE
arret_point.2708,2708,LBE002,Courbet,RUE DU FAUBOURG DES POSTES 59000 LILLE - 50 APRES CROIS RUE DE CANNES,POINT (50.607806 3.043712),3.043712,50.607806,1,,0,803,,2,LILLE
arret_point.2725,2725,LFU001,Fulton,RUE D'ISLY 59000 LILLE -,POINT (50.623085 3.03699),3.03699,50.623085,1,,0,969,,2,LILLE
arret_point.2747,2747,COR098,Cormontaigne,RUE DE TURENNE 59000 LILLE - ANGLE BLD BIGO DANEL,POINT (50.626095 3.040825),3.040825,50.626095,1,,0,809,,1,LILLE
arret_point.2625,2625,MAG001,Magasin,RUE ROYALE 59000 LILLE -,POINT (50.645396 3.053907),3.053907,50.645396,1,,0,6970,,1,LILLE
arret_point.2678,2678,LIG112,Gare Lille Flandres,AVENUE CORBUSIER 59000 LILLE - AU DROIT DU POINT SOLEIL,POINT (50.637218 3.070236),3.070236,50.637218,1,,0,920,,1,LILLE
arret_point.2674,2674,CHU001,W. Churchill,AVENUE WINSTON CHURCHILL 59000 LILLE - AU DROIT DU N° 26,POINT (50.648715 3.061559),3.061559,50.648715,1,,0,6971,,1,LILLE
arret_point.2643,2643,SQM001,Square Des Meres,RUE DE LANNOY 59000 LILLE - A L'OPPOSE  DU N° 60,POINT (50.634085 3.094464),3.094464,50.634085,1,,0,831,,1,LILLE
arret_point.2680,2680,RMD001,Ramadier,RUE DES BATELIERS 59000 LILLE - CÔTÉ NOUVEAU TGI,POINT (50.647035 3.066487),3.066487,50.647035,1,,0,7830,,1,LILLE
arret_point.2644,2644,CTA002,Place Catinat,RUE COLBERT 59000 LILLE - AU DROIT DE LA PLACE,POINT (50.633717 3.041299),3.041299,50.633717,1,,0,921,,1,LILLE
arret_point.4953,4953,ACA099,Acacias,AVENUE DE FLANDRE 59700 MARCQ EN BAROEUL - AU DROIT DU N°40,POINT (50.664735 3.110496),3.110496,50.664735,1,,0,1120,,2,MARCQ EN BAROEUL
arret_point.4954,4954,PBA098,Parc Barbieux,AVENUE JEAN JAURES 59100 ROUBAIX - AU DROIT DU N° 44,POINT (50.677637 3.161446),3.161446,50.677637,1,,0,1545,,0,ROUBAIX
arret_point.4961,4961,SNO098,Le Sart,AVENUE DE FLANDRE 59650 VILLENEUVE D ASCQ - AU DROIT DU N° 31,POINT (50.6635 3.13969),3.13969,50.6635,1,,0,1982,,1,VILLENEUVE D ASCQ
arret_point.4967,4967,PDW099,Pont De Wasquehal,AVENUE DE FLANDRE 59290 WASQUEHAL -,POINT (50.664326 3.118463),3.118463,50.664326,1,,0,2047,,2,WASQUEHAL
arret_point.4963,4963,PDW098,Pont De Wasquehal,AVENUE DE FLANDRE 59290 WASQUEHAL - AU DROIT DU N° 21BIS,POINT (50.664763 3.117426),3.117426,50.664763,1,,0,2047,,2,WASQUEHAL
arret_point.4951,4951,CLD098,Villa Cavrois,AVENUE DE FLANDRE 59170 CROIX -,POINT (50.668927 3.153328),3.153328,50.668927,1,,0,4630,,1,CROIX
arret_point.4912,4912,CSC199,Cité Scientifique,AVENUE PAUL LANGEVIN 59650 VILLENEUVE D ASCQ - ANGLE AVENUE J.PERRIN,POINT (50.612201 3.142068),3.142068,50.612201,1,,0,6415,,1,VILLENEUVE D ASCQ
arret_point.3754,3754,NAN002,Dunant,BOULEVARD DE BELFORT 59100 ROUBAIX - AU DROIT DU N° 20,POINT (50.688844 3.183503),3.183503,50.688844,1,,0,7110,,0,ROUBAIX
arret_point.4958,4958,PBA099,Parc Barbieux,AVENUE JEAN JAURES 59100 ROUBAIX - A L OPPOSE DU N° 34,POINT (50.678108 3.162047),3.162047,50.678108,1,,0,1545,,0,ROUBAIX
arret_point.4964,4964,LAT098,La Terrasse,AVENUE DE FLANDRE 59290 WASQUEHAL - AU DROIT DU  N° 85,POINT (50.664237 3.126845),3.126845,50.664237,1,,0,2073,,1,WASQUEHAL
arret_point.4975,4975,4CA006,4 Cantons,59650 VILLENEUVE D ASCQ -,POINT (50.605688 3.139299),3.139299,50.605688,1,,0,9115,,0,VILLENEUVE D ASCQ
arret_point.4865,4865,NEC002,Nechin,RUE JOSEPH LEROY 59115 LEERS - A L'OPP DU N° 10,POINT (50.67887 3.24658),3.24658,50.67887,1,,0,700,,0,LEERS
arret_point.4981,4981,ARQ099,La Marque,AVENUE DE FLANDRE 59170 CROIX -,POINT (50.665808 3.148831),3.148831,50.665808,1,,0,288,,0,CROIX
arret_point.5021,5021,ROT002,Parvis De Rotterdam,RUE DU LUXEMBOURG 59000 LILLE - A L'ANGLE DE LA RUE D'ATHENES,POINT (50.638379 3.078519),3.078519,50.638379,1,,0,936,,0,LILLE
arret_point.4758,4758,KOE001,Koenig,59136 WAVRIN -,POINT (50.566383 2.928515),2.928515,50.566383,1,,0,2223,,0,WAVRIN
arret_point.2826,2826,PVY001,Prevoyance,RUE DE LA PREVOYANCE 59000 LILLE -,POINT (50.613334 3.052559),3.052559,50.613334,1,,0,947,,1,LILLE
arret_point.2829,2829,DFI099,Fives,RUE PIERRE LEGRAND 59000 LILLE - AU DROIT DE LA STATION,POINT (50.633023 3.090556),3.090556,50.633023,1,,0,778,,1,LILLE
arret_point.1748,1748,VOI013,Voie 213,59910 BONDUES -,POINT (50.713153 3.075237),3.075237,50.713153,1,,0,7221,,0,BONDUES
arret_point.2822,2822,MDL199,Mairie De Lille,RUE SAINT SAUVEUR 59000 LILLE - AU DROIT DE LA STATION METRO,POINT (50.632919 3.070639),3.070639,50.632919,1,,0,935,,0,LILLE
arret_point.5013,5013,GLE071,Lille Europe,BOULEVARD DE TURIN 59000 LILLE - À L'OPPOSÉ DU NOVOTEL,POINT (50.638912 3.076468),3.076468,50.638912,1,,0,7536,,0,LILLE
arret_point.1928,1928,DON002,Mairie,RUE ANATOLE FRANCE 59272 DON - A L'OPPOSE ANGLE R DE LA DEÛLE,POINT (50.548004 2.920244),2.920244,50.548004,1,,0,314,,0,DON
arret_point.3698,3698,JGU002,Jules Guesde,RUE DE LANNOY 59100 ROUBAIX - AU DROIT DU N° 171,POINT (50.68641 3.186498),3.186498,50.68641,1,,0,1414,,0,ROUBAIX
arret_point.4984,4984,BOT099,Botanique,AVENUE DE LA REPUBLIQUE 59110 LA MADELEINE - AU DROIT DU N°186,POINT (50.648658 3.0787),3.0787,50.648658,1,,0,604,,2,LA MADELEINE
arret_point.5006,5006,TEL099,Cartelot,AVENUE DE LA MARNE 59290 WASQUEHAL - AU DROIT DU N° 8,POINT (50.683754 3.120066),3.120066,50.683754,1,,0,2086,,1,WASQUEHAL
arret_point.4995,4995,OSS098,Brossolette,AVENUE DE LA REPUBLIQUE 59700 MARCQ EN BAROEUL -,POINT (50.659769 3.092596),3.092596,50.659769,1,,0,1134,,0,MARCQ EN BAROEUL
arret_point.5005,5005,3SU098,Trois Suisses,BOULEVARD DE LA MARNE 59420 MOUVAUX -,POINT (50.699012 3.138129),3.138129,50.699012,1,,0,1239,,0,MOUVAUX
arret_point.982,982,6319,Les Acquets,LES ACQUETS 59193 ERQUINGHEM LYS,POINT (50.679101 2.857373),2.857373,50.679101,1,,1,,,0,ERQUINGHEM LYS
arret_point.4969,4969,DFI198,Fives,RUE PIERRE LEGRAND 59000 LILLE - AU DROIT DE LA STATION,POINT (50.633103 3.090754),3.090754,50.633103,1,,0,778,,1,LILLE
arret_point.4968,4968,9115,4 Cantons,4 CANTONS CLE_COMMUNE: 84,POINT (50.605688 3.139299),3.139299,50.605688,1,,1,,,0,VILLENEUVE D ASCQ
arret_point.4908,4908,LZN199,Square Flandres,RUE ROGER SALENGRO 59260 HELLEMMES LILLE - AU DROIT DU N° 301,POINT (50.625169 3.115976),3.115976,50.625169,1,,0,492,,1,HELLEMMES LILLE
arret_point.4970,4970,CGA199,Gambetta,RUE DES POSTES 59000 LILLE - AU DROIT DU N° 72,POINT (50.626167 3.056296),3.056296,50.626167,1,,0,5456,,2,LILLE
arret_point.4972,4972,WAZ199,Wazemmes,RUE DES POSTES 59000 LILLE - À L'OPPOSÉ DU N°147,POINT (50.622596 3.053383),3.053383,50.622596,1,,0,5457,,0,LILLE
arret_point.4974,4974,HDV005,Hotel De Ville,RUE DU VENTOUX 59650 VILLENEUVE D ASCQ - AU DROIT DU N° 7,POINT (50.61851 3.131876),3.131876,50.61851,1,,0,1942,,2,VILLENEUVE D ASCQ
arret_point.5122,5122,ALS199,Alsace,AVENUE D'ALSACE 59100 ROUBAIX -,POINT (50.699701 3.161641),3.161641,50.699701,1,,0,1519,,2,ROUBAIX
arret_point.5123,5123,MER199,Mercure,BOULEVARD GAMBETTA 59200 TOURCOING - AU DROIT DU N° 425,POINT (50.705702 3.160257),3.160257,50.705702,1,,0,1805,,1,TOURCOING
arret_point.5124,5124,MER198,Mercure,BOULEVARD GAMBETTA 59200 TOURCOING - AU DROIT DU N°330,POINT (50.704617 3.160239),3.160239,50.704617,1,,0,1805,,1,TOURCOING
arret_point.2663,2663,ROB001,Bayart,RUE DU PONT À FOURCHON 59000 LILLE - A L'OPP DU N°88,POINT (50.629578 3.02443),3.02443,50.629578,1,,0,4698,,1,LILLE
arret_point.2754,2754,TSS002,Cimetiere Du Sud,RUE DU FAUBOURG DES POSTES 59000 LILLE - AU DROIT DU N°67,POINT (50.612828 3.047025),3.047025,50.612828,1,,0,940,,2,LILLE
arret_point.2787,2787,DFI098,Fives,RUE PIERRE LEGRAND 59000 LILLE - AU DROIT DE LA STATION,POINT (50.633103 3.090754),3.090754,50.633103,1,,0,778,,1,LILLE
arret_point.2758,2758,LIG099,Gare Lille Flandres,59000 LILLE -,POINT (50.637096 3.071067),3.071067,50.637096,1,,0,920,,1,LILLE
arret_point.2767,2767,MRB099,Marbrerie,RUE PIERRE LEGRAND 59000 LILLE - AU DROIT DU N° 287,POINT (50.630395 3.097836),3.097836,50.630395,1,,0,820,,1,LILLE
arret_point.5037,5037,PHL002,Philippe Lebon,RUE SOLFERINO 59000 LILLE - À DROITE DU N°203,POINT (50.628251 3.060487),3.060487,50.628251,1,,0,787,,1,LILLE
arret_point.2858,2858,GID002,Gide,RUE DE CANNES 59000 LILLE -,POINT (50.606716 3.044415),3.044415,50.606716,1,,0,840,,1,LILLE
arret_point.2834,2834,BLE004,Lycee Pasteur,RUE CANNONIERS 59000 LILLE -,POINT (50.640815 3.068752),3.068752,50.640815,1,,0,7846,,1,LILLE
arret_point.2871,2871,CIE099,Madeleine Caulier,PLACE MADELEINE CAULIER 59000 LILLE - A L'OPP DU METRO,POINT (50.636504 3.087519),3.087519,50.636504,1,,0,774,,1,LILLE
arret_point.2878,2878,CIE098,Madeleine Caulier,PLACE MADELEINE CAULIER 59000 LILLE - AU DROI DE LA STATION DE METRO,POINT (50.636514 3.087406),3.087406,50.636514,1,,0,774,,1,LILLE
arret_point.2677,2677,JAG002,Sacre Coeur,RUE SOLFERINO 59000 LILLE - AU DROIT DU 51,POINT (50.633049 3.051459),3.051459,50.633049,1,,0,7541,,0,LILLE
arret_point.4971,4971,CGA198,Gambetta,RUE RUE DES POSTES 59000 LILLE - ANGLE RUE BRULE MAISON,POINT (50.626193 3.056438),3.056438,50.626193,1,,0,5456,,2,LILLE
arret_point.134,134,684,Repos,REPOS 59115 LEERS,POINT (50.682921 3.249506),3.249506,50.682921,1,,1,,,0,LEERS
arret_point.1857,1857,CGA002,Gambetta,RUE GAMBETTA 59560 COMINES - AU DROIT  DU N° 157,POINT (50.760666 3.003358),3.003358,50.760666,1,,0,5841,,2,COMINES
arret_point.2924,2924,RVA002,Renovation,RUE RABELAIS 59160 LOMME - AVANT ANGLE RUE FÉNÉLON,POINT (50.64378 2.980752),2.980752,50.64378,1,,0,1002,,1,LOMME
arret_point.2927,2927,BLC005,Blanchisseurs,RUE KUHLMANN 59160 LOMME - À L'OPPOSÉ DU N°99,POINT (50.628175 3.008813),3.008813,50.628175,1,,0,1009,,1,LOMME
arret_point.2923,2923,MDE002,Maison Des Enfants,AVENUE DE DUNKERQUE 59160 LOMME - AVANT LE 675 D,POINT (50.646217 2.994976),2.994976,50.646217,1,,0,1004,,1,LOMME
arret_point.2964,2964,PSU098,Pont Superieur,AVENUE DE DUNKERQUE 59160 LOMME - DU GARAGE VOLKSWAGEN,POINT (50.644607 3.014056),3.014056,50.644607,1,,0,1003,,1,LOMME
arret_point.2966,2966,LPH001,La Phalecque,CHEMIN DE SEQUEDIN 59160 LOMME -,POINT (50.633097 2.989133),2.989133,50.633097,1,,0,5965,,1,LOMME
arret_point.2965,2965,ATH001,A. Thoor,AVENUE ROGER SALENGRO 59160 LOMME - AU DROIT DU N°27,POINT (50.638327 2.99081),2.99081,50.638327,1,,0,5966,,2,LOMME
arret_point.2970,2970,LOM002,Marais,RUE THENARD 59160 LOMME - A L'OPP DU N° 1,POINT (50.630413 3.001298),3.001298,50.630413,1,,0,1008,,1,LOMME
arret_point.2971,2971,BRG298,Bourg,AVENUE DE DUNKERQUE 59160 LOMME - AU DROIT DU N°795,POINT (50.645721 2.985164),2.985164,50.645721,1,,0,1034,,1,LOMME
arret_point.2986,2986,RVA001,Renovation,RUE RABELAIS 59160 LOMME - AU DROIT DU N°22,POINT (50.643781 2.980611),2.980611,50.643781,1,,0,1002,,1,LOMME
arret_point.3298,3298,EOL002,Leon Blum,RUE RUE DE PILATERIE 59370 MONS EN BAROEUL - À L'OPPOSÉ D'HEINEKEN,POINT (50.650169 3.110299),3.110299,50.650169,1,,0,5943,,2,MONS EN BAROEUL
arret_point.3304,3304,MBO001,Bourgogne,RUE DE NORMANDIE 59370 MONS EN BAROEUL - A L OPPOSE DU N° 25,POINT (50.645792 3.117355),3.117355,50.645792,1,,0,1214,,2,MONS EN BAROEUL
arret_point.3318,3318,SDU002,Mouvaux Coeur De Ville,RUE FRANKLIN ROOSEVELT 59420 MOUVAUX - AU DROIT DU N° 24,POINT (50.700922 3.13549),3.13549,50.700922,1,,0,5850,,1,MOUVAUX
arret_point.4948,4948,BOA099,Bol D'Air,59100 ROUBAIX -,POINT (50.67271 3.156424),3.156424,50.67271,1,,0,1422,,0,ROUBAIX
arret_point.5016,5016,867,Casino,CASINO 59000 LILLE,POINT (50.636657 3.077027),3.077027,50.636657,1,,1,,,0,LILLE
arret_point.3047,3047,LCH002,Chatelet,RUE ALBERT CHATELET 59120 LOOS - A L'OPP DU N°2,POINT (50.606143 3.010505),3.010505,50.606143,1,,0,1056,,1,LOOS
arret_point.3130,3130,STL002,Eglise Saint Louis,RUE PASTEUR 59700 MARCQ EN BAROEUL - A L OPPOSE DU N° 82,POINT (50.659195 3.080762),3.080762,50.659195,1,,0,1161,,1,MARCQ EN BAROEUL
arret_point.3134,3134,CVB002,Cheval Blanc,RUE DU DOCTEUR DUCROQUET 59700 MARCQ EN BAROEUL - AU DROIT DU N° 145,POINT (50.682602 3.090343),3.090343,50.682602,1,,0,1160,,1,MARCQ EN BAROEUL
arret_point.3132,3132,HIM002,Hippodrome,BOULEVARD CLEMENCEAU 59700 MARCQ EN BAROEUL - À L'OPPOSÉ DE STATION ESSENCE,POINT (50.664167 3.089106),3.089106,50.664167,1,,0,2973,,1,MARCQ EN BAROEUL
arret_point.3126,3126,FAY001,La Fayette,AVENUE DU MAL DELATTRE DE TASSIGNY 59700 MARCQ EN BAROEUL - AU DROIT DU N° 59,POINT (50.671484 3.089555),3.089555,50.671484,1,,0,1151,,2,MARCQ EN BAROEUL
arret_point.3142,3142,DCQ001,Ducroquet,RUE DUCROQUET 59700 MARCQ EN BAROEUL - À L'OPPOSÉ DU N° 87,POINT (50.679893 3.090387),3.090387,50.679893,1,,0,1174,,2,MARCQ EN BAROEUL
arret_point.3143,3143,MRC004,College,RUE DU COLLEGE 59700 MARCQ EN BAROEUL - AU DROIT DU N° 133,POINT (50.683197 3.104358),3.104358,50.683197,1,,0,1115,,0,MARCQ EN BAROEUL
arret_point.3146,3146,ZPI001,Pilaterie,RUE DE LA COUTURE 59700 MARCQ EN BAROEUL - 75 M APRES R DU CHATEAU,POINT (50.652756 3.109661),3.109661,50.652756,1,,0,1099,,2,MARCQ EN BAROEUL
arret_point.3151,3151,BAI001,Bailly,RUE ALBERT BAILLY 59700 MARCQ EN BAROEUL - AU DROIT DU N° 96,POINT (50.679957 3.095936),3.095936,50.679957,1,,0,1121,,1,MARCQ EN BAROEUL
arret_point.3147,3147,PBL001,Pont Blanc,RUE LALAU 59520 MARQUETTE LEZ LILLE -,POINT (50.670198 3.070763),3.070763,50.670198,1,,0,1153,,1,MARQUETTE LEZ LILLE
arret_point.2346,2346,LBG073,Gare,AVENUE JB LEBAS 59480 LA BASSEE - AU NIVEAU DU N°37,POINT (50.528317 2.805449),2.805449,50.528317,1,,0,578,,0,LA BASSEE
arret_point.4973,4973,WAZ198,Wazemmes,RUE DES POSTES 59000 LILLE - AU DROIT DU N° 153,POINT (50.622497 3.053452),3.053452,50.622497,1,,0,5457,,2,LILLE
arret_point.4864,4864,700,Nechin,NECHIN 59115 LEERS,POINT (50.67887 3.24658),3.24658,50.67887,1,,1,,,0,LEERS
arret_point.5029,5029,9160,Chemin Noir,CHEMIN NOIR,POINT (50.671744 3.003583),3.003583,50.671744,1,,1,,,0,
arret_point.1773,1773,VOI141,Voie 41,59910 BONDUES -,POINT (50.704667 3.082922),3.082922,50.704667,1,,0,7226,,0,BONDUES
arret_point.1789,1789,VOI241,Voie 41,59910 BONDUES -,POINT (50.704362 3.082974),3.082974,50.704362,1,,0,7226,,0,BONDUES
arret_point.2315,2315,NFR002,Nouvelle France,RUE DU LUTUN 59116 HOUPLINES -,POINT (50.696758 2.914793),2.914793,50.696758,1,,0,5652,,2,HOUPLINES
arret_point.1973,1973,CQU002,Les Acquets,RUE D'ARMENTIERES 59193 ERQUINGHEM LYS -,POINT (50.679057 2.85716),2.85716,50.679057,1,,0,6319,,0,ERQUINGHEM LYS
arret_point.4989,4989,CTR099,Chateau Rouge,AVENUE DE LA MARNE 59700 MARCQ EN BAROEUL - OPPOSE A PICWIC,POINT (50.680382 3.115623),3.115623,50.680382,1,,0,1126,,2,MARCQ EN BAROEUL
arret_point.4994,4994,OCH099,Foch,AVENUE DE LA MARNE 59700 MARCQ EN BAROEUL -,POINT (50.666732 3.103907),3.103907,50.666732,1,,0,1124,,0,MARCQ EN BAROEUL
arret_point.5002,5002,TRI099,Triez,BOULEVARD DE LA MARNE 59420 MOUVAUX - AU DROIT DU N°135,POINT (50.69265 3.131602),3.131602,50.69265,1,,0,6732,,2,MOUVAUX
arret_point.4990,4990,LQS099,Le Quesne,AVENUE DE LA MARNE 59700 MARCQ EN BAROEUL -,POINT (50.673422 3.107003),3.107003,50.673422,1,,0,1105,,0,MARCQ EN BAROEUL
arret_point.5015,5015,LIG017,Gare Lille Flandres,59000 LILLE -,POINT (50.639499 3.069677),3.069677,50.639499,1,,0,920,,0,LILLE
arret_point.4980,4980,LLX001,Lille Luxembourg,RUE RUE  DU LUXEMBOURG 59000 LILLE -,POINT (50.638496 3.078493),3.078493,50.638496,1,,0,7722,,0,LILLE
arret_point.5039,5039,PDO050,Porte De Douai,59000 LILLE -,POINT (50.618346 3.072836),3.072836,50.618346,1,,0,776,,0,LILLE
arret_point.2768,2768,MDL050,Mairie De Lille,59000 LILLE -,POINT (50.632891 3.070681),3.070681,50.632891,1,,0,935,,0,LILLE
arret_point.4992,4992,MCL098,Clemenceau Hippodrome,59700 MARCQ EN BAROEUL - AVENUE DE LA REPUBLIQUE,POINT (50.662055 3.095749),3.095749,50.662055,1,,0,1113,,0,MARCQ EN BAROEUL
arret_point.5012,5012,MNT198,Montebello,BOULEVARD MONTEBELLO 59000 LILLE - À L'OPPOSÉ DU N°124,POINT (50.622103 3.045479),3.045479,50.622103,1,,0,946,,0,LILLE
arret_point.2670,2670,PRR004,Porte D'Arras,BOULEVARD  D'ALSACE 59000 LILLE - AU DROIT DE LA STATION,POINT (50.6177 3.062238),3.062238,50.6177,1,,0,866,,0,LILLE
arret_point.3675,3675,FTE003,Roubaix Man Fraternite,RUE PIERRE DE ROUBAIX 59100 ROUBAIX - AU DROIT DU N° 440,POINT (50.682443 3.194732),3.194732,50.682443,1,,0,1503,,0,ROUBAIX
arret_point.3743,3743,VIG001,La Vigne,BOULEVARD DE METZ 59100 ROUBAIX - AU DROIT DU N° 6,POINT (50.701156 3.18398),3.18398,50.701156,1,,0,4450,,0,ROUBAIX
arret_point.5019,5019,EGI003,Siege De Region,BOULEVARD DU DOCTEUR CALMETTE 59000 LILLE - ANGLE PRESIDENT HOOVER,POINT (50.629249 3.076762),3.076762,50.629249,1,,0,875,,0,LILLE
arret_point.5020,5020,INO001,Casino,BOULEVARD URBAIN 59000 LILLE - AU DROIT DU CASINO,POINT (50.636657 3.077027),3.077027,50.636657,1,,0,867,,0,LILLE
arret_point.1788,1788,VOI122,Voie 22,59910 BONDUES -,POINT (50.708228 3.078526),3.078526,50.708228,1,,0,7225,,0,BONDUES
arret_point.2950,2950,DUH001,Duhoo,AVENUE ROGER SALENGRO 59160 LOMME - AU DROIT DU N° 69,POINT (50.643413 2.989099),2.989099,50.643413,1,,0,5969,,0,LOMME
arret_point.981,981,307,Kleber,KLEBER 59170 CROIX,POINT (50.684329 3.154553),3.154553,50.684329,1,,1,,,0,CROIX
arret_point.2665,2665,PDO098,Porte De Douai,59000 LILLE -,POINT (50.618035 3.072479),3.072479,50.618035,1,,0,776,,1,LILLE
arret_point.3191,3191,MCL004,Clemenceau Hippodrome,AVENUE DE LA REPUBLIQUE 59700 MARCQ EN BAROEUL - AU DROIT DU N°908,POINT (50.659905 3.093713),3.093713,50.659905,1,,0,1113,,2,MARCQ EN BAROEUL
arret_point.3193,3193,PIL002,Pilon,RUE DU BOIS 59700 MARCQ EN BAROEUL - AU DROIT DU N°188,POINT (50.649228 3.092747),3.092747,50.649228,1,,0,6756,,1,MARCQ EN BAROEUL
arret_point.3197,3197,CDA001,Cerisaie C. D'Affaires,AVENUE DE LA MARNE 59700 MARCQ EN BAROEUL - AU DROIT DU N° 282 A 276,POINT (50.677242 3.111438),3.111438,50.677242,1,,0,5452,,1,MARCQ EN BAROEUL
arret_point.3344,3344,NSC001,Schuman,RUE DU BAILLY 59960 NEUVILLE EN FERRAIN - AU DROIT DU N° 60,POINT (50.745555 3.154426),3.154426,50.745555,1,,0,5111,,1,NEUVILLE EN FERRAIN
arret_point.3346,3346,TLC001,Le Christ,RUE DE TOURCOING 59960 NEUVILLE EN FERRAIN - AU DROIT DU N° 122,POINT (50.745698 3.158683),3.158683,50.745698,1,,0,5890,,2,NEUVILLE EN FERRAIN
arret_point.3352,3352,NRE001,Verne,RUE BLAISE PASCAL 59960 NEUVILLE EN FERRAIN - AU DROIT DU N°58,POINT (50.749146 3.160677),3.160677,50.749146,1,,0,1273,,1,NEUVILLE EN FERRAIN
arret_point.3350,3350,NRE002,Verne,RUE BLAISE PASCAL 59960 NEUVILLE EN FERRAIN - A L'OPPOSE DU N°48,POINT (50.749692 3.159612),3.159612,50.749692,1,,0,1273,,2,NEUVILLE EN FERRAIN
arret_point.3401,3401,LPA001,La Paix,RUE HENRI BOUCHERY 59840 PERENCHIES - A L'OPPOSE DU N° 58,POINT (50.669612 2.975862),2.975862,50.669612,1,,0,1290,,2,PERENCHIES
arret_point.3403,3403,CSL001,Cite Saint Leger,RUE DU MARÉCHAL LECLERC 59840 PERENCHIES - AU DROIT DU N° 49,POINT (50.665264 2.975341),2.975341,50.665264,1,,0,5818,,1,PERENCHIES
arret_point.3400,3400,MPE001,Gare,RUE DU GENERAL LECLERC 59840 PERENCHIES - A L'OPPOSE DU N°8,POINT (50.667103 2.9736),2.9736,50.667103,1,,0,6869,,2,PERENCHIES
arret_point.3411,3411,PRD001,Picardie,RUE DE PICARDIE 59840 PERENCHIES -,POINT (50.671198 2.970928),2.970928,50.671198,1,,0,1293,,2,PERENCHIES
arret_point.3414,3414,TAG002,La Montagne,RUE CHARLES DE GAULLE 59840 PREMESQUES -,POINT (50.663195 2.964335),2.964335,50.663195,1,,0,5825,,2,PREMESQUES
arret_point.5018,5018,875,Siege De Region,LILLE SIEGE DE REGION 59000 LILLE,POINT (50.629687 3.077051),3.077051,50.629687,1,,1,,,0,LILLE
arret_point.815,815,778,Fives,FIVES 59000 LILLE,POINT (50.633049 3.090669),3.090669,50.633049,1,,1,,,0,LILLE
arret_point.2828,2828,REP051,Valmy,59000 LILLE -,POINT (50.630449 3.065032),3.065032,50.630449,1,,0,9104,,0,LILLE
arret_point.5023,5023,EGI004,Siege De Region,BOULEVARD DOCTEUR CALMETTE 59000 LILLE -,POINT (50.629297 3.076213),3.076213,50.629297,1,,0,875,,0,LILLE
arret_point.5014,5014,PTL199,Port De Lille,RUE DE TURENNE 59000 LILLE - AU DROIT DE LA STATION METRO,POINT (50.629911 3.035534),3.035534,50.629911,1,,0,934,,0,LILLE
arret_point.5010,5010,COR198,Cormontaigne,RUE DE TURENNE 59000 LILLE - ANGLE BLD BIGO DANEL,POINT (50.626413 3.040068),3.040068,50.626413,1,,0,809,,0,LILLE
arret_point.4986,4986,SMA098,Saint Maur,BIS AVENUE DE LA REPUBLIQUE 59110 LA MADELEINE -,POINT (50.652335 3.081859),3.081859,50.652335,1,,0,613,,0,LA MADELEINE
arret_point.4987,4987,SMA099,Saint Maur,AVENUE DE LA REPUBLIQUE 59110 LA MADELEINE -,POINT (50.651893 3.082177),3.082177,50.651893,1,,0,613,,0,LA MADELEINE
arret_point.5009,5009,TEL098,Cartelot,AVENUE DE LA MARNE 59290 WASQUEHAL -,POINT (50.683093 3.118164),3.118164,50.683093,1,,0,2086,,2,WASQUEHAL
arret_point.4999,4999,CDA099,Cerisaie,AVENUE DE LA MARNE 59700 MARCQ EN BAROEUL - AU DROIT DU N°276,POINT (50.676779 3.111007),3.111007,50.676779,1,,0,5452,,1,MARCQ EN BAROEUL
arret_point.4998,4998,LQS098,Le Quesne,AVENUE DE LA MARNE 59700 MARCQ EN BAROEUL -,POINT (50.673801 3.106543),3.106543,50.673801,1,,0,1105,,0,MARCQ EN BAROEUL
arret_point.1827,1827,LAP002,La Perdriere,RUE POINCARE 59160 CAPINGHEM - A L'OPPOSE DU N° 159 C,POINT (50.646707 2.959176),2.959176,50.646707,1,,0,241,,1,CAPINGHEM
arret_point.3473,3473,14J001,14 Juillet,RUE DU MAL DELATTRE DE TASSIGNY 59790 RONCHIN - AU DROIT DU N° 2,POINT (50.603766 3.088282),3.088282,50.603766,1,,0,6341,,1,RONCHIN
arret_point.3475,3475,DES002,Destoop,RUE CHARLES SAINT VENANT 59790 RONCHIN - À L'OPPOSÉ DU N° 406,POINT (50.600281 3.081634),3.081634,50.600281,1,,0,6807,,1,RONCHIN
arret_point.3479,3479,MRN002,Marronniers,AVENUE JEAN JAURES 59790 RONCHIN - AU DOIT DU N°139,POINT (50.607364 3.076326),3.076326,50.607364,1,,0,4285,,1,RONCHIN
arret_point.3758,3758,FCH004,Fosse Aux Chenes,AVENUE DE LA FOSSE AUX CHÊNES 59100 ROUBAIX -,POINT (50.698933 3.174466),3.174466,50.698933,1,,0,1449,,1,ROUBAIX
arret_point.3828,3828,TME001,Le Mesnil,RUE DES 3 FRERES LEFBVRE 59390 SAILLY LEZ LANNOY - A L'OPPOSE DU N° 34,POINT (50.643275 3.208111),3.208111,50.643275,1,,0,6910,,2,SAILLY LEZ LANNOY
arret_point.3830,3830,TME002,Le Mesnil,RUE DES 3 FRERES LEFBEVRE 59390 SAILLY LEZ LANNOY - AU DROIT DU N° 36,POINT (50.643386 3.207718),3.207718,50.643386,1,,0,6910,,2,SAILLY LEZ LANNOY
arret_point.3827,3827,TAB003,Tabac,RUE DE LA MAIRIE 59390 SAILLY LEZ LANNOY - AU DROIT DU N° 61,POINT (50.649199 3.223974),3.223974,50.649199,1,,0,4391,,2,SAILLY LEZ LANNOY
arret_point.4988,4988,MCL099,Clemenceau Hippodrome,AVENUE DE LA REPUBLIQUE 59700 MARCQ EN BAROEUL -,POINT (50.662296 3.097305),3.097305,50.662296,1,,0,1113,,2,MARCQ EN BAROEUL
arret_point.5001,5001,TRI098,Triez,59420 MOUVAUX -,POINT (50.693092 3.13127),3.13127,50.693092,1,,0,6732,,0,MOUVAUX
arret_point.5008,5008,GDC098,Grand Cottignies,AVENUE DE LA MARNE 59290 WASQUEHAL - AU DROIT DU N° 29,POINT (50.686918 3.12318),3.12318,50.686918,1,,0,2089,,2,WASQUEHAL
arret_point.5011,5011,MNT199,Montebello,BOULEVARD MONTEBELLO 59000 LILLE -,POINT (50.622024 3.045266),3.045266,50.622024,1,,0,946,,0,LILLE
arret_point.1786,1786,VOI213,Voie 213,59910 BONDUES -,POINT (50.713261 3.075281),3.075281,50.713261,1,,0,7221,,0,BONDUES
arret_point.880,880,7225,Voie 22,VOIE 22 59910 BONDUES,POINT (50.708228 3.078526),3.078526,50.708228,1,,1,,,0,BONDUES
arret_point.3527,3527,POE050,Pied De Boeuf,59223 RONCQ -,POINT (50.736324 3.127152),3.127152,50.736324,1,,0,5518,,0,RONCQ
arret_point.2967,2967,DUH002,Duhoo,AVENUE ROGER SALENGRO 59160 LOMME - AU DROIT DU CES,POINT (50.643772 2.989005),2.989005,50.643772,1,,0,5969,,0,LOMME
arret_point.5026,5026,9159,Chemin Noir,CHEMIN NOIR,POINT (50.671744 3.003583),3.003583,50.671744,1,,1,,,0,VERLINGHEM
arret_point.3685,3685,VAI001,Edouard Vaillant,AVENUE GUSTAVE DELORY 59100 ROUBAIX - A L OPPOSE DU N° 115,POINT (50.674149 3.174559),3.174559,50.674149,1,,0,4779,,0,ROUBAIX
arret_point.3692,3692,GOB002,Les Gobelins,AVENUE DES NATIONS UNIES 59100 ROUBAIX -,POINT (50.694599 3.172162),3.172162,50.694599,1,,0,1407,,1,ROUBAIX
arret_point.3591,3591,MAM033,Alfred Mongy,RUE DU GENERAL LECLERC 59100 ROUBAIX - AU DROIT DU N° 8,POINT (50.687707 3.175266),3.175266,50.687707,1,,0,7239,,1,ROUBAIX
arret_point.3585,3585,PLT001,Place Du Travail,PLACE DU TRAVAIL 59100 ROUBAIX -,POINT (50.677168 3.177814),3.177814,50.677168,1,,0,5628,,2,ROUBAIX
arret_point.3593,3593,BOA001,Bol D'Air,AVENUE JEAN JAURES 59100 ROUBAIX - AU DROIT DE LA STATION TRAMWAY,POINT (50.672147 3.156076),3.156076,50.672147,1,,0,1422,,1,ROUBAIX
arret_point.3649,3649,CAH001,Carihem,AVENUE DU PARC DES SPORTS 59100 ROUBAIX - ANGLE RUE MARCEL ARNAUD,POINT (50.686315 3.211784),3.211784,50.686315,1,,0,1435,,2,ROUBAIX
arret_point.3647,3647,CAR003,Carpeaux,BOULEVARD DE FOURMIES 59100 ROUBAIX -,POINT (50.674882 3.182914),3.182914,50.674882,1,,0,1387,,2,ROUBAIX
arret_point.3650,3650,OTT003,Motte,AVENUE MOTTE 59100 ROUBAIX - A L OPPOSE DU N° 320,POINT (50.677393 3.198513),3.198513,50.677393,1,,0,4436,,1,ROUBAIX
arret_point.4991,4991,CDA098,Cerisaie,AVENUE DE LA MARNE 59700 MARCQ EN BAROEUL - AU DROIT DU N°157,POINT (50.677264 3.110775),3.110775,50.677264,1,,0,5452,,1,MARCQ EN BAROEUL
arret_point.4955,4955,BOA098,Bol D'Air,AVENUE JEAN JAURES 59100 ROUBAIX - AU DROIT DU N° 112,POINT (50.672203 3.155752),3.155752,50.672203,1,,0,1422,,0,ROUBAIX
arret_point.4959,4959,PLE099,Planche Epinoy,AVENUE DE FLANDRE 59650 VILLENEUVE D ASCQ - AU DROIT DU N° 50,POINT (50.664452 3.146339),3.146339,50.664452,1,,0,1997,,2,VILLENEUVE D ASCQ
arret_point.4962,4962,PLE098,Planche Epinoy,AVENUE DE FLANDRE 59650 VILLENEUVE D ASCQ - AU DROIT DU N° 91,POINT (50.664271 3.145136),3.145136,50.664271,1,,0,1997,,0,VILLENEUVE D ASCQ
arret_point.4966,4966,PVL098,Pave De Lille,AVENUE DE FLANDRE 59290 WASQUEHAL - AU DROIT DU N°11,POINT (50.66403 3.129792),3.129792,50.66403,1,,0,2071,,2,WASQUEHAL
arret_point.16,16,9097,Quai 22,QUAI 22 CLE_COMMUNE: 881,POINT (50.666341 3.058455),3.058455,50.666341,1,,1,,,0,ST ANDRE LEZ LILLE
arret_point.2792,2792,PRR099,Porte D'Arras,59000 LILLE -,POINT (50.617583 3.062349),3.062349,50.617583,1,,0,866,,1,LILLE
arret_point.2957,2957,HSP099,St. Philibert,59160 LOMME -,POINT (50.651697 2.97442),2.97442,50.651697,1,,0,999,,1,LOMME
arret_point.3293,3293,FOR044,Fort De Mons,STATION METRO FORT DE MONS 59370 MONS EN BAROEUL - AU DROIT DE LA STATION,POINT (50.642011 3.119525),3.119525,50.642011,1,,0,1222,,2,MONS EN BAROEUL
arret_point.4996,4996,CTR098,Chateau Rouge,AVENUE DE LA MARNE 59700 MARCQ EN BAROEUL - NIVEAU PANNEAU SIGNALISATION,POINT (50.67924 3.113247),3.113247,50.67924,1,,0,1126,,1,MARCQ EN BAROEUL
arret_point.4997,4997,OSS099,Brossolette,AVENUE DE LA REPUBLIQUE 59700 MARCQ EN BAROEUL -,POINT (50.660413 3.094355),3.094355,50.660413,1,,0,1134,,0,MARCQ EN BAROEUL
arret_point.4950,4950,ARQ098,La Marque,AVENUE DE FLANDRE 59170 CROIX -,POINT (50.666347 3.148783),3.148783,50.666347,1,,0,288,,0,CROIX
arret_point.4965,4965,LAT099,La Terrasse,AVENUE DE FLANDRE 59290 WASQUEHAL - AU DROIT DU N°74,POINT (50.663862 3.126543),3.126543,50.663862,1,,0,2073,,2,WASQUEHAL
arret_point.4982,4982,ROM099,Romarin,AVENUE DE LA REPUBLIQUE 59110 LA MADELEINE -,POINT (50.645439 3.075436),3.075436,50.645439,1,,0,618,,0,LA MADELEINE
arret_point.4985,4985,BOT098,Botanique,AVENUE DE LA REPUBLIQUE 59110 LA MADELEINE -,POINT (50.649447 3.078726),3.078726,50.649447,1,,0,604,,0,LA MADELEINE
arret_point.5007,5007,GDC099,Grand Cottignies,AVENUE DE LA MARNE 59290 WASQUEHAL - AU DROIT DU N° 40,POINT (50.687402 3.124642),3.124642,50.687402,1,,0,2089,,2,WASQUEHAL
arret_point.13,13,9104,Valmy,VALMY LILLE,POINT (50.630449 3.065032),3.065032,50.630449,1,,1,,,0,LILLE
arret_point.5022,5022,ROT001,Parvis De Rotterdam,BOULEVARD DE TURIN 59000 LILLE - A L'ANGLE DU BD LOUIS PASTEUR,POINT (50.638289 3.077093),3.077093,50.638289,1,,0,936,,0,LILLE
arret_point.4979,4979,7722,Lille Luxembourg,LILLE LUXEMBOURG CLE_COMMUNE: 47,POINT (50.638776 3.078215),3.078215,50.638776,1,,1,,,0,LILLE
arret_point.1792,1792,VOI027,Voie 227,59910 BONDUES -,POINT (50.71731 3.073151),3.073151,50.71731,1,,0,5173,,0,BONDUES
arret_point.1729,1729,VOI227,Voie 227,59910 BONDUES -,POINT (50.717444 3.073181),3.073181,50.717444,1,,0,5173,,0,BONDUES
arret_point.617,617,5969,Duhoo,DUHOO 59160 LOMME,POINT (50.643593 2.989059),2.989059,50.643593,1,,1,,,0,LOMME
arret_point.1979,1979,CQU001,Les Acquets,RUE D'ARMENTIERES 59193 ERQUINGHEM LYS -,POINT (50.679145 2.857585),2.857585,50.679145,1,,0,6319,,0,ERQUINGHEM LYS
arret_point.5025,5025,PDP090,Porte Des Postes,BOULEVARD VICTOR HUGO 59000 LILLE - ANGLE PLACE B. DOREZ,POINT (50.618682 3.050817),3.050817,50.618682,1,,0,7028,,0,LILLE
arret_point.1730,1730,VOI222,Voie 22,59910 BONDUES -,POINT (50.708228 3.078526),3.078526,50.708228,1,,0,7225,,0,BONDUES
arret_point.5003,5003,DAI098,Faidherbe,BOULEVARD CARNOT 59420 MOUVAUX - AU DROIT DU N° 105,POINT (50.704023 3.142757),3.142757,50.704023,1,,0,1236,,1,MOUVAUX
arret_point.5000,5000,DAI099,Faidherbe,BOULEVARD CARNOT 59420 MOUVAUX - AU DROIT DU N°148 BIS,POINT (50.703697 3.143275),3.143275,50.703697,1,,0,1236,,2,MOUVAUX
arret_point.3892,3892,HTE002,Halte,RUE JULES FERRY 59496 SALOME -,POINT (50.540046 2.838655),2.838655,50.540046,1,,0,1616,,1,SALOME
arret_point.4993,4993,MAB098,Buisson,AVENUE DE LA REPUBLIQUE 59700 MARCQ EN BAROEUL -,POINT (50.656426 3.087677),3.087677,50.656426,1,,0,1165,,0,MARCQ EN BAROEUL
arret_point.3581,3581,PIE003,P. De Roubaix,RUE PIERRE DE ROUBAIX 59100 ROUBAIX - A L'OPPOSE DU N° 69,POINT (50.690085 3.186913),3.186913,50.690085,1,,0,7658,,0,ROUBAIX
arret_point.3644,3644,GOL002,Montgolfier,RUE DE LANNOY 59100 ROUBAIX - AU DROIT DU N° 219,POINT (50.685004 3.188832),3.188832,50.685004,1,,0,4427,,0,ROUBAIX
arret_point.3629,3629,SQP001,Square Des Pres,RUE PIERRE DE ROUBAIX 59100 ROUBAIX - AU DROIT DU N° 280,POINT (50.685477 3.19172),3.19172,50.685477,1,,0,6982,,0,ROUBAIX
arret_point.3628,3628,UIS001,Buisine,RUE PIERRE DE ROUBAIX 59100 ROUBAIX - A L'OPPOSE DU N°  147,POINT (50.68807 3.189025),3.189025,50.68807,1,,0,1518,,0,ROUBAIX
arret_point.3612,3612,BDH002,Boulevard De Mulhouse,RUE DE LANNOY 59100 ROUBAIX - AU DROIT DU N° 273,POINT (50.684047 3.190947),3.190947,50.684047,1,,0,1455,,0,ROUBAIX
arret_point.5024,5024,PDP017,Porte Des Postes,BOULEVARD MONTEBELLO 59000 LILLE - A L'OPPOSE DU N° 153,POINT (50.618862 3.049226),3.049226,50.618862,1,,0,7028,,0,LILLE
arret_point.383,383,2505,I.M.P.,I.M.P. 07730 LEERS NORD BELGIQUE,POINT (50.686507 3.259427),3.259427,50.686507,1,,1,,,0,LEERS NORD BELGIQUE
