FID,objectid,code_abri_velo,code_insee,annee,mois,date_comptage,nom_jour_comptage,moyenne_nombre_velos,commune,nom_abri_velo,latitude,longitude,geom
comptage_abri_velo.32498,32498,H3,59350,2025,10,2025-10-18,Samedi,6.6,Lille,Lomme - Saint Philibert,50.653009,2.97502,POINT (50.653009 2.97502)
comptage_abri_velo.32499,32499,H2,59350,2025,6,2025-06-05,Jeudi,5.22,Lille,Lille - C.H.U. Eurasanté,50.607865,3.040099,POINT (50.607865 3.040099)
comptage_abri_velo.32500,32500,H4,59524,2025,12,2025-12-16,Mardi,16,Sainghin-en-Weppes,Sainghin-en-Weppes - Don Sainghin,50.55142,2.914022,POINT (50.55142 2.914022)
comptage_abri_velo.32501,32501,A14,59599,2025,7,2025-07-09,Mercredi,21,Tourcoing,Tourcoing - Centre,50.720457,3.158724,POINT (50.720457 3.158724)
comptage_abri_velo.32502,32502,H6,59009,2025,11,2025-11-28,Vendredi,29.78,Villeneuve-d'Ascq,Villeneuve d'Ascq - Les Prés Edgard Pisani,50.650048,3.125509,POINT (50.650048 3.125509)
comptage_abri_velo.32503,32503,H4,59524,2025,9,2025-09-19,Vendredi,14.25,Sainghin-en-Weppes,Sainghin-en-Weppes - Don Sainghin,50.55142,2.914022,POINT (50.55142 2.914022)
comptage_abri_velo.32504,32504,H1,59017,2025,11,2025-11-04,Mardi,49,Armentières,Armentières - Gare,50.680972,2.877374,POINT (50.680972 2.877374)
comptage_abri_velo.32505,32505,H3,59350,2025,10,2025-10-29,Mercredi,7.3,Lille,Lomme - Saint Philibert,50.653009,2.97502,POINT (50.653009 2.97502)
comptage_abri_velo.32506,32506,H2,59350,2025,6,2025-06-12,Jeudi,5.4,Lille,Lille - C.H.U. Eurasanté,50.607865,3.040099,POINT (50.607865 3.040099)
comptage_abri_velo.32507,32507,H3,59350,2025,7,2025-07-02,Mercredi,8.36,Lille,Lomme - Saint Philibert,50.653009,2.97502,POINT (50.653009 2.97502)
comptage_abri_velo.32508,32508,H2,59350,2025,8,2025-08-19,Mardi,5.91,Lille,Lille - C.H.U. Eurasanté,50.607865,3.040099,POINT (50.607865 3.040099)
comptage_abri_velo.32509,32509,A22,59560,2025,8,2025-08-21,Jeudi,4.71,Seclin,Seclin - Gare,50.547452,3.034268,POINT (50.547452 3.034268)
comptage_abri_velo.32510,32510,H2,59350,2025,7,2025-07-07,Lundi,7.44,Lille,Lille - C.H.U. Eurasanté,50.607865,3.040099,POINT (50.607865 3.040099)
comptage_abri_velo.32511,32511,H6,59009,2025,9,2025-09-22,Lundi,32.11,Villeneuve-d'Ascq,Villeneuve d'Ascq - Les Prés Edgard Pisani,50.650048,3.125509,POINT (50.650048 3.125509)
comptage_abri_velo.32512,32512,H3,59350,2025,6,2025-06-17,Mardi,10.8,Lille,Lomme - Saint Philibert,50.653009,2.97502,POINT (50.653009 2.97502)
comptage_abri_velo.32513,32513,H1,59017,2025,12,2025-12-14,Dimanche,18,Armentières,Armentières - Gare,50.680972,2.877374,POINT (50.680972 2.877374)
comptage_abri_velo.32514,32514,H6,59009,2025,12,2025-12-13,Samedi,27.67,Villeneuve-d'Ascq,Villeneuve d'Ascq - Les Prés Edgard Pisani,50.650048,3.125509,POINT (50.650048 3.125509)
comptage_abri_velo.32515,32515,H5,59009,2025,7,2025-07-26,Samedi,57.45,Villeneuve-d'Ascq,Villeneuve d'Ascq - 4 Cantons Stade Pierre Mauroy,50.605006,3.139401,POINT (50.605006 3.139401)
comptage_abri_velo.32516,32516,H5,59009,2025,12,2025-12-11,Jeudi,38.57,Villeneuve-d'Ascq,Villeneuve d'Ascq - 4 Cantons Stade Pierre Mauroy,50.605006,3.139401,POINT (50.605006 3.139401)
comptage_abri_velo.32517,32517,A22,59560,2025,10,2025-10-13,Lundi,8.33,Seclin,Seclin - Gare,50.547452,3.034268,POINT (50.547452 3.034268)
comptage_abri_velo.32518,32518,H5,59009,2025,10,2025-10-10,Vendredi,55,Villeneuve-d'Ascq,Villeneuve d'Ascq - 4 Cantons Stade Pierre Mauroy,50.605006,3.139401,POINT (50.605006 3.139401)
comptage_abri_velo.32519,32519,H2,59350,2025,9,2025-09-23,Mardi,5.6,Lille,Lille - C.H.U. Eurasanté,50.607865,3.040099,POINT (50.607865 3.040099)
comptage_abri_velo.32520,32520,A22,59560,2025,12,2025-12-05,Vendredi,4.14,Seclin,Seclin - Gare,50.547452,3.034268,POINT (50.547452 3.034268)
comptage_abri_velo.32521,32521,H4,59524,2025,12,2025-12-29,Lundi,6,Sainghin-en-Weppes,Sainghin-en-Weppes - Don Sainghin,50.55142,2.914022,POINT (50.55142 2.914022)
comptage_abri_velo.32522,32522,H1,59017,2025,4,2025-04-26,Samedi,26.25,Armentières,Armentières - Gare,50.680972,2.877374,POINT (50.680972 2.877374)
comptage_abri_velo.32523,32523,H3,59350,2025,8,2025-08-20,Mercredi,11.38,Lille,Lomme - Saint Philibert,50.653009,2.97502,POINT (50.653009 2.97502)
comptage_abri_velo.32524,32524,H6,59009,2025,12,2025-12-15,Lundi,27.78,Villeneuve-d'Ascq,Villeneuve d'Ascq - Les Prés Edgard Pisani,50.650048,3.125509,POINT (50.650048 3.125509)
comptage_abri_velo.32525,32525,H2,59350,2025,12,2025-12-10,Mercredi,4.7,Lille,Lille - C.H.U. Eurasanté,50.607865,3.040099,POINT (50.607865 3.040099)
comptage_abri_velo.32526,32526,H6,59009,2025,7,2025-07-23,Mercredi,29.3,Villeneuve-d'Ascq,Villeneuve d'Ascq - Les Prés Edgard Pisani,50.650048,3.125509,POINT (50.650048 3.125509)
comptage_abri_velo.32527,32527,H4,59524,2025,11,2025-11-03,Lundi,18.29,Sainghin-en-Weppes,Sainghin-en-Weppes - Don Sainghin,50.55142,2.914022,POINT (50.55142 2.914022)
comptage_abri_velo.32528,32528,H5,59009,2025,6,2025-06-26,Jeudi,59.57,Villeneuve-d'Ascq,Villeneuve d'Ascq - 4 Cantons Stade Pierre Mauroy,50.605006,3.139401,POINT (50.605006 3.139401)
comptage_abri_velo.32529,32529,H1,59017,2025,10,2025-10-30,Jeudi,28,Armentières,Armentières - Gare,50.680972,2.877374,POINT (50.680972 2.877374)
comptage_abri_velo.32530,32530,H1,59017,2025,8,2025-08-19,Mardi,22.5,Armentières,Armentières - Gare,50.680972,2.877374,POINT (50.680972 2.877374)
comptage_abri_velo.32531,32531,H2,59350,2025,12,2025-12-28,Dimanche,4,Lille,Lille - C.H.U. Eurasanté,50.607865,3.040099,POINT (50.607865 3.040099)
comptage_abri_velo.32532,32532,H3,59350,2025,8,2025-08-14,Jeudi,6.25,Lille,Lomme - Saint Philibert,50.653009,2.97502,POINT (50.653009 2.97502)
comptage_abri_velo.32533,32533,H1,59017,2025,9,2025-09-01,Lundi,41.25,Armentières,Armentières - Gare,50.680972,2.877374,POINT (50.680972 2.877374)
comptage_abri_velo.32534,32534,H6,59009,2025,12,2025-12-08,Lundi,29.78,Villeneuve-d'Ascq,Villeneuve d'Ascq - Les Prés Edgard Pisani,50.650048,3.125509,POINT (50.650048 3.125509)
comptage_abri_velo.32535,32535,H1,59017,2025,12,2025-12-02,Mardi,22,Armentières,Armentières - Gare,50.680972,2.877374,POINT (50.680972 2.877374)
comptage_abri_velo.32536,32536,A22,59560,2025,12,2025-12-12,Vendredi,5.5,Seclin,Seclin - Gare,50.547452,3.034268,POINT (50.547452 3.034268)
comptage_abri_velo.32537,32537,H1,59017,2025,7,2025-07-19,Samedi,23.44,Armentières,Armentières - Gare,50.680972,2.877374,POINT (50.680972 2.877374)
comptage_abri_velo.32538,32538,H3,59350,2025,12,2025-12-04,Jeudi,11,Lille,Lomme - Saint Philibert,50.653009,2.97502,POINT (50.653009 2.97502)
comptage_abri_velo.32539,32539,H1,59017,2025,9,2025-09-09,Mardi,38,Armentières,Armentières - Gare,50.680972,2.877374,POINT (50.680972 2.877374)
comptage_abri_velo.32540,32540,A13,59299,2025,4,2025-04-22,Mardi,3,Hem,Hem - 3 Fermes,50.662576,3.200574,POINT (50.662576 3.200574)
comptage_abri_velo.32541,32541,H6,59009,2025,5,2025-05-25,Dimanche,25,Villeneuve-d'Ascq,Villeneuve d'Ascq - Les Prés Edgard Pisani,50.650048,3.125509,POINT (50.650048 3.125509)
comptage_abri_velo.32542,32542,H1,59017,2025,5,2025-05-09,Vendredi,27.22,Armentières,Armentières - Gare,50.680972,2.877374,POINT (50.680972 2.877374)
comptage_abri_velo.32543,32543,H5,59009,2025,7,2025-07-07,Lundi,59.1,Villeneuve-d'Ascq,Villeneuve d'Ascq - 4 Cantons Stade Pierre Mauroy,50.605006,3.139401,POINT (50.605006 3.139401)
comptage_abri_velo.32544,32544,H3,59350,2025,7,2025-07-20,Dimanche,5,Lille,Lomme - Saint Philibert,50.653009,2.97502,POINT (50.653009 2.97502)
comptage_abri_velo.32545,32545,H1,59017,2025,7,2025-07-01,Mardi,39,Armentières,Armentières - Gare,50.680972,2.877374,POINT (50.680972 2.877374)
comptage_abri_velo.32546,32546,A22,59560,2025,11,2025-11-05,Mercredi,11,Seclin,Seclin - Gare,50.547452,3.034268,POINT (50.547452 3.034268)
comptage_abri_velo.32547,32547,H4,59524,2025,4,2025-04-10,Jeudi,13.13,Sainghin-en-Weppes,Sainghin-en-Weppes - Don Sainghin,50.55142,2.914022,POINT (50.55142 2.914022)
comptage_abri_velo.32548,32548,A25,59512,2025,8,2025-08-11,Lundi,3,Roubaix,Roubaix - Épeule Montesquieu,50.68397,3.162923,POINT (50.68397 3.162923)
comptage_abri_velo.32549,32549,H6,59009,2025,5,2025-05-15,Jeudi,29.8,Villeneuve-d'Ascq,Villeneuve d'Ascq - Les Prés Edgard Pisani,50.650048,3.125509,POINT (50.650048 3.125509)
comptage_abri_velo.32550,32550,H3,59350,2025,5,2025-05-06,Mardi,11.5,Lille,Lomme - Saint Philibert,50.653009,2.97502,POINT (50.653009 2.97502)
comptage_abri_velo.32551,32551,H2,59350,2025,4,2025-04-17,Jeudi,5.09,Lille,Lille - C.H.U. Eurasanté,50.607865,3.040099,POINT (50.607865 3.040099)
comptage_abri_velo.32552,32552,H5,59009,2025,9,2025-09-15,Lundi,54.86,Villeneuve-d'Ascq,Villeneuve d'Ascq - 4 Cantons Stade Pierre Mauroy,50.605006,3.139401,POINT (50.605006 3.139401)
comptage_abri_velo.32553,32553,H5,59009,2025,4,2025-04-05,Samedi,49.9,Villeneuve-d'Ascq,Villeneuve d'Ascq - 4 Cantons Stade Pierre Mauroy,50.605006,3.139401,POINT (50.605006 3.139401)
comptage_abri_velo.32554,32554,A8,59636,2025,10,2025-10-21,Mardi,10,Wambrechies,Wambrechies - Mairie,50.686433,3.053429,POINT (50.686433 3.053429)
comptage_abri_velo.32555,32555,A18,59410,2025,10,2025-10-08,Mercredi,22,Mons-en-Barœul,Mons-en-Baroeul - Mairie,50.642837,3.1101,POINT (50.642837 3.1101)
comptage_abri_velo.32556,32556,H4,59524,2025,5,2025-05-19,Lundi,16.63,Sainghin-en-Weppes,Sainghin-en-Weppes - Don Sainghin,50.55142,2.914022,POINT (50.55142 2.914022)
comptage_abri_velo.32557,32557,A17,59279,2025,11,2025-11-14,Vendredi,8,Halluin,Halluin - Centre,50.780946,3.119719,POINT (50.780946 3.119719)
comptage_abri_velo.32558,32558,A9,59648,2025,7,2025-07-28,Lundi,7,Wattignies,Wattignies - Laënnec,50.589018,3.050619,POINT (50.589018 3.050619)
comptage_abri_velo.32559,32559,A22,59560,2025,8,2025-08-04,Lundi,2.75,Seclin,Seclin - Gare,50.547452,3.034268,POINT (50.547452 3.034268)
comptage_abri_velo.32560,32560,H5,59009,2025,4,2025-04-21,Lundi,53.29,Villeneuve-d'Ascq,Villeneuve d'Ascq - 4 Cantons Stade Pierre Mauroy,50.605006,3.139401,POINT (50.605006 3.139401)
comptage_abri_velo.32561,32561,H3,59350,2025,10,2025-10-31,Vendredi,7.27,Lille,Lomme - Saint Philibert,50.653009,2.97502,POINT (50.653009 2.97502)
comptage_abri_velo.32562,32562,H5,59009,2025,7,2025-07-01,Mardi,56.29,Villeneuve-d'Ascq,Villeneuve d'Ascq - 4 Cantons Stade Pierre Mauroy,50.605006,3.139401,POINT (50.605006 3.139401)
comptage_abri_velo.32563,32563,H3,59350,2025,5,2025-05-11,Dimanche,5,Lille,Lomme - Saint Philibert,50.653009,2.97502,POINT (50.653009 2.97502)
comptage_abri_velo.32564,32564,A22,59560,2025,6,2025-06-12,Jeudi,9.25,Seclin,Seclin - Gare,50.547452,3.034268,POINT (50.547452 3.034268)
comptage_abri_velo.32565,32565,A8,59636,2025,9,2025-09-17,Mercredi,9,Wambrechies,Wambrechies - Mairie,50.686433,3.053429,POINT (50.686433 3.053429)
comptage_abri_velo.32566,32566,A18,59410,2025,9,2025-09-25,Jeudi,22,Mons-en-Barœul,Mons-en-Baroeul - Mairie,50.642837,3.1101,POINT (50.642837 3.1101)
comptage_abri_velo.32567,32567,H3,59350,2025,9,2025-09-15,Lundi,11.56,Lille,Lomme - Saint Philibert,50.653009,2.97502,POINT (50.653009 2.97502)
comptage_abri_velo.32568,32568,H3,59350,2025,11,2025-11-20,Jeudi,10.1,Lille,Lomme - Saint Philibert,50.653009,2.97502,POINT (50.653009 2.97502)
comptage_abri_velo.32569,32569,H1,59017,2025,5,2025-05-28,Mercredi,26.83,Armentières,Armentières - Gare,50.680972,2.877374,POINT (50.680972 2.877374)
comptage_abri_velo.32570,32570,A5,59350,2025,4,2025-04-11,Vendredi,15,Lille,Lomme - Maison des Enfants,50.646144,2.994472,POINT (50.646144 2.994472)
comptage_abri_velo.32571,32571,H6,59009,2025,8,2025-08-30,Samedi,27.3,Villeneuve-d'Ascq,Villeneuve d'Ascq - Les Prés Edgard Pisani,50.650048,3.125509,POINT (50.650048 3.125509)
comptage_abri_velo.32572,32572,H5,59009,2025,7,2025-07-02,Mercredi,51.21,Villeneuve-d'Ascq,Villeneuve d'Ascq - 4 Cantons Stade Pierre Mauroy,50.605006,3.139401,POINT (50.605006 3.139401)
comptage_abri_velo.32573,32573,H2,59350,2025,9,2025-09-09,Mardi,5.6,Lille,Lille - C.H.U. Eurasanté,50.607865,3.040099,POINT (50.607865 3.040099)
comptage_abri_velo.32574,32574,A3,59009,2025,4,2025-04-23,Mercredi,10,Villeneuve-d'Ascq,Villeneuve d'Ascq - Pont de Bois,50.624619,3.127947,POINT (50.624619 3.127947)
comptage_abri_velo.32575,32575,H4,59524,2025,7,2025-07-21,Lundi,11.75,Sainghin-en-Weppes,Sainghin-en-Weppes - Don Sainghin,50.55142,2.914022,POINT (50.55142 2.914022)
comptage_abri_velo.32576,32576,H3,59350,2025,9,2025-09-07,Dimanche,8.64,Lille,Lomme - Saint Philibert,50.653009,2.97502,POINT (50.653009 2.97502)
comptage_abri_velo.32577,32577,H1,59017,2025,6,2025-06-01,Dimanche,23.4,Armentières,Armentières - Gare,50.680972,2.877374,POINT (50.680972 2.877374)
comptage_abri_velo.32578,32578,A12,59368,2025,4,2025-04-08,Mardi,11,La Madeleine,La Madeleine - Romarin,50.645694,3.075042,POINT (50.645694 3.075042)
comptage_abri_velo.32579,32579,H3,59350,2025,5,2025-05-22,Jeudi,9.57,Lille,Lomme - Saint Philibert,50.653009,2.97502,POINT (50.653009 2.97502)
comptage_abri_velo.32580,32580,A9,59648,2025,8,2025-08-12,Mardi,8,Wattignies,Wattignies - Laënnec,50.589018,3.050619,POINT (50.589018 3.050619)
comptage_abri_velo.32581,32581,A3,59009,2025,12,2025-12-10,Mercredi,12,Villeneuve-d'Ascq,Villeneuve d'Ascq - Pont de Bois,50.624619,3.127947,POINT (50.624619 3.127947)
comptage_abri_velo.32582,32582,H3,59350,2025,11,2025-11-03,Lundi,14,Lille,Lomme - Saint Philibert,50.653009,2.97502,POINT (50.653009 2.97502)
comptage_abri_velo.32583,32583,A22,59560,2025,4,2025-04-20,Dimanche,2,Seclin,Seclin - Gare,50.547452,3.034268,POINT (50.547452 3.034268)
comptage_abri_velo.32584,32584,A21,59360,2025,9,2025-09-07,Dimanche,7,Loos,Loos - Mairie,50.614588,3.012336,POINT (50.614588 3.012336)
comptage_abri_velo.32585,32585,H1,59017,2025,5,2025-05-06,Mardi,20,Armentières,Armentières - Gare,50.680972,2.877374,POINT (50.680972 2.877374)
comptage_abri_velo.32586,32586,A25,59512,2025,5,2025-05-22,Jeudi,3,Roubaix,Roubaix - Épeule Montesquieu,50.68397,3.162923,POINT (50.68397 3.162923)
comptage_abri_velo.32587,32587,H6,59009,2025,10,2025-10-10,Vendredi,29.6,Villeneuve-d'Ascq,Villeneuve d'Ascq - Les Prés Edgard Pisani,50.650048,3.125509,POINT (50.650048 3.125509)
comptage_abri_velo.32588,32588,H2,59350,2025,7,2025-07-12,Samedi,3.8,Lille,Lille - C.H.U. Eurasanté,50.607865,3.040099,POINT (50.607865 3.040099)
comptage_abri_velo.32589,32589,H6,59009,2025,11,2025-11-23,Dimanche,28,Villeneuve-d'Ascq,Villeneuve d'Ascq - Les Prés Edgard Pisani,50.650048,3.125509,POINT (50.650048 3.125509)
comptage_abri_velo.32590,32590,H5,59009,2025,9,2025-09-19,Vendredi,58.52,Villeneuve-d'Ascq,Villeneuve d'Ascq - 4 Cantons Stade Pierre Mauroy,50.605006,3.139401,POINT (50.605006 3.139401)
comptage_abri_velo.32591,32591,H1,59017,2025,8,2025-08-12,Mardi,26.1,Armentières,Armentières - Gare,50.680972,2.877374,POINT (50.680972 2.877374)
comptage_abri_velo.32592,32592,H2,59350,2025,7,2025-07-30,Mercredi,3.3,Lille,Lille - C.H.U. Eurasanté,50.607865,3.040099,POINT (50.607865 3.040099)
comptage_abri_velo.32593,32593,H4,59524,2025,12,2025-12-10,Mercredi,14.88,Sainghin-en-Weppes,Sainghin-en-Weppes - Don Sainghin,50.55142,2.914022,POINT (50.55142 2.914022)
comptage_abri_velo.32594,32594,H3,59350,2025,4,2025-04-16,Mercredi,7.22,Lille,Lomme - Saint Philibert,50.653009,2.97502,POINT (50.653009 2.97502)
comptage_abri_velo.32595,32595,H6,59009,2025,10,2025-10-20,Lundi,29.11,Villeneuve-d'Ascq,Villeneuve d'Ascq - Les Prés Edgard Pisani,50.650048,3.125509,POINT (50.650048 3.125509)
comptage_abri_velo.32596,32596,H2,59350,2025,5,2025-05-27,Mardi,4.8,Lille,Lille - C.H.U. Eurasanté,50.607865,3.040099,POINT (50.607865 3.040099)
comptage_abri_velo.32597,32597,H2,59350,2025,9,2025-09-05,Vendredi,4.7,Lille,Lille - C.H.U. Eurasanté,50.607865,3.040099,POINT (50.607865 3.040099)
comptage_abri_velo.32598,32598,H2,59350,2025,10,2025-10-11,Samedi,6.9,Lille,Lille - C.H.U. Eurasanté,50.607865,3.040099,POINT (50.607865 3.040099)
comptage_abri_velo.32599,32599,H2,59350,2025,9,2025-09-17,Mercredi,4.7,Lille,Lille - C.H.U. Eurasanté,50.607865,3.040099,POINT (50.607865 3.040099)
comptage_abri_velo.32600,32600,H6,59009,2025,9,2025-09-26,Vendredi,29.8,Villeneuve-d'Ascq,Villeneuve d'Ascq - Les Prés Edgard Pisani,50.650048,3.125509,POINT (50.650048 3.125509)
comptage_abri_velo.32601,32601,H3,59350,2025,11,2025-11-07,Vendredi,10.78,Lille,Lomme - Saint Philibert,50.653009,2.97502,POINT (50.653009 2.97502)
comptage_abri_velo.32602,32602,H1,59017,2025,8,2025-08-06,Mercredi,26,Armentières,Armentières - Gare,50.680972,2.877374,POINT (50.680972 2.877374)
comptage_abri_velo.32603,32603,H6,59009,2025,9,2025-09-20,Samedi,30.6,Villeneuve-d'Ascq,Villeneuve d'Ascq - Les Prés Edgard Pisani,50.650048,3.125509,POINT (50.650048 3.125509)
comptage_abri_velo.32604,32604,A22,59560,2025,9,2025-09-19,Vendredi,9,Seclin,Seclin - Gare,50.547452,3.034268,POINT (50.547452 3.034268)
comptage_abri_velo.32605,32605,H3,59350,2025,7,2025-07-03,Jeudi,11,Lille,Lomme - Saint Philibert,50.653009,2.97502,POINT (50.653009 2.97502)
comptage_abri_velo.32606,32606,A18,59410,2025,7,2025-07-09,Mercredi,24,Mons-en-Barœul,Mons-en-Baroeul - Mairie,50.642837,3.1101,POINT (50.642837 3.1101)
comptage_abri_velo.32607,32607,H6,59009,2025,11,2025-11-25,Mardi,29.8,Villeneuve-d'Ascq,Villeneuve d'Ascq - Les Prés Edgard Pisani,50.650048,3.125509,POINT (50.650048 3.125509)
comptage_abri_velo.32608,32608,H4,59524,2025,4,2025-04-15,Mardi,8,Sainghin-en-Weppes,Sainghin-en-Weppes - Don Sainghin,50.55142,2.914022,POINT (50.55142 2.914022)
comptage_abri_velo.32609,32609,H3,59350,2025,10,2025-10-03,Vendredi,10.56,Lille,Lomme - Saint Philibert,50.653009,2.97502,POINT (50.653009 2.97502)
comptage_abri_velo.32610,32610,A16,59421,2025,7,2025-07-29,Mardi,8,Mouvaux,Mouvaux - 3 Suisses,50.69899,3.138302,POINT (50.69899 3.138302)
comptage_abri_velo.32611,32611,A18,59410,2025,8,2025-08-12,Mardi,22,Mons-en-Barœul,Mons-en-Baroeul - Mairie,50.642837,3.1101,POINT (50.642837 3.1101)
comptage_abri_velo.32612,32612,H1,59017,2025,6,2025-06-27,Vendredi,24,Armentières,Armentières - Gare,50.680972,2.877374,POINT (50.680972 2.877374)
comptage_abri_velo.32613,32613,A22,59560,2025,4,2025-04-02,Mercredi,5,Seclin,Seclin - Gare,50.547452,3.034268,POINT (50.547452 3.034268)
comptage_abri_velo.32614,32614,H4,59524,2025,6,2025-06-03,Mardi,20,Sainghin-en-Weppes,Sainghin-en-Weppes - Don Sainghin,50.55142,2.914022,POINT (50.55142 2.914022)
comptage_abri_velo.32615,32615,H3,59350,2025,8,2025-08-04,Lundi,6.5,Lille,Lomme - Saint Philibert,50.653009,2.97502,POINT (50.653009 2.97502)
comptage_abri_velo.32616,32616,H2,59350,2025,7,2025-07-02,Mercredi,4.4,Lille,Lille - C.H.U. Eurasanté,50.607865,3.040099,POINT (50.607865 3.040099)
comptage_abri_velo.32617,32617,A4,59646,2025,5,2025-05-10,Samedi,10,Wasquehal,Wasquehal - Pavé de Lille,50.664155,3.130022,POINT (50.664155 3.130022)
comptage_abri_velo.32618,32618,H5,59009,2025,5,2025-05-31,Samedi,49.71,Villeneuve-d'Ascq,Villeneuve d'Ascq - 4 Cantons Stade Pierre Mauroy,50.605006,3.139401,POINT (50.605006 3.139401)
comptage_abri_velo.32619,32619,H2,59350,2025,6,2025-06-03,Mardi,7,Lille,Lille - C.H.U. Eurasanté,50.607865,3.040099,POINT (50.607865 3.040099)
comptage_abri_velo.32620,32620,H4,59524,2025,8,2025-08-05,Mardi,6,Sainghin-en-Weppes,Sainghin-en-Weppes - Don Sainghin,50.55142,2.914022,POINT (50.55142 2.914022)
comptage_abri_velo.32621,32621,H4,59524,2025,7,2025-07-17,Jeudi,16.13,Sainghin-en-Weppes,Sainghin-en-Weppes - Don Sainghin,50.55142,2.914022,POINT (50.55142 2.914022)
comptage_abri_velo.32622,32622,A22,59560,2025,12,2025-12-06,Samedi,5.2,Seclin,Seclin - Gare,50.547452,3.034268,POINT (50.547452 3.034268)
comptage_abri_velo.32623,32623,A15,59378,2025,12,2025-12-23,Mardi,11,Marcq-en-Barœul,Marcq-en-Baroeul - Croisé Laroche,50.665991,3.103728,POINT (50.665991 3.103728)
comptage_abri_velo.32624,32624,H6,59009,2025,9,2025-09-12,Vendredi,30.22,Villeneuve-d'Ascq,Villeneuve d'Ascq - Les Prés Edgard Pisani,50.650048,3.125509,POINT (50.650048 3.125509)
comptage_abri_velo.32625,32625,H5,59009,2025,9,2025-09-03,Mercredi,57.62,Villeneuve-d'Ascq,Villeneuve d'Ascq - 4 Cantons Stade Pierre Mauroy,50.605006,3.139401,POINT (50.605006 3.139401)
comptage_abri_velo.32626,32626,A14,59599,2025,10,2025-10-21,Mardi,20,Tourcoing,Tourcoing - Centre,50.720457,3.158724,POINT (50.720457 3.158724)
comptage_abri_velo.32627,32627,H1,59017,2025,4,2025-04-23,Mercredi,33.4,Armentières,Armentières - Gare,50.680972,2.877374,POINT (50.680972 2.877374)
comptage_abri_velo.32628,32628,A15,59378,2025,6,2025-06-20,Vendredi,12,Marcq-en-Barœul,Marcq-en-Baroeul - Croisé Laroche,50.665991,3.103728,POINT (50.665991 3.103728)
comptage_abri_velo.32629,32629,H3,59350,2025,7,2025-07-08,Mardi,9.11,Lille,Lomme - Saint Philibert,50.653009,2.97502,POINT (50.653009 2.97502)
comptage_abri_velo.32630,32630,H6,59009,2025,5,2025-05-14,Mercredi,25.3,Villeneuve-d'Ascq,Villeneuve d'Ascq - Les Prés Edgard Pisani,50.650048,3.125509,POINT (50.650048 3.125509)
comptage_abri_velo.32631,32631,H5,59009,2025,8,2025-08-17,Dimanche,56.48,Villeneuve-d'Ascq,Villeneuve d'Ascq - 4 Cantons Stade Pierre Mauroy,50.605006,3.139401,POINT (50.605006 3.139401)
comptage_abri_velo.32632,32632,H5,59009,2025,8,2025-08-08,Vendredi,54.71,Villeneuve-d'Ascq,Villeneuve d'Ascq - 4 Cantons Stade Pierre Mauroy,50.605006,3.139401,POINT (50.605006 3.139401)
comptage_abri_velo.32633,32633,A13,59299,2025,6,2025-06-05,Jeudi,2,Hem,Hem - 3 Fermes,50.662576,3.200574,POINT (50.662576 3.200574)
comptage_abri_velo.32634,32634,H4,59524,2025,4,2025-04-12,Samedi,5.38,Sainghin-en-Weppes,Sainghin-en-Weppes - Don Sainghin,50.55142,2.914022,POINT (50.55142 2.914022)
comptage_abri_velo.32635,32635,H6,59009,2025,4,2025-04-28,Lundi,26.9,Villeneuve-d'Ascq,Villeneuve d'Ascq - Les Prés Edgard Pisani,50.650048,3.125509,POINT (50.650048 3.125509)
comptage_abri_velo.32636,32636,H3,59350,2025,11,2025-11-28,Vendredi,13.67,Lille,Lomme - Saint Philibert,50.653009,2.97502,POINT (50.653009 2.97502)
comptage_abri_velo.32637,32637,A22,59560,2025,12,2025-12-07,Dimanche,6,Seclin,Seclin - Gare,50.547452,3.034268,POINT (50.547452 3.034268)
comptage_abri_velo.32638,32638,A22,59560,2025,10,2025-10-02,Jeudi,7.63,Seclin,Seclin - Gare,50.547452,3.034268,POINT (50.547452 3.034268)
comptage_abri_velo.32639,32639,H5,59009,2025,6,2025-06-15,Dimanche,59.9,Villeneuve-d'Ascq,Villeneuve d'Ascq - 4 Cantons Stade Pierre Mauroy,50.605006,3.139401,POINT (50.605006 3.139401)
comptage_abri_velo.32640,32640,H6,59009,2025,9,2025-09-15,Lundi,26.33,Villeneuve-d'Ascq,Villeneuve d'Ascq - Les Prés Edgard Pisani,50.650048,3.125509,POINT (50.650048 3.125509)
comptage_abri_velo.32641,32641,A12,59368,2025,9,2025-09-10,Mercredi,8,La Madeleine,La Madeleine - Romarin,50.645694,3.075042,POINT (50.645694 3.075042)
comptage_abri_velo.32642,32642,A24,59512,2025,7,2025-07-02,Mercredi,9,Roubaix,Roubaix - Eurotéléport,50.691165,3.179592,POINT (50.691165 3.179592)
comptage_abri_velo.32643,32643,A27,59350,2025,6,2025-06-14,Samedi,15,Lille,Hellemmes - Mairie,50.627533,3.109026,POINT (50.627533 3.109026)
comptage_abri_velo.32644,32644,A25,59512,2025,5,2025-05-09,Vendredi,3,Roubaix,Roubaix - Épeule Montesquieu,50.68397,3.162923,POINT (50.68397 3.162923)
comptage_abri_velo.32645,32645,A22,59560,2025,12,2025-12-28,Dimanche,8,Seclin,Seclin - Gare,50.547452,3.034268,POINT (50.547452 3.034268)
comptage_abri_velo.32646,32646,H5,59009,2025,8,2025-08-19,Mardi,57.14,Villeneuve-d'Ascq,Villeneuve d'Ascq - 4 Cantons Stade Pierre Mauroy,50.605006,3.139401,POINT (50.605006 3.139401)
comptage_abri_velo.32647,32647,H5,59009,2025,4,2025-04-08,Mardi,52,Villeneuve-d'Ascq,Villeneuve d'Ascq - 4 Cantons Stade Pierre Mauroy,50.605006,3.139401,POINT (50.605006 3.139401)
comptage_abri_velo.32648,32648,A3,59009,2025,7,2025-07-10,Jeudi,9,Villeneuve-d'Ascq,Villeneuve d'Ascq - Pont de Bois,50.624619,3.127947,POINT (50.624619 3.127947)
comptage_abri_velo.32649,32649,H1,59017,2025,7,2025-07-07,Lundi,37,Armentières,Armentières - Gare,50.680972,2.877374,POINT (50.680972 2.877374)
comptage_abri_velo.32650,32650,H2,59350,2025,11,2025-11-07,Vendredi,9,Lille,Lille - C.H.U. Eurasanté,50.607865,3.040099,POINT (50.607865 3.040099)
comptage_abri_velo.32651,32651,H3,59350,2025,6,2025-06-28,Samedi,5.38,Lille,Lomme - Saint Philibert,50.653009,2.97502,POINT (50.653009 2.97502)
comptage_abri_velo.32652,32652,H1,59017,2025,4,2025-04-19,Samedi,24.11,Armentières,Armentières - Gare,50.680972,2.877374,POINT (50.680972 2.877374)
comptage_abri_velo.32653,32653,H1,59017,2025,10,2025-10-06,Lundi,41.56,Armentières,Armentières - Gare,50.680972,2.877374,POINT (50.680972 2.877374)
comptage_abri_velo.32654,32654,H6,59009,2025,10,2025-10-15,Mercredi,28.9,Villeneuve-d'Ascq,Villeneuve d'Ascq - Les Prés Edgard Pisani,50.650048,3.125509,POINT (50.650048 3.125509)
comptage_abri_velo.32655,32655,A14,59599,2025,4,2025-04-10,Jeudi,21,Tourcoing,Tourcoing - Centre,50.720457,3.158724,POINT (50.720457 3.158724)
comptage_abri_velo.32656,32656,H4,59524,2025,8,2025-08-15,Vendredi,8.13,Sainghin-en-Weppes,Sainghin-en-Weppes - Don Sainghin,50.55142,2.914022,POINT (50.55142 2.914022)
comptage_abri_velo.32657,32657,H6,59009,2025,10,2025-10-27,Lundi,27.5,Villeneuve-d'Ascq,Villeneuve d'Ascq - Les Prés Edgard Pisani,50.650048,3.125509,POINT (50.650048 3.125509)
comptage_abri_velo.32658,32658,H5,59009,2025,10,2025-10-05,Dimanche,52.5,Villeneuve-d'Ascq,Villeneuve d'Ascq - 4 Cantons Stade Pierre Mauroy,50.605006,3.139401,POINT (50.605006 3.139401)
comptage_abri_velo.32659,32659,H4,59524,2025,8,2025-08-07,Jeudi,8.13,Sainghin-en-Weppes,Sainghin-en-Weppes - Don Sainghin,50.55142,2.914022,POINT (50.55142 2.914022)
comptage_abri_velo.32660,32660,H1,59017,2025,7,2025-07-20,Dimanche,22,Armentières,Armentières - Gare,50.680972,2.877374,POINT (50.680972 2.877374)
comptage_abri_velo.32661,32661,H1,59017,2025,10,2025-10-14,Mardi,36.25,Armentières,Armentières - Gare,50.680972,2.877374,POINT (50.680972 2.877374)
comptage_abri_velo.32662,32662,A5,59350,2025,10,2025-10-20,Lundi,17,Lille,Lomme - Maison des Enfants,50.646144,2.994472,POINT (50.646144 2.994472)
comptage_abri_velo.32663,32663,A25,59512,2025,10,2025-10-21,Mardi,5,Roubaix,Roubaix - Épeule Montesquieu,50.68397,3.162923,POINT (50.68397 3.162923)
comptage_abri_velo.32664,32664,H5,59009,2025,4,2025-04-30,Mercredi,55.48,Villeneuve-d'Ascq,Villeneuve d'Ascq - 4 Cantons Stade Pierre Mauroy,50.605006,3.139401,POINT (50.605006 3.139401)
comptage_abri_velo.32665,32665,H6,59009,2025,10,2025-10-01,Mercredi,30.27,Villeneuve-d'Ascq,Villeneuve d'Ascq - Les Prés Edgard Pisani,50.650048,3.125509,POINT (50.650048 3.125509)
comptage_abri_velo.32666,32666,A22,59560,2025,7,2025-07-29,Mardi,4.71,Seclin,Seclin - Gare,50.547452,3.034268,POINT (50.547452 3.034268)
comptage_abri_velo.32667,32667,H3,59350,2025,11,2025-11-12,Mercredi,10.33,Lille,Lomme - Saint Philibert,50.653009,2.97502,POINT (50.653009 2.97502)
comptage_abri_velo.32668,32668,H3,59350,2025,8,2025-08-19,Mardi,9.57,Lille,Lomme - Saint Philibert,50.653009,2.97502,POINT (50.653009 2.97502)
comptage_abri_velo.32669,32669,H1,59017,2025,11,2025-11-03,Lundi,41.5,Armentières,Armentières - Gare,50.680972,2.877374,POINT (50.680972 2.877374)
comptage_abri_velo.32670,32670,A11,59650,2025,7,2025-07-09,Mercredi,1,Wattrelos,Wattrelos - Centre,50.701454,3.214476,POINT (50.701454 3.214476)
comptage_abri_velo.32671,32671,A19,59350,2025,11,2025-11-14,Vendredi,10,Lille,Lille - Porte des Postes,50.617921,3.049909,POINT (50.617921 3.049909)
comptage_abri_velo.32672,32672,H3,59350,2025,12,2025-12-02,Mardi,11.4,Lille,Lomme - Saint Philibert,50.653009,2.97502,POINT (50.653009 2.97502)
comptage_abri_velo.32673,32673,H5,59009,2025,4,2025-04-09,Mercredi,51.24,Villeneuve-d'Ascq,Villeneuve d'Ascq - 4 Cantons Stade Pierre Mauroy,50.605006,3.139401,POINT (50.605006 3.139401)
comptage_abri_velo.32674,32674,H2,59350,2025,5,2025-05-15,Jeudi,5.9,Lille,Lille - C.H.U. Eurasanté,50.607865,3.040099,POINT (50.607865 3.040099)
comptage_abri_velo.32675,32675,H1,59017,2025,6,2025-06-29,Dimanche,20,Armentières,Armentières - Gare,50.680972,2.877374,POINT (50.680972 2.877374)
comptage_abri_velo.32676,32676,H1,59017,2025,4,2025-04-08,Mardi,31.17,Armentières,Armentières - Gare,50.680972,2.877374,POINT (50.680972 2.877374)
comptage_abri_velo.32677,32677,A27,59350,2025,7,2025-07-28,Lundi,17,Lille,Hellemmes - Mairie,50.627533,3.109026,POINT (50.627533 3.109026)
comptage_abri_velo.32678,32678,H2,59350,2025,7,2025-07-16,Mercredi,3,Lille,Lille - C.H.U. Eurasanté,50.607865,3.040099,POINT (50.607865 3.040099)
comptage_abri_velo.32679,32679,H4,59524,2025,4,2025-04-02,Mercredi,14.63,Sainghin-en-Weppes,Sainghin-en-Weppes - Don Sainghin,50.55142,2.914022,POINT (50.55142 2.914022)
comptage_abri_velo.32680,32680,A26,59350,2025,10,2025-10-08,Mercredi,5,Lille,Lille - Porte de Douai,50.618012,3.071473,POINT (50.618012 3.071473)
comptage_abri_velo.32681,32681,A22,59560,2025,4,2025-04-24,Jeudi,5.71,Seclin,Seclin - Gare,50.547452,3.034268,POINT (50.547452 3.034268)
comptage_abri_velo.32682,32682,H1,59017,2025,6,2025-06-26,Jeudi,34.71,Armentières,Armentières - Gare,50.680972,2.877374,POINT (50.680972 2.877374)
comptage_abri_velo.32683,32683,H4,59524,2025,9,2025-09-13,Samedi,8,Sainghin-en-Weppes,Sainghin-en-Weppes - Don Sainghin,50.55142,2.914022,POINT (50.55142 2.914022)
comptage_abri_velo.32684,32684,H1,59017,2025,4,2025-04-22,Mardi,30.67,Armentières,Armentières - Gare,50.680972,2.877374,POINT (50.680972 2.877374)
comptage_abri_velo.32685,32685,H2,59350,2025,12,2025-12-06,Samedi,5.8,Lille,Lille - C.H.U. Eurasanté,50.607865,3.040099,POINT (50.607865 3.040099)
comptage_abri_velo.32686,32686,A23,59152,2025,9,2025-09-11,Jeudi,5,Comines,Comines - Centre,50.761928,3.011547,POINT (50.761928 3.011547)
comptage_abri_velo.32687,32687,H2,59350,2025,12,2025-12-09,Mardi,7.8,Lille,Lille - C.H.U. Eurasanté,50.607865,3.040099,POINT (50.607865 3.040099)
comptage_abri_velo.32688,32688,H4,59524,2025,8,2025-08-08,Vendredi,9.63,Sainghin-en-Weppes,Sainghin-en-Weppes - Don Sainghin,50.55142,2.914022,POINT (50.55142 2.914022)
comptage_abri_velo.32689,32689,H6,59009,2025,11,2025-11-16,Dimanche,28,Villeneuve-d'Ascq,Villeneuve d'Ascq - Les Prés Edgard Pisani,50.650048,3.125509,POINT (50.650048 3.125509)
comptage_abri_velo.32690,32690,H4,59524,2025,8,2025-08-17,Dimanche,8.63,Sainghin-en-Weppes,Sainghin-en-Weppes - Don Sainghin,50.55142,2.914022,POINT (50.55142 2.914022)
comptage_abri_velo.32691,32691,H6,59009,2025,7,2025-07-28,Lundi,27.78,Villeneuve-d'Ascq,Villeneuve d'Ascq - Les Prés Edgard Pisani,50.650048,3.125509,POINT (50.650048 3.125509)
comptage_abri_velo.32692,32692,H4,59524,2025,5,2025-05-04,Dimanche,3,Sainghin-en-Weppes,Sainghin-en-Weppes - Don Sainghin,50.55142,2.914022,POINT (50.55142 2.914022)
comptage_abri_velo.32693,32693,H3,59350,2025,12,2025-12-30,Mardi,7.22,Lille,Lomme - Saint Philibert,50.653009,2.97502,POINT (50.653009 2.97502)
comptage_abri_velo.32694,32694,H3,59350,2025,9,2025-09-22,Lundi,12.56,Lille,Lomme - Saint Philibert,50.653009,2.97502,POINT (50.653009 2.97502)
comptage_abri_velo.32695,32695,H6,59009,2025,12,2025-12-30,Mardi,28.78,Villeneuve-d'Ascq,Villeneuve d'Ascq - Les Prés Edgard Pisani,50.650048,3.125509,POINT (50.650048 3.125509)
comptage_abri_velo.32696,32696,H4,59524,2025,12,2025-12-25,Jeudi,3,Sainghin-en-Weppes,Sainghin-en-Weppes - Don Sainghin,50.55142,2.914022,POINT (50.55142 2.914022)
comptage_abri_velo.32697,32697,A22,59560,2025,10,2025-10-06,Lundi,8.13,Seclin,Seclin - Gare,50.547452,3.034268,POINT (50.547452 3.034268)
comptage_abri_velo.32698,32698,H2,59350,2025,7,2025-07-18,Vendredi,4,Lille,Lille - C.H.U. Eurasanté,50.607865,3.040099,POINT (50.607865 3.040099)
comptage_abri_velo.32699,32699,H5,59009,2025,11,2025-11-04,Mardi,44.67,Villeneuve-d'Ascq,Villeneuve d'Ascq - 4 Cantons Stade Pierre Mauroy,50.605006,3.139401,POINT (50.605006 3.139401)
comptage_abri_velo.32700,32700,H1,59017,2025,12,2025-12-22,Lundi,24,Armentières,Armentières - Gare,50.680972,2.877374,POINT (50.680972 2.877374)
comptage_abri_velo.32701,32701,A22,59560,2025,12,2025-12-27,Samedi,7.71,Seclin,Seclin - Gare,50.547452,3.034268,POINT (50.547452 3.034268)
comptage_abri_velo.32702,32702,H3,59350,2025,6,2025-06-26,Jeudi,7.63,Lille,Lomme - Saint Philibert,50.653009,2.97502,POINT (50.653009 2.97502)
comptage_abri_velo.32703,32703,A22,59560,2025,5,2025-05-24,Samedi,2.86,Seclin,Seclin - Gare,50.547452,3.034268,POINT (50.547452 3.034268)
comptage_abri_velo.32704,32704,H6,59009,2025,8,2025-08-09,Samedi,26.6,Villeneuve-d'Ascq,Villeneuve d'Ascq - Les Prés Edgard Pisani,50.650048,3.125509,POINT (50.650048 3.125509)
comptage_abri_velo.32705,32705,H3,59350,2025,7,2025-07-19,Samedi,5,Lille,Lomme - Saint Philibert,50.653009,2.97502,POINT (50.653009 2.97502)
comptage_abri_velo.32706,32706,A14,59599,2025,4,2025-04-22,Mardi,9.5,Tourcoing,Tourcoing - Centre,50.720457,3.158724,POINT (50.720457 3.158724)
comptage_abri_velo.32707,32707,A22,59560,2025,9,2025-09-03,Mercredi,8.75,Seclin,Seclin - Gare,50.547452,3.034268,POINT (50.547452 3.034268)
comptage_abri_velo.32708,32708,H1,59017,2025,11,2025-11-12,Mercredi,33.88,Armentières,Armentières - Gare,50.680972,2.877374,POINT (50.680972 2.877374)
comptage_abri_velo.32709,32709,H1,59017,2025,11,2025-11-05,Mercredi,43.67,Armentières,Armentières - Gare,50.680972,2.877374,POINT (50.680972 2.877374)
comptage_abri_velo.32710,32710,H2,59350,2025,11,2025-11-17,Lundi,7.78,Lille,Lille - C.H.U. Eurasanté,50.607865,3.040099,POINT (50.607865 3.040099)
comptage_abri_velo.32711,32711,H4,59524,2025,9,2025-09-12,Vendredi,15.5,Sainghin-en-Weppes,Sainghin-en-Weppes - Don Sainghin,50.55142,2.914022,POINT (50.55142 2.914022)
comptage_abri_velo.32712,32712,A26,59350,2025,7,2025-07-11,Vendredi,3,Lille,Lille - Porte de Douai,50.618012,3.071473,POINT (50.618012 3.071473)
comptage_abri_velo.32713,32713,A20,59350,2025,4,2025-04-28,Lundi,25,Lille,Lille - Wazemmes,50.623358,3.051647,POINT (50.623358 3.051647)
comptage_abri_velo.32714,32714,A3,59009,2025,10,2025-10-08,Mercredi,18,Villeneuve-d'Ascq,Villeneuve d'Ascq - Pont de Bois,50.624619,3.127947,POINT (50.624619 3.127947)
comptage_abri_velo.32715,32715,H1,59017,2025,9,2025-09-17,Mercredi,38.1,Armentières,Armentières - Gare,50.680972,2.877374,POINT (50.680972 2.877374)
comptage_abri_velo.32716,32716,H5,59009,2025,8,2025-08-20,Mercredi,57.71,Villeneuve-d'Ascq,Villeneuve d'Ascq - 4 Cantons Stade Pierre Mauroy,50.605006,3.139401,POINT (50.605006 3.139401)
comptage_abri_velo.32717,32717,H4,59524,2025,8,2025-08-18,Lundi,6.86,Sainghin-en-Weppes,Sainghin-en-Weppes - Don Sainghin,50.55142,2.914022,POINT (50.55142 2.914022)
comptage_abri_velo.32718,32718,H2,59350,2025,8,2025-08-30,Samedi,4.6,Lille,Lille - C.H.U. Eurasanté,50.607865,3.040099,POINT (50.607865 3.040099)
comptage_abri_velo.32719,32719,H3,59350,2025,8,2025-08-11,Lundi,6.14,Lille,Lomme - Saint Philibert,50.653009,2.97502,POINT (50.653009 2.97502)
comptage_abri_velo.32720,32720,A22,59560,2025,11,2025-11-25,Mardi,9.4,Seclin,Seclin - Gare,50.547452,3.034268,POINT (50.547452 3.034268)
comptage_abri_velo.32721,32721,A13,59299,2025,8,2025-08-11,Lundi,3,Hem,Hem - 3 Fermes,50.662576,3.200574,POINT (50.662576 3.200574)
comptage_abri_velo.32722,32722,H3,59350,2025,12,2025-12-15,Lundi,10.67,Lille,Lomme - Saint Philibert,50.653009,2.97502,POINT (50.653009 2.97502)
comptage_abri_velo.32723,32723,H4,59524,2025,10,2025-10-09,Jeudi,22,Sainghin-en-Weppes,Sainghin-en-Weppes - Don Sainghin,50.55142,2.914022,POINT (50.55142 2.914022)
comptage_abri_velo.32724,32724,A24,59512,2025,10,2025-10-07,Mardi,10,Roubaix,Roubaix - Eurotéléport,50.691165,3.179592,POINT (50.691165 3.179592)
comptage_abri_velo.32725,32725,H1,59017,2025,11,2025-11-21,Vendredi,33.75,Armentières,Armentières - Gare,50.680972,2.877374,POINT (50.680972 2.877374)
comptage_abri_velo.32726,32726,A20,59350,2025,4,2025-04-24,Jeudi,24,Lille,Lille - Wazemmes,50.623358,3.051647,POINT (50.623358 3.051647)
comptage_abri_velo.32727,32727,H5,59009,2025,5,2025-05-24,Samedi,55.05,Villeneuve-d'Ascq,Villeneuve d'Ascq - 4 Cantons Stade Pierre Mauroy,50.605006,3.139401,POINT (50.605006 3.139401)
comptage_abri_velo.32728,32728,H5,59009,2025,12,2025-12-13,Samedi,41.27,Villeneuve-d'Ascq,Villeneuve d'Ascq - 4 Cantons Stade Pierre Mauroy,50.605006,3.139401,POINT (50.605006 3.139401)
comptage_abri_velo.32729,32729,H3,59350,2025,9,2025-09-16,Mardi,12.27,Lille,Lomme - Saint Philibert,50.653009,2.97502,POINT (50.653009 2.97502)
comptage_abri_velo.32730,32730,A26,59350,2025,11,2025-11-27,Jeudi,29,Lille,Lille - Porte de Douai,50.618012,3.071473,POINT (50.618012 3.071473)
comptage_abri_velo.32731,32731,H4,59524,2025,6,2025-06-06,Vendredi,9.73,Sainghin-en-Weppes,Sainghin-en-Weppes - Don Sainghin,50.55142,2.914022,POINT (50.55142 2.914022)
comptage_abri_velo.32732,32732,H2,59350,2025,10,2025-10-21,Mardi,4.1,Lille,Lille - C.H.U. Eurasanté,50.607865,3.040099,POINT (50.607865 3.040099)
comptage_abri_velo.32733,32733,H1,59017,2025,9,2025-09-06,Samedi,20,Armentières,Armentières - Gare,50.680972,2.877374,POINT (50.680972 2.877374)
comptage_abri_velo.32734,32734,H4,59524,2025,7,2025-07-23,Mercredi,11.63,Sainghin-en-Weppes,Sainghin-en-Weppes - Don Sainghin,50.55142,2.914022,POINT (50.55142 2.914022)
comptage_abri_velo.32735,32735,H3,59350,2025,11,2025-11-23,Dimanche,7,Lille,Lomme - Saint Philibert,50.653009,2.97502,POINT (50.653009 2.97502)
comptage_abri_velo.32736,32736,A25,59512,2025,12,2025-12-11,Jeudi,4,Roubaix,Roubaix - Épeule Montesquieu,50.68397,3.162923,POINT (50.68397 3.162923)
comptage_abri_velo.32737,32737,H1,59017,2025,4,2025-04-09,Mercredi,29.89,Armentières,Armentières - Gare,50.680972,2.877374,POINT (50.680972 2.877374)
comptage_abri_velo.32738,32738,A26,59350,2025,8,2025-08-29,Vendredi,3,Lille,Lille - Porte de Douai,50.618012,3.071473,POINT (50.618012 3.071473)
comptage_abri_velo.32739,32739,H2,59350,2025,5,2025-05-22,Jeudi,5.4,Lille,Lille - C.H.U. Eurasanté,50.607865,3.040099,POINT (50.607865 3.040099)
comptage_abri_velo.32740,32740,H6,59009,2025,9,2025-09-03,Mercredi,26.8,Villeneuve-d'Ascq,Villeneuve d'Ascq - Les Prés Edgard Pisani,50.650048,3.125509,POINT (50.650048 3.125509)
comptage_abri_velo.32741,32741,H4,59524,2025,7,2025-07-14,Lundi,9,Sainghin-en-Weppes,Sainghin-en-Weppes - Don Sainghin,50.55142,2.914022,POINT (50.55142 2.914022)
comptage_abri_velo.32742,32742,H2,59350,2025,12,2025-12-20,Samedi,4.5,Lille,Lille - C.H.U. Eurasanté,50.607865,3.040099,POINT (50.607865 3.040099)
comptage_abri_velo.32743,32743,H1,59017,2025,4,2025-04-01,Mardi,32,Armentières,Armentières - Gare,50.680972,2.877374,POINT (50.680972 2.877374)
comptage_abri_velo.32744,32744,H5,59009,2025,10,2025-10-04,Samedi,55.91,Villeneuve-d'Ascq,Villeneuve d'Ascq - 4 Cantons Stade Pierre Mauroy,50.605006,3.139401,POINT (50.605006 3.139401)
comptage_abri_velo.32745,32745,A22,59560,2025,6,2025-06-19,Jeudi,8.63,Seclin,Seclin - Gare,50.547452,3.034268,POINT (50.547452 3.034268)
comptage_abri_velo.32746,32746,H6,59009,2025,12,2025-12-20,Samedi,28.27,Villeneuve-d'Ascq,Villeneuve d'Ascq - Les Prés Edgard Pisani,50.650048,3.125509,POINT (50.650048 3.125509)
comptage_abri_velo.32747,32747,H5,59009,2025,5,2025-05-22,Jeudi,56.71,Villeneuve-d'Ascq,Villeneuve d'Ascq - 4 Cantons Stade Pierre Mauroy,50.605006,3.139401,POINT (50.605006 3.139401)
comptage_abri_velo.32748,32748,H6,59009,2025,9,2025-09-14,Dimanche,26,Villeneuve-d'Ascq,Villeneuve d'Ascq - Les Prés Edgard Pisani,50.650048,3.125509,POINT (50.650048 3.125509)
comptage_abri_velo.32749,32749,H3,59350,2025,5,2025-05-07,Mercredi,11,Lille,Lomme - Saint Philibert,50.653009,2.97502,POINT (50.653009 2.97502)
comptage_abri_velo.32750,32750,H3,59350,2025,8,2025-08-06,Mercredi,6.33,Lille,Lomme - Saint Philibert,50.653009,2.97502,POINT (50.653009 2.97502)
comptage_abri_velo.32751,32751,H1,59017,2025,10,2025-10-02,Jeudi,35.14,Armentières,Armentières - Gare,50.680972,2.877374,POINT (50.680972 2.877374)
comptage_abri_velo.32752,32752,H6,59009,2025,8,2025-08-03,Dimanche,26,Villeneuve-d'Ascq,Villeneuve d'Ascq - Les Prés Edgard Pisani,50.650048,3.125509,POINT (50.650048 3.125509)
comptage_abri_velo.32753,32753,H1,59017,2025,6,2025-06-24,Mardi,48.11,Armentières,Armentières - Gare,50.680972,2.877374,POINT (50.680972 2.877374)
comptage_abri_velo.32754,32754,H5,59009,2025,9,2025-09-20,Samedi,53.81,Villeneuve-d'Ascq,Villeneuve d'Ascq - 4 Cantons Stade Pierre Mauroy,50.605006,3.139401,POINT (50.605006 3.139401)
comptage_abri_velo.32755,32755,A16,59421,2025,4,2025-04-10,Jeudi,11,Mouvaux,Mouvaux - 3 Suisses,50.69899,3.138302,POINT (50.69899 3.138302)
comptage_abri_velo.32756,32756,H6,59009,2025,4,2025-04-20,Dimanche,27,Villeneuve-d'Ascq,Villeneuve d'Ascq - Les Prés Edgard Pisani,50.650048,3.125509,POINT (50.650048 3.125509)
comptage_abri_velo.32757,32757,H5,59009,2025,4,2025-04-24,Jeudi,53,Villeneuve-d'Ascq,Villeneuve d'Ascq - 4 Cantons Stade Pierre Mauroy,50.605006,3.139401,POINT (50.605006 3.139401)
comptage_abri_velo.32758,32758,H6,59009,2025,10,2025-10-08,Mercredi,31.6,Villeneuve-d'Ascq,Villeneuve d'Ascq - Les Prés Edgard Pisani,50.650048,3.125509,POINT (50.650048 3.125509)
comptage_abri_velo.32759,32759,A22,59560,2025,4,2025-04-28,Lundi,5.13,Seclin,Seclin - Gare,50.547452,3.034268,POINT (50.547452 3.034268)
comptage_abri_velo.32760,32760,H5,59009,2025,11,2025-11-12,Mercredi,45.19,Villeneuve-d'Ascq,Villeneuve d'Ascq - 4 Cantons Stade Pierre Mauroy,50.605006,3.139401,POINT (50.605006 3.139401)
comptage_abri_velo.32761,32761,H5,59009,2025,4,2025-04-12,Samedi,52.68,Villeneuve-d'Ascq,Villeneuve d'Ascq - 4 Cantons Stade Pierre Mauroy,50.605006,3.139401,POINT (50.605006 3.139401)
comptage_abri_velo.32762,32762,H3,59350,2025,7,2025-07-24,Jeudi,7.86,Lille,Lomme - Saint Philibert,50.653009,2.97502,POINT (50.653009 2.97502)
comptage_abri_velo.32763,32763,H4,59524,2025,11,2025-11-13,Jeudi,23.38,Sainghin-en-Weppes,Sainghin-en-Weppes - Don Sainghin,50.55142,2.914022,POINT (50.55142 2.914022)
comptage_abri_velo.32764,32764,H2,59350,2025,11,2025-11-14,Vendredi,6,Lille,Lille - C.H.U. Eurasanté,50.607865,3.040099,POINT (50.607865 3.040099)
comptage_abri_velo.32765,32765,A22,59560,2025,10,2025-10-10,Vendredi,9.38,Seclin,Seclin - Gare,50.547452,3.034268,POINT (50.547452 3.034268)
comptage_abri_velo.32766,32766,H3,59350,2025,4,2025-04-27,Dimanche,5,Lille,Lomme - Saint Philibert,50.653009,2.97502,POINT (50.653009 2.97502)
comptage_abri_velo.32767,32767,H1,59017,2025,5,2025-05-04,Dimanche,20.22,Armentières,Armentières - Gare,50.680972,2.877374,POINT (50.680972 2.877374)
comptage_abri_velo.32768,32768,A22,59560,2025,6,2025-06-13,Vendredi,6.29,Seclin,Seclin - Gare,50.547452,3.034268,POINT (50.547452 3.034268)
comptage_abri_velo.32769,32769,H4,59524,2025,4,2025-04-04,Vendredi,13.89,Sainghin-en-Weppes,Sainghin-en-Weppes - Don Sainghin,50.55142,2.914022,POINT (50.55142 2.914022)
comptage_abri_velo.32770,32770,H4,59524,2025,7,2025-07-04,Vendredi,16.38,Sainghin-en-Weppes,Sainghin-en-Weppes - Don Sainghin,50.55142,2.914022,POINT (50.55142 2.914022)
comptage_abri_velo.32771,32771,H2,59350,2025,9,2025-09-30,Mardi,7.7,Lille,Lille - C.H.U. Eurasanté,50.607865,3.040099,POINT (50.607865 3.040099)
comptage_abri_velo.32772,32772,A22,59560,2025,10,2025-10-12,Dimanche,5.38,Seclin,Seclin - Gare,50.547452,3.034268,POINT (50.547452 3.034268)
comptage_abri_velo.32773,32773,H6,59009,2025,5,2025-05-13,Mardi,28.2,Villeneuve-d'Ascq,Villeneuve d'Ascq - Les Prés Edgard Pisani,50.650048,3.125509,POINT (50.650048 3.125509)
comptage_abri_velo.32774,32774,H1,59017,2025,6,2025-06-04,Mercredi,26.67,Armentières,Armentières - Gare,50.680972,2.877374,POINT (50.680972 2.877374)
comptage_abri_velo.32775,32775,A6,59163,2025,11,2025-11-14,Vendredi,23,Croix,Croix - Centre,50.674954,3.145916,POINT (50.674954 3.145916)
comptage_abri_velo.32776,32776,A11,59650,2025,12,2025-12-11,Jeudi,0,Wattrelos,Wattrelos - Centre,50.701454,3.214476,POINT (50.701454 3.214476)
comptage_abri_velo.32777,32777,H3,59350,2025,12,2025-12-23,Mardi,9.1,Lille,Lomme - Saint Philibert,50.653009,2.97502,POINT (50.653009 2.97502)
comptage_abri_velo.32778,32778,H2,59350,2025,4,2025-04-22,Mardi,6.56,Lille,Lille - C.H.U. Eurasanté,50.607865,3.040099,POINT (50.607865 3.040099)
comptage_abri_velo.32779,32779,H1,59017,2025,11,2025-11-24,Lundi,28.67,Armentières,Armentières - Gare,50.680972,2.877374,POINT (50.680972 2.877374)
comptage_abri_velo.32780,32780,A5,59350,2025,12,2025-12-06,Samedi,21,Lille,Lomme - Maison des Enfants,50.646144,2.994472,POINT (50.646144 2.994472)
comptage_abri_velo.32781,32781,H4,59524,2025,4,2025-04-19,Samedi,3.56,Sainghin-en-Weppes,Sainghin-en-Weppes - Don Sainghin,50.55142,2.914022,POINT (50.55142 2.914022)
comptage_abri_velo.32782,32782,H2,59350,2025,4,2025-04-25,Vendredi,6.2,Lille,Lille - C.H.U. Eurasanté,50.607865,3.040099,POINT (50.607865 3.040099)
comptage_abri_velo.32783,32783,H2,59350,2025,9,2025-09-19,Vendredi,4.9,Lille,Lille - C.H.U. Eurasanté,50.607865,3.040099,POINT (50.607865 3.040099)
comptage_abri_velo.32784,32784,H6,59009,2025,6,2025-06-08,Dimanche,25,Villeneuve-d'Ascq,Villeneuve d'Ascq - Les Prés Edgard Pisani,50.650048,3.125509,POINT (50.650048 3.125509)
comptage_abri_velo.32785,32785,H6,59009,2025,8,2025-08-13,Mercredi,28.9,Villeneuve-d'Ascq,Villeneuve d'Ascq - Les Prés Edgard Pisani,50.650048,3.125509,POINT (50.650048 3.125509)
comptage_abri_velo.32786,32786,H4,59524,2025,7,2025-07-24,Jeudi,13.13,Sainghin-en-Weppes,Sainghin-en-Weppes - Don Sainghin,50.55142,2.914022,POINT (50.55142 2.914022)
comptage_abri_velo.32787,32787,A10,59507,2025,6,2025-06-04,Mercredi,6,Ronchin,Ronchin - Mairie,50.605669,3.077856,POINT (50.605669 3.077856)
comptage_abri_velo.32788,32788,A10,59507,2025,6,2025-06-18,Mercredi,6,Ronchin,Ronchin - Mairie,50.605669,3.077856,POINT (50.605669 3.077856)
comptage_abri_velo.32789,32789,A19,59350,2025,9,2025-09-10,Mercredi,35,Lille,Lille - Porte des Postes,50.617921,3.049909,POINT (50.617921 3.049909)
comptage_abri_velo.32790,32790,H6,59009,2025,8,2025-08-10,Dimanche,26,Villeneuve-d'Ascq,Villeneuve d'Ascq - Les Prés Edgard Pisani,50.650048,3.125509,POINT (50.650048 3.125509)
comptage_abri_velo.32791,32791,A22,59560,2025,7,2025-07-16,Mercredi,6.8,Seclin,Seclin - Gare,50.547452,3.034268,POINT (50.547452 3.034268)
comptage_abri_velo.32792,32792,A27,59350,2025,5,2025-05-07,Mercredi,15.5,Lille,Hellemmes - Mairie,50.627533,3.109026,POINT (50.627533 3.109026)
comptage_abri_velo.32793,32793,A10,59507,2025,12,2025-12-23,Mardi,3,Ronchin,Ronchin - Mairie,50.605669,3.077856,POINT (50.605669 3.077856)
comptage_abri_velo.32794,32794,H5,59009,2025,11,2025-11-22,Samedi,39.05,Villeneuve-d'Ascq,Villeneuve d'Ascq - 4 Cantons Stade Pierre Mauroy,50.605006,3.139401,POINT (50.605006 3.139401)
comptage_abri_velo.32795,32795,H5,59009,2025,9,2025-09-01,Lundi,54.62,Villeneuve-d'Ascq,Villeneuve d'Ascq - 4 Cantons Stade Pierre Mauroy,50.605006,3.139401,POINT (50.605006 3.139401)
comptage_abri_velo.32796,32796,H3,59350,2025,4,2025-04-17,Jeudi,10.29,Lille,Lomme - Saint Philibert,50.653009,2.97502,POINT (50.653009 2.97502)
comptage_abri_velo.32797,32797,H6,59009,2025,4,2025-04-07,Lundi,25.33,Villeneuve-d'Ascq,Villeneuve d'Ascq - Les Prés Edgard Pisani,50.650048,3.125509,POINT (50.650048 3.125509)
comptage_abri_velo.32798,32798,A8,59636,2025,11,2025-11-14,Vendredi,11,Wambrechies,Wambrechies - Mairie,50.686433,3.053429,POINT (50.686433 3.053429)
comptage_abri_velo.32799,32799,H3,59350,2025,5,2025-05-10,Samedi,5.11,Lille,Lomme - Saint Philibert,50.653009,2.97502,POINT (50.653009 2.97502)
comptage_abri_velo.32800,32800,H6,59009,2025,9,2025-09-10,Mercredi,26.36,Villeneuve-d'Ascq,Villeneuve d'Ascq - Les Prés Edgard Pisani,50.650048,3.125509,POINT (50.650048 3.125509)
comptage_abri_velo.32801,32801,H4,59524,2025,5,2025-05-15,Jeudi,20.75,Sainghin-en-Weppes,Sainghin-en-Weppes - Don Sainghin,50.55142,2.914022,POINT (50.55142 2.914022)
comptage_abri_velo.32802,32802,A18,59410,2025,7,2025-07-29,Mardi,23,Mons-en-Barœul,Mons-en-Baroeul - Mairie,50.642837,3.1101,POINT (50.642837 3.1101)
comptage_abri_velo.32803,32803,A22,59560,2025,5,2025-05-19,Lundi,7.14,Seclin,Seclin - Gare,50.547452,3.034268,POINT (50.547452 3.034268)
comptage_abri_velo.32804,32804,A6,59163,2025,7,2025-07-04,Vendredi,18,Croix,Croix - Centre,50.674954,3.145916,POINT (50.674954 3.145916)
comptage_abri_velo.32805,32805,H3,59350,2025,11,2025-11-27,Jeudi,11.78,Lille,Lomme - Saint Philibert,50.653009,2.97502,POINT (50.653009 2.97502)
comptage_abri_velo.32806,32806,H1,59017,2025,5,2025-05-19,Lundi,20,Armentières,Armentières - Gare,50.680972,2.877374,POINT (50.680972 2.877374)
comptage_abri_velo.32807,32807,H4,59524,2025,9,2025-09-01,Lundi,15.38,Sainghin-en-Weppes,Sainghin-en-Weppes - Don Sainghin,50.55142,2.914022,POINT (50.55142 2.914022)
comptage_abri_velo.32808,32808,H3,59350,2025,6,2025-06-11,Mercredi,10.22,Lille,Lomme - Saint Philibert,50.653009,2.97502,POINT (50.653009 2.97502)
comptage_abri_velo.32809,32809,H5,59009,2025,10,2025-10-12,Dimanche,50.19,Villeneuve-d'Ascq,Villeneuve d'Ascq - 4 Cantons Stade Pierre Mauroy,50.605006,3.139401,POINT (50.605006 3.139401)
comptage_abri_velo.32810,32810,H6,59009,2025,5,2025-05-03,Samedi,27.67,Villeneuve-d'Ascq,Villeneuve d'Ascq - Les Prés Edgard Pisani,50.650048,3.125509,POINT (50.650048 3.125509)
comptage_abri_velo.32811,32811,H5,59009,2025,11,2025-11-08,Samedi,38.95,Villeneuve-d'Ascq,Villeneuve d'Ascq - 4 Cantons Stade Pierre Mauroy,50.605006,3.139401,POINT (50.605006 3.139401)
comptage_abri_velo.32812,32812,H6,59009,2025,11,2025-11-09,Dimanche,27,Villeneuve-d'Ascq,Villeneuve d'Ascq - Les Prés Edgard Pisani,50.650048,3.125509,POINT (50.650048 3.125509)
comptage_abri_velo.32813,32813,H6,59009,2025,9,2025-09-16,Mardi,29.6,Villeneuve-d'Ascq,Villeneuve d'Ascq - Les Prés Edgard Pisani,50.650048,3.125509,POINT (50.650048 3.125509)
comptage_abri_velo.32814,32814,H1,59017,2025,8,2025-08-26,Mardi,28.13,Armentières,Armentières - Gare,50.680972,2.877374,POINT (50.680972 2.877374)
comptage_abri_velo.32815,32815,H1,59017,2025,12,2025-12-11,Jeudi,29.92,Armentières,Armentières - Gare,50.680972,2.877374,POINT (50.680972 2.877374)
comptage_abri_velo.32816,32816,A22,59560,2025,11,2025-11-01,Samedi,6,Seclin,Seclin - Gare,50.547452,3.034268,POINT (50.547452 3.034268)
comptage_abri_velo.32817,32817,H2,59350,2025,4,2025-04-03,Jeudi,6.5,Lille,Lille - C.H.U. Eurasanté,50.607865,3.040099,POINT (50.607865 3.040099)
comptage_abri_velo.32818,32818,H4,59524,2025,7,2025-07-31,Jeudi,8.13,Sainghin-en-Weppes,Sainghin-en-Weppes - Don Sainghin,50.55142,2.914022,POINT (50.55142 2.914022)
comptage_abri_velo.32819,32819,H2,59350,2025,11,2025-11-09,Dimanche,5,Lille,Lille - C.H.U. Eurasanté,50.607865,3.040099,POINT (50.607865 3.040099)
comptage_abri_velo.32820,32820,H2,59350,2025,11,2025-11-11,Mardi,5,Lille,Lille - C.H.U. Eurasanté,50.607865,3.040099,POINT (50.607865 3.040099)
comptage_abri_velo.32821,32821,H5,59009,2025,5,2025-05-17,Samedi,54.09,Villeneuve-d'Ascq,Villeneuve d'Ascq - 4 Cantons Stade Pierre Mauroy,50.605006,3.139401,POINT (50.605006 3.139401)
comptage_abri_velo.32822,32822,A4,59646,2025,5,2025-05-31,Samedi,11,Wasquehal,Wasquehal - Pavé de Lille,50.664155,3.130022,POINT (50.664155 3.130022)
comptage_abri_velo.32823,32823,H6,59009,2025,10,2025-10-11,Samedi,30.27,Villeneuve-d'Ascq,Villeneuve d'Ascq - Les Prés Edgard Pisani,50.650048,3.125509,POINT (50.650048 3.125509)
comptage_abri_velo.32824,32824,H2,59350,2025,10,2025-10-26,Dimanche,4,Lille,Lille - C.H.U. Eurasanté,50.607865,3.040099,POINT (50.607865 3.040099)
comptage_abri_velo.32825,32825,H1,59017,2025,7,2025-07-05,Samedi,23.5,Armentières,Armentières - Gare,50.680972,2.877374,POINT (50.680972 2.877374)
comptage_abri_velo.32826,32826,A5,59350,2025,9,2025-09-24,Mercredi,14,Lille,Lomme - Maison des Enfants,50.646144,2.994472,POINT (50.646144 2.994472)
comptage_abri_velo.32827,32827,H1,59017,2025,7,2025-07-14,Lundi,20.2,Armentières,Armentières - Gare,50.680972,2.877374,POINT (50.680972 2.877374)
comptage_abri_velo.32828,32828,A8,59636,2025,4,2025-04-22,Mardi,10,Wambrechies,Wambrechies - Mairie,50.686433,3.053429,POINT (50.686433 3.053429)
comptage_abri_velo.32829,32829,H2,59350,2025,12,2025-12-16,Mardi,5.7,Lille,Lille - C.H.U. Eurasanté,50.607865,3.040099,POINT (50.607865 3.040099)
comptage_abri_velo.32830,32830,A22,59560,2025,11,2025-11-08,Samedi,4.5,Seclin,Seclin - Gare,50.547452,3.034268,POINT (50.547452 3.034268)
comptage_abri_velo.32831,32831,H5,59009,2025,12,2025-12-04,Jeudi,41.81,Villeneuve-d'Ascq,Villeneuve d'Ascq - 4 Cantons Stade Pierre Mauroy,50.605006,3.139401,POINT (50.605006 3.139401)
comptage_abri_velo.32832,32832,H1,59017,2025,7,2025-07-09,Mercredi,29.43,Armentières,Armentières - Gare,50.680972,2.877374,POINT (50.680972 2.877374)
comptage_abri_velo.32833,32833,A2,59527,2025,8,2025-08-12,Mardi,20,Saint-André-lez-Lille,St André - Mairie,50.660206,3.051002,POINT (50.660206 3.051002)
comptage_abri_velo.32834,32834,H1,59017,2025,9,2025-09-11,Jeudi,30.4,Armentières,Armentières - Gare,50.680972,2.877374,POINT (50.680972 2.877374)
comptage_abri_velo.32835,32835,A29,59378,2025,11,2025-11-23,Dimanche,0,Marcq-en-Barœul,Marcq-en-Baroeul - Cerisaie,50.678116,3.111562,POINT (50.678116 3.111562)
comptage_abri_velo.32836,32836,A3,59009,2025,11,2025-11-14,Vendredi,17,Villeneuve-d'Ascq,Villeneuve d'Ascq - Pont de Bois,50.624619,3.127947,POINT (50.624619 3.127947)
comptage_abri_velo.32837,32837,A6,59163,2025,9,2025-09-11,Jeudi,20,Croix,Croix - Centre,50.674954,3.145916,POINT (50.674954 3.145916)
comptage_abri_velo.32838,32838,H5,59009,2025,10,2025-10-16,Jeudi,59.86,Villeneuve-d'Ascq,Villeneuve d'Ascq - 4 Cantons Stade Pierre Mauroy,50.605006,3.139401,POINT (50.605006 3.139401)
comptage_abri_velo.32839,32839,H6,59009,2025,7,2025-07-09,Mercredi,27.7,Villeneuve-d'Ascq,Villeneuve d'Ascq - Les Prés Edgard Pisani,50.650048,3.125509,POINT (50.650048 3.125509)
comptage_abri_velo.32840,32840,H6,59009,2025,6,2025-06-30,Lundi,26.44,Villeneuve-d'Ascq,Villeneuve d'Ascq - Les Prés Edgard Pisani,50.650048,3.125509,POINT (50.650048 3.125509)
comptage_abri_velo.32841,32841,A22,59560,2025,9,2025-09-28,Dimanche,6.5,Seclin,Seclin - Gare,50.547452,3.034268,POINT (50.547452 3.034268)
comptage_abri_velo.32842,32842,A6,59163,2025,5,2025-05-22,Jeudi,25,Croix,Croix - Centre,50.674954,3.145916,POINT (50.674954 3.145916)
comptage_abri_velo.32843,32843,H4,59524,2025,10,2025-10-16,Jeudi,26.63,Sainghin-en-Weppes,Sainghin-en-Weppes - Don Sainghin,50.55142,2.914022,POINT (50.55142 2.914022)
comptage_abri_velo.32844,32844,A27,59350,2025,11,2025-11-27,Jeudi,18,Lille,Hellemmes - Mairie,50.627533,3.109026,POINT (50.627533 3.109026)
comptage_abri_velo.32845,32845,A22,59560,2025,9,2025-09-04,Jeudi,10.13,Seclin,Seclin - Gare,50.547452,3.034268,POINT (50.547452 3.034268)
comptage_abri_velo.32846,32846,H2,59350,2025,6,2025-06-25,Mercredi,3.6,Lille,Lille - C.H.U. Eurasanté,50.607865,3.040099,POINT (50.607865 3.040099)
comptage_abri_velo.32847,32847,H5,59009,2025,6,2025-06-09,Lundi,55.57,Villeneuve-d'Ascq,Villeneuve d'Ascq - 4 Cantons Stade Pierre Mauroy,50.605006,3.139401,POINT (50.605006 3.139401)
comptage_abri_velo.32848,32848,H2,59350,2025,11,2025-11-25,Mardi,8.1,Lille,Lille - C.H.U. Eurasanté,50.607865,3.040099,POINT (50.607865 3.040099)
comptage_abri_velo.32849,32849,H4,59524,2025,9,2025-09-25,Jeudi,22.5,Sainghin-en-Weppes,Sainghin-en-Weppes - Don Sainghin,50.55142,2.914022,POINT (50.55142 2.914022)
comptage_abri_velo.32850,32850,H3,59350,2025,5,2025-05-14,Mercredi,10.11,Lille,Lomme - Saint Philibert,50.653009,2.97502,POINT (50.653009 2.97502)
comptage_abri_velo.32851,32851,H5,59009,2025,6,2025-06-30,Lundi,54.57,Villeneuve-d'Ascq,Villeneuve d'Ascq - 4 Cantons Stade Pierre Mauroy,50.605006,3.139401,POINT (50.605006 3.139401)
comptage_abri_velo.32852,32852,H6,59009,2025,7,2025-07-24,Jeudi,28.6,Villeneuve-d'Ascq,Villeneuve d'Ascq - Les Prés Edgard Pisani,50.650048,3.125509,POINT (50.650048 3.125509)
comptage_abri_velo.32853,32853,H6,59009,2025,11,2025-11-22,Samedi,29.11,Villeneuve-d'Ascq,Villeneuve d'Ascq - Les Prés Edgard Pisani,50.650048,3.125509,POINT (50.650048 3.125509)
comptage_abri_velo.32854,32854,H3,59350,2025,4,2025-04-26,Samedi,4.56,Lille,Lomme - Saint Philibert,50.653009,2.97502,POINT (50.653009 2.97502)
comptage_abri_velo.32855,32855,H4,59524,2025,5,2025-05-09,Vendredi,8,Sainghin-en-Weppes,Sainghin-en-Weppes - Don Sainghin,50.55142,2.914022,POINT (50.55142 2.914022)
comptage_abri_velo.32856,32856,A23,59152,2025,8,2025-08-13,Mercredi,16,Comines,Comines - Centre,50.761928,3.011547,POINT (50.761928 3.011547)
comptage_abri_velo.32857,32857,H5,59009,2025,10,2025-10-17,Vendredi,54.57,Villeneuve-d'Ascq,Villeneuve d'Ascq - 4 Cantons Stade Pierre Mauroy,50.605006,3.139401,POINT (50.605006 3.139401)
comptage_abri_velo.32858,32858,H3,59350,2025,6,2025-06-14,Samedi,6.67,Lille,Lomme - Saint Philibert,50.653009,2.97502,POINT (50.653009 2.97502)
comptage_abri_velo.32859,32859,A20,59350,2025,9,2025-09-25,Jeudi,29,Lille,Lille - Wazemmes,50.623358,3.051647,POINT (50.623358 3.051647)
comptage_abri_velo.32860,32860,H4,59524,2025,9,2025-09-02,Mardi,17.38,Sainghin-en-Weppes,Sainghin-en-Weppes - Don Sainghin,50.55142,2.914022,POINT (50.55142 2.914022)
comptage_abri_velo.32861,32861,H2,59350,2025,4,2025-04-01,Mardi,7.3,Lille,Lille - C.H.U. Eurasanté,50.607865,3.040099,POINT (50.607865 3.040099)
comptage_abri_velo.32862,32862,H2,59350,2025,6,2025-06-15,Dimanche,4,Lille,Lille - C.H.U. Eurasanté,50.607865,3.040099,POINT (50.607865 3.040099)
comptage_abri_velo.32863,32863,A12,59368,2025,7,2025-07-10,Jeudi,9,La Madeleine,La Madeleine - Romarin,50.645694,3.075042,POINT (50.645694 3.075042)
comptage_abri_velo.32864,32864,H5,59009,2025,4,2025-04-20,Dimanche,52.62,Villeneuve-d'Ascq,Villeneuve d'Ascq - 4 Cantons Stade Pierre Mauroy,50.605006,3.139401,POINT (50.605006 3.139401)
comptage_abri_velo.32865,32865,H4,59524,2025,4,2025-04-28,Lundi,17.13,Sainghin-en-Weppes,Sainghin-en-Weppes - Don Sainghin,50.55142,2.914022,POINT (50.55142 2.914022)
comptage_abri_velo.32866,32866,H2,59350,2025,4,2025-04-12,Samedi,3.7,Lille,Lille - C.H.U. Eurasanté,50.607865,3.040099,POINT (50.607865 3.040099)
comptage_abri_velo.32867,32867,H5,59009,2025,5,2025-05-05,Lundi,57.05,Villeneuve-d'Ascq,Villeneuve d'Ascq - 4 Cantons Stade Pierre Mauroy,50.605006,3.139401,POINT (50.605006 3.139401)
comptage_abri_velo.32868,32868,H3,59350,2025,9,2025-09-17,Mercredi,15.67,Lille,Lomme - Saint Philibert,50.653009,2.97502,POINT (50.653009 2.97502)
comptage_abri_velo.32869,32869,H2,59350,2025,8,2025-08-31,Dimanche,4,Lille,Lille - C.H.U. Eurasanté,50.607865,3.040099,POINT (50.607865 3.040099)
comptage_abri_velo.32870,32870,A27,59350,2025,10,2025-10-08,Mercredi,18,Lille,Hellemmes - Mairie,50.627533,3.109026,POINT (50.627533 3.109026)
comptage_abri_velo.32871,32871,H5,59009,2025,7,2025-07-17,Jeudi,53.05,Villeneuve-d'Ascq,Villeneuve d'Ascq - 4 Cantons Stade Pierre Mauroy,50.605006,3.139401,POINT (50.605006 3.139401)
comptage_abri_velo.32872,32872,H1,59017,2025,11,2025-11-14,Vendredi,26,Armentières,Armentières - Gare,50.680972,2.877374,POINT (50.680972 2.877374)
comptage_abri_velo.32873,32873,H4,59524,2025,7,2025-07-26,Samedi,8.38,Sainghin-en-Weppes,Sainghin-en-Weppes - Don Sainghin,50.55142,2.914022,POINT (50.55142 2.914022)
comptage_abri_velo.32874,32874,H3,59350,2025,8,2025-08-02,Samedi,4.88,Lille,Lomme - Saint Philibert,50.653009,2.97502,POINT (50.653009 2.97502)
comptage_abri_velo.32875,32875,A10,59507,2025,5,2025-05-23,Vendredi,6,Ronchin,Ronchin - Mairie,50.605669,3.077856,POINT (50.605669 3.077856)
comptage_abri_velo.32876,32876,H6,59009,2025,4,2025-04-23,Mercredi,26.2,Villeneuve-d'Ascq,Villeneuve d'Ascq - Les Prés Edgard Pisani,50.650048,3.125509,POINT (50.650048 3.125509)
comptage_abri_velo.32877,32877,H5,59009,2025,11,2025-11-07,Vendredi,44.43,Villeneuve-d'Ascq,Villeneuve d'Ascq - 4 Cantons Stade Pierre Mauroy,50.605006,3.139401,POINT (50.605006 3.139401)
comptage_abri_velo.32878,32878,H4,59524,2025,7,2025-07-05,Samedi,11,Sainghin-en-Weppes,Sainghin-en-Weppes - Don Sainghin,50.55142,2.914022,POINT (50.55142 2.914022)
comptage_abri_velo.32879,32879,H1,59017,2025,5,2025-05-24,Samedi,22.33,Armentières,Armentières - Gare,50.680972,2.877374,POINT (50.680972 2.877374)
comptage_abri_velo.32880,32880,H6,59009,2025,7,2025-07-06,Dimanche,25,Villeneuve-d'Ascq,Villeneuve d'Ascq - Les Prés Edgard Pisani,50.650048,3.125509,POINT (50.650048 3.125509)
comptage_abri_velo.32881,32881,H4,59524,2025,5,2025-05-16,Vendredi,12.89,Sainghin-en-Weppes,Sainghin-en-Weppes - Don Sainghin,50.55142,2.914022,POINT (50.55142 2.914022)
comptage_abri_velo.32882,32882,A1,59286,2025,12,2025-12-23,Mardi,6,Haubourdin,Haubourdin - Jardin Public,50.611361,2.988615,POINT (50.611361 2.988615)
comptage_abri_velo.32883,32883,H5,59009,2025,10,2025-10-11,Samedi,51,Villeneuve-d'Ascq,Villeneuve d'Ascq - 4 Cantons Stade Pierre Mauroy,50.605006,3.139401,POINT (50.605006 3.139401)
comptage_abri_velo.32884,32884,A3,59009,2025,8,2025-08-21,Jeudi,12,Villeneuve-d'Ascq,Villeneuve d'Ascq - Pont de Bois,50.624619,3.127947,POINT (50.624619 3.127947)
comptage_abri_velo.32885,32885,A16,59421,2025,7,2025-07-22,Mardi,8,Mouvaux,Mouvaux - 3 Suisses,50.69899,3.138302,POINT (50.69899 3.138302)
comptage_abri_velo.32886,32886,H6,59009,2025,6,2025-06-07,Samedi,23.6,Villeneuve-d'Ascq,Villeneuve d'Ascq - Les Prés Edgard Pisani,50.650048,3.125509,POINT (50.650048 3.125509)
comptage_abri_velo.32887,32887,A14,59599,2025,9,2025-09-11,Jeudi,20,Tourcoing,Tourcoing - Centre,50.720457,3.158724,POINT (50.720457 3.158724)
comptage_abri_velo.32888,32888,H6,59009,2025,10,2025-10-31,Vendredi,27.3,Villeneuve-d'Ascq,Villeneuve d'Ascq - Les Prés Edgard Pisani,50.650048,3.125509,POINT (50.650048 3.125509)
comptage_abri_velo.32889,32889,H6,59009,2025,5,2025-05-26,Lundi,27.78,Villeneuve-d'Ascq,Villeneuve d'Ascq - Les Prés Edgard Pisani,50.650048,3.125509,POINT (50.650048 3.125509)
comptage_abri_velo.32890,32890,H6,59009,2025,10,2025-10-02,Jeudi,29.9,Villeneuve-d'Ascq,Villeneuve d'Ascq - Les Prés Edgard Pisani,50.650048,3.125509,POINT (50.650048 3.125509)
comptage_abri_velo.32891,32891,H3,59350,2025,9,2025-09-19,Vendredi,12.2,Lille,Lomme - Saint Philibert,50.653009,2.97502,POINT (50.653009 2.97502)
comptage_abri_velo.32892,32892,A20,59350,2025,6,2025-06-04,Mercredi,25,Lille,Lille - Wazemmes,50.623358,3.051647,POINT (50.623358 3.051647)
comptage_abri_velo.32893,32893,A14,59599,2025,7,2025-07-12,Samedi,18,Tourcoing,Tourcoing - Centre,50.720457,3.158724,POINT (50.720457 3.158724)
comptage_abri_velo.32894,32894,A19,59350,2025,5,2025-05-26,Lundi,32,Lille,Lille - Porte des Postes,50.617921,3.049909,POINT (50.617921 3.049909)
comptage_abri_velo.32895,32895,A22,59560,2025,6,2025-06-07,Samedi,3,Seclin,Seclin - Gare,50.547452,3.034268,POINT (50.547452 3.034268)
comptage_abri_velo.32896,32896,H5,59009,2025,4,2025-04-18,Vendredi,56.48,Villeneuve-d'Ascq,Villeneuve d'Ascq - 4 Cantons Stade Pierre Mauroy,50.605006,3.139401,POINT (50.605006 3.139401)
comptage_abri_velo.32897,32897,A22,59560,2025,7,2025-07-06,Dimanche,3.8,Seclin,Seclin - Gare,50.547452,3.034268,POINT (50.547452 3.034268)
comptage_abri_velo.32898,32898,H2,59350,2025,12,2025-12-05,Vendredi,5.6,Lille,Lille - C.H.U. Eurasanté,50.607865,3.040099,POINT (50.607865 3.040099)
comptage_abri_velo.32899,32899,H6,59009,2025,10,2025-10-25,Samedi,28,Villeneuve-d'Ascq,Villeneuve d'Ascq - Les Prés Edgard Pisani,50.650048,3.125509,POINT (50.650048 3.125509)
comptage_abri_velo.32900,32900,H5,59009,2025,10,2025-10-07,Mardi,59.81,Villeneuve-d'Ascq,Villeneuve d'Ascq - 4 Cantons Stade Pierre Mauroy,50.605006,3.139401,POINT (50.605006 3.139401)
comptage_abri_velo.32901,32901,H1,59017,2025,9,2025-09-15,Lundi,41.25,Armentières,Armentières - Gare,50.680972,2.877374,POINT (50.680972 2.877374)
comptage_abri_velo.32902,32902,H5,59009,2025,9,2025-09-06,Samedi,63.29,Villeneuve-d'Ascq,Villeneuve d'Ascq - 4 Cantons Stade Pierre Mauroy,50.605006,3.139401,POINT (50.605006 3.139401)
comptage_abri_velo.32903,32903,H2,59350,2025,7,2025-07-28,Lundi,4.22,Lille,Lille - C.H.U. Eurasanté,50.607865,3.040099,POINT (50.607865 3.040099)
comptage_abri_velo.32904,32904,A5,59350,2025,6,2025-06-18,Mercredi,11,Lille,Lomme - Maison des Enfants,50.646144,2.994472,POINT (50.646144 2.994472)
comptage_abri_velo.32905,32905,H2,59350,2025,8,2025-08-26,Mardi,5.73,Lille,Lille - C.H.U. Eurasanté,50.607865,3.040099,POINT (50.607865 3.040099)
comptage_abri_velo.32906,32906,H2,59350,2025,11,2025-11-23,Dimanche,5,Lille,Lille - C.H.U. Eurasanté,50.607865,3.040099,POINT (50.607865 3.040099)
comptage_abri_velo.32907,32907,H1,59017,2025,8,2025-08-23,Samedi,21,Armentières,Armentières - Gare,50.680972,2.877374,POINT (50.680972 2.877374)
comptage_abri_velo.32908,32908,H2,59350,2025,8,2025-08-28,Jeudi,5.6,Lille,Lille - C.H.U. Eurasanté,50.607865,3.040099,POINT (50.607865 3.040099)
comptage_abri_velo.32909,32909,H1,59017,2025,12,2025-12-31,Mercredi,21,Armentières,Armentières - Gare,50.680972,2.877374,POINT (50.680972 2.877374)
comptage_abri_velo.32910,32910,H4,59524,2025,9,2025-09-28,Dimanche,4.86,Sainghin-en-Weppes,Sainghin-en-Weppes - Don Sainghin,50.55142,2.914022,POINT (50.55142 2.914022)
comptage_abri_velo.32911,32911,H5,59009,2025,12,2025-12-23,Mardi,36.29,Villeneuve-d'Ascq,Villeneuve d'Ascq - 4 Cantons Stade Pierre Mauroy,50.605006,3.139401,POINT (50.605006 3.139401)
comptage_abri_velo.32912,32912,H6,59009,2025,11,2025-11-24,Lundi,31.67,Villeneuve-d'Ascq,Villeneuve d'Ascq - Les Prés Edgard Pisani,50.650048,3.125509,POINT (50.650048 3.125509)
comptage_abri_velo.32913,32913,H5,59009,2025,5,2025-05-04,Dimanche,52.7,Villeneuve-d'Ascq,Villeneuve d'Ascq - 4 Cantons Stade Pierre Mauroy,50.605006,3.139401,POINT (50.605006 3.139401)
comptage_abri_velo.32914,32914,A5,59350,2025,12,2025-12-08,Lundi,20,Lille,Lomme - Maison des Enfants,50.646144,2.994472,POINT (50.646144 2.994472)
comptage_abri_velo.32915,32915,A3,59009,2025,9,2025-09-24,Mercredi,16,Villeneuve-d'Ascq,Villeneuve d'Ascq - Pont de Bois,50.624619,3.127947,POINT (50.624619 3.127947)
comptage_abri_velo.32916,32916,H4,59524,2025,10,2025-10-06,Lundi,23.25,Sainghin-en-Weppes,Sainghin-en-Weppes - Don Sainghin,50.55142,2.914022,POINT (50.55142 2.914022)
comptage_abri_velo.32917,32917,H2,59350,2025,7,2025-07-05,Samedi,6.6,Lille,Lille - C.H.U. Eurasanté,50.607865,3.040099,POINT (50.607865 3.040099)
comptage_abri_velo.32918,32918,H3,59350,2025,12,2025-12-27,Samedi,6.44,Lille,Lomme - Saint Philibert,50.653009,2.97502,POINT (50.653009 2.97502)
comptage_abri_velo.32919,32919,A22,59560,2025,11,2025-11-04,Mardi,10.2,Seclin,Seclin - Gare,50.547452,3.034268,POINT (50.547452 3.034268)
comptage_abri_velo.32920,32920,H3,59350,2025,10,2025-10-25,Samedi,5.67,Lille,Lomme - Saint Philibert,50.653009,2.97502,POINT (50.653009 2.97502)
comptage_abri_velo.32921,32921,A4,59646,2025,12,2025-12-23,Mardi,15,Wasquehal,Wasquehal - Pavé de Lille,50.664155,3.130022,POINT (50.664155 3.130022)
comptage_abri_velo.32922,32922,H4,59524,2025,5,2025-05-29,Jeudi,7.86,Sainghin-en-Weppes,Sainghin-en-Weppes - Don Sainghin,50.55142,2.914022,POINT (50.55142 2.914022)
comptage_abri_velo.32923,32923,H3,59350,2025,7,2025-07-17,Jeudi,8.63,Lille,Lomme - Saint Philibert,50.653009,2.97502,POINT (50.653009 2.97502)
comptage_abri_velo.32924,32924,A23,59152,2025,11,2025-11-14,Vendredi,4,Comines,Comines - Centre,50.761928,3.011547,POINT (50.761928 3.011547)
comptage_abri_velo.32925,32925,H4,59524,2025,5,2025-05-28,Mercredi,13.25,Sainghin-en-Weppes,Sainghin-en-Weppes - Don Sainghin,50.55142,2.914022,POINT (50.55142 2.914022)
comptage_abri_velo.32926,32926,A22,59560,2025,4,2025-04-04,Vendredi,4,Seclin,Seclin - Gare,50.547452,3.034268,POINT (50.547452 3.034268)
comptage_abri_velo.32927,32927,A22,59560,2025,7,2025-07-26,Samedi,3.75,Seclin,Seclin - Gare,50.547452,3.034268,POINT (50.547452 3.034268)
comptage_abri_velo.32928,32928,A6,59163,2025,10,2025-10-17,Vendredi,27,Croix,Croix - Centre,50.674954,3.145916,POINT (50.674954 3.145916)
comptage_abri_velo.32929,32929,H1,59017,2025,6,2025-06-30,Lundi,33.67,Armentières,Armentières - Gare,50.680972,2.877374,POINT (50.680972 2.877374)
comptage_abri_velo.32930,32930,H3,59350,2025,4,2025-04-12,Samedi,5,Lille,Lomme - Saint Philibert,50.653009,2.97502,POINT (50.653009 2.97502)
comptage_abri_velo.32931,32931,H2,59350,2025,7,2025-07-17,Jeudi,3.9,Lille,Lille - C.H.U. Eurasanté,50.607865,3.040099,POINT (50.607865 3.040099)
comptage_abri_velo.32932,32932,A21,59360,2025,5,2025-05-23,Vendredi,5,Loos,Loos - Mairie,50.614588,3.012336,POINT (50.614588 3.012336)
comptage_abri_velo.32933,32933,A17,59279,2025,11,2025-11-26,Mercredi,8,Halluin,Halluin - Centre,50.780946,3.119719,POINT (50.780946 3.119719)
comptage_abri_velo.32934,32934,H2,59350,2025,12,2025-12-23,Mardi,5.1,Lille,Lille - C.H.U. Eurasanté,50.607865,3.040099,POINT (50.607865 3.040099)
comptage_abri_velo.32935,32935,H2,59350,2025,4,2025-04-20,Dimanche,4,Lille,Lille - C.H.U. Eurasanté,50.607865,3.040099,POINT (50.607865 3.040099)
comptage_abri_velo.32936,32936,H3,59350,2025,5,2025-05-18,Dimanche,4,Lille,Lomme - Saint Philibert,50.653009,2.97502,POINT (50.653009 2.97502)
comptage_abri_velo.32937,32937,H2,59350,2025,5,2025-05-02,Vendredi,6.5,Lille,Lille - C.H.U. Eurasanté,50.607865,3.040099,POINT (50.607865 3.040099)
comptage_abri_velo.32938,32938,A2,59527,2025,9,2025-09-05,Vendredi,21,Saint-André-lez-Lille,St André - Mairie,50.660206,3.051002,POINT (50.660206 3.051002)
comptage_abri_velo.32939,32939,A28,59599,2025,5,2025-05-05,Lundi,2,Tourcoing,Tourcoing - Gare,50.716812,3.166903,POINT (50.716812 3.166903)
comptage_abri_velo.32940,32940,H6,59009,2025,6,2025-06-10,Mardi,25.89,Villeneuve-d'Ascq,Villeneuve d'Ascq - Les Prés Edgard Pisani,50.650048,3.125509,POINT (50.650048 3.125509)
comptage_abri_velo.32941,32941,A22,59560,2025,11,2025-11-10,Lundi,6.25,Seclin,Seclin - Gare,50.547452,3.034268,POINT (50.547452 3.034268)
comptage_abri_velo.32942,32942,A22,59560,2025,4,2025-04-21,Lundi,2,Seclin,Seclin - Gare,50.547452,3.034268,POINT (50.547452 3.034268)
comptage_abri_velo.32943,32943,A27,59350,2025,9,2025-09-10,Mercredi,12,Lille,Hellemmes - Mairie,50.627533,3.109026,POINT (50.627533 3.109026)
comptage_abri_velo.32944,32944,H3,59350,2025,11,2025-11-26,Mercredi,12.11,Lille,Lomme - Saint Philibert,50.653009,2.97502,POINT (50.653009 2.97502)
comptage_abri_velo.32945,32945,A3,59009,2025,11,2025-11-07,Vendredi,24,Villeneuve-d'Ascq,Villeneuve d'Ascq - Pont de Bois,50.624619,3.127947,POINT (50.624619 3.127947)
comptage_abri_velo.32946,32946,A22,59560,2025,12,2025-12-14,Dimanche,4.5,Seclin,Seclin - Gare,50.547452,3.034268,POINT (50.547452 3.034268)
comptage_abri_velo.32947,32947,H2,59350,2025,12,2025-12-12,Vendredi,4.73,Lille,Lille - C.H.U. Eurasanté,50.607865,3.040099,POINT (50.607865 3.040099)
comptage_abri_velo.32948,32948,H2,59350,2025,12,2025-12-26,Vendredi,4,Lille,Lille - C.H.U. Eurasanté,50.607865,3.040099,POINT (50.607865 3.040099)
comptage_abri_velo.32949,32949,A27,59350,2025,8,2025-08-29,Vendredi,12,Lille,Hellemmes - Mairie,50.627533,3.109026,POINT (50.627533 3.109026)
comptage_abri_velo.32950,32950,A3,59009,2025,8,2025-08-12,Mardi,12,Villeneuve-d'Ascq,Villeneuve d'Ascq - Pont de Bois,50.624619,3.127947,POINT (50.624619 3.127947)
comptage_abri_velo.32951,32951,H4,59524,2025,6,2025-06-16,Lundi,10.67,Sainghin-en-Weppes,Sainghin-en-Weppes - Don Sainghin,50.55142,2.914022,POINT (50.55142 2.914022)
comptage_abri_velo.32952,32952,A22,59560,2025,10,2025-10-03,Vendredi,10.25,Seclin,Seclin - Gare,50.547452,3.034268,POINT (50.547452 3.034268)
comptage_abri_velo.32953,32953,H5,59009,2025,12,2025-12-16,Mardi,39.86,Villeneuve-d'Ascq,Villeneuve d'Ascq - 4 Cantons Stade Pierre Mauroy,50.605006,3.139401,POINT (50.605006 3.139401)
comptage_abri_velo.32954,32954,H3,59350,2025,6,2025-06-18,Mercredi,9.88,Lille,Lomme - Saint Philibert,50.653009,2.97502,POINT (50.653009 2.97502)
comptage_abri_velo.32955,32955,A7,59482,2025,6,2025-06-20,Vendredi,16,Quesnoy-sur-Deûle,Quesnoy-sur-Deûle  - Mairie,50.712951,3.000769,POINT (50.712951 3.000769)
comptage_abri_velo.32956,32956,A22,59560,2025,11,2025-11-26,Mercredi,7.71,Seclin,Seclin - Gare,50.547452,3.034268,POINT (50.547452 3.034268)
comptage_abri_velo.32957,32957,H1,59017,2025,5,2025-05-14,Mercredi,41.4,Armentières,Armentières - Gare,50.680972,2.877374,POINT (50.680972 2.877374)
comptage_abri_velo.32958,32958,A27,59350,2025,6,2025-06-18,Mercredi,17,Lille,Hellemmes - Mairie,50.627533,3.109026,POINT (50.627533 3.109026)
comptage_abri_velo.32959,32959,H5,59009,2025,5,2025-05-12,Lundi,54.57,Villeneuve-d'Ascq,Villeneuve d'Ascq - 4 Cantons Stade Pierre Mauroy,50.605006,3.139401,POINT (50.605006 3.139401)
comptage_abri_velo.32960,32960,H3,59350,2025,5,2025-05-28,Mercredi,6.78,Lille,Lomme - Saint Philibert,50.653009,2.97502,POINT (50.653009 2.97502)
comptage_abri_velo.32961,32961,H3,59350,2025,12,2025-12-16,Mardi,12.56,Lille,Lomme - Saint Philibert,50.653009,2.97502,POINT (50.653009 2.97502)
comptage_abri_velo.32962,32962,H1,59017,2025,4,2025-04-14,Lundi,27.75,Armentières,Armentières - Gare,50.680972,2.877374,POINT (50.680972 2.877374)
comptage_abri_velo.32963,32963,H5,59009,2025,6,2025-06-08,Dimanche,53.95,Villeneuve-d'Ascq,Villeneuve d'Ascq - 4 Cantons Stade Pierre Mauroy,50.605006,3.139401,POINT (50.605006 3.139401)
comptage_abri_velo.32964,32964,A22,59560,2025,12,2025-12-21,Dimanche,6.83,Seclin,Seclin - Gare,50.547452,3.034268,POINT (50.547452 3.034268)
comptage_abri_velo.32965,32965,H2,59350,2025,4,2025-04-08,Mardi,5.2,Lille,Lille - C.H.U. Eurasanté,50.607865,3.040099,POINT (50.607865 3.040099)
comptage_abri_velo.32966,32966,H6,59009,2025,4,2025-04-19,Samedi,27.1,Villeneuve-d'Ascq,Villeneuve d'Ascq - Les Prés Edgard Pisani,50.650048,3.125509,POINT (50.650048 3.125509)
comptage_abri_velo.32967,32967,A6,59163,2025,7,2025-07-31,Jeudi,16,Croix,Croix - Centre,50.674954,3.145916,POINT (50.674954 3.145916)
comptage_abri_velo.32968,32968,H3,59350,2025,7,2025-07-23,Mercredi,9,Lille,Lomme - Saint Philibert,50.653009,2.97502,POINT (50.653009 2.97502)
comptage_abri_velo.32969,32969,H5,59009,2025,6,2025-06-22,Dimanche,58.95,Villeneuve-d'Ascq,Villeneuve d'Ascq - 4 Cantons Stade Pierre Mauroy,50.605006,3.139401,POINT (50.605006 3.139401)
comptage_abri_velo.32970,32970,H1,59017,2025,10,2025-10-11,Samedi,26.4,Armentières,Armentières - Gare,50.680972,2.877374,POINT (50.680972 2.877374)
comptage_abri_velo.32971,32971,A5,59350,2025,8,2025-08-12,Mardi,13,Lille,Lomme - Maison des Enfants,50.646144,2.994472,POINT (50.646144 2.994472)
comptage_abri_velo.32972,32972,H4,59524,2025,10,2025-10-18,Samedi,8.29,Sainghin-en-Weppes,Sainghin-en-Weppes - Don Sainghin,50.55142,2.914022,POINT (50.55142 2.914022)
comptage_abri_velo.32973,32973,H4,59524,2025,11,2025-11-09,Dimanche,7.38,Sainghin-en-Weppes,Sainghin-en-Weppes - Don Sainghin,50.55142,2.914022,POINT (50.55142 2.914022)
comptage_abri_velo.32974,32974,A20,59350,2025,11,2025-11-14,Vendredi,18,Lille,Lille - Wazemmes,50.623358,3.051647,POINT (50.623358 3.051647)
comptage_abri_velo.32975,32975,A3,59009,2025,6,2025-06-20,Vendredi,11,Villeneuve-d'Ascq,Villeneuve d'Ascq - Pont de Bois,50.624619,3.127947,POINT (50.624619 3.127947)
comptage_abri_velo.32976,32976,H2,59350,2025,4,2025-04-06,Dimanche,3,Lille,Lille - C.H.U. Eurasanté,50.607865,3.040099,POINT (50.607865 3.040099)
comptage_abri_velo.32977,32977,A6,59163,2025,4,2025-04-10,Jeudi,21,Croix,Croix - Centre,50.674954,3.145916,POINT (50.674954 3.145916)
comptage_abri_velo.32978,32978,H2,59350,2025,9,2025-09-22,Lundi,5.44,Lille,Lille - C.H.U. Eurasanté,50.607865,3.040099,POINT (50.607865 3.040099)
comptage_abri_velo.32979,32979,A9,59648,2025,5,2025-05-23,Vendredi,5,Wattignies,Wattignies - Laënnec,50.589018,3.050619,POINT (50.589018 3.050619)
comptage_abri_velo.32980,32980,H6,59009,2025,10,2025-10-23,Jeudi,28.4,Villeneuve-d'Ascq,Villeneuve d'Ascq - Les Prés Edgard Pisani,50.650048,3.125509,POINT (50.650048 3.125509)
comptage_abri_velo.32981,32981,A5,59350,2025,12,2025-12-23,Mardi,17,Lille,Lomme - Maison des Enfants,50.646144,2.994472,POINT (50.646144 2.994472)
comptage_abri_velo.32982,32982,A11,59650,2025,5,2025-05-22,Jeudi,2,Wattrelos,Wattrelos - Centre,50.701454,3.214476,POINT (50.701454 3.214476)
comptage_abri_velo.32983,32983,H5,59009,2025,5,2025-05-13,Mardi,58,Villeneuve-d'Ascq,Villeneuve d'Ascq - 4 Cantons Stade Pierre Mauroy,50.605006,3.139401,POINT (50.605006 3.139401)
comptage_abri_velo.32984,32984,A3,59009,2025,7,2025-07-07,Lundi,11,Villeneuve-d'Ascq,Villeneuve d'Ascq - Pont de Bois,50.624619,3.127947,POINT (50.624619 3.127947)
comptage_abri_velo.32985,32985,H3,59350,2025,11,2025-11-24,Lundi,12.44,Lille,Lomme - Saint Philibert,50.653009,2.97502,POINT (50.653009 2.97502)
comptage_abri_velo.32986,32986,H2,59350,2025,10,2025-10-30,Jeudi,6.1,Lille,Lille - C.H.U. Eurasanté,50.607865,3.040099,POINT (50.607865 3.040099)
comptage_abri_velo.32987,32987,H1,59017,2025,10,2025-10-22,Mercredi,36.71,Armentières,Armentières - Gare,50.680972,2.877374,POINT (50.680972 2.877374)
comptage_abri_velo.32988,32988,H6,59009,2025,12,2025-12-27,Samedi,26.2,Villeneuve-d'Ascq,Villeneuve d'Ascq - Les Prés Edgard Pisani,50.650048,3.125509,POINT (50.650048 3.125509)
comptage_abri_velo.32989,32989,A5,59350,2025,7,2025-07-24,Jeudi,15,Lille,Lomme - Maison des Enfants,50.646144,2.994472,POINT (50.646144 2.994472)
comptage_abri_velo.32990,32990,A21,59360,2025,6,2025-06-01,Dimanche,5,Loos,Loos - Mairie,50.614588,3.012336,POINT (50.614588 3.012336)
comptage_abri_velo.32991,32991,H2,59350,2025,4,2025-04-23,Mercredi,5.5,Lille,Lille - C.H.U. Eurasanté,50.607865,3.040099,POINT (50.607865 3.040099)
comptage_abri_velo.32992,32992,H4,59524,2025,10,2025-10-29,Mercredi,12.29,Sainghin-en-Weppes,Sainghin-en-Weppes - Don Sainghin,50.55142,2.914022,POINT (50.55142 2.914022)
comptage_abri_velo.32993,32993,H2,59350,2025,10,2025-10-12,Dimanche,7,Lille,Lille - C.H.U. Eurasanté,50.607865,3.040099,POINT (50.607865 3.040099)
comptage_abri_velo.32994,32994,H2,59350,2025,6,2025-06-20,Vendredi,5.82,Lille,Lille - C.H.U. Eurasanté,50.607865,3.040099,POINT (50.607865 3.040099)
comptage_abri_velo.32995,32995,A13,59299,2025,4,2025-04-10,Jeudi,3,Hem,Hem - 3 Fermes,50.662576,3.200574,POINT (50.662576 3.200574)
comptage_abri_velo.32996,32996,H1,59017,2025,4,2025-04-20,Dimanche,24.5,Armentières,Armentières - Gare,50.680972,2.877374,POINT (50.680972 2.877374)
comptage_abri_velo.32997,32997,H5,59009,2025,5,2025-05-18,Dimanche,50.24,Villeneuve-d'Ascq,Villeneuve d'Ascq - 4 Cantons Stade Pierre Mauroy,50.605006,3.139401,POINT (50.605006 3.139401)
comptage_abri_velo.32998,32998,H2,59350,2025,10,2025-10-10,Vendredi,7.9,Lille,Lille - C.H.U. Eurasanté,50.607865,3.040099,POINT (50.607865 3.040099)
comptage_abri_velo.32999,32999,A25,59512,2025,4,2025-04-10,Jeudi,7,Roubaix,Roubaix - Épeule Montesquieu,50.68397,3.162923,POINT (50.68397 3.162923)
comptage_abri_velo.33000,33000,A26,59350,2025,9,2025-09-25,Jeudi,5,Lille,Lille - Porte de Douai,50.618012,3.071473,POINT (50.618012 3.071473)
comptage_abri_velo.33001,33001,H1,59017,2025,10,2025-10-10,Vendredi,43.5,Armentières,Armentières - Gare,50.680972,2.877374,POINT (50.680972 2.877374)
comptage_abri_velo.33002,33002,A26,59350,2025,9,2025-09-10,Mercredi,4,Lille,Lille - Porte de Douai,50.618012,3.071473,POINT (50.618012 3.071473)
comptage_abri_velo.33003,33003,H4,59524,2025,12,2025-12-21,Dimanche,7.14,Sainghin-en-Weppes,Sainghin-en-Weppes - Don Sainghin,50.55142,2.914022,POINT (50.55142 2.914022)
comptage_abri_velo.33004,33004,H4,59524,2025,4,2025-04-05,Samedi,6.63,Sainghin-en-Weppes,Sainghin-en-Weppes - Don Sainghin,50.55142,2.914022,POINT (50.55142 2.914022)
comptage_abri_velo.33005,33005,H6,59009,2025,4,2025-04-02,Mercredi,25.7,Villeneuve-d'Ascq,Villeneuve d'Ascq - Les Prés Edgard Pisani,50.650048,3.125509,POINT (50.650048 3.125509)
comptage_abri_velo.33006,33006,H6,59009,2025,10,2025-10-18,Samedi,29.67,Villeneuve-d'Ascq,Villeneuve d'Ascq - Les Prés Edgard Pisani,50.650048,3.125509,POINT (50.650048 3.125509)
comptage_abri_velo.33007,33007,H5,59009,2025,12,2025-12-31,Mercredi,40.52,Villeneuve-d'Ascq,Villeneuve d'Ascq - 4 Cantons Stade Pierre Mauroy,50.605006,3.139401,POINT (50.605006 3.139401)
comptage_abri_velo.33008,33008,A22,59560,2025,5,2025-05-13,Mardi,6.13,Seclin,Seclin - Gare,50.547452,3.034268,POINT (50.547452 3.034268)
comptage_abri_velo.33009,33009,H4,59524,2025,11,2025-11-06,Jeudi,25,Sainghin-en-Weppes,Sainghin-en-Weppes - Don Sainghin,50.55142,2.914022,POINT (50.55142 2.914022)
comptage_abri_velo.33010,33010,H6,59009,2025,11,2025-11-04,Mardi,29.6,Villeneuve-d'Ascq,Villeneuve d'Ascq - Les Prés Edgard Pisani,50.650048,3.125509,POINT (50.650048 3.125509)
comptage_abri_velo.33011,33011,A22,59560,2025,7,2025-07-08,Mardi,4.4,Seclin,Seclin - Gare,50.547452,3.034268,POINT (50.547452 3.034268)
comptage_abri_velo.33012,33012,H5,59009,2025,12,2025-12-14,Dimanche,39,Villeneuve-d'Ascq,Villeneuve d'Ascq - 4 Cantons Stade Pierre Mauroy,50.605006,3.139401,POINT (50.605006 3.139401)
comptage_abri_velo.33141,33141,H3,59350,2025,6,2025-06-27,Vendredi,8.11,Lille,Lomme - Saint Philibert,50.653009,2.97502,POINT (50.653009 2.97502)
comptage_abri_velo.33013,33013,H6,59009,2025,5,2025-05-11,Dimanche,24,Villeneuve-d'Ascq,Villeneuve d'Ascq - Les Prés Edgard Pisani,50.650048,3.125509,POINT (50.650048 3.125509)
comptage_abri_velo.33014,33014,H4,59524,2025,6,2025-06-23,Lundi,12,Sainghin-en-Weppes,Sainghin-en-Weppes - Don Sainghin,50.55142,2.914022,POINT (50.55142 2.914022)
comptage_abri_velo.33015,33015,H4,59524,2025,6,2025-06-04,Mercredi,18.56,Sainghin-en-Weppes,Sainghin-en-Weppes - Don Sainghin,50.55142,2.914022,POINT (50.55142 2.914022)
comptage_abri_velo.33016,33016,H2,59350,2025,9,2025-09-04,Jeudi,4.2,Lille,Lille - C.H.U. Eurasanté,50.607865,3.040099,POINT (50.607865 3.040099)
comptage_abri_velo.33017,33017,H1,59017,2025,7,2025-07-10,Jeudi,29.71,Armentières,Armentières - Gare,50.680972,2.877374,POINT (50.680972 2.877374)
comptage_abri_velo.33018,33018,H6,59009,2025,9,2025-09-06,Samedi,29.58,Villeneuve-d'Ascq,Villeneuve d'Ascq - Les Prés Edgard Pisani,50.650048,3.125509,POINT (50.650048 3.125509)
comptage_abri_velo.33019,33019,H6,59009,2025,11,2025-11-03,Lundi,28.67,Villeneuve-d'Ascq,Villeneuve d'Ascq - Les Prés Edgard Pisani,50.650048,3.125509,POINT (50.650048 3.125509)
comptage_abri_velo.33020,33020,H1,59017,2025,5,2025-05-18,Dimanche,20.6,Armentières,Armentières - Gare,50.680972,2.877374,POINT (50.680972 2.877374)
comptage_abri_velo.33021,33021,H2,59350,2025,12,2025-12-25,Jeudi,4,Lille,Lille - C.H.U. Eurasanté,50.607865,3.040099,POINT (50.607865 3.040099)
comptage_abri_velo.33022,33022,H2,59350,2025,6,2025-06-17,Mardi,6.89,Lille,Lille - C.H.U. Eurasanté,50.607865,3.040099,POINT (50.607865 3.040099)
comptage_abri_velo.33023,33023,H1,59017,2025,4,2025-04-28,Lundi,39.78,Armentières,Armentières - Gare,50.680972,2.877374,POINT (50.680972 2.877374)
comptage_abri_velo.33024,33024,H3,59350,2025,10,2025-10-02,Jeudi,13.36,Lille,Lomme - Saint Philibert,50.653009,2.97502,POINT (50.653009 2.97502)
comptage_abri_velo.33025,33025,A8,59636,2025,5,2025-05-09,Vendredi,12,Wambrechies,Wambrechies - Mairie,50.686433,3.053429,POINT (50.686433 3.053429)
comptage_abri_velo.33026,33026,H1,59017,2025,7,2025-07-12,Samedi,23.11,Armentières,Armentières - Gare,50.680972,2.877374,POINT (50.680972 2.877374)
comptage_abri_velo.33027,33027,A22,59560,2025,5,2025-05-31,Samedi,2,Seclin,Seclin - Gare,50.547452,3.034268,POINT (50.547452 3.034268)
comptage_abri_velo.33028,33028,H1,59017,2025,7,2025-07-06,Dimanche,23.4,Armentières,Armentières - Gare,50.680972,2.877374,POINT (50.680972 2.877374)
comptage_abri_velo.33029,33029,A12,59368,2025,12,2025-12-23,Mardi,21,La Madeleine,La Madeleine - Romarin,50.645694,3.075042,POINT (50.645694 3.075042)
comptage_abri_velo.33030,33030,H3,59350,2025,10,2025-10-23,Jeudi,10.11,Lille,Lomme - Saint Philibert,50.653009,2.97502,POINT (50.653009 2.97502)
comptage_abri_velo.33031,33031,A22,59560,2025,5,2025-05-09,Vendredi,4.14,Seclin,Seclin - Gare,50.547452,3.034268,POINT (50.547452 3.034268)
comptage_abri_velo.33032,33032,A17,59279,2025,4,2025-04-22,Mardi,6,Halluin,Halluin - Centre,50.780946,3.119719,POINT (50.780946 3.119719)
comptage_abri_velo.33033,33033,H6,59009,2025,8,2025-08-22,Vendredi,29.7,Villeneuve-d'Ascq,Villeneuve d'Ascq - Les Prés Edgard Pisani,50.650048,3.125509,POINT (50.650048 3.125509)
comptage_abri_velo.33034,33034,H6,59009,2025,9,2025-09-28,Dimanche,32,Villeneuve-d'Ascq,Villeneuve d'Ascq - Les Prés Edgard Pisani,50.650048,3.125509,POINT (50.650048 3.125509)
comptage_abri_velo.33035,33035,H2,59350,2025,10,2025-10-07,Mardi,9.6,Lille,Lille - C.H.U. Eurasanté,50.607865,3.040099,POINT (50.607865 3.040099)
comptage_abri_velo.33036,33036,H6,59009,2025,10,2025-10-09,Jeudi,31.5,Villeneuve-d'Ascq,Villeneuve d'Ascq - Les Prés Edgard Pisani,50.650048,3.125509,POINT (50.650048 3.125509)
comptage_abri_velo.33037,33037,A3,59009,2025,10,2025-10-20,Lundi,11,Villeneuve-d'Ascq,Villeneuve d'Ascq - Pont de Bois,50.624619,3.127947,POINT (50.624619 3.127947)
comptage_abri_velo.33038,33038,H2,59350,2025,12,2025-12-11,Jeudi,5.4,Lille,Lille - C.H.U. Eurasanté,50.607865,3.040099,POINT (50.607865 3.040099)
comptage_abri_velo.33039,33039,A29,59378,2025,11,2025-11-14,Vendredi,0,Marcq-en-Barœul,Marcq-en-Baroeul - Cerisaie,50.678116,3.111562,POINT (50.678116 3.111562)
comptage_abri_velo.33040,33040,A24,59512,2025,4,2025-04-04,Vendredi,9,Roubaix,Roubaix - Eurotéléport,50.691165,3.179592,POINT (50.691165 3.179592)
comptage_abri_velo.33041,33041,H4,59524,2025,10,2025-10-14,Mardi,22.38,Sainghin-en-Weppes,Sainghin-en-Weppes - Don Sainghin,50.55142,2.914022,POINT (50.55142 2.914022)
comptage_abri_velo.33042,33042,H4,59524,2025,7,2025-07-10,Jeudi,11.5,Sainghin-en-Weppes,Sainghin-en-Weppes - Don Sainghin,50.55142,2.914022,POINT (50.55142 2.914022)
comptage_abri_velo.33043,33043,A22,59560,2025,7,2025-07-14,Lundi,2,Seclin,Seclin - Gare,50.547452,3.034268,POINT (50.547452 3.034268)
comptage_abri_velo.33044,33044,H6,59009,2025,11,2025-11-13,Jeudi,27.73,Villeneuve-d'Ascq,Villeneuve d'Ascq - Les Prés Edgard Pisani,50.650048,3.125509,POINT (50.650048 3.125509)
comptage_abri_velo.33045,33045,A28,59599,2025,9,2025-09-11,Jeudi,4,Tourcoing,Tourcoing - Gare,50.716812,3.166903,POINT (50.716812 3.166903)
comptage_abri_velo.33046,33046,H2,59350,2025,9,2025-09-16,Mardi,5.3,Lille,Lille - C.H.U. Eurasanté,50.607865,3.040099,POINT (50.607865 3.040099)
comptage_abri_velo.33047,33047,H1,59017,2025,10,2025-10-25,Samedi,27.4,Armentières,Armentières - Gare,50.680972,2.877374,POINT (50.680972 2.877374)
comptage_abri_velo.33048,33048,H5,59009,2025,5,2025-05-14,Mercredi,58.76,Villeneuve-d'Ascq,Villeneuve d'Ascq - 4 Cantons Stade Pierre Mauroy,50.605006,3.139401,POINT (50.605006 3.139401)
comptage_abri_velo.33049,33049,H2,59350,2025,8,2025-08-22,Vendredi,4.11,Lille,Lille - C.H.U. Eurasanté,50.607865,3.040099,POINT (50.607865 3.040099)
comptage_abri_velo.33050,33050,A3,59009,2025,4,2025-04-11,Vendredi,8,Villeneuve-d'Ascq,Villeneuve d'Ascq - Pont de Bois,50.624619,3.127947,POINT (50.624619 3.127947)
comptage_abri_velo.33051,33051,A11,59650,2025,9,2025-09-25,Jeudi,1,Wattrelos,Wattrelos - Centre,50.701454,3.214476,POINT (50.701454 3.214476)
comptage_abri_velo.33052,33052,H1,59017,2025,10,2025-10-03,Vendredi,45.25,Armentières,Armentières - Gare,50.680972,2.877374,POINT (50.680972 2.877374)
comptage_abri_velo.33053,33053,A22,59560,2025,4,2025-04-26,Samedi,1,Seclin,Seclin - Gare,50.547452,3.034268,POINT (50.547452 3.034268)
comptage_abri_velo.33054,33054,H5,59009,2025,5,2025-05-08,Jeudi,57.62,Villeneuve-d'Ascq,Villeneuve d'Ascq - 4 Cantons Stade Pierre Mauroy,50.605006,3.139401,POINT (50.605006 3.139401)
comptage_abri_velo.33055,33055,A11,59650,2025,7,2025-07-29,Mardi,1,Wattrelos,Wattrelos - Centre,50.701454,3.214476,POINT (50.701454 3.214476)
comptage_abri_velo.33056,33056,H3,59350,2025,9,2025-09-10,Mercredi,14.4,Lille,Lomme - Saint Philibert,50.653009,2.97502,POINT (50.653009 2.97502)
comptage_abri_velo.33057,33057,H4,59524,2025,5,2025-05-31,Samedi,7.88,Sainghin-en-Weppes,Sainghin-en-Weppes - Don Sainghin,50.55142,2.914022,POINT (50.55142 2.914022)
comptage_abri_velo.33058,33058,A2,59527,2025,11,2025-11-05,Mercredi,24,Saint-André-lez-Lille,St André - Mairie,50.660206,3.051002,POINT (50.660206 3.051002)
comptage_abri_velo.33059,33059,H6,59009,2025,10,2025-10-26,Dimanche,27,Villeneuve-d'Ascq,Villeneuve d'Ascq - Les Prés Edgard Pisani,50.650048,3.125509,POINT (50.650048 3.125509)
comptage_abri_velo.33060,33060,H3,59350,2025,7,2025-07-11,Vendredi,7.75,Lille,Lomme - Saint Philibert,50.653009,2.97502,POINT (50.653009 2.97502)
comptage_abri_velo.33061,33061,A9,59648,2025,5,2025-05-07,Mercredi,5,Wattignies,Wattignies - Laënnec,50.589018,3.050619,POINT (50.589018 3.050619)
comptage_abri_velo.33062,33062,H3,59350,2025,12,2025-12-22,Lundi,8.5,Lille,Lomme - Saint Philibert,50.653009,2.97502,POINT (50.653009 2.97502)
comptage_abri_velo.33063,33063,H6,59009,2025,4,2025-04-24,Jeudi,26.9,Villeneuve-d'Ascq,Villeneuve d'Ascq - Les Prés Edgard Pisani,50.650048,3.125509,POINT (50.650048 3.125509)
comptage_abri_velo.33064,33064,H5,59009,2025,11,2025-11-16,Dimanche,38,Villeneuve-d'Ascq,Villeneuve d'Ascq - 4 Cantons Stade Pierre Mauroy,50.605006,3.139401,POINT (50.605006 3.139401)
comptage_abri_velo.33065,33065,A24,59512,2025,6,2025-06-20,Vendredi,10,Roubaix,Roubaix - Eurotéléport,50.691165,3.179592,POINT (50.691165 3.179592)
comptage_abri_velo.33066,33066,H6,59009,2025,11,2025-11-21,Vendredi,30,Villeneuve-d'Ascq,Villeneuve d'Ascq - Les Prés Edgard Pisani,50.650048,3.125509,POINT (50.650048 3.125509)
comptage_abri_velo.33067,33067,A27,59350,2025,8,2025-08-07,Jeudi,14,Lille,Hellemmes - Mairie,50.627533,3.109026,POINT (50.627533 3.109026)
comptage_abri_velo.33068,33068,A22,59560,2025,5,2025-05-10,Samedi,2.17,Seclin,Seclin - Gare,50.547452,3.034268,POINT (50.547452 3.034268)
comptage_abri_velo.33069,33069,H4,59524,2025,9,2025-09-27,Samedi,9.25,Sainghin-en-Weppes,Sainghin-en-Weppes - Don Sainghin,50.55142,2.914022,POINT (50.55142 2.914022)
comptage_abri_velo.33070,33070,H1,59017,2025,8,2025-08-22,Vendredi,18.5,Armentières,Armentières - Gare,50.680972,2.877374,POINT (50.680972 2.877374)
comptage_abri_velo.33071,33071,H5,59009,2025,4,2025-04-19,Samedi,56.19,Villeneuve-d'Ascq,Villeneuve d'Ascq - 4 Cantons Stade Pierre Mauroy,50.605006,3.139401,POINT (50.605006 3.139401)
comptage_abri_velo.33072,33072,H3,59350,2025,5,2025-05-16,Vendredi,8.56,Lille,Lomme - Saint Philibert,50.653009,2.97502,POINT (50.653009 2.97502)
comptage_abri_velo.33073,33073,A7,59482,2025,12,2025-12-24,Mercredi,16,Quesnoy-sur-Deûle,Quesnoy-sur-Deûle  - Mairie,50.712951,3.000769,POINT (50.712951 3.000769)
comptage_abri_velo.33074,33074,H4,59524,2025,5,2025-05-22,Jeudi,18.63,Sainghin-en-Weppes,Sainghin-en-Weppes - Don Sainghin,50.55142,2.914022,POINT (50.55142 2.914022)
comptage_abri_velo.33075,33075,H4,59524,2025,9,2025-09-26,Vendredi,19,Sainghin-en-Weppes,Sainghin-en-Weppes - Don Sainghin,50.55142,2.914022,POINT (50.55142 2.914022)
comptage_abri_velo.33076,33076,A17,59279,2025,5,2025-05-22,Jeudi,6,Halluin,Halluin - Centre,50.780946,3.119719,POINT (50.780946 3.119719)
comptage_abri_velo.33077,33077,H6,59009,2025,4,2025-04-09,Mercredi,26.5,Villeneuve-d'Ascq,Villeneuve d'Ascq - Les Prés Edgard Pisani,50.650048,3.125509,POINT (50.650048 3.125509)
comptage_abri_velo.33078,33078,H6,59009,2025,6,2025-06-25,Mercredi,26.2,Villeneuve-d'Ascq,Villeneuve d'Ascq - Les Prés Edgard Pisani,50.650048,3.125509,POINT (50.650048 3.125509)
comptage_abri_velo.33079,33079,H4,59524,2025,10,2025-10-19,Dimanche,7.57,Sainghin-en-Weppes,Sainghin-en-Weppes - Don Sainghin,50.55142,2.914022,POINT (50.55142 2.914022)
comptage_abri_velo.33080,33080,H4,59524,2025,6,2025-06-10,Mardi,6.11,Sainghin-en-Weppes,Sainghin-en-Weppes - Don Sainghin,50.55142,2.914022,POINT (50.55142 2.914022)
comptage_abri_velo.33081,33081,A23,59152,2025,4,2025-04-22,Mardi,2,Comines,Comines - Centre,50.761928,3.011547,POINT (50.761928 3.011547)
comptage_abri_velo.33082,33082,H5,59009,2025,6,2025-06-16,Lundi,64.19,Villeneuve-d'Ascq,Villeneuve d'Ascq - 4 Cantons Stade Pierre Mauroy,50.605006,3.139401,POINT (50.605006 3.139401)
comptage_abri_velo.33083,33083,A27,59350,2025,6,2025-06-05,Jeudi,15,Lille,Hellemmes - Mairie,50.627533,3.109026,POINT (50.627533 3.109026)
comptage_abri_velo.33084,33084,A15,59378,2025,9,2025-09-25,Jeudi,8,Marcq-en-Barœul,Marcq-en-Baroeul - Croisé Laroche,50.665991,3.103728,POINT (50.665991 3.103728)
comptage_abri_velo.33085,33085,H1,59017,2025,10,2025-10-29,Mercredi,35.38,Armentières,Armentières - Gare,50.680972,2.877374,POINT (50.680972 2.877374)
comptage_abri_velo.33086,33086,A22,59560,2025,5,2025-05-15,Jeudi,10.43,Seclin,Seclin - Gare,50.547452,3.034268,POINT (50.547452 3.034268)
comptage_abri_velo.33087,33087,H1,59017,2025,10,2025-10-12,Dimanche,27,Armentières,Armentières - Gare,50.680972,2.877374,POINT (50.680972 2.877374)
comptage_abri_velo.33088,33088,A22,59560,2025,10,2025-10-23,Jeudi,7,Seclin,Seclin - Gare,50.547452,3.034268,POINT (50.547452 3.034268)
comptage_abri_velo.33089,33089,A23,59152,2025,6,2025-06-05,Jeudi,6,Comines,Comines - Centre,50.761928,3.011547,POINT (50.761928 3.011547)
comptage_abri_velo.33090,33090,H1,59017,2025,7,2025-07-08,Mardi,30.4,Armentières,Armentières - Gare,50.680972,2.877374,POINT (50.680972 2.877374)
comptage_abri_velo.33091,33091,H4,59524,2025,11,2025-11-21,Vendredi,14.13,Sainghin-en-Weppes,Sainghin-en-Weppes - Don Sainghin,50.55142,2.914022,POINT (50.55142 2.914022)
comptage_abri_velo.33092,33092,H3,59350,2025,9,2025-09-01,Lundi,11.29,Lille,Lomme - Saint Philibert,50.653009,2.97502,POINT (50.653009 2.97502)
comptage_abri_velo.33093,33093,A1,59286,2025,7,2025-07-02,Mercredi,7,Haubourdin,Haubourdin - Jardin Public,50.611361,2.988615,POINT (50.611361 2.988615)
comptage_abri_velo.33094,33094,H6,59009,2025,9,2025-09-18,Jeudi,30.6,Villeneuve-d'Ascq,Villeneuve d'Ascq - Les Prés Edgard Pisani,50.650048,3.125509,POINT (50.650048 3.125509)
comptage_abri_velo.33095,33095,H4,59524,2025,10,2025-10-25,Samedi,10,Sainghin-en-Weppes,Sainghin-en-Weppes - Don Sainghin,50.55142,2.914022,POINT (50.55142 2.914022)
comptage_abri_velo.33096,33096,H5,59009,2025,9,2025-09-07,Dimanche,58.38,Villeneuve-d'Ascq,Villeneuve d'Ascq - 4 Cantons Stade Pierre Mauroy,50.605006,3.139401,POINT (50.605006 3.139401)
comptage_abri_velo.33097,33097,A2,59527,2025,8,2025-08-29,Vendredi,18,Saint-André-lez-Lille,St André - Mairie,50.660206,3.051002,POINT (50.660206 3.051002)
comptage_abri_velo.33098,33098,H5,59009,2025,8,2025-08-26,Mardi,60,Villeneuve-d'Ascq,Villeneuve d'Ascq - 4 Cantons Stade Pierre Mauroy,50.605006,3.139401,POINT (50.605006 3.139401)
comptage_abri_velo.33099,33099,H4,59524,2025,7,2025-07-16,Mercredi,17.25,Sainghin-en-Weppes,Sainghin-en-Weppes - Don Sainghin,50.55142,2.914022,POINT (50.55142 2.914022)
comptage_abri_velo.33100,33100,H1,59017,2025,10,2025-10-23,Jeudi,32.56,Armentières,Armentières - Gare,50.680972,2.877374,POINT (50.680972 2.877374)
comptage_abri_velo.33101,33101,H1,59017,2025,6,2025-06-09,Lundi,22.6,Armentières,Armentières - Gare,50.680972,2.877374,POINT (50.680972 2.877374)
comptage_abri_velo.33102,33102,H2,59350,2025,8,2025-08-04,Lundi,5.75,Lille,Lille - C.H.U. Eurasanté,50.607865,3.040099,POINT (50.607865 3.040099)
comptage_abri_velo.33103,33103,A22,59560,2025,12,2025-12-04,Jeudi,5.86,Seclin,Seclin - Gare,50.547452,3.034268,POINT (50.547452 3.034268)
comptage_abri_velo.33104,33104,A23,59152,2025,10,2025-10-21,Mardi,4,Comines,Comines - Centre,50.761928,3.011547,POINT (50.761928 3.011547)
comptage_abri_velo.33105,33105,A11,59650,2025,4,2025-04-27,Dimanche,1,Wattrelos,Wattrelos - Centre,50.701454,3.214476,POINT (50.701454 3.214476)
comptage_abri_velo.33106,33106,H1,59017,2025,5,2025-05-16,Vendredi,32,Armentières,Armentières - Gare,50.680972,2.877374,POINT (50.680972 2.877374)
comptage_abri_velo.33107,33107,A8,59636,2025,11,2025-11-26,Mercredi,13,Wambrechies,Wambrechies - Mairie,50.686433,3.053429,POINT (50.686433 3.053429)
comptage_abri_velo.33108,33108,H2,59350,2025,5,2025-05-29,Jeudi,4,Lille,Lille - C.H.U. Eurasanté,50.607865,3.040099,POINT (50.607865 3.040099)
comptage_abri_velo.33109,33109,H2,59350,2025,4,2025-04-29,Mardi,6.5,Lille,Lille - C.H.U. Eurasanté,50.607865,3.040099,POINT (50.607865 3.040099)
comptage_abri_velo.33110,33110,A21,59360,2025,4,2025-04-23,Mercredi,6,Loos,Loos - Mairie,50.614588,3.012336,POINT (50.614588 3.012336)
comptage_abri_velo.33111,33111,A20,59350,2025,10,2025-10-08,Mercredi,29,Lille,Lille - Wazemmes,50.623358,3.051647,POINT (50.623358 3.051647)
comptage_abri_velo.33112,33112,A10,59507,2025,4,2025-04-23,Mercredi,4,Ronchin,Ronchin - Mairie,50.605669,3.077856,POINT (50.605669 3.077856)
comptage_abri_velo.33113,33113,H1,59017,2025,12,2025-12-01,Lundi,33.22,Armentières,Armentières - Gare,50.680972,2.877374,POINT (50.680972 2.877374)
comptage_abri_velo.33114,33114,A10,59507,2025,7,2025-07-10,Jeudi,3,Ronchin,Ronchin - Mairie,50.605669,3.077856,POINT (50.605669 3.077856)
comptage_abri_velo.33115,33115,H4,59524,2025,6,2025-06-21,Samedi,5.6,Sainghin-en-Weppes,Sainghin-en-Weppes - Don Sainghin,50.55142,2.914022,POINT (50.55142 2.914022)
comptage_abri_velo.33116,33116,A18,59410,2025,8,2025-08-06,Mercredi,23,Mons-en-Barœul,Mons-en-Baroeul - Mairie,50.642837,3.1101,POINT (50.642837 3.1101)
comptage_abri_velo.33117,33117,H4,59524,2025,4,2025-04-22,Mardi,15.75,Sainghin-en-Weppes,Sainghin-en-Weppes - Don Sainghin,50.55142,2.914022,POINT (50.55142 2.914022)
comptage_abri_velo.33118,33118,H4,59524,2025,7,2025-07-28,Lundi,9,Sainghin-en-Weppes,Sainghin-en-Weppes - Don Sainghin,50.55142,2.914022,POINT (50.55142 2.914022)
comptage_abri_velo.33119,33119,H4,59524,2025,7,2025-07-09,Mercredi,14.63,Sainghin-en-Weppes,Sainghin-en-Weppes - Don Sainghin,50.55142,2.914022,POINT (50.55142 2.914022)
comptage_abri_velo.33120,33120,H1,59017,2025,11,2025-11-02,Dimanche,23.2,Armentières,Armentières - Gare,50.680972,2.877374,POINT (50.680972 2.877374)
comptage_abri_velo.33121,33121,A22,59560,2025,6,2025-06-30,Lundi,7.75,Seclin,Seclin - Gare,50.547452,3.034268,POINT (50.547452 3.034268)
comptage_abri_velo.33122,33122,A22,59560,2025,5,2025-05-12,Lundi,6.88,Seclin,Seclin - Gare,50.547452,3.034268,POINT (50.547452 3.034268)
comptage_abri_velo.33123,33123,H5,59009,2025,12,2025-12-17,Mercredi,38.86,Villeneuve-d'Ascq,Villeneuve d'Ascq - 4 Cantons Stade Pierre Mauroy,50.605006,3.139401,POINT (50.605006 3.139401)
comptage_abri_velo.33124,33124,H5,59009,2025,5,2025-05-15,Jeudi,56.62,Villeneuve-d'Ascq,Villeneuve d'Ascq - 4 Cantons Stade Pierre Mauroy,50.605006,3.139401,POINT (50.605006 3.139401)
comptage_abri_velo.33125,33125,A23,59152,2025,9,2025-09-25,Jeudi,4,Comines,Comines - Centre,50.761928,3.011547,POINT (50.761928 3.011547)
comptage_abri_velo.33126,33126,A22,59560,2025,12,2025-12-10,Mercredi,7.67,Seclin,Seclin - Gare,50.547452,3.034268,POINT (50.547452 3.034268)
comptage_abri_velo.33127,33127,H5,59009,2025,5,2025-05-19,Lundi,52.05,Villeneuve-d'Ascq,Villeneuve d'Ascq - 4 Cantons Stade Pierre Mauroy,50.605006,3.139401,POINT (50.605006 3.139401)
comptage_abri_velo.33128,33128,A25,59512,2025,7,2025-07-29,Mardi,4,Roubaix,Roubaix - Épeule Montesquieu,50.68397,3.162923,POINT (50.68397 3.162923)
comptage_abri_velo.33129,33129,A25,59512,2025,11,2025-11-17,Lundi,4,Roubaix,Roubaix - Épeule Montesquieu,50.68397,3.162923,POINT (50.68397 3.162923)
comptage_abri_velo.33130,33130,H4,59524,2025,6,2025-06-17,Mardi,15.89,Sainghin-en-Weppes,Sainghin-en-Weppes - Don Sainghin,50.55142,2.914022,POINT (50.55142 2.914022)
comptage_abri_velo.33131,33131,H1,59017,2025,10,2025-10-20,Lundi,34.6,Armentières,Armentières - Gare,50.680972,2.877374,POINT (50.680972 2.877374)
comptage_abri_velo.33132,33132,H4,59524,2025,10,2025-10-30,Jeudi,13.88,Sainghin-en-Weppes,Sainghin-en-Weppes - Don Sainghin,50.55142,2.914022,POINT (50.55142 2.914022)
comptage_abri_velo.33133,33133,A19,59350,2025,12,2025-12-23,Mardi,39,Lille,Lille - Porte des Postes,50.617921,3.049909,POINT (50.617921 3.049909)
comptage_abri_velo.33134,33134,H5,59009,2025,7,2025-07-10,Jeudi,62.19,Villeneuve-d'Ascq,Villeneuve d'Ascq - 4 Cantons Stade Pierre Mauroy,50.605006,3.139401,POINT (50.605006 3.139401)
comptage_abri_velo.33135,33135,A3,59009,2025,9,2025-09-23,Mardi,10,Villeneuve-d'Ascq,Villeneuve d'Ascq - Pont de Bois,50.624619,3.127947,POINT (50.624619 3.127947)
comptage_abri_velo.33136,33136,A22,59560,2025,11,2025-11-20,Jeudi,6.43,Seclin,Seclin - Gare,50.547452,3.034268,POINT (50.547452 3.034268)
comptage_abri_velo.33137,33137,H4,59524,2025,10,2025-10-21,Mardi,16.25,Sainghin-en-Weppes,Sainghin-en-Weppes - Don Sainghin,50.55142,2.914022,POINT (50.55142 2.914022)
comptage_abri_velo.33138,33138,A29,59378,2025,10,2025-10-20,Lundi,0,Marcq-en-Barœul,Marcq-en-Baroeul - Cerisaie,50.678116,3.111562,POINT (50.678116 3.111562)
comptage_abri_velo.33139,33139,A23,59152,2025,12,2025-12-24,Mercredi,14,Comines,Comines - Centre,50.761928,3.011547,POINT (50.761928 3.011547)
comptage_abri_velo.33140,33140,H5,59009,2025,4,2025-04-22,Mardi,56.62,Villeneuve-d'Ascq,Villeneuve d'Ascq - 4 Cantons Stade Pierre Mauroy,50.605006,3.139401,POINT (50.605006 3.139401)
comptage_abri_velo.33142,33142,H4,59524,2025,9,2025-09-18,Jeudi,8.75,Sainghin-en-Weppes,Sainghin-en-Weppes - Don Sainghin,50.55142,2.914022,POINT (50.55142 2.914022)
comptage_abri_velo.33143,33143,A17,59279,2025,10,2025-10-07,Mardi,5,Halluin,Halluin - Centre,50.780946,3.119719,POINT (50.780946 3.119719)
comptage_abri_velo.33144,33144,H2,59350,2025,9,2025-09-29,Lundi,6.11,Lille,Lille - C.H.U. Eurasanté,50.607865,3.040099,POINT (50.607865 3.040099)
comptage_abri_velo.33145,33145,A12,59368,2025,6,2025-06-18,Mercredi,6,La Madeleine,La Madeleine - Romarin,50.645694,3.075042,POINT (50.645694 3.075042)
comptage_abri_velo.33146,33146,A23,59152,2025,6,2025-06-20,Vendredi,3,Comines,Comines - Centre,50.761928,3.011547,POINT (50.761928 3.011547)
comptage_abri_velo.33147,33147,A7,59482,2025,4,2025-04-22,Mardi,26,Quesnoy-sur-Deûle,Quesnoy-sur-Deûle  - Mairie,50.712951,3.000769,POINT (50.712951 3.000769)
comptage_abri_velo.33148,33148,H5,59009,2025,11,2025-11-24,Lundi,41.15,Villeneuve-d'Ascq,Villeneuve d'Ascq - 4 Cantons Stade Pierre Mauroy,50.605006,3.139401,POINT (50.605006 3.139401)
comptage_abri_velo.33149,33149,A15,59378,2025,7,2025-07-09,Mercredi,7,Marcq-en-Barœul,Marcq-en-Baroeul - Croisé Laroche,50.665991,3.103728,POINT (50.665991 3.103728)
comptage_abri_velo.33150,33150,H5,59009,2025,8,2025-08-12,Mardi,56.62,Villeneuve-d'Ascq,Villeneuve d'Ascq - 4 Cantons Stade Pierre Mauroy,50.605006,3.139401,POINT (50.605006 3.139401)
comptage_abri_velo.33151,33151,H3,59350,2025,4,2025-04-23,Mercredi,8.11,Lille,Lomme - Saint Philibert,50.653009,2.97502,POINT (50.653009 2.97502)
comptage_abri_velo.33152,33152,H1,59017,2025,5,2025-05-29,Jeudi,21,Armentières,Armentières - Gare,50.680972,2.877374,POINT (50.680972 2.877374)
comptage_abri_velo.33153,33153,A27,59350,2025,8,2025-08-12,Mardi,14,Lille,Hellemmes - Mairie,50.627533,3.109026,POINT (50.627533 3.109026)
comptage_abri_velo.33154,33154,A2,59527,2025,9,2025-09-10,Mercredi,16,Saint-André-lez-Lille,St André - Mairie,50.660206,3.051002,POINT (50.660206 3.051002)
comptage_abri_velo.33155,33155,H3,59350,2025,8,2025-08-30,Samedi,5.25,Lille,Lomme - Saint Philibert,50.653009,2.97502,POINT (50.653009 2.97502)
comptage_abri_velo.33156,33156,H1,59017,2025,10,2025-10-18,Samedi,24.2,Armentières,Armentières - Gare,50.680972,2.877374,POINT (50.680972 2.877374)
comptage_abri_velo.33157,33157,A6,59163,2025,12,2025-12-24,Mercredi,15,Croix,Croix - Centre,50.674954,3.145916,POINT (50.674954 3.145916)
comptage_abri_velo.33158,33158,H5,59009,2025,12,2025-12-28,Dimanche,37.6,Villeneuve-d'Ascq,Villeneuve d'Ascq - 4 Cantons Stade Pierre Mauroy,50.605006,3.139401,POINT (50.605006 3.139401)
comptage_abri_velo.33159,33159,H3,59350,2025,11,2025-11-17,Lundi,15.78,Lille,Lomme - Saint Philibert,50.653009,2.97502,POINT (50.653009 2.97502)
comptage_abri_velo.33160,33160,H1,59017,2025,8,2025-08-29,Vendredi,30.5,Armentières,Armentières - Gare,50.680972,2.877374,POINT (50.680972 2.877374)
comptage_abri_velo.33161,33161,H1,59017,2025,6,2025-06-25,Mercredi,41.1,Armentières,Armentières - Gare,50.680972,2.877374,POINT (50.680972 2.877374)
comptage_abri_velo.33162,33162,H2,59350,2025,6,2025-06-08,Dimanche,4,Lille,Lille - C.H.U. Eurasanté,50.607865,3.040099,POINT (50.607865 3.040099)
comptage_abri_velo.33163,33163,H6,59009,2025,4,2025-04-15,Mardi,26.8,Villeneuve-d'Ascq,Villeneuve d'Ascq - Les Prés Edgard Pisani,50.650048,3.125509,POINT (50.650048 3.125509)
comptage_abri_velo.33164,33164,H3,59350,2025,12,2025-12-01,Lundi,11.8,Lille,Lomme - Saint Philibert,50.653009,2.97502,POINT (50.653009 2.97502)
comptage_abri_velo.33165,33165,A18,59410,2025,12,2025-12-11,Jeudi,21,Mons-en-Barœul,Mons-en-Baroeul - Mairie,50.642837,3.1101,POINT (50.642837 3.1101)
comptage_abri_velo.33166,33166,A3,59009,2025,5,2025-05-23,Vendredi,16,Villeneuve-d'Ascq,Villeneuve d'Ascq - Pont de Bois,50.624619,3.127947,POINT (50.624619 3.127947)
comptage_abri_velo.33167,33167,H2,59350,2025,7,2025-07-11,Vendredi,4.6,Lille,Lille - C.H.U. Eurasanté,50.607865,3.040099,POINT (50.607865 3.040099)
comptage_abri_velo.33168,33168,A1,59286,2025,6,2025-06-18,Mercredi,6,Haubourdin,Haubourdin - Jardin Public,50.611361,2.988615,POINT (50.611361 2.988615)
comptage_abri_velo.33169,33169,H5,59009,2025,5,2025-05-21,Mercredi,51.9,Villeneuve-d'Ascq,Villeneuve d'Ascq - 4 Cantons Stade Pierre Mauroy,50.605006,3.139401,POINT (50.605006 3.139401)
comptage_abri_velo.33170,33170,A22,59560,2025,11,2025-11-14,Vendredi,5.5,Seclin,Seclin - Gare,50.547452,3.034268,POINT (50.547452 3.034268)
comptage_abri_velo.33171,33171,H2,59350,2025,6,2025-06-01,Dimanche,4,Lille,Lille - C.H.U. Eurasanté,50.607865,3.040099,POINT (50.607865 3.040099)
comptage_abri_velo.33172,33172,H2,59350,2025,6,2025-06-30,Lundi,5.78,Lille,Lille - C.H.U. Eurasanté,50.607865,3.040099,POINT (50.607865 3.040099)
comptage_abri_velo.33173,33173,A22,59560,2025,5,2025-05-30,Vendredi,2.13,Seclin,Seclin - Gare,50.547452,3.034268,POINT (50.547452 3.034268)
comptage_abri_velo.33174,33174,H4,59524,2025,12,2025-12-08,Lundi,16,Sainghin-en-Weppes,Sainghin-en-Weppes - Don Sainghin,50.55142,2.914022,POINT (50.55142 2.914022)
comptage_abri_velo.33175,33175,H2,59350,2025,10,2025-10-27,Lundi,6.11,Lille,Lille - C.H.U. Eurasanté,50.607865,3.040099,POINT (50.607865 3.040099)
comptage_abri_velo.33176,33176,H6,59009,2025,6,2025-06-26,Jeudi,26.9,Villeneuve-d'Ascq,Villeneuve d'Ascq - Les Prés Edgard Pisani,50.650048,3.125509,POINT (50.650048 3.125509)
comptage_abri_velo.33177,33177,H5,59009,2025,6,2025-06-29,Dimanche,53,Villeneuve-d'Ascq,Villeneuve d'Ascq - 4 Cantons Stade Pierre Mauroy,50.605006,3.139401,POINT (50.605006 3.139401)
comptage_abri_velo.33178,33178,H1,59017,2025,6,2025-06-10,Mardi,29,Armentières,Armentières - Gare,50.680972,2.877374,POINT (50.680972 2.877374)
comptage_abri_velo.33179,33179,A14,59599,2025,10,2025-10-27,Lundi,18,Tourcoing,Tourcoing - Centre,50.720457,3.158724,POINT (50.720457 3.158724)
comptage_abri_velo.33180,33180,A13,59299,2025,7,2025-07-29,Mardi,3,Hem,Hem - 3 Fermes,50.662576,3.200574,POINT (50.662576 3.200574)
comptage_abri_velo.33181,33181,H5,59009,2025,10,2025-10-13,Lundi,52.05,Villeneuve-d'Ascq,Villeneuve d'Ascq - 4 Cantons Stade Pierre Mauroy,50.605006,3.139401,POINT (50.605006 3.139401)
comptage_abri_velo.33182,33182,A2,59527,2025,4,2025-04-11,Vendredi,18,Saint-André-lez-Lille,St André - Mairie,50.660206,3.051002,POINT (50.660206 3.051002)
comptage_abri_velo.33183,33183,H4,59524,2025,9,2025-09-04,Jeudi,23.71,Sainghin-en-Weppes,Sainghin-en-Weppes - Don Sainghin,50.55142,2.914022,POINT (50.55142 2.914022)
comptage_abri_velo.33184,33184,H3,59350,2025,5,2025-05-21,Mercredi,7.2,Lille,Lomme - Saint Philibert,50.653009,2.97502,POINT (50.653009 2.97502)
comptage_abri_velo.33185,33185,H1,59017,2025,6,2025-06-02,Lundi,37.75,Armentières,Armentières - Gare,50.680972,2.877374,POINT (50.680972 2.877374)
comptage_abri_velo.33186,33186,H1,59017,2025,12,2025-12-24,Mercredi,24.3,Armentières,Armentières - Gare,50.680972,2.877374,POINT (50.680972 2.877374)
comptage_abri_velo.33187,33187,H2,59350,2025,6,2025-06-11,Mercredi,6.33,Lille,Lille - C.H.U. Eurasanté,50.607865,3.040099,POINT (50.607865 3.040099)
comptage_abri_velo.33188,33188,A8,59636,2025,9,2025-09-16,Mardi,11,Wambrechies,Wambrechies - Mairie,50.686433,3.053429,POINT (50.686433 3.053429)
comptage_abri_velo.33189,33189,A25,59512,2025,11,2025-11-14,Vendredi,5,Roubaix,Roubaix - Épeule Montesquieu,50.68397,3.162923,POINT (50.68397 3.162923)
comptage_abri_velo.33190,33190,A18,59410,2025,11,2025-11-26,Mercredi,21,Mons-en-Barœul,Mons-en-Baroeul - Mairie,50.642837,3.1101,POINT (50.642837 3.1101)
comptage_abri_velo.33191,33191,H3,59350,2025,6,2025-06-25,Mercredi,7.13,Lille,Lomme - Saint Philibert,50.653009,2.97502,POINT (50.653009 2.97502)
comptage_abri_velo.33192,33192,A21,59360,2025,5,2025-05-07,Mercredi,5,Loos,Loos - Mairie,50.614588,3.012336,POINT (50.614588 3.012336)
comptage_abri_velo.33193,33193,A26,59350,2025,4,2025-04-24,Jeudi,7,Lille,Lille - Porte de Douai,50.618012,3.071473,POINT (50.618012 3.071473)
comptage_abri_velo.33194,33194,A22,59560,2025,5,2025-05-27,Mardi,6.8,Seclin,Seclin - Gare,50.547452,3.034268,POINT (50.547452 3.034268)
comptage_abri_velo.33195,33195,A20,59350,2025,5,2025-05-23,Vendredi,22,Lille,Lille - Wazemmes,50.623358,3.051647,POINT (50.623358 3.051647)
comptage_abri_velo.33196,33196,H6,59009,2025,8,2025-08-11,Lundi,26.78,Villeneuve-d'Ascq,Villeneuve d'Ascq - Les Prés Edgard Pisani,50.650048,3.125509,POINT (50.650048 3.125509)
comptage_abri_velo.33197,33197,A22,59560,2025,11,2025-11-18,Mardi,12.63,Seclin,Seclin - Gare,50.547452,3.034268,POINT (50.547452 3.034268)
comptage_abri_velo.33198,33198,H5,59009,2025,7,2025-07-09,Mercredi,62.33,Villeneuve-d'Ascq,Villeneuve d'Ascq - 4 Cantons Stade Pierre Mauroy,50.605006,3.139401,POINT (50.605006 3.139401)
comptage_abri_velo.33199,33199,H2,59350,2025,10,2025-10-17,Vendredi,6.33,Lille,Lille - C.H.U. Eurasanté,50.607865,3.040099,POINT (50.607865 3.040099)
comptage_abri_velo.33200,33200,H5,59009,2025,8,2025-08-06,Mercredi,53.95,Villeneuve-d'Ascq,Villeneuve d'Ascq - 4 Cantons Stade Pierre Mauroy,50.605006,3.139401,POINT (50.605006 3.139401)
comptage_abri_velo.33201,33201,A22,59560,2025,6,2025-06-10,Mardi,6.25,Seclin,Seclin - Gare,50.547452,3.034268,POINT (50.547452 3.034268)
comptage_abri_velo.33202,33202,H2,59350,2025,8,2025-08-14,Jeudi,4.9,Lille,Lille - C.H.U. Eurasanté,50.607865,3.040099,POINT (50.607865 3.040099)
comptage_abri_velo.33203,33203,A18,59410,2025,11,2025-11-14,Vendredi,21,Mons-en-Barœul,Mons-en-Baroeul - Mairie,50.642837,3.1101,POINT (50.642837 3.1101)
comptage_abri_velo.33204,33204,H4,59524,2025,5,2025-05-08,Jeudi,8.29,Sainghin-en-Weppes,Sainghin-en-Weppes - Don Sainghin,50.55142,2.914022,POINT (50.55142 2.914022)
comptage_abri_velo.33205,33205,H1,59017,2025,5,2025-05-12,Lundi,24,Armentières,Armentières - Gare,50.680972,2.877374,POINT (50.680972 2.877374)
comptage_abri_velo.33264,33264,A22,59560,2025,7,2025-07-12,Samedi,4.25,Seclin,Seclin - Gare,50.547452,3.034268,POINT (50.547452 3.034268)
comptage_abri_velo.33206,33206,H5,59009,2025,8,2025-08-27,Mercredi,57.5,Villeneuve-d'Ascq,Villeneuve d'Ascq - 4 Cantons Stade Pierre Mauroy,50.605006,3.139401,POINT (50.605006 3.139401)
comptage_abri_velo.33207,33207,H2,59350,2025,5,2025-05-26,Lundi,5.22,Lille,Lille - C.H.U. Eurasanté,50.607865,3.040099,POINT (50.607865 3.040099)
comptage_abri_velo.33208,33208,A23,59152,2025,5,2025-05-09,Vendredi,3,Comines,Comines - Centre,50.761928,3.011547,POINT (50.761928 3.011547)
comptage_abri_velo.33209,33209,H1,59017,2025,12,2025-12-23,Mardi,25.83,Armentières,Armentières - Gare,50.680972,2.877374,POINT (50.680972 2.877374)
comptage_abri_velo.33210,33210,A26,59350,2025,4,2025-04-11,Vendredi,5,Lille,Lille - Porte de Douai,50.618012,3.071473,POINT (50.618012 3.071473)
comptage_abri_velo.33211,33211,A22,59560,2025,10,2025-10-24,Vendredi,8.67,Seclin,Seclin - Gare,50.547452,3.034268,POINT (50.547452 3.034268)
comptage_abri_velo.33212,33212,A14,59599,2025,8,2025-08-11,Lundi,22,Tourcoing,Tourcoing - Centre,50.720457,3.158724,POINT (50.720457 3.158724)
comptage_abri_velo.33213,33213,H1,59017,2025,12,2025-12-10,Mercredi,25,Armentières,Armentières - Gare,50.680972,2.877374,POINT (50.680972 2.877374)
comptage_abri_velo.33214,33214,H4,59524,2025,8,2025-08-13,Mercredi,6.86,Sainghin-en-Weppes,Sainghin-en-Weppes - Don Sainghin,50.55142,2.914022,POINT (50.55142 2.914022)
comptage_abri_velo.33215,33215,H1,59017,2025,6,2025-06-03,Mardi,34.8,Armentières,Armentières - Gare,50.680972,2.877374,POINT (50.680972 2.877374)
comptage_abri_velo.33216,33216,A29,59378,2025,10,2025-10-08,Mercredi,0,Marcq-en-Barœul,Marcq-en-Baroeul - Cerisaie,50.678116,3.111562,POINT (50.678116 3.111562)
comptage_abri_velo.33217,33217,H6,59009,2025,12,2025-12-16,Mardi,28.7,Villeneuve-d'Ascq,Villeneuve d'Ascq - Les Prés Edgard Pisani,50.650048,3.125509,POINT (50.650048 3.125509)
comptage_abri_velo.33218,33218,H3,59350,2025,11,2025-11-09,Dimanche,7,Lille,Lomme - Saint Philibert,50.653009,2.97502,POINT (50.653009 2.97502)
comptage_abri_velo.33219,33219,H1,59017,2025,5,2025-05-10,Samedi,24.86,Armentières,Armentières - Gare,50.680972,2.877374,POINT (50.680972 2.877374)
comptage_abri_velo.33220,33220,H5,59009,2025,8,2025-08-10,Dimanche,55.19,Villeneuve-d'Ascq,Villeneuve d'Ascq - 4 Cantons Stade Pierre Mauroy,50.605006,3.139401,POINT (50.605006 3.139401)
comptage_abri_velo.33221,33221,H4,59524,2025,8,2025-08-25,Lundi,7.88,Sainghin-en-Weppes,Sainghin-en-Weppes - Don Sainghin,50.55142,2.914022,POINT (50.55142 2.914022)
comptage_abri_velo.33222,33222,H3,59350,2025,10,2025-10-16,Jeudi,14.78,Lille,Lomme - Saint Philibert,50.653009,2.97502,POINT (50.653009 2.97502)
comptage_abri_velo.33223,33223,A22,59560,2025,5,2025-05-02,Vendredi,2.71,Seclin,Seclin - Gare,50.547452,3.034268,POINT (50.547452 3.034268)
comptage_abri_velo.33224,33224,H4,59524,2025,5,2025-05-12,Lundi,17,Sainghin-en-Weppes,Sainghin-en-Weppes - Don Sainghin,50.55142,2.914022,POINT (50.55142 2.914022)
comptage_abri_velo.33225,33225,A7,59482,2025,10,2025-10-21,Mardi,16,Quesnoy-sur-Deûle,Quesnoy-sur-Deûle  - Mairie,50.712951,3.000769,POINT (50.712951 3.000769)
comptage_abri_velo.33226,33226,H4,59524,2025,5,2025-05-27,Mardi,16.63,Sainghin-en-Weppes,Sainghin-en-Weppes - Don Sainghin,50.55142,2.914022,POINT (50.55142 2.914022)
comptage_abri_velo.33227,33227,H6,59009,2025,4,2025-04-06,Dimanche,26,Villeneuve-d'Ascq,Villeneuve d'Ascq - Les Prés Edgard Pisani,50.650048,3.125509,POINT (50.650048 3.125509)
comptage_abri_velo.33228,33228,H6,59009,2025,5,2025-05-21,Mercredi,27.1,Villeneuve-d'Ascq,Villeneuve d'Ascq - Les Prés Edgard Pisani,50.650048,3.125509,POINT (50.650048 3.125509)
comptage_abri_velo.33229,33229,H4,59524,2025,4,2025-04-20,Dimanche,3,Sainghin-en-Weppes,Sainghin-en-Weppes - Don Sainghin,50.55142,2.914022,POINT (50.55142 2.914022)
comptage_abri_velo.33230,33230,H3,59350,2025,11,2025-11-15,Samedi,8.5,Lille,Lomme - Saint Philibert,50.653009,2.97502,POINT (50.653009 2.97502)
comptage_abri_velo.33231,33231,H5,59009,2025,5,2025-05-07,Mercredi,58.1,Villeneuve-d'Ascq,Villeneuve d'Ascq - 4 Cantons Stade Pierre Mauroy,50.605006,3.139401,POINT (50.605006 3.139401)
comptage_abri_velo.33232,33232,A1,59286,2025,7,2025-07-28,Lundi,5,Haubourdin,Haubourdin - Jardin Public,50.611361,2.988615,POINT (50.611361 2.988615)
comptage_abri_velo.33233,33233,H6,59009,2025,12,2025-12-22,Lundi,26.67,Villeneuve-d'Ascq,Villeneuve d'Ascq - Les Prés Edgard Pisani,50.650048,3.125509,POINT (50.650048 3.125509)
comptage_abri_velo.33234,33234,H6,59009,2025,10,2025-10-29,Mercredi,28.6,Villeneuve-d'Ascq,Villeneuve d'Ascq - Les Prés Edgard Pisani,50.650048,3.125509,POINT (50.650048 3.125509)
comptage_abri_velo.33235,33235,A22,59560,2025,8,2025-08-20,Mercredi,5.14,Seclin,Seclin - Gare,50.547452,3.034268,POINT (50.547452 3.034268)
comptage_abri_velo.33236,33236,H3,59350,2025,10,2025-10-24,Vendredi,8.1,Lille,Lomme - Saint Philibert,50.653009,2.97502,POINT (50.653009 2.97502)
comptage_abri_velo.33237,33237,H5,59009,2025,10,2025-10-20,Lundi,49.81,Villeneuve-d'Ascq,Villeneuve d'Ascq - 4 Cantons Stade Pierre Mauroy,50.605006,3.139401,POINT (50.605006 3.139401)
comptage_abri_velo.33238,33238,H3,59350,2025,9,2025-09-02,Mardi,12.3,Lille,Lomme - Saint Philibert,50.653009,2.97502,POINT (50.653009 2.97502)
comptage_abri_velo.33239,33239,H2,59350,2025,5,2025-05-03,Samedi,4.18,Lille,Lille - C.H.U. Eurasanté,50.607865,3.040099,POINT (50.607865 3.040099)
comptage_abri_velo.33240,33240,A9,59648,2025,9,2025-09-24,Mercredi,6,Wattignies,Wattignies - Laënnec,50.589018,3.050619,POINT (50.589018 3.050619)
comptage_abri_velo.33241,33241,H2,59350,2025,10,2025-10-23,Jeudi,4.7,Lille,Lille - C.H.U. Eurasanté,50.607865,3.040099,POINT (50.607865 3.040099)
comptage_abri_velo.33242,33242,H2,59350,2025,5,2025-05-05,Lundi,9.33,Lille,Lille - C.H.U. Eurasanté,50.607865,3.040099,POINT (50.607865 3.040099)
comptage_abri_velo.33243,33243,H1,59017,2025,6,2025-06-23,Lundi,20,Armentières,Armentières - Gare,50.680972,2.877374,POINT (50.680972 2.877374)
comptage_abri_velo.33244,33244,H6,59009,2025,5,2025-05-28,Mercredi,24.45,Villeneuve-d'Ascq,Villeneuve d'Ascq - Les Prés Edgard Pisani,50.650048,3.125509,POINT (50.650048 3.125509)
comptage_abri_velo.33245,33245,A22,59560,2025,7,2025-07-25,Vendredi,5.38,Seclin,Seclin - Gare,50.547452,3.034268,POINT (50.547452 3.034268)
comptage_abri_velo.33246,33246,H6,59009,2025,8,2025-08-29,Vendredi,28.5,Villeneuve-d'Ascq,Villeneuve d'Ascq - Les Prés Edgard Pisani,50.650048,3.125509,POINT (50.650048 3.125509)
comptage_abri_velo.33247,33247,H1,59017,2025,7,2025-07-30,Mercredi,24.7,Armentières,Armentières - Gare,50.680972,2.877374,POINT (50.680972 2.877374)
comptage_abri_velo.33248,33248,A22,59560,2025,5,2025-05-04,Dimanche,2.38,Seclin,Seclin - Gare,50.547452,3.034268,POINT (50.547452 3.034268)
comptage_abri_velo.33249,33249,A28,59599,2025,8,2025-08-28,Jeudi,3,Tourcoing,Tourcoing - Gare,50.716812,3.166903,POINT (50.716812 3.166903)
comptage_abri_velo.33250,33250,A20,59350,2025,8,2025-08-29,Vendredi,27,Lille,Lille - Wazemmes,50.623358,3.051647,POINT (50.623358 3.051647)
comptage_abri_velo.33251,33251,A25,59512,2025,11,2025-11-26,Mercredi,4,Roubaix,Roubaix - Épeule Montesquieu,50.68397,3.162923,POINT (50.68397 3.162923)
comptage_abri_velo.33252,33252,H6,59009,2025,5,2025-05-23,Vendredi,26,Villeneuve-d'Ascq,Villeneuve d'Ascq - Les Prés Edgard Pisani,50.650048,3.125509,POINT (50.650048 3.125509)
comptage_abri_velo.33253,33253,A27,59350,2025,10,2025-10-28,Mardi,20,Lille,Hellemmes - Mairie,50.627533,3.109026,POINT (50.627533 3.109026)
comptage_abri_velo.33254,33254,H6,59009,2025,4,2025-04-16,Mercredi,25.56,Villeneuve-d'Ascq,Villeneuve d'Ascq - Les Prés Edgard Pisani,50.650048,3.125509,POINT (50.650048 3.125509)
comptage_abri_velo.33255,33255,A5,59350,2025,4,2025-04-05,Samedi,14,Lille,Lomme - Maison des Enfants,50.646144,2.994472,POINT (50.646144 2.994472)
comptage_abri_velo.33256,33256,A6,59163,2025,12,2025-12-22,Lundi,15,Croix,Croix - Centre,50.674954,3.145916,POINT (50.674954 3.145916)
comptage_abri_velo.33257,33257,H6,59009,2025,11,2025-11-06,Jeudi,30.5,Villeneuve-d'Ascq,Villeneuve d'Ascq - Les Prés Edgard Pisani,50.650048,3.125509,POINT (50.650048 3.125509)
comptage_abri_velo.33258,33258,A1,59286,2025,7,2025-07-10,Jeudi,7,Haubourdin,Haubourdin - Jardin Public,50.611361,2.988615,POINT (50.611361 2.988615)
comptage_abri_velo.33259,33259,A1,59286,2025,6,2025-06-04,Mercredi,5,Haubourdin,Haubourdin - Jardin Public,50.611361,2.988615,POINT (50.611361 2.988615)
comptage_abri_velo.33260,33260,H4,59524,2025,11,2025-11-02,Dimanche,6,Sainghin-en-Weppes,Sainghin-en-Weppes - Don Sainghin,50.55142,2.914022,POINT (50.55142 2.914022)
comptage_abri_velo.33261,33261,H2,59350,2025,11,2025-11-29,Samedi,4.7,Lille,Lille - C.H.U. Eurasanté,50.607865,3.040099,POINT (50.607865 3.040099)
comptage_abri_velo.33262,33262,H2,59350,2025,5,2025-05-21,Mercredi,4.7,Lille,Lille - C.H.U. Eurasanté,50.607865,3.040099,POINT (50.607865 3.040099)
comptage_abri_velo.33263,33263,H4,59524,2025,6,2025-06-18,Mercredi,12.3,Sainghin-en-Weppes,Sainghin-en-Weppes - Don Sainghin,50.55142,2.914022,POINT (50.55142 2.914022)
comptage_abri_velo.33265,33265,H6,59009,2025,4,2025-04-08,Mardi,28.3,Villeneuve-d'Ascq,Villeneuve d'Ascq - Les Prés Edgard Pisani,50.650048,3.125509,POINT (50.650048 3.125509)
comptage_abri_velo.33266,33266,H6,59009,2025,5,2025-05-06,Mardi,27.44,Villeneuve-d'Ascq,Villeneuve d'Ascq - Les Prés Edgard Pisani,50.650048,3.125509,POINT (50.650048 3.125509)
comptage_abri_velo.33267,33267,H5,59009,2025,10,2025-10-01,Mercredi,59.43,Villeneuve-d'Ascq,Villeneuve d'Ascq - 4 Cantons Stade Pierre Mauroy,50.605006,3.139401,POINT (50.605006 3.139401)
comptage_abri_velo.33268,33268,H1,59017,2025,8,2025-08-27,Mercredi,29.4,Armentières,Armentières - Gare,50.680972,2.877374,POINT (50.680972 2.877374)
comptage_abri_velo.33269,33269,H5,59009,2025,8,2025-08-07,Jeudi,54.81,Villeneuve-d'Ascq,Villeneuve d'Ascq - 4 Cantons Stade Pierre Mauroy,50.605006,3.139401,POINT (50.605006 3.139401)
comptage_abri_velo.33270,33270,H1,59017,2025,12,2025-12-21,Dimanche,24.4,Armentières,Armentières - Gare,50.680972,2.877374,POINT (50.680972 2.877374)
comptage_abri_velo.33271,33271,H2,59350,2025,4,2025-04-14,Lundi,5.44,Lille,Lille - C.H.U. Eurasanté,50.607865,3.040099,POINT (50.607865 3.040099)
comptage_abri_velo.33272,33272,H1,59017,2025,8,2025-08-04,Lundi,26.4,Armentières,Armentières - Gare,50.680972,2.877374,POINT (50.680972 2.877374)
comptage_abri_velo.33273,33273,A22,59560,2025,7,2025-07-21,Lundi,3,Seclin,Seclin - Gare,50.547452,3.034268,POINT (50.547452 3.034268)
comptage_abri_velo.33274,33274,A22,59560,2025,11,2025-11-24,Lundi,5.5,Seclin,Seclin - Gare,50.547452,3.034268,POINT (50.547452 3.034268)
comptage_abri_velo.33275,33275,H6,59009,2025,5,2025-05-07,Mercredi,25.4,Villeneuve-d'Ascq,Villeneuve d'Ascq - Les Prés Edgard Pisani,50.650048,3.125509,POINT (50.650048 3.125509)
comptage_abri_velo.33276,33276,A4,59646,2025,4,2025-04-24,Jeudi,12,Wasquehal,Wasquehal - Pavé de Lille,50.664155,3.130022,POINT (50.664155 3.130022)
comptage_abri_velo.33277,33277,H1,59017,2025,7,2025-07-27,Dimanche,21.6,Armentières,Armentières - Gare,50.680972,2.877374,POINT (50.680972 2.877374)
comptage_abri_velo.33278,33278,H5,59009,2025,9,2025-09-24,Mercredi,54.86,Villeneuve-d'Ascq,Villeneuve d'Ascq - 4 Cantons Stade Pierre Mauroy,50.605006,3.139401,POINT (50.605006 3.139401)
comptage_abri_velo.33279,33279,A9,59648,2025,6,2025-06-04,Mercredi,5,Wattignies,Wattignies - Laënnec,50.589018,3.050619,POINT (50.589018 3.050619)
comptage_abri_velo.33280,33280,H2,59350,2025,6,2025-06-24,Mardi,7,Lille,Lille - C.H.U. Eurasanté,50.607865,3.040099,POINT (50.607865 3.040099)
comptage_abri_velo.33281,33281,H1,59017,2025,9,2025-09-14,Dimanche,23.4,Armentières,Armentières - Gare,50.680972,2.877374,POINT (50.680972 2.877374)
comptage_abri_velo.33282,33282,A22,59560,2025,5,2025-05-16,Vendredi,5.88,Seclin,Seclin - Gare,50.547452,3.034268,POINT (50.547452 3.034268)
comptage_abri_velo.33283,33283,A22,59560,2025,6,2025-06-20,Vendredi,6.5,Seclin,Seclin - Gare,50.547452,3.034268,POINT (50.547452 3.034268)
comptage_abri_velo.33284,33284,A6,59163,2025,12,2025-12-08,Lundi,17,Croix,Croix - Centre,50.674954,3.145916,POINT (50.674954 3.145916)
comptage_abri_velo.33285,33285,H4,59524,2025,8,2025-08-24,Dimanche,12.63,Sainghin-en-Weppes,Sainghin-en-Weppes - Don Sainghin,50.55142,2.914022,POINT (50.55142 2.914022)
comptage_abri_velo.33286,33286,H3,59350,2025,7,2025-07-16,Mercredi,6.56,Lille,Lomme - Saint Philibert,50.653009,2.97502,POINT (50.653009 2.97502)
comptage_abri_velo.33287,33287,H3,59350,2025,12,2025-12-05,Vendredi,12.09,Lille,Lomme - Saint Philibert,50.653009,2.97502,POINT (50.653009 2.97502)
comptage_abri_velo.33288,33288,H4,59524,2025,5,2025-05-05,Lundi,9.25,Sainghin-en-Weppes,Sainghin-en-Weppes - Don Sainghin,50.55142,2.914022,POINT (50.55142 2.914022)
comptage_abri_velo.33289,33289,H1,59017,2025,6,2025-06-17,Mardi,36.4,Armentières,Armentières - Gare,50.680972,2.877374,POINT (50.680972 2.877374)
comptage_abri_velo.33290,33290,H4,59524,2025,4,2025-04-29,Mardi,18.5,Sainghin-en-Weppes,Sainghin-en-Weppes - Don Sainghin,50.55142,2.914022,POINT (50.55142 2.914022)
comptage_abri_velo.33291,33291,H1,59017,2025,8,2025-08-20,Mercredi,23.71,Armentières,Armentières - Gare,50.680972,2.877374,POINT (50.680972 2.877374)
comptage_abri_velo.33292,33292,H6,59009,2025,12,2025-12-29,Lundi,28.1,Villeneuve-d'Ascq,Villeneuve d'Ascq - Les Prés Edgard Pisani,50.650048,3.125509,POINT (50.650048 3.125509)
comptage_abri_velo.33293,33293,H5,59009,2025,8,2025-08-02,Samedi,52.57,Villeneuve-d'Ascq,Villeneuve d'Ascq - 4 Cantons Stade Pierre Mauroy,50.605006,3.139401,POINT (50.605006 3.139401)
comptage_abri_velo.33294,33294,A22,59560,2025,6,2025-06-25,Mercredi,3.75,Seclin,Seclin - Gare,50.547452,3.034268,POINT (50.547452 3.034268)
comptage_abri_velo.33295,33295,A25,59512,2025,4,2025-04-22,Mardi,8,Roubaix,Roubaix - Épeule Montesquieu,50.68397,3.162923,POINT (50.68397 3.162923)
comptage_abri_velo.33296,33296,H6,59009,2025,5,2025-05-10,Samedi,24.5,Villeneuve-d'Ascq,Villeneuve d'Ascq - Les Prés Edgard Pisani,50.650048,3.125509,POINT (50.650048 3.125509)
comptage_abri_velo.33297,33297,A17,59279,2025,12,2025-12-11,Jeudi,8,Halluin,Halluin - Centre,50.780946,3.119719,POINT (50.780946 3.119719)
comptage_abri_velo.33298,33298,A28,59599,2025,4,2025-04-10,Jeudi,2,Tourcoing,Tourcoing - Gare,50.716812,3.166903,POINT (50.716812 3.166903)
comptage_abri_velo.33299,33299,H6,59009,2025,7,2025-07-20,Dimanche,25,Villeneuve-d'Ascq,Villeneuve d'Ascq - Les Prés Edgard Pisani,50.650048,3.125509,POINT (50.650048 3.125509)
comptage_abri_velo.33300,33300,H1,59017,2025,11,2025-11-20,Jeudi,24,Armentières,Armentières - Gare,50.680972,2.877374,POINT (50.680972 2.877374)
comptage_abri_velo.33301,33301,H5,59009,2025,6,2025-06-02,Lundi,54.62,Villeneuve-d'Ascq,Villeneuve d'Ascq - 4 Cantons Stade Pierre Mauroy,50.605006,3.139401,POINT (50.605006 3.139401)
comptage_abri_velo.33302,33302,H6,59009,2025,8,2025-08-05,Mardi,26.9,Villeneuve-d'Ascq,Villeneuve d'Ascq - Les Prés Edgard Pisani,50.650048,3.125509,POINT (50.650048 3.125509)
comptage_abri_velo.33303,33303,H1,59017,2025,6,2025-06-05,Jeudi,25.6,Armentières,Armentières - Gare,50.680972,2.877374,POINT (50.680972 2.877374)
comptage_abri_velo.33304,33304,A13,59299,2025,7,2025-07-09,Mercredi,3,Hem,Hem - 3 Fermes,50.662576,3.200574,POINT (50.662576 3.200574)
comptage_abri_velo.33305,33305,A6,59163,2025,6,2025-06-20,Vendredi,16,Croix,Croix - Centre,50.674954,3.145916,POINT (50.674954 3.145916)
comptage_abri_velo.33306,33306,H1,59017,2025,9,2025-09-19,Vendredi,26,Armentières,Armentières - Gare,50.680972,2.877374,POINT (50.680972 2.877374)
comptage_abri_velo.33307,33307,H2,59350,2025,5,2025-05-16,Vendredi,4.6,Lille,Lille - C.H.U. Eurasanté,50.607865,3.040099,POINT (50.607865 3.040099)
comptage_abri_velo.33308,33308,H1,59017,2025,10,2025-10-04,Samedi,25.33,Armentières,Armentières - Gare,50.680972,2.877374,POINT (50.680972 2.877374)
comptage_abri_velo.33309,33309,A2,59527,2025,7,2025-07-12,Samedi,18,Saint-André-lez-Lille,St André - Mairie,50.660206,3.051002,POINT (50.660206 3.051002)
comptage_abri_velo.33310,33310,H1,59017,2025,8,2025-08-09,Samedi,18.56,Armentières,Armentières - Gare,50.680972,2.877374,POINT (50.680972 2.877374)
comptage_abri_velo.33311,33311,A25,59512,2025,6,2025-06-23,Lundi,4,Roubaix,Roubaix - Épeule Montesquieu,50.68397,3.162923,POINT (50.68397 3.162923)
comptage_abri_velo.33312,33312,A22,59560,2025,12,2025-12-19,Vendredi,5.5,Seclin,Seclin - Gare,50.547452,3.034268,POINT (50.547452 3.034268)
comptage_abri_velo.33313,33313,A22,59560,2025,6,2025-06-04,Mercredi,5,Seclin,Seclin - Gare,50.547452,3.034268,POINT (50.547452 3.034268)
comptage_abri_velo.33314,33314,H2,59350,2025,11,2025-11-15,Samedi,5.22,Lille,Lille - C.H.U. Eurasanté,50.607865,3.040099,POINT (50.607865 3.040099)
comptage_abri_velo.33315,33315,H4,59524,2025,7,2025-07-18,Vendredi,11.57,Sainghin-en-Weppes,Sainghin-en-Weppes - Don Sainghin,50.55142,2.914022,POINT (50.55142 2.914022)
comptage_abri_velo.33316,33316,A22,59560,2025,6,2025-06-11,Mercredi,5,Seclin,Seclin - Gare,50.547452,3.034268,POINT (50.547452 3.034268)
comptage_abri_velo.33317,33317,H3,59350,2025,4,2025-04-10,Jeudi,9.44,Lille,Lomme - Saint Philibert,50.653009,2.97502,POINT (50.653009 2.97502)
comptage_abri_velo.33318,33318,A2,59527,2025,11,2025-11-27,Jeudi,17,Saint-André-lez-Lille,St André - Mairie,50.660206,3.051002,POINT (50.660206 3.051002)
comptage_abri_velo.33319,33319,A16,59421,2025,11,2025-11-26,Mercredi,10,Mouvaux,Mouvaux - 3 Suisses,50.69899,3.138302,POINT (50.69899 3.138302)
comptage_abri_velo.33320,33320,H1,59017,2025,8,2025-08-03,Dimanche,19,Armentières,Armentières - Gare,50.680972,2.877374,POINT (50.680972 2.877374)
comptage_abri_velo.33321,33321,H5,59009,2025,6,2025-06-03,Mardi,59.71,Villeneuve-d'Ascq,Villeneuve d'Ascq - 4 Cantons Stade Pierre Mauroy,50.605006,3.139401,POINT (50.605006 3.139401)
comptage_abri_velo.33322,33322,H1,59017,2025,10,2025-10-28,Mardi,34.75,Armentières,Armentières - Gare,50.680972,2.877374,POINT (50.680972 2.877374)
comptage_abri_velo.33323,33323,H5,59009,2025,5,2025-05-26,Lundi,55.29,Villeneuve-d'Ascq,Villeneuve d'Ascq - 4 Cantons Stade Pierre Mauroy,50.605006,3.139401,POINT (50.605006 3.139401)
comptage_abri_velo.33324,33324,H3,59350,2025,7,2025-07-15,Mardi,10.75,Lille,Lomme - Saint Philibert,50.653009,2.97502,POINT (50.653009 2.97502)
comptage_abri_velo.33325,33325,H6,59009,2025,8,2025-08-06,Mercredi,28.7,Villeneuve-d'Ascq,Villeneuve d'Ascq - Les Prés Edgard Pisani,50.650048,3.125509,POINT (50.650048 3.125509)
comptage_abri_velo.33326,33326,H6,59009,2025,7,2025-07-04,Vendredi,26.92,Villeneuve-d'Ascq,Villeneuve d'Ascq - Les Prés Edgard Pisani,50.650048,3.125509,POINT (50.650048 3.125509)
comptage_abri_velo.33327,33327,H2,59350,2025,9,2025-09-03,Mercredi,4,Lille,Lille - C.H.U. Eurasanté,50.607865,3.040099,POINT (50.607865 3.040099)
comptage_abri_velo.33328,33328,A22,59560,2025,8,2025-08-13,Mercredi,1.71,Seclin,Seclin - Gare,50.547452,3.034268,POINT (50.547452 3.034268)
comptage_abri_velo.33329,33329,H5,59009,2025,4,2025-04-04,Vendredi,50.67,Villeneuve-d'Ascq,Villeneuve d'Ascq - 4 Cantons Stade Pierre Mauroy,50.605006,3.139401,POINT (50.605006 3.139401)
comptage_abri_velo.33330,33330,H1,59017,2025,11,2025-11-23,Dimanche,25.5,Armentières,Armentières - Gare,50.680972,2.877374,POINT (50.680972 2.877374)
comptage_abri_velo.33331,33331,H6,59009,2025,6,2025-06-17,Mardi,28.56,Villeneuve-d'Ascq,Villeneuve d'Ascq - Les Prés Edgard Pisani,50.650048,3.125509,POINT (50.650048 3.125509)
comptage_abri_velo.33332,33332,A10,59507,2025,7,2025-07-28,Lundi,3,Ronchin,Ronchin - Mairie,50.605669,3.077856,POINT (50.605669 3.077856)
comptage_abri_velo.33333,33333,A24,59512,2025,7,2025-07-09,Mercredi,11,Roubaix,Roubaix - Eurotéléport,50.691165,3.179592,POINT (50.691165 3.179592)
comptage_abri_velo.33334,33334,H5,59009,2025,10,2025-10-02,Jeudi,63,Villeneuve-d'Ascq,Villeneuve d'Ascq - 4 Cantons Stade Pierre Mauroy,50.605006,3.139401,POINT (50.605006 3.139401)
comptage_abri_velo.33335,33335,A3,59009,2025,4,2025-04-05,Samedi,11,Villeneuve-d'Ascq,Villeneuve d'Ascq - Pont de Bois,50.624619,3.127947,POINT (50.624619 3.127947)
comptage_abri_velo.33336,33336,A22,59560,2025,11,2025-11-13,Jeudi,8.22,Seclin,Seclin - Gare,50.547452,3.034268,POINT (50.547452 3.034268)
comptage_abri_velo.33337,33337,A5,59350,2025,4,2025-04-23,Mercredi,0,Lille,Lomme - Maison des Enfants,50.646144,2.994472,POINT (50.646144 2.994472)
comptage_abri_velo.33338,33338,H4,59524,2025,7,2025-07-11,Vendredi,11.5,Sainghin-en-Weppes,Sainghin-en-Weppes - Don Sainghin,50.55142,2.914022,POINT (50.55142 2.914022)
comptage_abri_velo.33339,33339,H3,59350,2025,5,2025-05-12,Lundi,9.29,Lille,Lomme - Saint Philibert,50.653009,2.97502,POINT (50.653009 2.97502)
comptage_abri_velo.33340,33340,H4,59524,2025,11,2025-11-30,Dimanche,6.29,Sainghin-en-Weppes,Sainghin-en-Weppes - Don Sainghin,50.55142,2.914022,POINT (50.55142 2.914022)
comptage_abri_velo.33341,33341,H2,59350,2025,7,2025-07-24,Jeudi,5.1,Lille,Lille - C.H.U. Eurasanté,50.607865,3.040099,POINT (50.607865 3.040099)
comptage_abri_velo.33342,33342,A18,59410,2025,4,2025-04-29,Mardi,17,Mons-en-Barœul,Mons-en-Baroeul - Mairie,50.642837,3.1101,POINT (50.642837 3.1101)
comptage_abri_velo.33343,33343,A18,59410,2025,10,2025-10-27,Lundi,18,Mons-en-Barœul,Mons-en-Baroeul - Mairie,50.642837,3.1101,POINT (50.642837 3.1101)
comptage_abri_velo.33344,33344,H1,59017,2025,5,2025-05-21,Mercredi,30,Armentières,Armentières - Gare,50.680972,2.877374,POINT (50.680972 2.877374)
comptage_abri_velo.33345,33345,H6,59009,2025,7,2025-07-29,Mardi,28.4,Villeneuve-d'Ascq,Villeneuve d'Ascq - Les Prés Edgard Pisani,50.650048,3.125509,POINT (50.650048 3.125509)
comptage_abri_velo.33346,33346,A4,59646,2025,4,2025-04-22,Mardi,10,Wasquehal,Wasquehal - Pavé de Lille,50.664155,3.130022,POINT (50.664155 3.130022)
comptage_abri_velo.33347,33347,H3,59350,2025,9,2025-09-20,Samedi,6.9,Lille,Lomme - Saint Philibert,50.653009,2.97502,POINT (50.653009 2.97502)
comptage_abri_velo.33348,33348,A13,59299,2025,5,2025-05-09,Vendredi,2,Hem,Hem - 3 Fermes,50.662576,3.200574,POINT (50.662576 3.200574)
comptage_abri_velo.33349,33349,A26,59350,2025,8,2025-08-13,Mercredi,5,Lille,Lille - Porte de Douai,50.618012,3.071473,POINT (50.618012 3.071473)
comptage_abri_velo.33350,33350,H4,59524,2025,4,2025-04-08,Mardi,14,Sainghin-en-Weppes,Sainghin-en-Weppes - Don Sainghin,50.55142,2.914022,POINT (50.55142 2.914022)
comptage_abri_velo.33351,33351,H6,59009,2025,8,2025-08-23,Samedi,28.7,Villeneuve-d'Ascq,Villeneuve d'Ascq - Les Prés Edgard Pisani,50.650048,3.125509,POINT (50.650048 3.125509)
comptage_abri_velo.33352,33352,A24,59512,2025,12,2025-12-11,Jeudi,11,Roubaix,Roubaix - Eurotéléport,50.691165,3.179592,POINT (50.691165 3.179592)
comptage_abri_velo.33353,33353,A22,59560,2025,7,2025-07-18,Vendredi,5.57,Seclin,Seclin - Gare,50.547452,3.034268,POINT (50.547452 3.034268)
comptage_abri_velo.33354,33354,A22,59560,2025,10,2025-10-08,Mercredi,8.67,Seclin,Seclin - Gare,50.547452,3.034268,POINT (50.547452 3.034268)
comptage_abri_velo.33355,33355,H1,59017,2025,7,2025-07-02,Mercredi,37.25,Armentières,Armentières - Gare,50.680972,2.877374,POINT (50.680972 2.877374)
comptage_abri_velo.33356,33356,A4,59646,2025,8,2025-08-28,Jeudi,13,Wasquehal,Wasquehal - Pavé de Lille,50.664155,3.130022,POINT (50.664155 3.130022)
comptage_abri_velo.33357,33357,H4,59524,2025,8,2025-08-12,Mardi,6.63,Sainghin-en-Weppes,Sainghin-en-Weppes - Don Sainghin,50.55142,2.914022,POINT (50.55142 2.914022)
comptage_abri_velo.33358,33358,A10,59507,2025,8,2025-08-29,Vendredi,3,Ronchin,Ronchin - Mairie,50.605669,3.077856,POINT (50.605669 3.077856)
comptage_abri_velo.33359,33359,A15,59378,2025,6,2025-06-05,Jeudi,8,Marcq-en-Barœul,Marcq-en-Baroeul - Croisé Laroche,50.665991,3.103728,POINT (50.665991 3.103728)
comptage_abri_velo.33360,33360,A22,59560,2025,12,2025-12-16,Mardi,11.2,Seclin,Seclin - Gare,50.547452,3.034268,POINT (50.547452 3.034268)
comptage_abri_velo.33361,33361,A22,59560,2025,12,2025-12-24,Mercredi,7.25,Seclin,Seclin - Gare,50.547452,3.034268,POINT (50.547452 3.034268)
comptage_abri_velo.33362,33362,A7,59482,2025,4,2025-04-10,Jeudi,13,Quesnoy-sur-Deûle,Quesnoy-sur-Deûle  - Mairie,50.712951,3.000769,POINT (50.712951 3.000769)
comptage_abri_velo.33363,33363,A15,59378,2025,11,2025-11-14,Vendredi,10,Marcq-en-Barœul,Marcq-en-Baroeul - Croisé Laroche,50.665991,3.103728,POINT (50.665991 3.103728)
comptage_abri_velo.33364,33364,H5,59009,2025,11,2025-11-23,Dimanche,39,Villeneuve-d'Ascq,Villeneuve d'Ascq - 4 Cantons Stade Pierre Mauroy,50.605006,3.139401,POINT (50.605006 3.139401)
comptage_abri_velo.33365,33365,H4,59524,2025,11,2025-11-22,Samedi,6.88,Sainghin-en-Weppes,Sainghin-en-Weppes - Don Sainghin,50.55142,2.914022,POINT (50.55142 2.914022)
comptage_abri_velo.33366,33366,A21,59360,2025,11,2025-11-27,Jeudi,10,Loos,Loos - Mairie,50.614588,3.012336,POINT (50.614588 3.012336)
comptage_abri_velo.33367,33367,H2,59350,2025,8,2025-08-20,Mercredi,6.67,Lille,Lille - C.H.U. Eurasanté,50.607865,3.040099,POINT (50.607865 3.040099)
comptage_abri_velo.33368,33368,H1,59017,2025,8,2025-08-08,Vendredi,25.44,Armentières,Armentières - Gare,50.680972,2.877374,POINT (50.680972 2.877374)
comptage_abri_velo.33369,33369,H2,59350,2025,9,2025-09-06,Samedi,6,Lille,Lille - C.H.U. Eurasanté,50.607865,3.040099,POINT (50.607865 3.040099)
comptage_abri_velo.33370,33370,A23,59152,2025,8,2025-08-28,Jeudi,5,Comines,Comines - Centre,50.761928,3.011547,POINT (50.761928 3.011547)
comptage_abri_velo.33371,33371,A14,59599,2025,11,2025-11-14,Vendredi,25,Tourcoing,Tourcoing - Centre,50.720457,3.158724,POINT (50.720457 3.158724)
comptage_abri_velo.33372,33372,H1,59017,2025,10,2025-10-19,Dimanche,21.2,Armentières,Armentières - Gare,50.680972,2.877374,POINT (50.680972 2.877374)
comptage_abri_velo.33373,33373,H6,59009,2025,11,2025-11-18,Mardi,31.78,Villeneuve-d'Ascq,Villeneuve d'Ascq - Les Prés Edgard Pisani,50.650048,3.125509,POINT (50.650048 3.125509)
comptage_abri_velo.33374,33374,A6,59163,2025,7,2025-07-09,Mercredi,20,Croix,Croix - Centre,50.674954,3.145916,POINT (50.674954 3.145916)
comptage_abri_velo.33375,33375,A3,59009,2025,12,2025-12-23,Mardi,12,Villeneuve-d'Ascq,Villeneuve d'Ascq - Pont de Bois,50.624619,3.127947,POINT (50.624619 3.127947)
comptage_abri_velo.33376,33376,H6,59009,2025,5,2025-05-31,Samedi,23.89,Villeneuve-d'Ascq,Villeneuve d'Ascq - Les Prés Edgard Pisani,50.650048,3.125509,POINT (50.650048 3.125509)
comptage_abri_velo.33377,33377,H4,59524,2025,12,2025-12-14,Dimanche,4,Sainghin-en-Weppes,Sainghin-en-Weppes - Don Sainghin,50.55142,2.914022,POINT (50.55142 2.914022)
comptage_abri_velo.33378,33378,A19,59350,2025,6,2025-06-05,Jeudi,28,Lille,Lille - Porte des Postes,50.617921,3.049909,POINT (50.617921 3.049909)
comptage_abri_velo.33379,33379,H3,59350,2025,7,2025-07-01,Mardi,10.13,Lille,Lomme - Saint Philibert,50.653009,2.97502,POINT (50.653009 2.97502)
comptage_abri_velo.33380,33380,H5,59009,2025,4,2025-04-02,Mercredi,52.03,Villeneuve-d'Ascq,Villeneuve d'Ascq - 4 Cantons Stade Pierre Mauroy,50.605006,3.139401,POINT (50.605006 3.139401)
comptage_abri_velo.33381,33381,H4,59524,2025,8,2025-08-19,Mardi,7.13,Sainghin-en-Weppes,Sainghin-en-Weppes - Don Sainghin,50.55142,2.914022,POINT (50.55142 2.914022)
comptage_abri_velo.33382,33382,H6,59009,2025,12,2025-12-28,Dimanche,26,Villeneuve-d'Ascq,Villeneuve d'Ascq - Les Prés Edgard Pisani,50.650048,3.125509,POINT (50.650048 3.125509)
comptage_abri_velo.33383,33383,H6,59009,2025,11,2025-11-27,Jeudi,31.9,Villeneuve-d'Ascq,Villeneuve d'Ascq - Les Prés Edgard Pisani,50.650048,3.125509,POINT (50.650048 3.125509)
comptage_abri_velo.33384,33384,H5,59009,2025,10,2025-10-26,Dimanche,41.25,Villeneuve-d'Ascq,Villeneuve d'Ascq - 4 Cantons Stade Pierre Mauroy,50.605006,3.139401,POINT (50.605006 3.139401)
comptage_abri_velo.33385,33385,H4,59524,2025,4,2025-04-01,Mardi,15.13,Sainghin-en-Weppes,Sainghin-en-Weppes - Don Sainghin,50.55142,2.914022,POINT (50.55142 2.914022)
comptage_abri_velo.33386,33386,A22,59560,2025,11,2025-11-06,Jeudi,7.5,Seclin,Seclin - Gare,50.547452,3.034268,POINT (50.547452 3.034268)
comptage_abri_velo.33387,33387,H1,59017,2025,7,2025-07-18,Vendredi,37,Armentières,Armentières - Gare,50.680972,2.877374,POINT (50.680972 2.877374)
comptage_abri_velo.33388,33388,H5,59009,2025,9,2025-09-29,Lundi,53.05,Villeneuve-d'Ascq,Villeneuve d'Ascq - 4 Cantons Stade Pierre Mauroy,50.605006,3.139401,POINT (50.605006 3.139401)
comptage_abri_velo.33389,33389,H1,59017,2025,11,2025-11-16,Dimanche,23.5,Armentières,Armentières - Gare,50.680972,2.877374,POINT (50.680972 2.877374)
comptage_abri_velo.33390,33390,A3,59009,2025,9,2025-09-19,Vendredi,14,Villeneuve-d'Ascq,Villeneuve d'Ascq - Pont de Bois,50.624619,3.127947,POINT (50.624619 3.127947)
comptage_abri_velo.33391,33391,H1,59017,2025,9,2025-09-23,Mardi,44.2,Armentières,Armentières - Gare,50.680972,2.877374,POINT (50.680972 2.877374)
comptage_abri_velo.33392,33392,A22,59560,2025,10,2025-10-16,Jeudi,8.25,Seclin,Seclin - Gare,50.547452,3.034268,POINT (50.547452 3.034268)
comptage_abri_velo.33393,33393,H5,59009,2025,7,2025-07-11,Vendredi,60.38,Villeneuve-d'Ascq,Villeneuve d'Ascq - 4 Cantons Stade Pierre Mauroy,50.605006,3.139401,POINT (50.605006 3.139401)
comptage_abri_velo.33394,33394,H4,59524,2025,10,2025-10-12,Dimanche,6.14,Sainghin-en-Weppes,Sainghin-en-Weppes - Don Sainghin,50.55142,2.914022,POINT (50.55142 2.914022)
comptage_abri_velo.33395,33395,H3,59350,2025,12,2025-12-11,Jeudi,11.78,Lille,Lomme - Saint Philibert,50.653009,2.97502,POINT (50.653009 2.97502)
comptage_abri_velo.33396,33396,H2,59350,2025,9,2025-09-02,Mardi,4.8,Lille,Lille - C.H.U. Eurasanté,50.607865,3.040099,POINT (50.607865 3.040099)
comptage_abri_velo.33397,33397,A28,59599,2025,10,2025-10-08,Mercredi,6,Tourcoing,Tourcoing - Gare,50.716812,3.166903,POINT (50.716812 3.166903)
comptage_abri_velo.33398,33398,H2,59350,2025,6,2025-06-02,Lundi,4.44,Lille,Lille - C.H.U. Eurasanté,50.607865,3.040099,POINT (50.607865 3.040099)
comptage_abri_velo.33399,33399,H1,59017,2025,5,2025-05-25,Dimanche,21.55,Armentières,Armentières - Gare,50.680972,2.877374,POINT (50.680972 2.877374)
comptage_abri_velo.33400,33400,A12,59368,2025,6,2025-06-04,Mercredi,7,La Madeleine,La Madeleine - Romarin,50.645694,3.075042,POINT (50.645694 3.075042)
comptage_abri_velo.33401,33401,A22,59560,2025,10,2025-10-04,Samedi,6,Seclin,Seclin - Gare,50.547452,3.034268,POINT (50.547452 3.034268)
comptage_abri_velo.33402,33402,H4,59524,2025,12,2025-12-28,Dimanche,3,Sainghin-en-Weppes,Sainghin-en-Weppes - Don Sainghin,50.55142,2.914022,POINT (50.55142 2.914022)
comptage_abri_velo.33403,33403,H5,59009,2025,5,2025-05-10,Samedi,57.41,Villeneuve-d'Ascq,Villeneuve d'Ascq - 4 Cantons Stade Pierre Mauroy,50.605006,3.139401,POINT (50.605006 3.139401)
comptage_abri_velo.33404,33404,H1,59017,2025,7,2025-07-23,Mercredi,20,Armentières,Armentières - Gare,50.680972,2.877374,POINT (50.680972 2.877374)
comptage_abri_velo.33405,33405,H4,59524,2025,8,2025-08-26,Mardi,5.75,Sainghin-en-Weppes,Sainghin-en-Weppes - Don Sainghin,50.55142,2.914022,POINT (50.55142 2.914022)
comptage_abri_velo.33406,33406,H4,59524,2025,5,2025-05-13,Mardi,16.29,Sainghin-en-Weppes,Sainghin-en-Weppes - Don Sainghin,50.55142,2.914022,POINT (50.55142 2.914022)
comptage_abri_velo.33407,33407,H5,59009,2025,4,2025-04-07,Lundi,52.1,Villeneuve-d'Ascq,Villeneuve d'Ascq - 4 Cantons Stade Pierre Mauroy,50.605006,3.139401,POINT (50.605006 3.139401)
comptage_abri_velo.33408,33408,H4,59524,2025,9,2025-09-24,Mercredi,17.88,Sainghin-en-Weppes,Sainghin-en-Weppes - Don Sainghin,50.55142,2.914022,POINT (50.55142 2.914022)
comptage_abri_velo.33409,33409,H6,59009,2025,8,2025-08-04,Lundi,26.67,Villeneuve-d'Ascq,Villeneuve d'Ascq - Les Prés Edgard Pisani,50.650048,3.125509,POINT (50.650048 3.125509)
comptage_abri_velo.33410,33410,A21,59360,2025,12,2025-12-04,Jeudi,29,Loos,Loos - Mairie,50.614588,3.012336,POINT (50.614588 3.012336)
comptage_abri_velo.33411,33411,H3,59350,2025,12,2025-12-26,Vendredi,7.33,Lille,Lomme - Saint Philibert,50.653009,2.97502,POINT (50.653009 2.97502)
comptage_abri_velo.33412,33412,H2,59350,2025,4,2025-04-16,Mercredi,5.4,Lille,Lille - C.H.U. Eurasanté,50.607865,3.040099,POINT (50.607865 3.040099)
comptage_abri_velo.33413,33413,A7,59482,2025,10,2025-10-07,Mardi,20,Quesnoy-sur-Deûle,Quesnoy-sur-Deûle  - Mairie,50.712951,3.000769,POINT (50.712951 3.000769)
comptage_abri_velo.33414,33414,H6,59009,2025,8,2025-08-15,Vendredi,27,Villeneuve-d'Ascq,Villeneuve d'Ascq - Les Prés Edgard Pisani,50.650048,3.125509,POINT (50.650048 3.125509)
comptage_abri_velo.33415,33415,H2,59350,2025,5,2025-05-28,Mercredi,4.6,Lille,Lille - C.H.U. Eurasanté,50.607865,3.040099,POINT (50.607865 3.040099)
comptage_abri_velo.33416,33416,H5,59009,2025,6,2025-06-11,Mercredi,65,Villeneuve-d'Ascq,Villeneuve d'Ascq - 4 Cantons Stade Pierre Mauroy,50.605006,3.139401,POINT (50.605006 3.139401)
comptage_abri_velo.33417,33417,A4,59646,2025,6,2025-06-05,Jeudi,12,Wasquehal,Wasquehal - Pavé de Lille,50.664155,3.130022,POINT (50.664155 3.130022)
comptage_abri_velo.33418,33418,A22,59560,2025,7,2025-07-27,Dimanche,4,Seclin,Seclin - Gare,50.547452,3.034268,POINT (50.547452 3.034268)
comptage_abri_velo.33419,33419,H3,59350,2025,5,2025-05-23,Vendredi,9.5,Lille,Lomme - Saint Philibert,50.653009,2.97502,POINT (50.653009 2.97502)
comptage_abri_velo.33420,33420,A6,59163,2025,10,2025-10-07,Mardi,23,Croix,Croix - Centre,50.674954,3.145916,POINT (50.674954 3.145916)
comptage_abri_velo.33421,33421,H6,59009,2025,10,2025-10-06,Lundi,31,Villeneuve-d'Ascq,Villeneuve d'Ascq - Les Prés Edgard Pisani,50.650048,3.125509,POINT (50.650048 3.125509)
comptage_abri_velo.33422,33422,A5,59350,2025,9,2025-09-10,Mercredi,15,Lille,Lomme - Maison des Enfants,50.646144,2.994472,POINT (50.646144 2.994472)
comptage_abri_velo.33423,33423,H2,59350,2025,5,2025-05-12,Lundi,5.33,Lille,Lille - C.H.U. Eurasanté,50.607865,3.040099,POINT (50.607865 3.040099)
comptage_abri_velo.33424,33424,H3,59350,2025,6,2025-06-04,Mercredi,12.71,Lille,Lomme - Saint Philibert,50.653009,2.97502,POINT (50.653009 2.97502)
comptage_abri_velo.33425,33425,H2,59350,2025,6,2025-06-29,Dimanche,3,Lille,Lille - C.H.U. Eurasanté,50.607865,3.040099,POINT (50.607865 3.040099)
comptage_abri_velo.33426,33426,A22,59560,2025,4,2025-04-19,Samedi,3.5,Seclin,Seclin - Gare,50.547452,3.034268,POINT (50.547452 3.034268)
comptage_abri_velo.33427,33427,A22,59560,2025,8,2025-08-17,Dimanche,1,Seclin,Seclin - Gare,50.547452,3.034268,POINT (50.547452 3.034268)
comptage_abri_velo.33428,33428,H3,59350,2025,6,2025-06-10,Mardi,12,Lille,Lomme - Saint Philibert,50.653009,2.97502,POINT (50.653009 2.97502)
comptage_abri_velo.33429,33429,A24,59512,2025,4,2025-04-22,Mardi,8,Roubaix,Roubaix - Eurotéléport,50.691165,3.179592,POINT (50.691165 3.179592)
comptage_abri_velo.33430,33430,A22,59560,2025,4,2025-04-03,Jeudi,7,Seclin,Seclin - Gare,50.547452,3.034268,POINT (50.547452 3.034268)
comptage_abri_velo.33431,33431,A2,59527,2025,7,2025-07-28,Lundi,18,Saint-André-lez-Lille,St André - Mairie,50.660206,3.051002,POINT (50.660206 3.051002)
comptage_abri_velo.33432,33432,A22,59560,2025,8,2025-08-08,Vendredi,2.88,Seclin,Seclin - Gare,50.547452,3.034268,POINT (50.547452 3.034268)
comptage_abri_velo.33433,33433,A4,59646,2025,10,2025-10-07,Mardi,9,Wasquehal,Wasquehal - Pavé de Lille,50.664155,3.130022,POINT (50.664155 3.130022)
comptage_abri_velo.33434,33434,A26,59350,2025,6,2025-06-18,Mercredi,4,Lille,Lille - Porte de Douai,50.618012,3.071473,POINT (50.618012 3.071473)
comptage_abri_velo.33435,33435,A11,59650,2025,9,2025-09-11,Jeudi,1,Wattrelos,Wattrelos - Centre,50.701454,3.214476,POINT (50.701454 3.214476)
comptage_abri_velo.33436,33436,A6,59163,2025,5,2025-05-09,Vendredi,20,Croix,Croix - Centre,50.674954,3.145916,POINT (50.674954 3.145916)
comptage_abri_velo.33437,33437,A12,59368,2025,6,2025-06-25,Mercredi,7,La Madeleine,La Madeleine - Romarin,50.645694,3.075042,POINT (50.645694 3.075042)
comptage_abri_velo.33438,33438,H6,59009,2025,6,2025-06-19,Jeudi,25.73,Villeneuve-d'Ascq,Villeneuve d'Ascq - Les Prés Edgard Pisani,50.650048,3.125509,POINT (50.650048 3.125509)
comptage_abri_velo.33439,33439,H2,59350,2025,9,2025-09-12,Vendredi,4,Lille,Lille - C.H.U. Eurasanté,50.607865,3.040099,POINT (50.607865 3.040099)
comptage_abri_velo.33440,33440,H2,59350,2025,4,2025-04-19,Samedi,5,Lille,Lille - C.H.U. Eurasanté,50.607865,3.040099,POINT (50.607865 3.040099)
comptage_abri_velo.33441,33441,A5,59350,2025,10,2025-10-08,Mercredi,20,Lille,Lomme - Maison des Enfants,50.646144,2.994472,POINT (50.646144 2.994472)
comptage_abri_velo.33442,33442,H4,59524,2025,5,2025-05-02,Vendredi,8.88,Sainghin-en-Weppes,Sainghin-en-Weppes - Don Sainghin,50.55142,2.914022,POINT (50.55142 2.914022)
comptage_abri_velo.33443,33443,A7,59482,2025,5,2025-05-22,Jeudi,13,Quesnoy-sur-Deûle,Quesnoy-sur-Deûle  - Mairie,50.712951,3.000769,POINT (50.712951 3.000769)
comptage_abri_velo.33444,33444,A22,59560,2025,10,2025-10-25,Samedi,6.5,Seclin,Seclin - Gare,50.547452,3.034268,POINT (50.547452 3.034268)
comptage_abri_velo.33445,33445,H1,59017,2025,10,2025-10-17,Vendredi,38.83,Armentières,Armentières - Gare,50.680972,2.877374,POINT (50.680972 2.877374)
comptage_abri_velo.33446,33446,H4,59524,2025,11,2025-11-27,Jeudi,16.5,Sainghin-en-Weppes,Sainghin-en-Weppes - Don Sainghin,50.55142,2.914022,POINT (50.55142 2.914022)
comptage_abri_velo.33447,33447,A23,59152,2025,10,2025-10-07,Mardi,4,Comines,Comines - Centre,50.761928,3.011547,POINT (50.761928 3.011547)
comptage_abri_velo.33448,33448,H4,59524,2025,12,2025-12-31,Mercredi,4.5,Sainghin-en-Weppes,Sainghin-en-Weppes - Don Sainghin,50.55142,2.914022,POINT (50.55142 2.914022)
comptage_abri_velo.33449,33449,A20,59350,2025,9,2025-09-10,Mercredi,28,Lille,Lille - Wazemmes,50.623358,3.051647,POINT (50.623358 3.051647)
comptage_abri_velo.33450,33450,A3,59009,2025,8,2025-08-29,Vendredi,10,Villeneuve-d'Ascq,Villeneuve d'Ascq - Pont de Bois,50.624619,3.127947,POINT (50.624619 3.127947)
comptage_abri_velo.33451,33451,H1,59017,2025,4,2025-04-06,Dimanche,24,Armentières,Armentières - Gare,50.680972,2.877374,POINT (50.680972 2.877374)
comptage_abri_velo.33452,33452,H5,59009,2025,4,2025-04-28,Lundi,54.76,Villeneuve-d'Ascq,Villeneuve d'Ascq - 4 Cantons Stade Pierre Mauroy,50.605006,3.139401,POINT (50.605006 3.139401)
comptage_abri_velo.33453,33453,A22,59560,2025,10,2025-10-31,Vendredi,7.5,Seclin,Seclin - Gare,50.547452,3.034268,POINT (50.547452 3.034268)
comptage_abri_velo.33454,33454,H4,59524,2025,7,2025-07-08,Mardi,14.75,Sainghin-en-Weppes,Sainghin-en-Weppes - Don Sainghin,50.55142,2.914022,POINT (50.55142 2.914022)
comptage_abri_velo.33455,33455,A11,59650,2025,8,2025-08-28,Jeudi,0,Wattrelos,Wattrelos - Centre,50.701454,3.214476,POINT (50.701454 3.214476)
comptage_abri_velo.33456,33456,H3,59350,2025,8,2025-08-18,Lundi,8.88,Lille,Lomme - Saint Philibert,50.653009,2.97502,POINT (50.653009 2.97502)
comptage_abri_velo.33457,33457,H3,59350,2025,6,2025-06-16,Lundi,10.86,Lille,Lomme - Saint Philibert,50.653009,2.97502,POINT (50.653009 2.97502)
comptage_abri_velo.33458,33458,H3,59350,2025,10,2025-10-06,Lundi,11.45,Lille,Lomme - Saint Philibert,50.653009,2.97502,POINT (50.653009 2.97502)
comptage_abri_velo.33459,33459,H5,59009,2025,5,2025-05-02,Vendredi,56.05,Villeneuve-d'Ascq,Villeneuve d'Ascq - 4 Cantons Stade Pierre Mauroy,50.605006,3.139401,POINT (50.605006 3.139401)
comptage_abri_velo.33460,33460,A14,59599,2025,8,2025-08-28,Jeudi,18,Tourcoing,Tourcoing - Centre,50.720457,3.158724,POINT (50.720457 3.158724)
comptage_abri_velo.33461,33461,A22,59560,2025,6,2025-06-17,Mardi,6.5,Seclin,Seclin - Gare,50.547452,3.034268,POINT (50.547452 3.034268)
comptage_abri_velo.33462,33462,H5,59009,2025,4,2025-04-15,Mardi,58.29,Villeneuve-d'Ascq,Villeneuve d'Ascq - 4 Cantons Stade Pierre Mauroy,50.605006,3.139401,POINT (50.605006 3.139401)
comptage_abri_velo.33463,33463,H6,59009,2025,8,2025-08-02,Samedi,25.3,Villeneuve-d'Ascq,Villeneuve d'Ascq - Les Prés Edgard Pisani,50.650048,3.125509,POINT (50.650048 3.125509)
comptage_abri_velo.33464,33464,A23,59152,2025,7,2025-07-29,Mardi,5,Comines,Comines - Centre,50.761928,3.011547,POINT (50.761928 3.011547)
comptage_abri_velo.33465,33465,H3,59350,2025,9,2025-09-23,Mardi,14.7,Lille,Lomme - Saint Philibert,50.653009,2.97502,POINT (50.653009 2.97502)
comptage_abri_velo.33466,33466,H4,59524,2025,6,2025-06-29,Dimanche,19,Sainghin-en-Weppes,Sainghin-en-Weppes - Don Sainghin,50.55142,2.914022,POINT (50.55142 2.914022)
comptage_abri_velo.33467,33467,A22,59560,2025,8,2025-08-10,Dimanche,1,Seclin,Seclin - Gare,50.547452,3.034268,POINT (50.547452 3.034268)
comptage_abri_velo.33468,33468,A11,59650,2025,6,2025-06-20,Vendredi,1,Wattrelos,Wattrelos - Centre,50.701454,3.214476,POINT (50.701454 3.214476)
comptage_abri_velo.33469,33469,H2,59350,2025,10,2025-10-06,Lundi,6.56,Lille,Lille - C.H.U. Eurasanté,50.607865,3.040099,POINT (50.607865 3.040099)
comptage_abri_velo.33470,33470,H5,59009,2025,6,2025-06-17,Mardi,63.05,Villeneuve-d'Ascq,Villeneuve d'Ascq - 4 Cantons Stade Pierre Mauroy,50.605006,3.139401,POINT (50.605006 3.139401)
comptage_abri_velo.33471,33471,A22,59560,2025,4,2025-04-22,Mardi,7.38,Seclin,Seclin - Gare,50.547452,3.034268,POINT (50.547452 3.034268)
comptage_abri_velo.33472,33472,A2,59527,2025,10,2025-10-20,Lundi,19,Saint-André-lez-Lille,St André - Mairie,50.660206,3.051002,POINT (50.660206 3.051002)
comptage_abri_velo.33473,33473,H5,59009,2025,8,2025-08-21,Jeudi,61.14,Villeneuve-d'Ascq,Villeneuve d'Ascq - 4 Cantons Stade Pierre Mauroy,50.605006,3.139401,POINT (50.605006 3.139401)
comptage_abri_velo.33474,33474,A21,59360,2025,6,2025-06-14,Samedi,5,Loos,Loos - Mairie,50.614588,3.012336,POINT (50.614588 3.012336)
comptage_abri_velo.33475,33475,H2,59350,2025,10,2025-10-04,Samedi,5.9,Lille,Lille - C.H.U. Eurasanté,50.607865,3.040099,POINT (50.607865 3.040099)
comptage_abri_velo.33476,33476,A11,59650,2025,4,2025-04-10,Jeudi,1,Wattrelos,Wattrelos - Centre,50.701454,3.214476,POINT (50.701454 3.214476)
comptage_abri_velo.33477,33477,H5,59009,2025,10,2025-10-30,Jeudi,42.86,Villeneuve-d'Ascq,Villeneuve d'Ascq - 4 Cantons Stade Pierre Mauroy,50.605006,3.139401,POINT (50.605006 3.139401)
comptage_abri_velo.33478,33478,H3,59350,2025,4,2025-04-22,Mardi,13.29,Lille,Lomme - Saint Philibert,50.653009,2.97502,POINT (50.653009 2.97502)
comptage_abri_velo.33479,33479,H6,59009,2025,6,2025-06-05,Jeudi,26,Villeneuve-d'Ascq,Villeneuve d'Ascq - Les Prés Edgard Pisani,50.650048,3.125509,POINT (50.650048 3.125509)
comptage_abri_velo.33480,33480,H6,59009,2025,10,2025-10-17,Vendredi,31.3,Villeneuve-d'Ascq,Villeneuve d'Ascq - Les Prés Edgard Pisani,50.650048,3.125509,POINT (50.650048 3.125509)
comptage_abri_velo.33481,33481,H4,59524,2025,5,2025-05-06,Mardi,13.5,Sainghin-en-Weppes,Sainghin-en-Weppes - Don Sainghin,50.55142,2.914022,POINT (50.55142 2.914022)
comptage_abri_velo.33482,33482,H6,59009,2025,4,2025-04-29,Mardi,26.6,Villeneuve-d'Ascq,Villeneuve d'Ascq - Les Prés Edgard Pisani,50.650048,3.125509,POINT (50.650048 3.125509)
comptage_abri_velo.33483,33483,H2,59350,2025,9,2025-09-15,Lundi,4.43,Lille,Lille - C.H.U. Eurasanté,50.607865,3.040099,POINT (50.607865 3.040099)
comptage_abri_velo.33484,33484,H2,59350,2025,12,2025-12-08,Lundi,4.11,Lille,Lille - C.H.U. Eurasanté,50.607865,3.040099,POINT (50.607865 3.040099)
comptage_abri_velo.33485,33485,H3,59350,2025,4,2025-04-30,Mercredi,10,Lille,Lomme - Saint Philibert,50.653009,2.97502,POINT (50.653009 2.97502)
comptage_abri_velo.33486,33486,H6,59009,2025,5,2025-05-19,Lundi,28.5,Villeneuve-d'Ascq,Villeneuve d'Ascq - Les Prés Edgard Pisani,50.650048,3.125509,POINT (50.650048 3.125509)
comptage_abri_velo.33487,33487,A3,59009,2025,5,2025-05-01,Jeudi,8,Villeneuve-d'Ascq,Villeneuve d'Ascq - Pont de Bois,50.624619,3.127947,POINT (50.624619 3.127947)
comptage_abri_velo.33488,33488,H6,59009,2025,8,2025-08-31,Dimanche,28,Villeneuve-d'Ascq,Villeneuve d'Ascq - Les Prés Edgard Pisani,50.650048,3.125509,POINT (50.650048 3.125509)
comptage_abri_velo.33489,33489,H5,59009,2025,12,2025-12-10,Mercredi,39.86,Villeneuve-d'Ascq,Villeneuve d'Ascq - 4 Cantons Stade Pierre Mauroy,50.605006,3.139401,POINT (50.605006 3.139401)
comptage_abri_velo.33490,33490,H4,59524,2025,11,2025-11-07,Vendredi,19.5,Sainghin-en-Weppes,Sainghin-en-Weppes - Don Sainghin,50.55142,2.914022,POINT (50.55142 2.914022)
comptage_abri_velo.33491,33491,A19,59350,2025,8,2025-08-13,Mercredi,31,Lille,Lille - Porte des Postes,50.617921,3.049909,POINT (50.617921 3.049909)
comptage_abri_velo.33492,33492,A22,59560,2025,10,2025-10-01,Mercredi,7.13,Seclin,Seclin - Gare,50.547452,3.034268,POINT (50.547452 3.034268)
comptage_abri_velo.33493,33493,A2,59527,2025,11,2025-11-14,Vendredi,21,Saint-André-lez-Lille,St André - Mairie,50.660206,3.051002,POINT (50.660206 3.051002)
comptage_abri_velo.33494,33494,A22,59560,2025,10,2025-10-14,Mardi,10.75,Seclin,Seclin - Gare,50.547452,3.034268,POINT (50.547452 3.034268)
comptage_abri_velo.33495,33495,H5,59009,2025,7,2025-07-15,Mardi,56.95,Villeneuve-d'Ascq,Villeneuve d'Ascq - 4 Cantons Stade Pierre Mauroy,50.605006,3.139401,POINT (50.605006 3.139401)
comptage_abri_velo.33496,33496,H4,59524,2025,11,2025-11-17,Lundi,16.5,Sainghin-en-Weppes,Sainghin-en-Weppes - Don Sainghin,50.55142,2.914022,POINT (50.55142 2.914022)
comptage_abri_velo.33497,33497,A22,59560,2025,5,2025-05-23,Vendredi,3.33,Seclin,Seclin - Gare,50.547452,3.034268,POINT (50.547452 3.034268)
comptage_abri_velo.33498,33498,A22,59560,2025,10,2025-10-05,Dimanche,5,Seclin,Seclin - Gare,50.547452,3.034268,POINT (50.547452 3.034268)
comptage_abri_velo.33499,33499,A22,59560,2025,7,2025-07-02,Mercredi,5.43,Seclin,Seclin - Gare,50.547452,3.034268,POINT (50.547452 3.034268)
comptage_abri_velo.33500,33500,H5,59009,2025,5,2025-05-11,Dimanche,50.62,Villeneuve-d'Ascq,Villeneuve d'Ascq - 4 Cantons Stade Pierre Mauroy,50.605006,3.139401,POINT (50.605006 3.139401)
comptage_abri_velo.33501,33501,A2,59527,2025,7,2025-07-10,Jeudi,16,Saint-André-lez-Lille,St André - Mairie,50.660206,3.051002,POINT (50.660206 3.051002)
comptage_abri_velo.33502,33502,H2,59350,2025,4,2025-04-24,Jeudi,6,Lille,Lille - C.H.U. Eurasanté,50.607865,3.040099,POINT (50.607865 3.040099)
comptage_abri_velo.33503,33503,H5,59009,2025,8,2025-08-16,Samedi,61.57,Villeneuve-d'Ascq,Villeneuve d'Ascq - 4 Cantons Stade Pierre Mauroy,50.605006,3.139401,POINT (50.605006 3.139401)
comptage_abri_velo.33504,33504,H4,59524,2025,5,2025-05-10,Samedi,6.25,Sainghin-en-Weppes,Sainghin-en-Weppes - Don Sainghin,50.55142,2.914022,POINT (50.55142 2.914022)
comptage_abri_velo.33505,33505,H2,59350,2025,4,2025-04-26,Samedi,4.1,Lille,Lille - C.H.U. Eurasanté,50.607865,3.040099,POINT (50.607865 3.040099)
comptage_abri_velo.33506,33506,H4,59524,2025,9,2025-09-16,Mardi,22.63,Sainghin-en-Weppes,Sainghin-en-Weppes - Don Sainghin,50.55142,2.914022,POINT (50.55142 2.914022)
comptage_abri_velo.33507,33507,H1,59017,2025,5,2025-05-02,Vendredi,27,Armentières,Armentières - Gare,50.680972,2.877374,POINT (50.680972 2.877374)
comptage_abri_velo.33508,33508,A18,59410,2025,9,2025-09-11,Jeudi,24,Mons-en-Barœul,Mons-en-Baroeul - Mairie,50.642837,3.1101,POINT (50.642837 3.1101)
comptage_abri_velo.33509,33509,H3,59350,2025,6,2025-06-12,Jeudi,12,Lille,Lomme - Saint Philibert,50.653009,2.97502,POINT (50.653009 2.97502)
comptage_abri_velo.33510,33510,A27,59350,2025,6,2025-06-20,Vendredi,15,Lille,Hellemmes - Mairie,50.627533,3.109026,POINT (50.627533 3.109026)
comptage_abri_velo.33511,33511,A1,59286,2025,10,2025-10-20,Lundi,6,Haubourdin,Haubourdin - Jardin Public,50.611361,2.988615,POINT (50.611361 2.988615)
comptage_abri_velo.33512,33512,H1,59017,2025,11,2025-11-22,Samedi,27.6,Armentières,Armentières - Gare,50.680972,2.877374,POINT (50.680972 2.877374)
comptage_abri_velo.33513,33513,H4,59524,2025,4,2025-04-25,Vendredi,18.63,Sainghin-en-Weppes,Sainghin-en-Weppes - Don Sainghin,50.55142,2.914022,POINT (50.55142 2.914022)
comptage_abri_velo.33514,33514,H2,59350,2025,10,2025-10-01,Mercredi,6.2,Lille,Lille - C.H.U. Eurasanté,50.607865,3.040099,POINT (50.607865 3.040099)
comptage_abri_velo.33515,33515,H1,59017,2025,5,2025-05-03,Samedi,22.25,Armentières,Armentières - Gare,50.680972,2.877374,POINT (50.680972 2.877374)
comptage_abri_velo.33516,33516,H5,59009,2025,12,2025-12-12,Vendredi,41.71,Villeneuve-d'Ascq,Villeneuve d'Ascq - 4 Cantons Stade Pierre Mauroy,50.605006,3.139401,POINT (50.605006 3.139401)
comptage_abri_velo.33517,33517,H2,59350,2025,4,2025-04-11,Vendredi,5,Lille,Lille - C.H.U. Eurasanté,50.607865,3.040099,POINT (50.607865 3.040099)
comptage_abri_velo.33518,33518,A14,59599,2025,6,2025-06-20,Vendredi,20,Tourcoing,Tourcoing - Centre,50.720457,3.158724,POINT (50.720457 3.158724)
comptage_abri_velo.33519,33519,H2,59350,2025,12,2025-12-29,Lundi,4.44,Lille,Lille - C.H.U. Eurasanté,50.607865,3.040099,POINT (50.607865 3.040099)
comptage_abri_velo.33520,33520,H4,59524,2025,8,2025-08-21,Jeudi,9.25,Sainghin-en-Weppes,Sainghin-en-Weppes - Don Sainghin,50.55142,2.914022,POINT (50.55142 2.914022)
comptage_abri_velo.33521,33521,A21,59360,2025,7,2025-07-11,Vendredi,6,Loos,Loos - Mairie,50.614588,3.012336,POINT (50.614588 3.012336)
comptage_abri_velo.33522,33522,A23,59152,2025,12,2025-12-11,Jeudi,5,Comines,Comines - Centre,50.761928,3.011547,POINT (50.761928 3.011547)
comptage_abri_velo.33523,33523,H5,59009,2025,10,2025-10-23,Jeudi,48.86,Villeneuve-d'Ascq,Villeneuve d'Ascq - 4 Cantons Stade Pierre Mauroy,50.605006,3.139401,POINT (50.605006 3.139401)
comptage_abri_velo.33524,33524,A3,59009,2025,4,2025-04-09,Mercredi,9,Villeneuve-d'Ascq,Villeneuve d'Ascq - Pont de Bois,50.624619,3.127947,POINT (50.624619 3.127947)
comptage_abri_velo.33525,33525,A20,59350,2025,7,2025-07-30,Mercredi,15,Lille,Lille - Wazemmes,50.623358,3.051647,POINT (50.623358 3.051647)
comptage_abri_velo.33526,33526,H6,59009,2025,8,2025-08-20,Mercredi,29.4,Villeneuve-d'Ascq,Villeneuve d'Ascq - Les Prés Edgard Pisani,50.650048,3.125509,POINT (50.650048 3.125509)
comptage_abri_velo.33527,33527,A5,59350,2025,6,2025-06-04,Mercredi,16,Lille,Lomme - Maison des Enfants,50.646144,2.994472,POINT (50.646144 2.994472)
comptage_abri_velo.33528,33528,A22,59560,2025,7,2025-07-31,Jeudi,4.14,Seclin,Seclin - Gare,50.547452,3.034268,POINT (50.547452 3.034268)
comptage_abri_velo.33529,33529,H2,59350,2025,4,2025-04-28,Lundi,7.22,Lille,Lille - C.H.U. Eurasanté,50.607865,3.040099,POINT (50.607865 3.040099)
comptage_abri_velo.33530,33530,H4,59524,2025,11,2025-11-16,Dimanche,7.86,Sainghin-en-Weppes,Sainghin-en-Weppes - Don Sainghin,50.55142,2.914022,POINT (50.55142 2.914022)
comptage_abri_velo.33531,33531,H2,59350,2025,11,2025-11-28,Vendredi,5.4,Lille,Lille - C.H.U. Eurasanté,50.607865,3.040099,POINT (50.607865 3.040099)
comptage_abri_velo.33532,33532,H4,59524,2025,7,2025-07-13,Dimanche,9,Sainghin-en-Weppes,Sainghin-en-Weppes - Don Sainghin,50.55142,2.914022,POINT (50.55142 2.914022)
comptage_abri_velo.33533,33533,A22,59560,2025,12,2025-12-29,Lundi,8.25,Seclin,Seclin - Gare,50.547452,3.034268,POINT (50.547452 3.034268)
comptage_abri_velo.33534,33534,H6,59009,2025,11,2025-11-10,Lundi,26.56,Villeneuve-d'Ascq,Villeneuve d'Ascq - Les Prés Edgard Pisani,50.650048,3.125509,POINT (50.650048 3.125509)
comptage_abri_velo.33535,33535,H6,59009,2025,12,2025-12-01,Lundi,29.56,Villeneuve-d'Ascq,Villeneuve d'Ascq - Les Prés Edgard Pisani,50.650048,3.125509,POINT (50.650048 3.125509)
comptage_abri_velo.33536,33536,A22,59560,2025,7,2025-07-10,Jeudi,7.38,Seclin,Seclin - Gare,50.547452,3.034268,POINT (50.547452 3.034268)
comptage_abri_velo.33537,33537,H4,59524,2025,9,2025-09-05,Vendredi,19.88,Sainghin-en-Weppes,Sainghin-en-Weppes - Don Sainghin,50.55142,2.914022,POINT (50.55142 2.914022)
comptage_abri_velo.33538,33538,H2,59350,2025,8,2025-08-13,Mercredi,6.1,Lille,Lille - C.H.U. Eurasanté,50.607865,3.040099,POINT (50.607865 3.040099)
comptage_abri_velo.33539,33539,A22,59560,2025,9,2025-09-18,Jeudi,7.43,Seclin,Seclin - Gare,50.547452,3.034268,POINT (50.547452 3.034268)
comptage_abri_velo.33540,33540,H1,59017,2025,7,2025-07-16,Mercredi,39,Armentières,Armentières - Gare,50.680972,2.877374,POINT (50.680972 2.877374)
comptage_abri_velo.33541,33541,A8,59636,2025,5,2025-05-22,Jeudi,11,Wambrechies,Wambrechies - Mairie,50.686433,3.053429,POINT (50.686433 3.053429)
comptage_abri_velo.33542,33542,A25,59512,2025,6,2025-06-05,Jeudi,3,Roubaix,Roubaix - Épeule Montesquieu,50.68397,3.162923,POINT (50.68397 3.162923)
comptage_abri_velo.33543,33543,H1,59017,2025,12,2025-12-18,Jeudi,27.29,Armentières,Armentières - Gare,50.680972,2.877374,POINT (50.680972 2.877374)
comptage_abri_velo.33544,33544,A4,59646,2025,7,2025-07-01,Mardi,12,Wasquehal,Wasquehal - Pavé de Lille,50.664155,3.130022,POINT (50.664155 3.130022)
comptage_abri_velo.33545,33545,H3,59350,2025,7,2025-07-10,Jeudi,8.56,Lille,Lomme - Saint Philibert,50.653009,2.97502,POINT (50.653009 2.97502)
comptage_abri_velo.33546,33546,H1,59017,2025,12,2025-12-28,Dimanche,21,Armentières,Armentières - Gare,50.680972,2.877374,POINT (50.680972 2.877374)
comptage_abri_velo.33547,33547,H6,59009,2025,5,2025-05-22,Jeudi,26.5,Villeneuve-d'Ascq,Villeneuve d'Ascq - Les Prés Edgard Pisani,50.650048,3.125509,POINT (50.650048 3.125509)
comptage_abri_velo.33548,33548,H4,59524,2025,10,2025-10-02,Jeudi,18.25,Sainghin-en-Weppes,Sainghin-en-Weppes - Don Sainghin,50.55142,2.914022,POINT (50.55142 2.914022)
comptage_abri_velo.33549,33549,H2,59350,2025,12,2025-12-24,Mercredi,5.1,Lille,Lille - C.H.U. Eurasanté,50.607865,3.040099,POINT (50.607865 3.040099)
comptage_abri_velo.33550,33550,H1,59017,2025,9,2025-09-27,Samedi,26.09,Armentières,Armentières - Gare,50.680972,2.877374,POINT (50.680972 2.877374)
comptage_abri_velo.33551,33551,A7,59482,2025,12,2025-12-11,Jeudi,17,Quesnoy-sur-Deûle,Quesnoy-sur-Deûle  - Mairie,50.712951,3.000769,POINT (50.712951 3.000769)
comptage_abri_velo.33552,33552,H4,59524,2025,10,2025-10-03,Vendredi,18.13,Sainghin-en-Weppes,Sainghin-en-Weppes - Don Sainghin,50.55142,2.914022,POINT (50.55142 2.914022)
comptage_abri_velo.33553,33553,A27,59350,2025,6,2025-06-04,Mercredi,17,Lille,Hellemmes - Mairie,50.627533,3.109026,POINT (50.627533 3.109026)
comptage_abri_velo.33554,33554,H1,59017,2025,11,2025-11-17,Lundi,33.44,Armentières,Armentières - Gare,50.680972,2.877374,POINT (50.680972 2.877374)
comptage_abri_velo.33555,33555,A16,59421,2025,6,2025-06-05,Jeudi,13,Mouvaux,Mouvaux - 3 Suisses,50.69899,3.138302,POINT (50.69899 3.138302)
comptage_abri_velo.33556,33556,H1,59017,2025,5,2025-05-07,Mercredi,31,Armentières,Armentières - Gare,50.680972,2.877374,POINT (50.680972 2.877374)
comptage_abri_velo.33557,33557,H5,59009,2025,6,2025-06-01,Dimanche,48.2,Villeneuve-d'Ascq,Villeneuve d'Ascq - 4 Cantons Stade Pierre Mauroy,50.605006,3.139401,POINT (50.605006 3.139401)
comptage_abri_velo.33558,33558,A21,59360,2025,12,2025-12-08,Lundi,9,Loos,Loos - Mairie,50.614588,3.012336,POINT (50.614588 3.012336)
comptage_abri_velo.33559,33559,H3,59350,2025,7,2025-07-12,Samedi,6.14,Lille,Lomme - Saint Philibert,50.653009,2.97502,POINT (50.653009 2.97502)
comptage_abri_velo.33560,33560,H3,59350,2025,8,2025-08-23,Samedi,5.57,Lille,Lomme - Saint Philibert,50.653009,2.97502,POINT (50.653009 2.97502)
comptage_abri_velo.33561,33561,A4,59646,2025,10,2025-10-21,Mardi,12,Wasquehal,Wasquehal - Pavé de Lille,50.664155,3.130022,POINT (50.664155 3.130022)
comptage_abri_velo.33562,33562,H2,59350,2025,7,2025-07-22,Mardi,3.6,Lille,Lille - C.H.U. Eurasanté,50.607865,3.040099,POINT (50.607865 3.040099)
comptage_abri_velo.33563,33563,H1,59017,2025,9,2025-09-22,Lundi,34.5,Armentières,Armentières - Gare,50.680972,2.877374,POINT (50.680972 2.877374)
comptage_abri_velo.33564,33564,H3,59350,2025,10,2025-10-17,Vendredi,11.6,Lille,Lomme - Saint Philibert,50.653009,2.97502,POINT (50.653009 2.97502)
comptage_abri_velo.33565,33565,A22,59560,2025,10,2025-10-15,Mercredi,9.75,Seclin,Seclin - Gare,50.547452,3.034268,POINT (50.547452 3.034268)
comptage_abri_velo.33566,33566,A22,59560,2025,6,2025-06-23,Lundi,6,Seclin,Seclin - Gare,50.547452,3.034268,POINT (50.547452 3.034268)
comptage_abri_velo.33567,33567,A2,59527,2025,12,2025-12-10,Mercredi,21,Saint-André-lez-Lille,St André - Mairie,50.660206,3.051002,POINT (50.660206 3.051002)
comptage_abri_velo.33568,33568,A9,59648,2025,6,2025-06-18,Mercredi,5,Wattignies,Wattignies - Laënnec,50.589018,3.050619,POINT (50.589018 3.050619)
comptage_abri_velo.33569,33569,H1,59017,2025,5,2025-05-13,Mardi,41,Armentières,Armentières - Gare,50.680972,2.877374,POINT (50.680972 2.877374)
comptage_abri_velo.33570,33570,H6,59009,2025,5,2025-05-04,Dimanche,27,Villeneuve-d'Ascq,Villeneuve d'Ascq - Les Prés Edgard Pisani,50.650048,3.125509,POINT (50.650048 3.125509)
comptage_abri_velo.33571,33571,A3,59009,2025,9,2025-09-04,Jeudi,8,Villeneuve-d'Ascq,Villeneuve d'Ascq - Pont de Bois,50.624619,3.127947,POINT (50.624619 3.127947)
comptage_abri_velo.33572,33572,A9,59648,2025,4,2025-04-11,Vendredi,5,Wattignies,Wattignies - Laënnec,50.589018,3.050619,POINT (50.589018 3.050619)
comptage_abri_velo.33573,33573,A19,59350,2025,5,2025-05-23,Vendredi,35,Lille,Lille - Porte des Postes,50.617921,3.049909,POINT (50.617921 3.049909)
comptage_abri_velo.33574,33574,H6,59009,2025,8,2025-08-24,Dimanche,28,Villeneuve-d'Ascq,Villeneuve d'Ascq - Les Prés Edgard Pisani,50.650048,3.125509,POINT (50.650048 3.125509)
comptage_abri_velo.33575,33575,H5,59009,2025,8,2025-08-11,Lundi,53.19,Villeneuve-d'Ascq,Villeneuve d'Ascq - 4 Cantons Stade Pierre Mauroy,50.605006,3.139401,POINT (50.605006 3.139401)
comptage_abri_velo.33576,33576,A19,59350,2025,7,2025-07-10,Jeudi,35,Lille,Lille - Porte des Postes,50.617921,3.049909,POINT (50.617921 3.049909)
comptage_abri_velo.33577,33577,H4,59524,2025,8,2025-08-28,Jeudi,13.75,Sainghin-en-Weppes,Sainghin-en-Weppes - Don Sainghin,50.55142,2.914022,POINT (50.55142 2.914022)
comptage_abri_velo.33578,33578,H1,59017,2025,12,2025-12-12,Vendredi,25.67,Armentières,Armentières - Gare,50.680972,2.877374,POINT (50.680972 2.877374)
comptage_abri_velo.33579,33579,H3,59350,2025,4,2025-04-19,Samedi,5.33,Lille,Lomme - Saint Philibert,50.653009,2.97502,POINT (50.653009 2.97502)
comptage_abri_velo.33580,33580,H2,59350,2025,9,2025-09-25,Jeudi,5.44,Lille,Lille - C.H.U. Eurasanté,50.607865,3.040099,POINT (50.607865 3.040099)
comptage_abri_velo.33581,33581,H5,59009,2025,9,2025-09-09,Mardi,65.48,Villeneuve-d'Ascq,Villeneuve d'Ascq - 4 Cantons Stade Pierre Mauroy,50.605006,3.139401,POINT (50.605006 3.139401)
comptage_abri_velo.33582,33582,H1,59017,2025,6,2025-06-11,Mercredi,20,Armentières,Armentières - Gare,50.680972,2.877374,POINT (50.680972 2.877374)
comptage_abri_velo.33583,33583,H1,59017,2025,8,2025-08-24,Dimanche,20,Armentières,Armentières - Gare,50.680972,2.877374,POINT (50.680972 2.877374)
comptage_abri_velo.33584,33584,A22,59560,2025,11,2025-11-21,Vendredi,5.33,Seclin,Seclin - Gare,50.547452,3.034268,POINT (50.547452 3.034268)
comptage_abri_velo.33585,33585,A10,59507,2025,10,2025-10-08,Mercredi,3,Ronchin,Ronchin - Mairie,50.605669,3.077856,POINT (50.605669 3.077856)
comptage_abri_velo.33586,33586,H4,59524,2025,8,2025-08-06,Mercredi,7,Sainghin-en-Weppes,Sainghin-en-Weppes - Don Sainghin,50.55142,2.914022,POINT (50.55142 2.914022)
comptage_abri_velo.33587,33587,H6,59009,2025,8,2025-08-21,Jeudi,28.4,Villeneuve-d'Ascq,Villeneuve d'Ascq - Les Prés Edgard Pisani,50.650048,3.125509,POINT (50.650048 3.125509)
comptage_abri_velo.33588,33588,H4,59524,2025,11,2025-11-15,Samedi,8.75,Sainghin-en-Weppes,Sainghin-en-Weppes - Don Sainghin,50.55142,2.914022,POINT (50.55142 2.914022)
comptage_abri_velo.33589,33589,A19,59350,2025,7,2025-07-30,Mercredi,10,Lille,Lille - Porte des Postes,50.617921,3.049909,POINT (50.617921 3.049909)
comptage_abri_velo.33590,33590,A15,59378,2025,10,2025-10-21,Mardi,8,Marcq-en-Barœul,Marcq-en-Baroeul - Croisé Laroche,50.665991,3.103728,POINT (50.665991 3.103728)
comptage_abri_velo.33591,33591,H3,59350,2025,10,2025-10-14,Mardi,14.33,Lille,Lomme - Saint Philibert,50.653009,2.97502,POINT (50.653009 2.97502)
comptage_abri_velo.33592,33592,A22,59560,2025,12,2025-12-11,Jeudi,6.5,Seclin,Seclin - Gare,50.547452,3.034268,POINT (50.547452 3.034268)
comptage_abri_velo.33593,33593,H3,59350,2025,9,2025-09-11,Jeudi,12.36,Lille,Lomme - Saint Philibert,50.653009,2.97502,POINT (50.653009 2.97502)
comptage_abri_velo.33594,33594,A24,59512,2025,7,2025-07-01,Mardi,8,Roubaix,Roubaix - Eurotéléport,50.691165,3.179592,POINT (50.691165 3.179592)
comptage_abri_velo.33595,33595,H6,59009,2025,7,2025-07-16,Mercredi,25.67,Villeneuve-d'Ascq,Villeneuve d'Ascq - Les Prés Edgard Pisani,50.650048,3.125509,POINT (50.650048 3.125509)
comptage_abri_velo.33596,33596,A4,59646,2025,9,2025-09-25,Jeudi,11,Wasquehal,Wasquehal - Pavé de Lille,50.664155,3.130022,POINT (50.664155 3.130022)
comptage_abri_velo.33597,33597,H6,59009,2025,10,2025-10-07,Mardi,32.9,Villeneuve-d'Ascq,Villeneuve d'Ascq - Les Prés Edgard Pisani,50.650048,3.125509,POINT (50.650048 3.125509)
comptage_abri_velo.33598,33598,H3,59350,2025,9,2025-09-27,Samedi,6.9,Lille,Lomme - Saint Philibert,50.653009,2.97502,POINT (50.653009 2.97502)
comptage_abri_velo.33599,33599,A22,59560,2025,9,2025-09-26,Vendredi,7.33,Seclin,Seclin - Gare,50.547452,3.034268,POINT (50.547452 3.034268)
comptage_abri_velo.33600,33600,A22,59560,2025,6,2025-06-08,Dimanche,3.5,Seclin,Seclin - Gare,50.547452,3.034268,POINT (50.547452 3.034268)
comptage_abri_velo.33601,33601,H1,59017,2025,11,2025-11-18,Mardi,33.57,Armentières,Armentières - Gare,50.680972,2.877374,POINT (50.680972 2.877374)
comptage_abri_velo.33602,33602,A25,59512,2025,7,2025-07-09,Mercredi,5,Roubaix,Roubaix - Épeule Montesquieu,50.68397,3.162923,POINT (50.68397 3.162923)
comptage_abri_velo.33603,33603,H5,59009,2025,8,2025-08-25,Lundi,56.5,Villeneuve-d'Ascq,Villeneuve d'Ascq - 4 Cantons Stade Pierre Mauroy,50.605006,3.139401,POINT (50.605006 3.139401)
comptage_abri_velo.33604,33604,A22,59560,2025,8,2025-08-12,Mardi,2.75,Seclin,Seclin - Gare,50.547452,3.034268,POINT (50.547452 3.034268)
comptage_abri_velo.33605,33605,H5,59009,2025,9,2025-09-13,Samedi,56.32,Villeneuve-d'Ascq,Villeneuve d'Ascq - 4 Cantons Stade Pierre Mauroy,50.605006,3.139401,POINT (50.605006 3.139401)
comptage_abri_velo.33606,33606,H6,59009,2025,12,2025-12-23,Mardi,27.18,Villeneuve-d'Ascq,Villeneuve d'Ascq - Les Prés Edgard Pisani,50.650048,3.125509,POINT (50.650048 3.125509)
comptage_abri_velo.33607,33607,H4,59524,2025,9,2025-09-03,Mercredi,11,Sainghin-en-Weppes,Sainghin-en-Weppes - Don Sainghin,50.55142,2.914022,POINT (50.55142 2.914022)
comptage_abri_velo.33608,33608,A9,59648,2025,11,2025-11-13,Jeudi,6,Wattignies,Wattignies - Laënnec,50.589018,3.050619,POINT (50.589018 3.050619)
comptage_abri_velo.33609,33609,A2,59527,2025,6,2025-06-04,Mercredi,18,Saint-André-lez-Lille,St André - Mairie,50.660206,3.051002,POINT (50.660206 3.051002)
comptage_abri_velo.33610,33610,A14,59599,2025,11,2025-11-04,Mardi,22,Tourcoing,Tourcoing - Centre,50.720457,3.158724,POINT (50.720457 3.158724)
comptage_abri_velo.33611,33611,A20,59350,2025,6,2025-06-18,Mercredi,19,Lille,Lille - Wazemmes,50.623358,3.051647,POINT (50.623358 3.051647)
comptage_abri_velo.33612,33612,H5,59009,2025,9,2025-09-10,Mercredi,57.86,Villeneuve-d'Ascq,Villeneuve d'Ascq - 4 Cantons Stade Pierre Mauroy,50.605006,3.139401,POINT (50.605006 3.139401)
comptage_abri_velo.33613,33613,H6,59009,2025,5,2025-05-09,Vendredi,24.89,Villeneuve-d'Ascq,Villeneuve d'Ascq - Les Prés Edgard Pisani,50.650048,3.125509,POINT (50.650048 3.125509)
comptage_abri_velo.33614,33614,H3,59350,2025,12,2025-12-09,Mardi,12.1,Lille,Lomme - Saint Philibert,50.653009,2.97502,POINT (50.653009 2.97502)
comptage_abri_velo.33615,33615,H2,59350,2025,6,2025-06-16,Lundi,5.67,Lille,Lille - C.H.U. Eurasanté,50.607865,3.040099,POINT (50.607865 3.040099)
comptage_abri_velo.33616,33616,H4,59524,2025,11,2025-11-12,Mercredi,19.63,Sainghin-en-Weppes,Sainghin-en-Weppes - Don Sainghin,50.55142,2.914022,POINT (50.55142 2.914022)
comptage_abri_velo.33617,33617,H5,59009,2025,10,2025-10-29,Mercredi,40.9,Villeneuve-d'Ascq,Villeneuve d'Ascq - 4 Cantons Stade Pierre Mauroy,50.605006,3.139401,POINT (50.605006 3.139401)
comptage_abri_velo.33618,33618,H3,59350,2025,11,2025-11-29,Samedi,7.45,Lille,Lomme - Saint Philibert,50.653009,2.97502,POINT (50.653009 2.97502)
comptage_abri_velo.33619,33619,H6,59009,2025,9,2025-09-09,Mardi,28.67,Villeneuve-d'Ascq,Villeneuve d'Ascq - Les Prés Edgard Pisani,50.650048,3.125509,POINT (50.650048 3.125509)
comptage_abri_velo.33620,33620,H6,59009,2025,7,2025-07-03,Jeudi,27.82,Villeneuve-d'Ascq,Villeneuve d'Ascq - Les Prés Edgard Pisani,50.650048,3.125509,POINT (50.650048 3.125509)
comptage_abri_velo.33621,33621,A22,59560,2025,8,2025-08-23,Samedi,4,Seclin,Seclin - Gare,50.547452,3.034268,POINT (50.547452 3.034268)
comptage_abri_velo.33622,33622,H5,59009,2025,7,2025-07-27,Dimanche,52.8,Villeneuve-d'Ascq,Villeneuve d'Ascq - 4 Cantons Stade Pierre Mauroy,50.605006,3.139401,POINT (50.605006 3.139401)
comptage_abri_velo.33623,33623,H1,59017,2025,9,2025-09-28,Dimanche,21.56,Armentières,Armentières - Gare,50.680972,2.877374,POINT (50.680972 2.877374)
comptage_abri_velo.33624,33624,A22,59560,2025,8,2025-08-27,Mercredi,3.57,Seclin,Seclin - Gare,50.547452,3.034268,POINT (50.547452 3.034268)
comptage_abri_velo.33625,33625,H5,59009,2025,11,2025-11-10,Lundi,43.52,Villeneuve-d'Ascq,Villeneuve d'Ascq - 4 Cantons Stade Pierre Mauroy,50.605006,3.139401,POINT (50.605006 3.139401)
comptage_abri_velo.33626,33626,H4,59524,2025,12,2025-12-02,Mardi,13.63,Sainghin-en-Weppes,Sainghin-en-Weppes - Don Sainghin,50.55142,2.914022,POINT (50.55142 2.914022)
comptage_abri_velo.33627,33627,H6,59009,2025,4,2025-04-04,Vendredi,26.67,Villeneuve-d'Ascq,Villeneuve d'Ascq - Les Prés Edgard Pisani,50.650048,3.125509,POINT (50.650048 3.125509)
comptage_abri_velo.33628,33628,H3,59350,2025,6,2025-06-23,Lundi,9.57,Lille,Lomme - Saint Philibert,50.653009,2.97502,POINT (50.653009 2.97502)
comptage_abri_velo.33629,33629,H3,59350,2025,6,2025-06-05,Jeudi,10.56,Lille,Lomme - Saint Philibert,50.653009,2.97502,POINT (50.653009 2.97502)
comptage_abri_velo.33630,33630,H5,59009,2025,11,2025-11-13,Jeudi,45.81,Villeneuve-d'Ascq,Villeneuve d'Ascq - 4 Cantons Stade Pierre Mauroy,50.605006,3.139401,POINT (50.605006 3.139401)
comptage_abri_velo.33631,33631,H5,59009,2025,11,2025-11-09,Dimanche,39.6,Villeneuve-d'Ascq,Villeneuve d'Ascq - 4 Cantons Stade Pierre Mauroy,50.605006,3.139401,POINT (50.605006 3.139401)
comptage_abri_velo.33632,33632,A22,59560,2025,11,2025-11-11,Mardi,4.25,Seclin,Seclin - Gare,50.547452,3.034268,POINT (50.547452 3.034268)
comptage_abri_velo.33633,33633,A4,59646,2025,11,2025-11-26,Mercredi,12,Wasquehal,Wasquehal - Pavé de Lille,50.664155,3.130022,POINT (50.664155 3.130022)
comptage_abri_velo.33634,33634,H4,59524,2025,6,2025-06-02,Lundi,10.44,Sainghin-en-Weppes,Sainghin-en-Weppes - Don Sainghin,50.55142,2.914022,POINT (50.55142 2.914022)
comptage_abri_velo.33635,33635,H2,59350,2025,5,2025-05-09,Vendredi,6,Lille,Lille - C.H.U. Eurasanté,50.607865,3.040099,POINT (50.607865 3.040099)
comptage_abri_velo.33636,33636,H1,59017,2025,4,2025-04-18,Vendredi,21,Armentières,Armentières - Gare,50.680972,2.877374,POINT (50.680972 2.877374)
comptage_abri_velo.33637,33637,A8,59636,2025,4,2025-04-10,Jeudi,10,Wambrechies,Wambrechies - Mairie,50.686433,3.053429,POINT (50.686433 3.053429)
comptage_abri_velo.33638,33638,A18,59410,2025,5,2025-05-07,Mercredi,20,Mons-en-Barœul,Mons-en-Baroeul - Mairie,50.642837,3.1101,POINT (50.642837 3.1101)
comptage_abri_velo.33639,33639,H5,59009,2025,4,2025-04-17,Jeudi,53.33,Villeneuve-d'Ascq,Villeneuve d'Ascq - 4 Cantons Stade Pierre Mauroy,50.605006,3.139401,POINT (50.605006 3.139401)
comptage_abri_velo.33640,33640,H4,59524,2025,9,2025-09-15,Lundi,16.13,Sainghin-en-Weppes,Sainghin-en-Weppes - Don Sainghin,50.55142,2.914022,POINT (50.55142 2.914022)
comptage_abri_velo.33641,33641,H4,59524,2025,11,2025-11-08,Samedi,8.44,Sainghin-en-Weppes,Sainghin-en-Weppes - Don Sainghin,50.55142,2.914022,POINT (50.55142 2.914022)
comptage_abri_velo.33642,33642,H1,59017,2025,8,2025-08-11,Lundi,23.75,Armentières,Armentières - Gare,50.680972,2.877374,POINT (50.680972 2.877374)
comptage_abri_velo.33643,33643,H3,59350,2025,4,2025-04-18,Vendredi,6.6,Lille,Lomme - Saint Philibert,50.653009,2.97502,POINT (50.653009 2.97502)
comptage_abri_velo.33644,33644,A14,59599,2025,7,2025-07-29,Mardi,23,Tourcoing,Tourcoing - Centre,50.720457,3.158724,POINT (50.720457 3.158724)
comptage_abri_velo.33645,33645,H6,59009,2025,4,2025-04-18,Vendredi,26.7,Villeneuve-d'Ascq,Villeneuve d'Ascq - Les Prés Edgard Pisani,50.650048,3.125509,POINT (50.650048 3.125509)
comptage_abri_velo.33646,33646,A13,59299,2025,10,2025-10-21,Mardi,2,Hem,Hem - 3 Fermes,50.662576,3.200574,POINT (50.662576 3.200574)
comptage_abri_velo.33647,33647,A12,59368,2025,10,2025-10-20,Lundi,13,La Madeleine,La Madeleine - Romarin,50.645694,3.075042,POINT (50.645694 3.075042)
comptage_abri_velo.33648,33648,H2,59350,2025,12,2025-12-31,Mercredi,3.8,Lille,Lille - C.H.U. Eurasanté,50.607865,3.040099,POINT (50.607865 3.040099)
comptage_abri_velo.33649,33649,A22,59560,2025,5,2025-05-11,Dimanche,3.29,Seclin,Seclin - Gare,50.547452,3.034268,POINT (50.547452 3.034268)
comptage_abri_velo.33650,33650,A22,59560,2025,11,2025-11-07,Vendredi,6,Seclin,Seclin - Gare,50.547452,3.034268,POINT (50.547452 3.034268)
comptage_abri_velo.33651,33651,H4,59524,2025,9,2025-09-23,Mardi,18.5,Sainghin-en-Weppes,Sainghin-en-Weppes - Don Sainghin,50.55142,2.914022,POINT (50.55142 2.914022)
comptage_abri_velo.33652,33652,A17,59279,2025,9,2025-09-11,Jeudi,8,Halluin,Halluin - Centre,50.780946,3.119719,POINT (50.780946 3.119719)
comptage_abri_velo.33653,33653,A25,59512,2025,12,2025-12-24,Mercredi,4,Roubaix,Roubaix - Épeule Montesquieu,50.68397,3.162923,POINT (50.68397 3.162923)
comptage_abri_velo.33654,33654,H6,59009,2025,10,2025-10-13,Lundi,31.33,Villeneuve-d'Ascq,Villeneuve d'Ascq - Les Prés Edgard Pisani,50.650048,3.125509,POINT (50.650048 3.125509)
comptage_abri_velo.33655,33655,H5,59009,2025,4,2025-04-23,Mercredi,53.33,Villeneuve-d'Ascq,Villeneuve d'Ascq - 4 Cantons Stade Pierre Mauroy,50.605006,3.139401,POINT (50.605006 3.139401)
comptage_abri_velo.33656,33656,H1,59017,2025,7,2025-07-28,Lundi,20,Armentières,Armentières - Gare,50.680972,2.877374,POINT (50.680972 2.877374)
comptage_abri_velo.33657,33657,H1,59017,2025,5,2025-05-08,Jeudi,22.25,Armentières,Armentières - Gare,50.680972,2.877374,POINT (50.680972 2.877374)
comptage_abri_velo.33658,33658,A8,59636,2025,7,2025-07-29,Mardi,9,Wambrechies,Wambrechies - Mairie,50.686433,3.053429,POINT (50.686433 3.053429)
comptage_abri_velo.33659,33659,H4,59524,2025,5,2025-05-14,Mercredi,12.13,Sainghin-en-Weppes,Sainghin-en-Weppes - Don Sainghin,50.55142,2.914022,POINT (50.55142 2.914022)
comptage_abri_velo.33660,33660,A3,59009,2025,5,2025-05-07,Mercredi,11,Villeneuve-d'Ascq,Villeneuve d'Ascq - Pont de Bois,50.624619,3.127947,POINT (50.624619 3.127947)
comptage_abri_velo.33661,33661,A27,59350,2025,7,2025-07-10,Jeudi,15,Lille,Hellemmes - Mairie,50.627533,3.109026,POINT (50.627533 3.109026)
comptage_abri_velo.33662,33662,H4,59524,2025,7,2025-07-30,Mercredi,6.71,Sainghin-en-Weppes,Sainghin-en-Weppes - Don Sainghin,50.55142,2.914022,POINT (50.55142 2.914022)
comptage_abri_velo.33663,33663,H1,59017,2025,4,2025-04-21,Lundi,23.67,Armentières,Armentières - Gare,50.680972,2.877374,POINT (50.680972 2.877374)
comptage_abri_velo.33664,33664,H3,59350,2025,4,2025-04-05,Samedi,6.25,Lille,Lomme - Saint Philibert,50.653009,2.97502,POINT (50.653009 2.97502)
comptage_abri_velo.33665,33665,A15,59378,2025,4,2025-04-10,Jeudi,7,Marcq-en-Barœul,Marcq-en-Baroeul - Croisé Laroche,50.665991,3.103728,POINT (50.665991 3.103728)
comptage_abri_velo.33666,33666,H2,59350,2025,6,2025-06-26,Jeudi,4.8,Lille,Lille - C.H.U. Eurasanté,50.607865,3.040099,POINT (50.607865 3.040099)
comptage_abri_velo.33667,33667,H5,59009,2025,8,2025-08-24,Dimanche,54.86,Villeneuve-d'Ascq,Villeneuve d'Ascq - 4 Cantons Stade Pierre Mauroy,50.605006,3.139401,POINT (50.605006 3.139401)
comptage_abri_velo.33668,33668,H4,59524,2025,6,2025-06-07,Samedi,6.67,Sainghin-en-Weppes,Sainghin-en-Weppes - Don Sainghin,50.55142,2.914022,POINT (50.55142 2.914022)
comptage_abri_velo.33669,33669,A24,59512,2025,5,2025-05-09,Vendredi,9,Roubaix,Roubaix - Eurotéléport,50.691165,3.179592,POINT (50.691165 3.179592)
comptage_abri_velo.33670,33670,A12,59368,2025,5,2025-05-23,Vendredi,7,La Madeleine,La Madeleine - Romarin,50.645694,3.075042,POINT (50.645694 3.075042)
comptage_abri_velo.33671,33671,A9,59648,2025,10,2025-10-20,Lundi,6,Wattignies,Wattignies - Laënnec,50.589018,3.050619,POINT (50.589018 3.050619)
comptage_abri_velo.33672,33672,A6,59163,2025,5,2025-05-27,Mardi,25,Croix,Croix - Centre,50.674954,3.145916,POINT (50.674954 3.145916)
comptage_abri_velo.33673,33673,A11,59650,2025,4,2025-04-04,Vendredi,1,Wattrelos,Wattrelos - Centre,50.701454,3.214476,POINT (50.701454 3.214476)
comptage_abri_velo.33674,33674,A16,59421,2025,7,2025-07-17,Jeudi,9,Mouvaux,Mouvaux - 3 Suisses,50.69899,3.138302,POINT (50.69899 3.138302)
comptage_abri_velo.33675,33675,H2,59350,2025,11,2025-11-24,Lundi,5.78,Lille,Lille - C.H.U. Eurasanté,50.607865,3.040099,POINT (50.607865 3.040099)
comptage_abri_velo.33676,33676,H2,59350,2025,10,2025-10-28,Mardi,6.89,Lille,Lille - C.H.U. Eurasanté,50.607865,3.040099,POINT (50.607865 3.040099)
comptage_abri_velo.33677,33677,H2,59350,2025,9,2025-09-26,Vendredi,5,Lille,Lille - C.H.U. Eurasanté,50.607865,3.040099,POINT (50.607865 3.040099)
comptage_abri_velo.33678,33678,A26,59350,2025,10,2025-10-20,Lundi,4,Lille,Lille - Porte de Douai,50.618012,3.071473,POINT (50.618012 3.071473)
comptage_abri_velo.33679,33679,H1,59017,2025,4,2025-04-27,Dimanche,24,Armentières,Armentières - Gare,50.680972,2.877374,POINT (50.680972 2.877374)
comptage_abri_velo.33680,33680,H3,59350,2025,9,2025-09-24,Mercredi,11.7,Lille,Lomme - Saint Philibert,50.653009,2.97502,POINT (50.653009 2.97502)
comptage_abri_velo.33681,33681,H4,59524,2025,7,2025-07-25,Vendredi,11.25,Sainghin-en-Weppes,Sainghin-en-Weppes - Don Sainghin,50.55142,2.914022,POINT (50.55142 2.914022)
comptage_abri_velo.33682,33682,A27,59350,2025,10,2025-10-25,Samedi,18,Lille,Hellemmes - Mairie,50.627533,3.109026,POINT (50.627533 3.109026)
comptage_abri_velo.33683,33683,H2,59350,2025,6,2025-06-21,Samedi,4,Lille,Lille - C.H.U. Eurasanté,50.607865,3.040099,POINT (50.607865 3.040099)
comptage_abri_velo.33684,33684,H3,59350,2025,4,2025-04-04,Vendredi,10.71,Lille,Lomme - Saint Philibert,50.653009,2.97502,POINT (50.653009 2.97502)
comptage_abri_velo.33685,33685,H1,59017,2025,7,2025-07-29,Mardi,30.88,Armentières,Armentières - Gare,50.680972,2.877374,POINT (50.680972 2.877374)
comptage_abri_velo.33686,33686,H6,59009,2025,7,2025-07-27,Dimanche,26,Villeneuve-d'Ascq,Villeneuve d'Ascq - Les Prés Edgard Pisani,50.650048,3.125509,POINT (50.650048 3.125509)
comptage_abri_velo.33687,33687,H4,59524,2025,9,2025-09-29,Lundi,19.25,Sainghin-en-Weppes,Sainghin-en-Weppes - Don Sainghin,50.55142,2.914022,POINT (50.55142 2.914022)
comptage_abri_velo.33688,33688,H2,59350,2025,10,2025-10-03,Vendredi,5.8,Lille,Lille - C.H.U. Eurasanté,50.607865,3.040099,POINT (50.607865 3.040099)
comptage_abri_velo.33689,33689,H6,59009,2025,5,2025-05-02,Vendredi,26.5,Villeneuve-d'Ascq,Villeneuve d'Ascq - Les Prés Edgard Pisani,50.650048,3.125509,POINT (50.650048 3.125509)
comptage_abri_velo.33690,33690,A29,59378,2025,11,2025-11-27,Jeudi,0,Marcq-en-Barœul,Marcq-en-Baroeul - Cerisaie,50.678116,3.111562,POINT (50.678116 3.111562)
comptage_abri_velo.33691,33691,A14,59599,2025,6,2025-06-05,Jeudi,12,Tourcoing,Tourcoing - Centre,50.720457,3.158724,POINT (50.720457 3.158724)
comptage_abri_velo.33692,33692,H5,59009,2025,6,2025-06-18,Mercredi,57.9,Villeneuve-d'Ascq,Villeneuve d'Ascq - 4 Cantons Stade Pierre Mauroy,50.605006,3.139401,POINT (50.605006 3.139401)
comptage_abri_velo.33693,33693,H1,59017,2025,10,2025-10-31,Vendredi,29,Armentières,Armentières - Gare,50.680972,2.877374,POINT (50.680972 2.877374)
comptage_abri_velo.33694,33694,H6,59009,2025,12,2025-12-03,Mercredi,27.78,Villeneuve-d'Ascq,Villeneuve d'Ascq - Les Prés Edgard Pisani,50.650048,3.125509,POINT (50.650048 3.125509)
comptage_abri_velo.33695,33695,A3,59009,2025,10,2025-10-22,Mercredi,14,Villeneuve-d'Ascq,Villeneuve d'Ascq - Pont de Bois,50.624619,3.127947,POINT (50.624619 3.127947)
comptage_abri_velo.33696,33696,H2,59350,2025,7,2025-07-01,Mardi,5,Lille,Lille - C.H.U. Eurasanté,50.607865,3.040099,POINT (50.607865 3.040099)
comptage_abri_velo.33697,33697,H3,59350,2025,12,2025-12-12,Vendredi,12.22,Lille,Lomme - Saint Philibert,50.653009,2.97502,POINT (50.653009 2.97502)
comptage_abri_velo.33698,33698,A8,59636,2025,12,2025-12-24,Mercredi,10,Wambrechies,Wambrechies - Mairie,50.686433,3.053429,POINT (50.686433 3.053429)
comptage_abri_velo.33699,33699,H5,59009,2025,4,2025-04-16,Mercredi,51.19,Villeneuve-d'Ascq,Villeneuve d'Ascq - 4 Cantons Stade Pierre Mauroy,50.605006,3.139401,POINT (50.605006 3.139401)
comptage_abri_velo.33700,33700,A17,59279,2025,7,2025-07-29,Mardi,7,Halluin,Halluin - Centre,50.780946,3.119719,POINT (50.780946 3.119719)
comptage_abri_velo.33701,33701,H6,59009,2025,8,2025-08-14,Jeudi,29.3,Villeneuve-d'Ascq,Villeneuve d'Ascq - Les Prés Edgard Pisani,50.650048,3.125509,POINT (50.650048 3.125509)
comptage_abri_velo.33702,33702,H5,59009,2025,12,2025-12-19,Vendredi,34.24,Villeneuve-d'Ascq,Villeneuve d'Ascq - 4 Cantons Stade Pierre Mauroy,50.605006,3.139401,POINT (50.605006 3.139401)
comptage_abri_velo.33703,33703,H4,59524,2025,12,2025-12-04,Jeudi,14.88,Sainghin-en-Weppes,Sainghin-en-Weppes - Don Sainghin,50.55142,2.914022,POINT (50.55142 2.914022)
comptage_abri_velo.33704,33704,A1,59286,2025,11,2025-11-27,Jeudi,4,Haubourdin,Haubourdin - Jardin Public,50.611361,2.988615,POINT (50.611361 2.988615)
comptage_abri_velo.33705,33705,H6,59009,2025,12,2025-12-18,Jeudi,33,Villeneuve-d'Ascq,Villeneuve d'Ascq - Les Prés Edgard Pisani,50.650048,3.125509,POINT (50.650048 3.125509)
comptage_abri_velo.33706,33706,H4,59524,2025,6,2025-06-26,Jeudi,11.6,Sainghin-en-Weppes,Sainghin-en-Weppes - Don Sainghin,50.55142,2.914022,POINT (50.55142 2.914022)
comptage_abri_velo.33707,33707,H1,59017,2025,7,2025-07-21,Lundi,32.4,Armentières,Armentières - Gare,50.680972,2.877374,POINT (50.680972 2.877374)
comptage_abri_velo.33708,33708,A18,59410,2025,6,2025-06-05,Jeudi,25,Mons-en-Barœul,Mons-en-Baroeul - Mairie,50.642837,3.1101,POINT (50.642837 3.1101)
comptage_abri_velo.33709,33709,A10,59507,2025,9,2025-09-24,Mercredi,4,Ronchin,Ronchin - Mairie,50.605669,3.077856,POINT (50.605669 3.077856)
comptage_abri_velo.33710,33710,A22,59560,2025,4,2025-04-17,Jeudi,2.57,Seclin,Seclin - Gare,50.547452,3.034268,POINT (50.547452 3.034268)
comptage_abri_velo.33711,33711,A13,59299,2025,9,2025-09-30,Mardi,3,Hem,Hem - 3 Fermes,50.662576,3.200574,POINT (50.662576 3.200574)
comptage_abri_velo.33712,33712,A28,59599,2025,6,2025-06-20,Vendredi,2,Tourcoing,Tourcoing - Gare,50.716812,3.166903,POINT (50.716812 3.166903)
comptage_abri_velo.33713,33713,A22,59560,2025,5,2025-05-17,Samedi,4,Seclin,Seclin - Gare,50.547452,3.034268,POINT (50.547452 3.034268)
comptage_abri_velo.33714,33714,A15,59378,2025,6,2025-06-12,Jeudi,10,Marcq-en-Barœul,Marcq-en-Baroeul - Croisé Laroche,50.665991,3.103728,POINT (50.665991 3.103728)
comptage_abri_velo.33715,33715,A22,59560,2025,12,2025-12-13,Samedi,5,Seclin,Seclin - Gare,50.547452,3.034268,POINT (50.547452 3.034268)
comptage_abri_velo.33716,33716,H1,59017,2025,9,2025-09-13,Samedi,27.25,Armentières,Armentières - Gare,50.680972,2.877374,POINT (50.680972 2.877374)
comptage_abri_velo.33717,33717,H5,59009,2025,6,2025-06-23,Lundi,57.95,Villeneuve-d'Ascq,Villeneuve d'Ascq - 4 Cantons Stade Pierre Mauroy,50.605006,3.139401,POINT (50.605006 3.139401)
comptage_abri_velo.33718,33718,H5,59009,2025,12,2025-12-02,Mardi,43.19,Villeneuve-d'Ascq,Villeneuve d'Ascq - 4 Cantons Stade Pierre Mauroy,50.605006,3.139401,POINT (50.605006 3.139401)
comptage_abri_velo.33719,33719,A27,59350,2025,12,2025-12-23,Mardi,15,Lille,Hellemmes - Mairie,50.627533,3.109026,POINT (50.627533 3.109026)
comptage_abri_velo.33720,33720,H2,59350,2025,11,2025-11-20,Jeudi,5.8,Lille,Lille - C.H.U. Eurasanté,50.607865,3.040099,POINT (50.607865 3.040099)
comptage_abri_velo.33721,33721,H2,59350,2025,8,2025-08-09,Samedi,3.56,Lille,Lille - C.H.U. Eurasanté,50.607865,3.040099,POINT (50.607865 3.040099)
comptage_abri_velo.33722,33722,A26,59350,2025,12,2025-12-03,Mercredi,8,Lille,Lille - Porte de Douai,50.618012,3.071473,POINT (50.618012 3.071473)
comptage_abri_velo.33723,33723,H4,59524,2025,8,2025-08-20,Mercredi,5.57,Sainghin-en-Weppes,Sainghin-en-Weppes - Don Sainghin,50.55142,2.914022,POINT (50.55142 2.914022)
comptage_abri_velo.33724,33724,H6,59009,2025,6,2025-06-13,Vendredi,27.82,Villeneuve-d'Ascq,Villeneuve d'Ascq - Les Prés Edgard Pisani,50.650048,3.125509,POINT (50.650048 3.125509)
comptage_abri_velo.33725,33725,H2,59350,2025,9,2025-09-28,Dimanche,4,Lille,Lille - C.H.U. Eurasanté,50.607865,3.040099,POINT (50.607865 3.040099)
comptage_abri_velo.33726,33726,H2,59350,2025,11,2025-11-21,Vendredi,5.5,Lille,Lille - C.H.U. Eurasanté,50.607865,3.040099,POINT (50.607865 3.040099)
comptage_abri_velo.33727,33727,A9,59648,2025,10,2025-10-08,Mercredi,7,Wattignies,Wattignies - Laënnec,50.589018,3.050619,POINT (50.589018 3.050619)
comptage_abri_velo.33728,33728,H1,59017,2025,4,2025-04-24,Jeudi,33.8,Armentières,Armentières - Gare,50.680972,2.877374,POINT (50.680972 2.877374)
comptage_abri_velo.33729,33729,H4,59524,2025,11,2025-11-26,Mercredi,11.88,Sainghin-en-Weppes,Sainghin-en-Weppes - Don Sainghin,50.55142,2.914022,POINT (50.55142 2.914022)
comptage_abri_velo.33730,33730,H2,59350,2025,8,2025-08-05,Mardi,4.78,Lille,Lille - C.H.U. Eurasanté,50.607865,3.040099,POINT (50.607865 3.040099)
comptage_abri_velo.33731,33731,H5,59009,2025,12,2025-12-07,Dimanche,37.25,Villeneuve-d'Ascq,Villeneuve d'Ascq - 4 Cantons Stade Pierre Mauroy,50.605006,3.139401,POINT (50.605006 3.139401)
comptage_abri_velo.33732,33732,A24,59512,2025,8,2025-08-11,Lundi,10,Roubaix,Roubaix - Eurotéléport,50.691165,3.179592,POINT (50.691165 3.179592)
comptage_abri_velo.33733,33733,H3,59350,2025,10,2025-10-22,Mercredi,10,Lille,Lomme - Saint Philibert,50.653009,2.97502,POINT (50.653009 2.97502)
comptage_abri_velo.33734,33734,H3,59350,2025,8,2025-08-01,Vendredi,6.71,Lille,Lomme - Saint Philibert,50.653009,2.97502,POINT (50.653009 2.97502)
comptage_abri_velo.33735,33735,H4,59524,2025,7,2025-07-20,Dimanche,8,Sainghin-en-Weppes,Sainghin-en-Weppes - Don Sainghin,50.55142,2.914022,POINT (50.55142 2.914022)
comptage_abri_velo.33736,33736,H5,59009,2025,7,2025-07-08,Mardi,60.38,Villeneuve-d'Ascq,Villeneuve d'Ascq - 4 Cantons Stade Pierre Mauroy,50.605006,3.139401,POINT (50.605006 3.139401)
comptage_abri_velo.33737,33737,A18,59410,2025,4,2025-04-23,Mercredi,20,Mons-en-Barœul,Mons-en-Baroeul - Mairie,50.642837,3.1101,POINT (50.642837 3.1101)
comptage_abri_velo.33738,33738,H1,59017,2025,11,2025-11-13,Jeudi,36.89,Armentières,Armentières - Gare,50.680972,2.877374,POINT (50.680972 2.877374)
comptage_abri_velo.33739,33739,A12,59368,2025,4,2025-04-11,Vendredi,10,La Madeleine,La Madeleine - Romarin,50.645694,3.075042,POINT (50.645694 3.075042)
comptage_abri_velo.33740,33740,H5,59009,2025,9,2025-09-14,Dimanche,57.35,Villeneuve-d'Ascq,Villeneuve d'Ascq - 4 Cantons Stade Pierre Mauroy,50.605006,3.139401,POINT (50.605006 3.139401)
comptage_abri_velo.33741,33741,H1,59017,2025,5,2025-05-15,Jeudi,42.4,Armentières,Armentières - Gare,50.680972,2.877374,POINT (50.680972 2.877374)
comptage_abri_velo.33742,33742,A13,59299,2025,10,2025-10-07,Mardi,2,Hem,Hem - 3 Fermes,50.662576,3.200574,POINT (50.662576 3.200574)
comptage_abri_velo.33743,33743,H5,59009,2025,9,2025-09-21,Dimanche,55,Villeneuve-d'Ascq,Villeneuve d'Ascq - 4 Cantons Stade Pierre Mauroy,50.605006,3.139401,POINT (50.605006 3.139401)
comptage_abri_velo.33744,33744,H2,59350,2025,7,2025-07-21,Lundi,2.33,Lille,Lille - C.H.U. Eurasanté,50.607865,3.040099,POINT (50.607865 3.040099)
comptage_abri_velo.33745,33745,H1,59017,2025,12,2025-12-09,Mardi,30.33,Armentières,Armentières - Gare,50.680972,2.877374,POINT (50.680972 2.877374)
comptage_abri_velo.33746,33746,A23,59152,2025,4,2025-04-10,Jeudi,2,Comines,Comines - Centre,50.761928,3.011547,POINT (50.761928 3.011547)
comptage_abri_velo.33747,33747,H2,59350,2025,5,2025-05-19,Lundi,6.78,Lille,Lille - C.H.U. Eurasanté,50.607865,3.040099,POINT (50.607865 3.040099)
comptage_abri_velo.33748,33748,A2,59527,2025,6,2025-06-18,Mercredi,19,Saint-André-lez-Lille,St André - Mairie,50.660206,3.051002,POINT (50.660206 3.051002)
comptage_abri_velo.33749,33749,H4,59524,2025,5,2025-05-03,Samedi,4.25,Sainghin-en-Weppes,Sainghin-en-Weppes - Don Sainghin,50.55142,2.914022,POINT (50.55142 2.914022)
comptage_abri_velo.33750,33750,H6,59009,2025,5,2025-05-20,Mardi,28.78,Villeneuve-d'Ascq,Villeneuve d'Ascq - Les Prés Edgard Pisani,50.650048,3.125509,POINT (50.650048 3.125509)
comptage_abri_velo.33751,33751,H5,59009,2025,7,2025-07-06,Dimanche,57.39,Villeneuve-d'Ascq,Villeneuve d'Ascq - 4 Cantons Stade Pierre Mauroy,50.605006,3.139401,POINT (50.605006 3.139401)
comptage_abri_velo.33752,33752,H5,59009,2025,11,2025-11-25,Mardi,40.33,Villeneuve-d'Ascq,Villeneuve d'Ascq - 4 Cantons Stade Pierre Mauroy,50.605006,3.139401,POINT (50.605006 3.139401)
comptage_abri_velo.33753,33753,H1,59017,2025,8,2025-08-05,Mardi,25.8,Armentières,Armentières - Gare,50.680972,2.877374,POINT (50.680972 2.877374)
comptage_abri_velo.33754,33754,H5,59009,2025,4,2025-04-03,Jeudi,48.64,Villeneuve-d'Ascq,Villeneuve d'Ascq - 4 Cantons Stade Pierre Mauroy,50.605006,3.139401,POINT (50.605006 3.139401)
comptage_abri_velo.33755,33755,H1,59017,2025,11,2025-11-29,Samedi,20.67,Armentières,Armentières - Gare,50.680972,2.877374,POINT (50.680972 2.877374)
comptage_abri_velo.33756,33756,A4,59646,2025,8,2025-08-11,Lundi,9,Wasquehal,Wasquehal - Pavé de Lille,50.664155,3.130022,POINT (50.664155 3.130022)
comptage_abri_velo.33757,33757,A21,59360,2025,8,2025-08-12,Mardi,3,Loos,Loos - Mairie,50.614588,3.012336,POINT (50.614588 3.012336)
comptage_abri_velo.33758,33758,H1,59017,2025,8,2025-08-13,Mercredi,24.18,Armentières,Armentières - Gare,50.680972,2.877374,POINT (50.680972 2.877374)
comptage_abri_velo.33759,33759,A19,59350,2025,5,2025-05-08,Jeudi,12,Lille,Lille - Porte des Postes,50.617921,3.049909,POINT (50.617921 3.049909)
comptage_abri_velo.33760,33760,H4,59524,2025,8,2025-08-03,Dimanche,7,Sainghin-en-Weppes,Sainghin-en-Weppes - Don Sainghin,50.55142,2.914022,POINT (50.55142 2.914022)
comptage_abri_velo.33761,33761,H6,59009,2025,11,2025-11-26,Mercredi,26.73,Villeneuve-d'Ascq,Villeneuve d'Ascq - Les Prés Edgard Pisani,50.650048,3.125509,POINT (50.650048 3.125509)
comptage_abri_velo.33762,33762,H4,59524,2025,9,2025-09-11,Jeudi,17.13,Sainghin-en-Weppes,Sainghin-en-Weppes - Don Sainghin,50.55142,2.914022,POINT (50.55142 2.914022)
comptage_abri_velo.33763,33763,H4,59524,2025,12,2025-12-05,Vendredi,11.13,Sainghin-en-Weppes,Sainghin-en-Weppes - Don Sainghin,50.55142,2.914022,POINT (50.55142 2.914022)
comptage_abri_velo.33764,33764,H5,59009,2025,12,2025-12-25,Jeudi,38,Villeneuve-d'Ascq,Villeneuve d'Ascq - 4 Cantons Stade Pierre Mauroy,50.605006,3.139401,POINT (50.605006 3.139401)
comptage_abri_velo.33765,33765,H4,59524,2025,6,2025-06-19,Jeudi,12.44,Sainghin-en-Weppes,Sainghin-en-Weppes - Don Sainghin,50.55142,2.914022,POINT (50.55142 2.914022)
comptage_abri_velo.33766,33766,A13,59299,2025,9,2025-09-11,Jeudi,2,Hem,Hem - 3 Fermes,50.662576,3.200574,POINT (50.662576 3.200574)
comptage_abri_velo.33767,33767,H1,59017,2025,7,2025-07-13,Dimanche,20.75,Armentières,Armentières - Gare,50.680972,2.877374,POINT (50.680972 2.877374)
comptage_abri_velo.33768,33768,A15,59378,2025,4,2025-04-22,Mardi,6,Marcq-en-Barœul,Marcq-en-Baroeul - Croisé Laroche,50.665991,3.103728,POINT (50.665991 3.103728)
comptage_abri_velo.33769,33769,A2,59527,2025,5,2025-05-23,Vendredi,17,Saint-André-lez-Lille,St André - Mairie,50.660206,3.051002,POINT (50.660206 3.051002)
comptage_abri_velo.33770,33770,H3,59350,2025,10,2025-10-08,Mercredi,11.44,Lille,Lomme - Saint Philibert,50.653009,2.97502,POINT (50.653009 2.97502)
comptage_abri_velo.33771,33771,H6,59009,2025,7,2025-07-05,Samedi,25.22,Villeneuve-d'Ascq,Villeneuve d'Ascq - Les Prés Edgard Pisani,50.650048,3.125509,POINT (50.650048 3.125509)
comptage_abri_velo.33772,33772,H4,59524,2025,11,2025-11-01,Samedi,7.17,Sainghin-en-Weppes,Sainghin-en-Weppes - Don Sainghin,50.55142,2.914022,POINT (50.55142 2.914022)
comptage_abri_velo.33773,33773,H6,59009,2025,9,2025-09-25,Jeudi,27.9,Villeneuve-d'Ascq,Villeneuve d'Ascq - Les Prés Edgard Pisani,50.650048,3.125509,POINT (50.650048 3.125509)
comptage_abri_velo.33774,33774,H5,59009,2025,10,2025-10-31,Vendredi,41.38,Villeneuve-d'Ascq,Villeneuve d'Ascq - 4 Cantons Stade Pierre Mauroy,50.605006,3.139401,POINT (50.605006 3.139401)
comptage_abri_velo.33775,33775,H4,59524,2025,4,2025-04-03,Jeudi,18.5,Sainghin-en-Weppes,Sainghin-en-Weppes - Don Sainghin,50.55142,2.914022,POINT (50.55142 2.914022)
comptage_abri_velo.33776,33776,A20,59350,2025,7,2025-07-17,Jeudi,25,Lille,Lille - Wazemmes,50.623358,3.051647,POINT (50.623358 3.051647)
comptage_abri_velo.33777,33777,H4,59524,2025,12,2025-12-30,Mardi,6.63,Sainghin-en-Weppes,Sainghin-en-Weppes - Don Sainghin,50.55142,2.914022,POINT (50.55142 2.914022)
comptage_abri_velo.33778,33778,A13,59299,2025,12,2025-12-11,Jeudi,3,Hem,Hem - 3 Fermes,50.662576,3.200574,POINT (50.662576 3.200574)
comptage_abri_velo.33779,33779,H6,59009,2025,9,2025-09-05,Vendredi,29.7,Villeneuve-d'Ascq,Villeneuve d'Ascq - Les Prés Edgard Pisani,50.650048,3.125509,POINT (50.650048 3.125509)
comptage_abri_velo.33780,33780,A22,59560,2025,10,2025-10-22,Mercredi,8.8,Seclin,Seclin - Gare,50.547452,3.034268,POINT (50.547452 3.034268)
comptage_abri_velo.33781,33781,H6,59009,2025,5,2025-05-27,Mardi,27.1,Villeneuve-d'Ascq,Villeneuve d'Ascq - Les Prés Edgard Pisani,50.650048,3.125509,POINT (50.650048 3.125509)
comptage_abri_velo.33782,33782,H1,59017,2025,12,2025-12-03,Mercredi,22,Armentières,Armentières - Gare,50.680972,2.877374,POINT (50.680972 2.877374)
comptage_abri_velo.33783,33783,A20,59350,2025,8,2025-08-13,Mercredi,23,Lille,Lille - Wazemmes,50.623358,3.051647,POINT (50.623358 3.051647)
comptage_abri_velo.33784,33784,A16,59421,2025,12,2025-12-23,Mardi,11,Mouvaux,Mouvaux - 3 Suisses,50.69899,3.138302,POINT (50.69899 3.138302)
comptage_abri_velo.33785,33785,A22,59560,2025,10,2025-10-30,Jeudi,9.43,Seclin,Seclin - Gare,50.547452,3.034268,POINT (50.547452 3.034268)
comptage_abri_velo.33786,33786,A25,59512,2025,7,2025-07-03,Jeudi,6,Roubaix,Roubaix - Épeule Montesquieu,50.68397,3.162923,POINT (50.68397 3.162923)
comptage_abri_velo.33787,33787,A25,59512,2025,10,2025-10-07,Mardi,3,Roubaix,Roubaix - Épeule Montesquieu,50.68397,3.162923,POINT (50.68397 3.162923)
comptage_abri_velo.33788,33788,H5,59009,2025,8,2025-08-22,Vendredi,57.57,Villeneuve-d'Ascq,Villeneuve d'Ascq - 4 Cantons Stade Pierre Mauroy,50.605006,3.139401,POINT (50.605006 3.139401)
comptage_abri_velo.33789,33789,A22,59560,2025,12,2025-12-03,Mercredi,7,Seclin,Seclin - Gare,50.547452,3.034268,POINT (50.547452 3.034268)
comptage_abri_velo.33790,33790,A16,59421,2025,7,2025-07-09,Mercredi,10,Mouvaux,Mouvaux - 3 Suisses,50.69899,3.138302,POINT (50.69899 3.138302)
comptage_abri_velo.33791,33791,H1,59017,2025,7,2025-07-31,Jeudi,23.6,Armentières,Armentières - Gare,50.680972,2.877374,POINT (50.680972 2.877374)
comptage_abri_velo.33792,33792,A22,59560,2025,6,2025-06-26,Jeudi,4.25,Seclin,Seclin - Gare,50.547452,3.034268,POINT (50.547452 3.034268)
comptage_abri_velo.33793,33793,H2,59350,2025,12,2025-12-19,Vendredi,4.6,Lille,Lille - C.H.U. Eurasanté,50.607865,3.040099,POINT (50.607865 3.040099)
comptage_abri_velo.33794,33794,H4,59524,2025,10,2025-10-13,Lundi,5,Sainghin-en-Weppes,Sainghin-en-Weppes - Don Sainghin,50.55142,2.914022,POINT (50.55142 2.914022)
comptage_abri_velo.33795,33795,H2,59350,2025,12,2025-12-27,Samedi,4.6,Lille,Lille - C.H.U. Eurasanté,50.607865,3.040099,POINT (50.607865 3.040099)
comptage_abri_velo.33796,33796,A22,59560,2025,10,2025-10-11,Samedi,7,Seclin,Seclin - Gare,50.547452,3.034268,POINT (50.547452 3.034268)
comptage_abri_velo.33797,33797,H2,59350,2025,5,2025-05-18,Dimanche,5,Lille,Lille - C.H.U. Eurasanté,50.607865,3.040099,POINT (50.607865 3.040099)
comptage_abri_velo.33798,33798,H4,59524,2025,5,2025-05-18,Dimanche,7.25,Sainghin-en-Weppes,Sainghin-en-Weppes - Don Sainghin,50.55142,2.914022,POINT (50.55142 2.914022)
comptage_abri_velo.33799,33799,H4,59524,2025,5,2025-05-23,Vendredi,12.38,Sainghin-en-Weppes,Sainghin-en-Weppes - Don Sainghin,50.55142,2.914022,POINT (50.55142 2.914022)
comptage_abri_velo.33800,33800,H1,59017,2025,10,2025-10-07,Mardi,36.17,Armentières,Armentières - Gare,50.680972,2.877374,POINT (50.680972 2.877374)
comptage_abri_velo.33801,33801,A18,59410,2025,9,2025-09-18,Jeudi,23,Mons-en-Barœul,Mons-en-Baroeul - Mairie,50.642837,3.1101,POINT (50.642837 3.1101)
comptage_abri_velo.33802,33802,A9,59648,2025,12,2025-12-10,Mercredi,6,Wattignies,Wattignies - Laënnec,50.589018,3.050619,POINT (50.589018 3.050619)
comptage_abri_velo.33803,33803,H1,59017,2025,8,2025-08-25,Lundi,30.44,Armentières,Armentières - Gare,50.680972,2.877374,POINT (50.680972 2.877374)
comptage_abri_velo.33804,33804,H4,59524,2025,7,2025-07-06,Dimanche,6.83,Sainghin-en-Weppes,Sainghin-en-Weppes - Don Sainghin,50.55142,2.914022,POINT (50.55142 2.914022)
comptage_abri_velo.33805,33805,A22,59560,2025,7,2025-07-11,Vendredi,5.75,Seclin,Seclin - Gare,50.547452,3.034268,POINT (50.547452 3.034268)
comptage_abri_velo.33806,33806,H3,59350,2025,6,2025-06-06,Vendredi,10,Lille,Lomme - Saint Philibert,50.653009,2.97502,POINT (50.653009 2.97502)
comptage_abri_velo.33807,33807,H5,59009,2025,12,2025-12-20,Samedi,36.59,Villeneuve-d'Ascq,Villeneuve d'Ascq - 4 Cantons Stade Pierre Mauroy,50.605006,3.139401,POINT (50.605006 3.139401)
comptage_abri_velo.33808,33808,H4,59524,2025,11,2025-11-25,Mardi,14,Sainghin-en-Weppes,Sainghin-en-Weppes - Don Sainghin,50.55142,2.914022,POINT (50.55142 2.914022)
comptage_abri_velo.33809,33809,H2,59350,2025,7,2025-07-13,Dimanche,2,Lille,Lille - C.H.U. Eurasanté,50.607865,3.040099,POINT (50.607865 3.040099)
comptage_abri_velo.33810,33810,A14,59599,2025,5,2025-05-09,Vendredi,17,Tourcoing,Tourcoing - Centre,50.720457,3.158724,POINT (50.720457 3.158724)
comptage_abri_velo.33811,33811,H5,59009,2025,6,2025-06-14,Samedi,61.55,Villeneuve-d'Ascq,Villeneuve d'Ascq - 4 Cantons Stade Pierre Mauroy,50.605006,3.139401,POINT (50.605006 3.139401)
comptage_abri_velo.33812,33812,A21,59360,2025,5,2025-05-04,Dimanche,6,Loos,Loos - Mairie,50.614588,3.012336,POINT (50.614588 3.012336)
comptage_abri_velo.33813,33813,A2,59527,2025,9,2025-09-24,Mercredi,17,Saint-André-lez-Lille,St André - Mairie,50.660206,3.051002,POINT (50.660206 3.051002)
comptage_abri_velo.33814,33814,H5,59009,2025,11,2025-11-15,Samedi,39.29,Villeneuve-d'Ascq,Villeneuve d'Ascq - 4 Cantons Stade Pierre Mauroy,50.605006,3.139401,POINT (50.605006 3.139401)
comptage_abri_velo.33815,33815,H1,59017,2025,7,2025-07-03,Jeudi,40.5,Armentières,Armentières - Gare,50.680972,2.877374,POINT (50.680972 2.877374)
comptage_abri_velo.33816,33816,H2,59350,2025,11,2025-11-27,Jeudi,7.8,Lille,Lille - C.H.U. Eurasanté,50.607865,3.040099,POINT (50.607865 3.040099)
comptage_abri_velo.33817,33817,H3,59350,2025,8,2025-08-28,Jeudi,10.14,Lille,Lomme - Saint Philibert,50.653009,2.97502,POINT (50.653009 2.97502)
comptage_abri_velo.33818,33818,H4,59524,2025,10,2025-10-26,Dimanche,9.71,Sainghin-en-Weppes,Sainghin-en-Weppes - Don Sainghin,50.55142,2.914022,POINT (50.55142 2.914022)
comptage_abri_velo.33819,33819,A28,59599,2025,10,2025-10-21,Mardi,5,Tourcoing,Tourcoing - Gare,50.716812,3.166903,POINT (50.716812 3.166903)
comptage_abri_velo.33820,33820,A22,59560,2025,7,2025-07-01,Mardi,6.38,Seclin,Seclin - Gare,50.547452,3.034268,POINT (50.547452 3.034268)
comptage_abri_velo.33821,33821,H5,59009,2025,7,2025-07-22,Mardi,50.33,Villeneuve-d'Ascq,Villeneuve d'Ascq - 4 Cantons Stade Pierre Mauroy,50.605006,3.139401,POINT (50.605006 3.139401)
comptage_abri_velo.33822,33822,A22,59560,2025,5,2025-05-18,Dimanche,3.71,Seclin,Seclin - Gare,50.547452,3.034268,POINT (50.547452 3.034268)
comptage_abri_velo.33823,33823,H2,59350,2025,6,2025-06-06,Vendredi,4.55,Lille,Lille - C.H.U. Eurasanté,50.607865,3.040099,POINT (50.607865 3.040099)
comptage_abri_velo.33824,33824,A14,59599,2025,12,2025-12-12,Vendredi,18,Tourcoing,Tourcoing - Centre,50.720457,3.158724,POINT (50.720457 3.158724)
comptage_abri_velo.33825,33825,A22,59560,2025,8,2025-08-22,Vendredi,4.5,Seclin,Seclin - Gare,50.547452,3.034268,POINT (50.547452 3.034268)
comptage_abri_velo.33826,33826,A6,59163,2025,12,2025-12-11,Jeudi,23,Croix,Croix - Centre,50.674954,3.145916,POINT (50.674954 3.145916)
comptage_abri_velo.33827,33827,H4,59524,2025,5,2025-05-20,Mardi,19.63,Sainghin-en-Weppes,Sainghin-en-Weppes - Don Sainghin,50.55142,2.914022,POINT (50.55142 2.914022)
comptage_abri_velo.33828,33828,A7,59482,2025,7,2025-07-09,Mercredi,18,Quesnoy-sur-Deûle,Quesnoy-sur-Deûle  - Mairie,50.712951,3.000769,POINT (50.712951 3.000769)
comptage_abri_velo.33829,33829,A22,59560,2025,6,2025-06-01,Dimanche,2,Seclin,Seclin - Gare,50.547452,3.034268,POINT (50.547452 3.034268)
comptage_abri_velo.33830,33830,A19,59350,2025,11,2025-11-27,Jeudi,3,Lille,Lille - Porte des Postes,50.617921,3.049909,POINT (50.617921 3.049909)
comptage_abri_velo.33831,33831,A13,59299,2025,6,2025-06-20,Vendredi,3,Hem,Hem - 3 Fermes,50.662576,3.200574,POINT (50.662576 3.200574)
comptage_abri_velo.33832,33832,H1,59017,2025,12,2025-12-13,Samedi,19,Armentières,Armentières - Gare,50.680972,2.877374,POINT (50.680972 2.877374)
comptage_abri_velo.33833,33833,H3,59350,2025,7,2025-07-05,Samedi,5.33,Lille,Lomme - Saint Philibert,50.653009,2.97502,POINT (50.653009 2.97502)
comptage_abri_velo.33834,33834,A12,59368,2025,4,2025-04-23,Mercredi,6,La Madeleine,La Madeleine - Romarin,50.645694,3.075042,POINT (50.645694 3.075042)
comptage_abri_velo.33835,33835,A19,59350,2025,9,2025-09-28,Dimanche,0,Lille,Lille - Porte des Postes,50.617921,3.049909,POINT (50.617921 3.049909)
comptage_abri_velo.33836,33836,A24,59512,2025,8,2025-08-28,Jeudi,9,Roubaix,Roubaix - Eurotéléport,50.691165,3.179592,POINT (50.691165 3.179592)
comptage_abri_velo.33837,33837,A17,59279,2025,7,2025-07-09,Mercredi,7,Halluin,Halluin - Centre,50.780946,3.119719,POINT (50.780946 3.119719)
comptage_abri_velo.33838,33838,H4,59524,2025,8,2025-08-30,Samedi,12.57,Sainghin-en-Weppes,Sainghin-en-Weppes - Don Sainghin,50.55142,2.914022,POINT (50.55142 2.914022)
comptage_abri_velo.33839,33839,H4,59524,2025,11,2025-11-20,Jeudi,16.14,Sainghin-en-Weppes,Sainghin-en-Weppes - Don Sainghin,50.55142,2.914022,POINT (50.55142 2.914022)
comptage_abri_velo.33840,33840,A15,59378,2025,9,2025-09-11,Jeudi,6,Marcq-en-Barœul,Marcq-en-Baroeul - Croisé Laroche,50.665991,3.103728,POINT (50.665991 3.103728)
comptage_abri_velo.33841,33841,A9,59648,2025,8,2025-08-29,Vendredi,7,Wattignies,Wattignies - Laënnec,50.589018,3.050619,POINT (50.589018 3.050619)
comptage_abri_velo.33842,33842,H1,59017,2025,11,2025-11-30,Dimanche,20.83,Armentières,Armentières - Gare,50.680972,2.877374,POINT (50.680972 2.877374)
comptage_abri_velo.33843,33843,H3,59350,2025,9,2025-09-26,Vendredi,13.44,Lille,Lomme - Saint Philibert,50.653009,2.97502,POINT (50.653009 2.97502)
comptage_abri_velo.33844,33844,H1,59017,2025,11,2025-11-09,Dimanche,23.4,Armentières,Armentières - Gare,50.680972,2.877374,POINT (50.680972 2.877374)
comptage_abri_velo.33845,33845,H4,59524,2025,8,2025-08-27,Mercredi,10.71,Sainghin-en-Weppes,Sainghin-en-Weppes - Don Sainghin,50.55142,2.914022,POINT (50.55142 2.914022)
comptage_abri_velo.33846,33846,H3,59350,2025,11,2025-11-04,Mardi,12.6,Lille,Lomme - Saint Philibert,50.653009,2.97502,POINT (50.653009 2.97502)
comptage_abri_velo.33847,33847,A22,59560,2025,7,2025-07-05,Samedi,3.25,Seclin,Seclin - Gare,50.547452,3.034268,POINT (50.547452 3.034268)
comptage_abri_velo.33848,33848,A22,59560,2025,9,2025-09-02,Mardi,10.75,Seclin,Seclin - Gare,50.547452,3.034268,POINT (50.547452 3.034268)
comptage_abri_velo.33849,33849,H3,59350,2025,5,2025-05-20,Mardi,11.71,Lille,Lomme - Saint Philibert,50.653009,2.97502,POINT (50.653009 2.97502)
comptage_abri_velo.33850,33850,H4,59524,2025,8,2025-08-16,Samedi,9.75,Sainghin-en-Weppes,Sainghin-en-Weppes - Don Sainghin,50.55142,2.914022,POINT (50.55142 2.914022)
comptage_abri_velo.33851,33851,H3,59350,2025,6,2025-06-19,Jeudi,9.75,Lille,Lomme - Saint Philibert,50.653009,2.97502,POINT (50.653009 2.97502)
comptage_abri_velo.33852,33852,A22,59560,2025,7,2025-07-30,Mercredi,4.63,Seclin,Seclin - Gare,50.547452,3.034268,POINT (50.547452 3.034268)
comptage_abri_velo.33853,33853,H1,59017,2025,8,2025-08-02,Samedi,19.57,Armentières,Armentières - Gare,50.680972,2.877374,POINT (50.680972 2.877374)
comptage_abri_velo.33919,33919,H3,59350,2025,4,2025-04-08,Mardi,12.71,Lille,Lomme - Saint Philibert,50.653009,2.97502,POINT (50.653009 2.97502)
comptage_abri_velo.33854,33854,H6,59009,2025,4,2025-04-30,Mercredi,26.5,Villeneuve-d'Ascq,Villeneuve d'Ascq - Les Prés Edgard Pisani,50.650048,3.125509,POINT (50.650048 3.125509)
comptage_abri_velo.33914,33914,H3,59350,2025,4,2025-04-25,Vendredi,8.88,Lille,Lomme - Saint Philibert,50.653009,2.97502,POINT (50.653009 2.97502)
comptage_abri_velo.33855,33855,H6,59009,2025,5,2025-05-24,Samedi,25.3,Villeneuve-d'Ascq,Villeneuve d'Ascq - Les Prés Edgard Pisani,50.650048,3.125509,POINT (50.650048 3.125509)
comptage_abri_velo.33856,33856,H3,59350,2025,12,2025-12-20,Samedi,6.11,Lille,Lomme - Saint Philibert,50.653009,2.97502,POINT (50.653009 2.97502)
comptage_abri_velo.33857,33857,A22,59560,2025,4,2025-04-30,Mercredi,4.43,Seclin,Seclin - Gare,50.547452,3.034268,POINT (50.547452 3.034268)
comptage_abri_velo.33858,33858,A22,59560,2025,7,2025-07-17,Jeudi,8,Seclin,Seclin - Gare,50.547452,3.034268,POINT (50.547452 3.034268)
comptage_abri_velo.33859,33859,A6,59163,2025,4,2025-04-26,Samedi,12,Croix,Croix - Centre,50.674954,3.145916,POINT (50.674954 3.145916)
comptage_abri_velo.33860,33860,A20,59350,2025,7,2025-07-11,Vendredi,26,Lille,Lille - Wazemmes,50.623358,3.051647,POINT (50.623358 3.051647)
comptage_abri_velo.33861,33861,A9,59648,2025,7,2025-07-10,Jeudi,6,Wattignies,Wattignies - Laënnec,50.589018,3.050619,POINT (50.589018 3.050619)
comptage_abri_velo.33862,33862,H3,59350,2025,8,2025-08-10,Dimanche,4,Lille,Lomme - Saint Philibert,50.653009,2.97502,POINT (50.653009 2.97502)
comptage_abri_velo.33863,33863,H2,59350,2025,8,2025-08-21,Jeudi,4.2,Lille,Lille - C.H.U. Eurasanté,50.607865,3.040099,POINT (50.607865 3.040099)
comptage_abri_velo.33864,33864,H1,59017,2025,5,2025-05-01,Jeudi,24.6,Armentières,Armentières - Gare,50.680972,2.877374,POINT (50.680972 2.877374)
comptage_abri_velo.33865,33865,A22,59560,2025,4,2025-04-12,Samedi,2.88,Seclin,Seclin - Gare,50.547452,3.034268,POINT (50.547452 3.034268)
comptage_abri_velo.33866,33866,A1,59286,2025,10,2025-10-08,Mercredi,4,Haubourdin,Haubourdin - Jardin Public,50.611361,2.988615,POINT (50.611361 2.988615)
comptage_abri_velo.33867,33867,H5,59009,2025,11,2025-11-14,Vendredi,42.29,Villeneuve-d'Ascq,Villeneuve d'Ascq - 4 Cantons Stade Pierre Mauroy,50.605006,3.139401,POINT (50.605006 3.139401)
comptage_abri_velo.33868,33868,A7,59482,2025,8,2025-08-11,Lundi,23,Quesnoy-sur-Deûle,Quesnoy-sur-Deûle  - Mairie,50.712951,3.000769,POINT (50.712951 3.000769)
comptage_abri_velo.33869,33869,H5,59009,2025,12,2025-12-21,Dimanche,36.95,Villeneuve-d'Ascq,Villeneuve d'Ascq - 4 Cantons Stade Pierre Mauroy,50.605006,3.139401,POINT (50.605006 3.139401)
comptage_abri_velo.33870,33870,H5,59009,2025,6,2025-06-24,Mardi,61.95,Villeneuve-d'Ascq,Villeneuve d'Ascq - 4 Cantons Stade Pierre Mauroy,50.605006,3.139401,POINT (50.605006 3.139401)
comptage_abri_velo.33871,33871,H6,59009,2025,9,2025-09-08,Lundi,28,Villeneuve-d'Ascq,Villeneuve d'Ascq - Les Prés Edgard Pisani,50.650048,3.125509,POINT (50.650048 3.125509)
comptage_abri_velo.33872,33872,H6,59009,2025,11,2025-11-17,Lundi,30.8,Villeneuve-d'Ascq,Villeneuve d'Ascq - Les Prés Edgard Pisani,50.650048,3.125509,POINT (50.650048 3.125509)
comptage_abri_velo.33873,33873,A16,59421,2025,9,2025-09-25,Jeudi,15,Mouvaux,Mouvaux - 3 Suisses,50.69899,3.138302,POINT (50.69899 3.138302)
comptage_abri_velo.33874,33874,H3,59350,2025,9,2025-09-03,Mercredi,9.17,Lille,Lomme - Saint Philibert,50.653009,2.97502,POINT (50.653009 2.97502)
comptage_abri_velo.33875,33875,H1,59017,2025,6,2025-06-15,Dimanche,19,Armentières,Armentières - Gare,50.680972,2.877374,POINT (50.680972 2.877374)
comptage_abri_velo.33876,33876,H1,59017,2025,10,2025-10-05,Dimanche,23,Armentières,Armentières - Gare,50.680972,2.877374,POINT (50.680972 2.877374)
comptage_abri_velo.33877,33877,A5,59350,2025,5,2025-05-07,Mercredi,16,Lille,Lomme - Maison des Enfants,50.646144,2.994472,POINT (50.646144 2.994472)
comptage_abri_velo.33878,33878,H3,59350,2025,4,2025-04-03,Jeudi,12,Lille,Lomme - Saint Philibert,50.653009,2.97502,POINT (50.653009 2.97502)
comptage_abri_velo.33879,33879,H6,59009,2025,11,2025-11-20,Jeudi,29.6,Villeneuve-d'Ascq,Villeneuve d'Ascq - Les Prés Edgard Pisani,50.650048,3.125509,POINT (50.650048 3.125509)
comptage_abri_velo.33880,33880,A22,59560,2025,6,2025-06-09,Lundi,3.38,Seclin,Seclin - Gare,50.547452,3.034268,POINT (50.547452 3.034268)
comptage_abri_velo.33881,33881,A22,59560,2025,10,2025-10-26,Dimanche,5.5,Seclin,Seclin - Gare,50.547452,3.034268,POINT (50.547452 3.034268)
comptage_abri_velo.33882,33882,H1,59017,2025,9,2025-09-26,Vendredi,33.4,Armentières,Armentières - Gare,50.680972,2.877374,POINT (50.680972 2.877374)
comptage_abri_velo.33883,33883,H1,59017,2025,10,2025-10-13,Lundi,43.2,Armentières,Armentières - Gare,50.680972,2.877374,POINT (50.680972 2.877374)
comptage_abri_velo.33884,33884,H3,59350,2025,5,2025-05-08,Jeudi,5,Lille,Lomme - Saint Philibert,50.653009,2.97502,POINT (50.653009 2.97502)
comptage_abri_velo.33885,33885,H3,59350,2025,9,2025-09-18,Jeudi,15,Lille,Lomme - Saint Philibert,50.653009,2.97502,POINT (50.653009 2.97502)
comptage_abri_velo.33886,33886,A15,59378,2025,8,2025-08-11,Lundi,8,Marcq-en-Barœul,Marcq-en-Baroeul - Croisé Laroche,50.665991,3.103728,POINT (50.665991 3.103728)
comptage_abri_velo.33887,33887,H6,59009,2025,6,2025-06-27,Vendredi,23.91,Villeneuve-d'Ascq,Villeneuve d'Ascq - Les Prés Edgard Pisani,50.650048,3.125509,POINT (50.650048 3.125509)
comptage_abri_velo.33888,33888,H4,59524,2025,7,2025-07-27,Dimanche,6.71,Sainghin-en-Weppes,Sainghin-en-Weppes - Don Sainghin,50.55142,2.914022,POINT (50.55142 2.914022)
comptage_abri_velo.33889,33889,A22,59560,2025,9,2025-09-14,Dimanche,5.29,Seclin,Seclin - Gare,50.547452,3.034268,POINT (50.547452 3.034268)
comptage_abri_velo.33890,33890,H5,59009,2025,12,2025-12-05,Vendredi,41.67,Villeneuve-d'Ascq,Villeneuve d'Ascq - 4 Cantons Stade Pierre Mauroy,50.605006,3.139401,POINT (50.605006 3.139401)
comptage_abri_velo.33891,33891,H3,59350,2025,11,2025-11-05,Mercredi,9.9,Lille,Lomme - Saint Philibert,50.653009,2.97502,POINT (50.653009 2.97502)
comptage_abri_velo.33892,33892,A16,59421,2025,8,2025-08-28,Jeudi,11,Mouvaux,Mouvaux - 3 Suisses,50.69899,3.138302,POINT (50.69899 3.138302)
comptage_abri_velo.33893,33893,A22,59560,2025,5,2025-05-05,Lundi,5.43,Seclin,Seclin - Gare,50.547452,3.034268,POINT (50.547452 3.034268)
comptage_abri_velo.33894,33894,H6,59009,2025,10,2025-10-03,Vendredi,28,Villeneuve-d'Ascq,Villeneuve d'Ascq - Les Prés Edgard Pisani,50.650048,3.125509,POINT (50.650048 3.125509)
comptage_abri_velo.33895,33895,H3,59350,2025,12,2025-12-19,Vendredi,11.27,Lille,Lomme - Saint Philibert,50.653009,2.97502,POINT (50.653009 2.97502)
comptage_abri_velo.33896,33896,H4,59524,2025,4,2025-04-17,Jeudi,8.38,Sainghin-en-Weppes,Sainghin-en-Weppes - Don Sainghin,50.55142,2.914022,POINT (50.55142 2.914022)
comptage_abri_velo.33897,33897,A22,59560,2025,9,2025-09-05,Vendredi,4.67,Seclin,Seclin - Gare,50.547452,3.034268,POINT (50.547452 3.034268)
comptage_abri_velo.33898,33898,A18,59410,2025,10,2025-10-21,Mardi,22,Mons-en-Barœul,Mons-en-Baroeul - Mairie,50.642837,3.1101,POINT (50.642837 3.1101)
comptage_abri_velo.33899,33899,H6,59009,2025,9,2025-09-30,Mardi,34,Villeneuve-d'Ascq,Villeneuve d'Ascq - Les Prés Edgard Pisani,50.650048,3.125509,POINT (50.650048 3.125509)
comptage_abri_velo.33900,33900,H2,59350,2025,6,2025-06-04,Mercredi,4.44,Lille,Lille - C.H.U. Eurasanté,50.607865,3.040099,POINT (50.607865 3.040099)
comptage_abri_velo.33901,33901,H1,59017,2025,6,2025-06-28,Samedi,21.5,Armentières,Armentières - Gare,50.680972,2.877374,POINT (50.680972 2.877374)
comptage_abri_velo.33902,33902,H6,59009,2025,8,2025-08-07,Jeudi,27.5,Villeneuve-d'Ascq,Villeneuve d'Ascq - Les Prés Edgard Pisani,50.650048,3.125509,POINT (50.650048 3.125509)
comptage_abri_velo.33903,33903,H3,59350,2025,9,2025-09-25,Jeudi,13.73,Lille,Lomme - Saint Philibert,50.653009,2.97502,POINT (50.653009 2.97502)
comptage_abri_velo.33904,33904,H3,59350,2025,10,2025-10-13,Lundi,10.5,Lille,Lomme - Saint Philibert,50.653009,2.97502,POINT (50.653009 2.97502)
comptage_abri_velo.33905,33905,H6,59009,2025,11,2025-11-29,Samedi,28.5,Villeneuve-d'Ascq,Villeneuve d'Ascq - Les Prés Edgard Pisani,50.650048,3.125509,POINT (50.650048 3.125509)
comptage_abri_velo.33906,33906,H5,59009,2025,10,2025-10-08,Mercredi,56.91,Villeneuve-d'Ascq,Villeneuve d'Ascq - 4 Cantons Stade Pierre Mauroy,50.605006,3.139401,POINT (50.605006 3.139401)
comptage_abri_velo.33907,33907,A22,59560,2025,4,2025-04-07,Lundi,3.25,Seclin,Seclin - Gare,50.547452,3.034268,POINT (50.547452 3.034268)
comptage_abri_velo.33908,33908,H6,59009,2025,10,2025-10-21,Mardi,28.2,Villeneuve-d'Ascq,Villeneuve d'Ascq - Les Prés Edgard Pisani,50.650048,3.125509,POINT (50.650048 3.125509)
comptage_abri_velo.33909,33909,H1,59017,2025,6,2025-06-19,Jeudi,24,Armentières,Armentières - Gare,50.680972,2.877374,POINT (50.680972 2.877374)
comptage_abri_velo.33910,33910,A28,59599,2025,6,2025-06-15,Dimanche,4,Tourcoing,Tourcoing - Gare,50.716812,3.166903,POINT (50.716812 3.166903)
comptage_abri_velo.33911,33911,H6,59009,2025,5,2025-05-16,Vendredi,26.78,Villeneuve-d'Ascq,Villeneuve d'Ascq - Les Prés Edgard Pisani,50.650048,3.125509,POINT (50.650048 3.125509)
comptage_abri_velo.33912,33912,H4,59524,2025,8,2025-08-29,Vendredi,16.38,Sainghin-en-Weppes,Sainghin-en-Weppes - Don Sainghin,50.55142,2.914022,POINT (50.55142 2.914022)
comptage_abri_velo.33913,33913,H6,59009,2025,5,2025-05-12,Lundi,27.67,Villeneuve-d'Ascq,Villeneuve d'Ascq - Les Prés Edgard Pisani,50.650048,3.125509,POINT (50.650048 3.125509)
comptage_abri_velo.33915,33915,A22,59560,2025,6,2025-06-06,Vendredi,5.13,Seclin,Seclin - Gare,50.547452,3.034268,POINT (50.547452 3.034268)
comptage_abri_velo.33916,33916,H6,59009,2025,9,2025-09-21,Dimanche,31,Villeneuve-d'Ascq,Villeneuve d'Ascq - Les Prés Edgard Pisani,50.650048,3.125509,POINT (50.650048 3.125509)
comptage_abri_velo.33917,33917,A28,59599,2025,6,2025-06-05,Jeudi,3,Tourcoing,Tourcoing - Gare,50.716812,3.166903,POINT (50.716812 3.166903)
comptage_abri_velo.33918,33918,H1,59017,2025,11,2025-11-19,Mercredi,29.14,Armentières,Armentières - Gare,50.680972,2.877374,POINT (50.680972 2.877374)
comptage_abri_velo.33920,33920,H3,59350,2025,4,2025-04-11,Vendredi,7.22,Lille,Lomme - Saint Philibert,50.653009,2.97502,POINT (50.653009 2.97502)
comptage_abri_velo.33921,33921,A16,59421,2025,12,2025-12-11,Jeudi,13,Mouvaux,Mouvaux - 3 Suisses,50.69899,3.138302,POINT (50.69899 3.138302)
comptage_abri_velo.33922,33922,H5,59009,2025,6,2025-06-20,Vendredi,60.76,Villeneuve-d'Ascq,Villeneuve d'Ascq - 4 Cantons Stade Pierre Mauroy,50.605006,3.139401,POINT (50.605006 3.139401)
comptage_abri_velo.33923,33923,H2,59350,2025,5,2025-05-10,Samedi,4.45,Lille,Lille - C.H.U. Eurasanté,50.607865,3.040099,POINT (50.607865 3.040099)
comptage_abri_velo.33924,33924,A22,59560,2025,8,2025-08-31,Dimanche,2.8,Seclin,Seclin - Gare,50.547452,3.034268,POINT (50.547452 3.034268)
comptage_abri_velo.33925,33925,A13,59299,2025,12,2025-12-24,Mercredi,3,Hem,Hem - 3 Fermes,50.662576,3.200574,POINT (50.662576 3.200574)
comptage_abri_velo.33926,33926,H4,59524,2025,8,2025-08-31,Dimanche,8.17,Sainghin-en-Weppes,Sainghin-en-Weppes - Don Sainghin,50.55142,2.914022,POINT (50.55142 2.914022)
comptage_abri_velo.33927,33927,H4,59524,2025,5,2025-05-21,Mercredi,17.13,Sainghin-en-Weppes,Sainghin-en-Weppes - Don Sainghin,50.55142,2.914022,POINT (50.55142 2.914022)
comptage_abri_velo.33928,33928,H2,59350,2025,7,2025-07-31,Jeudi,3.6,Lille,Lille - C.H.U. Eurasanté,50.607865,3.040099,POINT (50.607865 3.040099)
comptage_abri_velo.33929,33929,A14,59599,2025,11,2025-11-26,Mercredi,19,Tourcoing,Tourcoing - Centre,50.720457,3.158724,POINT (50.720457 3.158724)
comptage_abri_velo.33930,33930,H2,59350,2025,9,2025-09-14,Dimanche,3,Lille,Lille - C.H.U. Eurasanté,50.607865,3.040099,POINT (50.607865 3.040099)
comptage_abri_velo.33931,33931,A22,59560,2025,9,2025-09-23,Mardi,12.14,Seclin,Seclin - Gare,50.547452,3.034268,POINT (50.547452 3.034268)
comptage_abri_velo.33932,33932,A22,59560,2025,5,2025-05-14,Mercredi,6,Seclin,Seclin - Gare,50.547452,3.034268,POINT (50.547452 3.034268)
comptage_abri_velo.33933,33933,H2,59350,2025,12,2025-12-02,Mardi,7.9,Lille,Lille - C.H.U. Eurasanté,50.607865,3.040099,POINT (50.607865 3.040099)
comptage_abri_velo.33934,33934,A3,59009,2025,10,2025-10-03,Vendredi,14,Villeneuve-d'Ascq,Villeneuve d'Ascq - Pont de Bois,50.624619,3.127947,POINT (50.624619 3.127947)
comptage_abri_velo.33935,33935,H4,59524,2025,11,2025-11-24,Lundi,10.88,Sainghin-en-Weppes,Sainghin-en-Weppes - Don Sainghin,50.55142,2.914022,POINT (50.55142 2.914022)
comptage_abri_velo.33936,33936,H2,59350,2025,10,2025-10-19,Dimanche,5,Lille,Lille - C.H.U. Eurasanté,50.607865,3.040099,POINT (50.607865 3.040099)
comptage_abri_velo.33937,33937,H1,59017,2025,8,2025-08-30,Samedi,18.5,Armentières,Armentières - Gare,50.680972,2.877374,POINT (50.680972 2.877374)
comptage_abri_velo.33938,33938,H6,59009,2025,7,2025-07-12,Samedi,25.2,Villeneuve-d'Ascq,Villeneuve d'Ascq - Les Prés Edgard Pisani,50.650048,3.125509,POINT (50.650048 3.125509)
comptage_abri_velo.33939,33939,H3,59350,2025,5,2025-05-31,Samedi,5.71,Lille,Lomme - Saint Philibert,50.653009,2.97502,POINT (50.653009 2.97502)
comptage_abri_velo.33940,33940,H4,59524,2025,7,2025-07-29,Mardi,8.38,Sainghin-en-Weppes,Sainghin-en-Weppes - Don Sainghin,50.55142,2.914022,POINT (50.55142 2.914022)
comptage_abri_velo.33941,33941,A22,59560,2025,9,2025-09-15,Lundi,7.5,Seclin,Seclin - Gare,50.547452,3.034268,POINT (50.547452 3.034268)
comptage_abri_velo.33942,33942,H2,59350,2025,8,2025-08-24,Dimanche,4,Lille,Lille - C.H.U. Eurasanté,50.607865,3.040099,POINT (50.607865 3.040099)
comptage_abri_velo.33943,33943,A22,59560,2025,7,2025-07-28,Lundi,5.5,Seclin,Seclin - Gare,50.547452,3.034268,POINT (50.547452 3.034268)
comptage_abri_velo.33944,33944,A12,59368,2025,5,2025-05-07,Mercredi,8,La Madeleine,La Madeleine - Romarin,50.645694,3.075042,POINT (50.645694 3.075042)
comptage_abri_velo.33945,33945,H3,59350,2025,4,2025-04-06,Dimanche,6,Lille,Lomme - Saint Philibert,50.653009,2.97502,POINT (50.653009 2.97502)
comptage_abri_velo.33946,33946,H4,59524,2025,4,2025-04-30,Mercredi,11.13,Sainghin-en-Weppes,Sainghin-en-Weppes - Don Sainghin,50.55142,2.914022,POINT (50.55142 2.914022)
comptage_abri_velo.33947,33947,H4,59524,2025,8,2025-08-09,Samedi,9.13,Sainghin-en-Weppes,Sainghin-en-Weppes - Don Sainghin,50.55142,2.914022,POINT (50.55142 2.914022)
comptage_abri_velo.33948,33948,H3,59350,2025,5,2025-05-15,Jeudi,9.56,Lille,Lomme - Saint Philibert,50.653009,2.97502,POINT (50.653009 2.97502)
comptage_abri_velo.33949,33949,A4,59646,2025,4,2025-04-10,Jeudi,9,Wasquehal,Wasquehal - Pavé de Lille,50.664155,3.130022,POINT (50.664155 3.130022)
comptage_abri_velo.33950,33950,A20,59350,2025,5,2025-05-08,Jeudi,10,Lille,Lille - Wazemmes,50.623358,3.051647,POINT (50.623358 3.051647)
comptage_abri_velo.33952,33952,A13,59299,2025,9,2025-09-26,Vendredi,2,Hem,Hem - 3 Fermes,50.662576,3.200574,POINT (50.662576 3.200574)
comptage_abri_velo.33953,33953,H2,59350,2025,10,2025-10-15,Mercredi,6.4,Lille,Lille - C.H.U. Eurasanté,50.607865,3.040099,POINT (50.607865 3.040099)
comptage_abri_velo.33954,33954,H3,59350,2025,9,2025-09-09,Mardi,17.5,Lille,Lomme - Saint Philibert,50.653009,2.97502,POINT (50.653009 2.97502)
comptage_abri_velo.33955,33955,H1,59017,2025,11,2025-11-26,Mercredi,29.8,Armentières,Armentières - Gare,50.680972,2.877374,POINT (50.680972 2.877374)
comptage_abri_velo.33956,33956,H3,59350,2025,5,2025-05-30,Vendredi,5.43,Lille,Lomme - Saint Philibert,50.653009,2.97502,POINT (50.653009 2.97502)
comptage_abri_velo.33957,33957,H6,59009,2025,8,2025-08-18,Lundi,27.33,Villeneuve-d'Ascq,Villeneuve d'Ascq - Les Prés Edgard Pisani,50.650048,3.125509,POINT (50.650048 3.125509)
comptage_abri_velo.33958,33958,H6,59009,2025,12,2025-12-17,Mercredi,28,Villeneuve-d'Ascq,Villeneuve d'Ascq - Les Prés Edgard Pisani,50.650048,3.125509,POINT (50.650048 3.125509)
comptage_abri_velo.33959,33959,H4,59524,2025,9,2025-09-07,Dimanche,8.33,Sainghin-en-Weppes,Sainghin-en-Weppes - Don Sainghin,50.55142,2.914022,POINT (50.55142 2.914022)
comptage_abri_velo.33960,33960,H6,59009,2025,7,2025-07-22,Mardi,28.7,Villeneuve-d'Ascq,Villeneuve d'Ascq - Les Prés Edgard Pisani,50.650048,3.125509,POINT (50.650048 3.125509)
comptage_abri_velo.33961,33961,H4,59524,2025,4,2025-04-06,Dimanche,5.29,Sainghin-en-Weppes,Sainghin-en-Weppes - Don Sainghin,50.55142,2.914022,POINT (50.55142 2.914022)
comptage_abri_velo.33962,33962,H1,59017,2025,7,2025-07-11,Vendredi,29,Armentières,Armentières - Gare,50.680972,2.877374,POINT (50.680972 2.877374)
comptage_abri_velo.33963,33963,H2,59350,2025,5,2025-05-31,Samedi,4,Lille,Lille - C.H.U. Eurasanté,50.607865,3.040099,POINT (50.607865 3.040099)
comptage_abri_velo.33964,33964,H4,59524,2025,12,2025-12-19,Vendredi,10.63,Sainghin-en-Weppes,Sainghin-en-Weppes - Don Sainghin,50.55142,2.914022,POINT (50.55142 2.914022)
comptage_abri_velo.33965,33965,H4,59524,2025,10,2025-10-05,Dimanche,7,Sainghin-en-Weppes,Sainghin-en-Weppes - Don Sainghin,50.55142,2.914022,POINT (50.55142 2.914022)
comptage_abri_velo.33966,33966,H3,59350,2025,10,2025-10-05,Dimanche,6,Lille,Lomme - Saint Philibert,50.653009,2.97502,POINT (50.653009 2.97502)
comptage_abri_velo.33967,33967,A6,59163,2025,11,2025-11-26,Mercredi,18,Croix,Croix - Centre,50.674954,3.145916,POINT (50.674954 3.145916)
comptage_abri_velo.33968,33968,H4,59524,2025,10,2025-10-22,Mercredi,17.38,Sainghin-en-Weppes,Sainghin-en-Weppes - Don Sainghin,50.55142,2.914022,POINT (50.55142 2.914022)
comptage_abri_velo.33969,33969,H5,59009,2025,11,2025-11-05,Mercredi,46.19,Villeneuve-d'Ascq,Villeneuve d'Ascq - 4 Cantons Stade Pierre Mauroy,50.605006,3.139401,POINT (50.605006 3.139401)
comptage_abri_velo.33970,33970,H4,59524,2025,4,2025-04-13,Dimanche,4,Sainghin-en-Weppes,Sainghin-en-Weppes - Don Sainghin,50.55142,2.914022,POINT (50.55142 2.914022)
comptage_abri_velo.33971,33971,A22,59560,2025,5,2025-05-07,Mercredi,4.4,Seclin,Seclin - Gare,50.547452,3.034268,POINT (50.547452 3.034268)
comptage_abri_velo.33972,33972,A22,59560,2025,6,2025-06-29,Dimanche,2,Seclin,Seclin - Gare,50.547452,3.034268,POINT (50.547452 3.034268)
comptage_abri_velo.33973,33973,A22,59560,2025,4,2025-04-05,Samedi,3,Seclin,Seclin - Gare,50.547452,3.034268,POINT (50.547452 3.034268)
comptage_abri_velo.33974,33974,A21,59360,2025,6,2025-06-18,Mercredi,5,Loos,Loos - Mairie,50.614588,3.012336,POINT (50.614588 3.012336)
comptage_abri_velo.33975,33975,A6,59163,2025,6,2025-06-05,Jeudi,22,Croix,Croix - Centre,50.674954,3.145916,POINT (50.674954 3.145916)
comptage_abri_velo.33976,33976,A22,59560,2025,7,2025-07-04,Vendredi,5.33,Seclin,Seclin - Gare,50.547452,3.034268,POINT (50.547452 3.034268)
comptage_abri_velo.33977,33977,A3,59009,2025,11,2025-11-20,Jeudi,9,Villeneuve-d'Ascq,Villeneuve d'Ascq - Pont de Bois,50.624619,3.127947,POINT (50.624619 3.127947)
comptage_abri_velo.33978,33978,A16,59421,2025,4,2025-04-22,Mardi,14,Mouvaux,Mouvaux - 3 Suisses,50.69899,3.138302,POINT (50.69899 3.138302)
comptage_abri_velo.33979,33979,H2,59350,2025,12,2025-12-07,Dimanche,5,Lille,Lille - C.H.U. Eurasanté,50.607865,3.040099,POINT (50.607865 3.040099)
comptage_abri_velo.33980,33980,H2,59350,2025,7,2025-07-25,Vendredi,4.6,Lille,Lille - C.H.U. Eurasanté,50.607865,3.040099,POINT (50.607865 3.040099)
comptage_abri_velo.33981,33981,H2,59350,2025,8,2025-08-07,Jeudi,4.1,Lille,Lille - C.H.U. Eurasanté,50.607865,3.040099,POINT (50.607865 3.040099)
comptage_abri_velo.33982,33982,H2,59350,2025,12,2025-12-17,Mercredi,5.1,Lille,Lille - C.H.U. Eurasanté,50.607865,3.040099,POINT (50.607865 3.040099)
comptage_abri_velo.33983,33983,H2,59350,2025,11,2025-11-19,Mercredi,5.3,Lille,Lille - C.H.U. Eurasanté,50.607865,3.040099,POINT (50.607865 3.040099)
comptage_abri_velo.33984,33984,A3,59009,2025,5,2025-05-14,Mercredi,13,Villeneuve-d'Ascq,Villeneuve d'Ascq - Pont de Bois,50.624619,3.127947,POINT (50.624619 3.127947)
comptage_abri_velo.33985,33985,H2,59350,2025,12,2025-12-01,Lundi,6.89,Lille,Lille - C.H.U. Eurasanté,50.607865,3.040099,POINT (50.607865 3.040099)
comptage_abri_velo.33986,33986,H4,59524,2025,12,2025-12-22,Lundi,9.25,Sainghin-en-Weppes,Sainghin-en-Weppes - Don Sainghin,50.55142,2.914022,POINT (50.55142 2.914022)
comptage_abri_velo.33987,33987,A25,59512,2025,9,2025-09-25,Jeudi,5,Roubaix,Roubaix - Épeule Montesquieu,50.68397,3.162923,POINT (50.68397 3.162923)
comptage_abri_velo.33988,33988,H2,59350,2025,10,2025-10-16,Jeudi,6.22,Lille,Lille - C.H.U. Eurasanté,50.607865,3.040099,POINT (50.607865 3.040099)
comptage_abri_velo.33989,33989,A22,59560,2025,10,2025-10-07,Mardi,10.5,Seclin,Seclin - Gare,50.547452,3.034268,POINT (50.547452 3.034268)
comptage_abri_velo.33990,33990,H3,59350,2025,10,2025-10-10,Vendredi,11.89,Lille,Lomme - Saint Philibert,50.653009,2.97502,POINT (50.653009 2.97502)
comptage_abri_velo.33991,33991,H2,59350,2025,11,2025-11-03,Lundi,8,Lille,Lille - C.H.U. Eurasanté,50.607865,3.040099,POINT (50.607865 3.040099)
comptage_abri_velo.33992,33992,A22,59560,2025,8,2025-08-16,Samedi,1,Seclin,Seclin - Gare,50.547452,3.034268,POINT (50.547452 3.034268)
comptage_abri_velo.33993,33993,H5,59009,2025,10,2025-10-15,Mercredi,52.71,Villeneuve-d'Ascq,Villeneuve d'Ascq - 4 Cantons Stade Pierre Mauroy,50.605006,3.139401,POINT (50.605006 3.139401)
comptage_abri_velo.33994,33994,A10,59507,2025,9,2025-09-10,Mercredi,0,Ronchin,Ronchin - Mairie,50.605669,3.077856,POINT (50.605669 3.077856)
comptage_abri_velo.33995,33995,A22,59560,2025,9,2025-09-21,Dimanche,3,Seclin,Seclin - Gare,50.547452,3.034268,POINT (50.547452 3.034268)
comptage_abri_velo.33996,33996,H5,59009,2025,6,2025-06-25,Mercredi,65.95,Villeneuve-d'Ascq,Villeneuve d'Ascq - 4 Cantons Stade Pierre Mauroy,50.605006,3.139401,POINT (50.605006 3.139401)
comptage_abri_velo.33997,33997,A22,59560,2025,8,2025-08-06,Mercredi,3.88,Seclin,Seclin - Gare,50.547452,3.034268,POINT (50.547452 3.034268)
comptage_abri_velo.33998,33998,H6,59009,2025,8,2025-08-17,Dimanche,27,Villeneuve-d'Ascq,Villeneuve d'Ascq - Les Prés Edgard Pisani,50.650048,3.125509,POINT (50.650048 3.125509)
comptage_abri_velo.33999,33999,H4,59524,2025,6,2025-06-25,Mercredi,16.7,Sainghin-en-Weppes,Sainghin-en-Weppes - Don Sainghin,50.55142,2.914022,POINT (50.55142 2.914022)
comptage_abri_velo.34000,34000,H5,59009,2025,8,2025-08-03,Dimanche,51.19,Villeneuve-d'Ascq,Villeneuve d'Ascq - 4 Cantons Stade Pierre Mauroy,50.605006,3.139401,POINT (50.605006 3.139401)
comptage_abri_velo.34001,34001,H4,59524,2025,4,2025-04-09,Mercredi,14.75,Sainghin-en-Weppes,Sainghin-en-Weppes - Don Sainghin,50.55142,2.914022,POINT (50.55142 2.914022)
comptage_abri_velo.34002,34002,A22,59560,2025,8,2025-08-15,Vendredi,1.57,Seclin,Seclin - Gare,50.547452,3.034268,POINT (50.547452 3.034268)
comptage_abri_velo.34003,34003,A22,59560,2025,11,2025-11-03,Lundi,9.5,Seclin,Seclin - Gare,50.547452,3.034268,POINT (50.547452 3.034268)
comptage_abri_velo.34004,34004,H2,59350,2025,9,2025-09-18,Jeudi,6.1,Lille,Lille - C.H.U. Eurasanté,50.607865,3.040099,POINT (50.607865 3.040099)
comptage_abri_velo.34005,34005,A21,59360,2025,10,2025-10-20,Lundi,6,Loos,Loos - Mairie,50.614588,3.012336,POINT (50.614588 3.012336)
comptage_abri_velo.34006,34006,H6,59009,2025,7,2025-07-17,Jeudi,26.9,Villeneuve-d'Ascq,Villeneuve d'Ascq - Les Prés Edgard Pisani,50.650048,3.125509,POINT (50.650048 3.125509)
comptage_abri_velo.34007,34007,A2,59527,2025,9,2025-09-09,Mardi,21,Saint-André-lez-Lille,St André - Mairie,50.660206,3.051002,POINT (50.660206 3.051002)
comptage_abri_velo.34008,34008,H6,59009,2025,4,2025-04-10,Jeudi,28.7,Villeneuve-d'Ascq,Villeneuve d'Ascq - Les Prés Edgard Pisani,50.650048,3.125509,POINT (50.650048 3.125509)
comptage_abri_velo.34009,34009,H3,59350,2025,8,2025-08-27,Mercredi,7.1,Lille,Lomme - Saint Philibert,50.653009,2.97502,POINT (50.653009 2.97502)
comptage_abri_velo.34010,34010,H2,59350,2025,7,2025-07-08,Mardi,8.3,Lille,Lille - C.H.U. Eurasanté,50.607865,3.040099,POINT (50.607865 3.040099)
comptage_abri_velo.34011,34011,A22,59560,2025,9,2025-09-07,Dimanche,3.5,Seclin,Seclin - Gare,50.547452,3.034268,POINT (50.547452 3.034268)
comptage_abri_velo.34012,34012,H6,59009,2025,12,2025-12-09,Mardi,28.3,Villeneuve-d'Ascq,Villeneuve d'Ascq - Les Prés Edgard Pisani,50.650048,3.125509,POINT (50.650048 3.125509)
comptage_abri_velo.34013,34013,H2,59350,2025,11,2025-11-06,Jeudi,7.6,Lille,Lille - C.H.U. Eurasanté,50.607865,3.040099,POINT (50.607865 3.040099)
comptage_abri_velo.34014,34014,H5,59009,2025,4,2025-04-14,Lundi,53.95,Villeneuve-d'Ascq,Villeneuve d'Ascq - 4 Cantons Stade Pierre Mauroy,50.605006,3.139401,POINT (50.605006 3.139401)
comptage_abri_velo.34015,34015,A27,59350,2025,4,2025-04-28,Lundi,15,Lille,Hellemmes - Mairie,50.627533,3.109026,POINT (50.627533 3.109026)
comptage_abri_velo.34016,34016,H5,59009,2025,9,2025-09-28,Dimanche,53.25,Villeneuve-d'Ascq,Villeneuve d'Ascq - 4 Cantons Stade Pierre Mauroy,50.605006,3.139401,POINT (50.605006 3.139401)
comptage_abri_velo.34017,34017,A14,59599,2025,10,2025-10-07,Mardi,17,Tourcoing,Tourcoing - Centre,50.720457,3.158724,POINT (50.720457 3.158724)
comptage_abri_velo.34018,34018,A12,59368,2025,11,2025-11-27,Jeudi,8,La Madeleine,La Madeleine - Romarin,50.645694,3.075042,POINT (50.645694 3.075042)
comptage_abri_velo.34019,34019,H6,59009,2025,9,2025-09-04,Jeudi,28.7,Villeneuve-d'Ascq,Villeneuve d'Ascq - Les Prés Edgard Pisani,50.650048,3.125509,POINT (50.650048 3.125509)
comptage_abri_velo.34020,34020,H3,59350,2025,9,2025-09-14,Dimanche,4,Lille,Lomme - Saint Philibert,50.653009,2.97502,POINT (50.653009 2.97502)
comptage_abri_velo.34021,34021,A16,59421,2025,5,2025-05-09,Vendredi,11,Mouvaux,Mouvaux - 3 Suisses,50.69899,3.138302,POINT (50.69899 3.138302)
comptage_abri_velo.34022,34022,H5,59009,2025,7,2025-07-05,Samedi,65.5,Villeneuve-d'Ascq,Villeneuve d'Ascq - 4 Cantons Stade Pierre Mauroy,50.605006,3.139401,POINT (50.605006 3.139401)
comptage_abri_velo.34023,34023,H3,59350,2025,10,2025-10-30,Jeudi,10.3,Lille,Lomme - Saint Philibert,50.653009,2.97502,POINT (50.653009 2.97502)
comptage_abri_velo.34024,34024,A28,59599,2025,7,2025-07-09,Mercredi,3,Tourcoing,Tourcoing - Gare,50.716812,3.166903,POINT (50.716812 3.166903)
comptage_abri_velo.34025,34025,A22,59560,2025,10,2025-10-17,Vendredi,8.67,Seclin,Seclin - Gare,50.547452,3.034268,POINT (50.547452 3.034268)
comptage_abri_velo.34026,34026,H2,59350,2025,11,2025-11-08,Samedi,6.2,Lille,Lille - C.H.U. Eurasanté,50.607865,3.040099,POINT (50.607865 3.040099)
comptage_abri_velo.34027,34027,H1,59017,2025,12,2025-12-07,Dimanche,22,Armentières,Armentières - Gare,50.680972,2.877374,POINT (50.680972 2.877374)
comptage_abri_velo.34028,34028,A22,59560,2025,9,2025-09-01,Lundi,6,Seclin,Seclin - Gare,50.547452,3.034268,POINT (50.547452 3.034268)
comptage_abri_velo.34029,34029,A5,59350,2025,7,2025-07-28,Lundi,18,Lille,Lomme - Maison des Enfants,50.646144,2.994472,POINT (50.646144 2.994472)
comptage_abri_velo.34030,34030,H4,59524,2025,10,2025-10-24,Vendredi,18.75,Sainghin-en-Weppes,Sainghin-en-Weppes - Don Sainghin,50.55142,2.914022,POINT (50.55142 2.914022)
comptage_abri_velo.34031,34031,A8,59636,2025,6,2025-06-05,Jeudi,12,Wambrechies,Wambrechies - Mairie,50.686433,3.053429,POINT (50.686433 3.053429)
comptage_abri_velo.34032,34032,H6,59009,2025,12,2025-12-14,Dimanche,27,Villeneuve-d'Ascq,Villeneuve d'Ascq - Les Prés Edgard Pisani,50.650048,3.125509,POINT (50.650048 3.125509)
comptage_abri_velo.34033,34033,H6,59009,2025,12,2025-12-11,Jeudi,31.6,Villeneuve-d'Ascq,Villeneuve d'Ascq - Les Prés Edgard Pisani,50.650048,3.125509,POINT (50.650048 3.125509)
comptage_abri_velo.34034,34034,H4,59524,2025,11,2025-11-11,Mardi,10.14,Sainghin-en-Weppes,Sainghin-en-Weppes - Don Sainghin,50.55142,2.914022,POINT (50.55142 2.914022)
comptage_abri_velo.34035,34035,A11,59650,2025,4,2025-04-22,Mardi,1,Wattrelos,Wattrelos - Centre,50.701454,3.214476,POINT (50.701454 3.214476)
comptage_abri_velo.34036,34036,H3,59350,2025,4,2025-04-01,Mardi,13.56,Lille,Lomme - Saint Philibert,50.653009,2.97502,POINT (50.653009 2.97502)
comptage_abri_velo.34037,34037,H3,59350,2025,4,2025-04-14,Lundi,7.86,Lille,Lomme - Saint Philibert,50.653009,2.97502,POINT (50.653009 2.97502)
comptage_abri_velo.34038,34038,A18,59410,2025,6,2025-06-18,Mercredi,20,Mons-en-Barœul,Mons-en-Baroeul - Mairie,50.642837,3.1101,POINT (50.642837 3.1101)
comptage_abri_velo.34039,34039,H3,59350,2025,12,2025-12-13,Samedi,6,Lille,Lomme - Saint Philibert,50.653009,2.97502,POINT (50.653009 2.97502)
comptage_abri_velo.34040,34040,A20,59350,2025,11,2025-11-27,Jeudi,31,Lille,Lille - Wazemmes,50.623358,3.051647,POINT (50.623358 3.051647)
comptage_abri_velo.34041,34041,H6,59009,2025,7,2025-07-18,Vendredi,27.18,Villeneuve-d'Ascq,Villeneuve d'Ascq - Les Prés Edgard Pisani,50.650048,3.125509,POINT (50.650048 3.125509)
comptage_abri_velo.34042,34042,H2,59350,2025,9,2025-09-21,Dimanche,3,Lille,Lille - C.H.U. Eurasanté,50.607865,3.040099,POINT (50.607865 3.040099)
comptage_abri_velo.34043,34043,H4,59524,2025,4,2025-04-27,Dimanche,6.43,Sainghin-en-Weppes,Sainghin-en-Weppes - Don Sainghin,50.55142,2.914022,POINT (50.55142 2.914022)
comptage_abri_velo.34044,34044,A12,59368,2025,8,2025-08-29,Vendredi,8,La Madeleine,La Madeleine - Romarin,50.645694,3.075042,POINT (50.645694 3.075042)
comptage_abri_velo.34045,34045,H5,59009,2025,8,2025-08-29,Vendredi,52.95,Villeneuve-d'Ascq,Villeneuve d'Ascq - 4 Cantons Stade Pierre Mauroy,50.605006,3.139401,POINT (50.605006 3.139401)
comptage_abri_velo.34046,34046,H3,59350,2025,12,2025-12-06,Samedi,6.56,Lille,Lomme - Saint Philibert,50.653009,2.97502,POINT (50.653009 2.97502)
comptage_abri_velo.34047,34047,A5,59350,2025,12,2025-12-12,Vendredi,19,Lille,Lomme - Maison des Enfants,50.646144,2.994472,POINT (50.646144 2.994472)
comptage_abri_velo.34048,34048,H1,59017,2025,9,2025-09-08,Lundi,34,Armentières,Armentières - Gare,50.680972,2.877374,POINT (50.680972 2.877374)
comptage_abri_velo.34049,34049,A22,59560,2025,5,2025-05-20,Mardi,7.67,Seclin,Seclin - Gare,50.547452,3.034268,POINT (50.547452 3.034268)
comptage_abri_velo.34050,34050,A1,59286,2025,9,2025-09-10,Mercredi,5,Haubourdin,Haubourdin - Jardin Public,50.611361,2.988615,POINT (50.611361 2.988615)
comptage_abri_velo.34051,34051,H1,59017,2025,7,2025-07-26,Samedi,21,Armentières,Armentières - Gare,50.680972,2.877374,POINT (50.680972 2.877374)
comptage_abri_velo.34052,34052,A22,59560,2025,9,2025-09-11,Jeudi,7.5,Seclin,Seclin - Gare,50.547452,3.034268,POINT (50.547452 3.034268)
comptage_abri_velo.34053,34053,A20,59350,2025,4,2025-04-10,Jeudi,26,Lille,Lille - Wazemmes,50.623358,3.051647,POINT (50.623358 3.051647)
comptage_abri_velo.34054,34054,A24,59512,2025,6,2025-06-05,Jeudi,8,Roubaix,Roubaix - Eurotéléport,50.691165,3.179592,POINT (50.691165 3.179592)
comptage_abri_velo.34055,34055,A22,59560,2025,7,2025-07-03,Jeudi,6.8,Seclin,Seclin - Gare,50.547452,3.034268,POINT (50.547452 3.034268)
comptage_abri_velo.34056,34056,H5,59009,2025,9,2025-09-25,Jeudi,57.05,Villeneuve-d'Ascq,Villeneuve d'Ascq - 4 Cantons Stade Pierre Mauroy,50.605006,3.139401,POINT (50.605006 3.139401)
comptage_abri_velo.34057,34057,H2,59350,2025,11,2025-11-13,Jeudi,7.8,Lille,Lille - C.H.U. Eurasanté,50.607865,3.040099,POINT (50.607865 3.040099)
comptage_abri_velo.34058,34058,H4,59524,2025,12,2025-12-09,Mardi,18.13,Sainghin-en-Weppes,Sainghin-en-Weppes - Don Sainghin,50.55142,2.914022,POINT (50.55142 2.914022)
comptage_abri_velo.34059,34059,H6,59009,2025,4,2025-04-14,Lundi,27.5,Villeneuve-d'Ascq,Villeneuve d'Ascq - Les Prés Edgard Pisani,50.650048,3.125509,POINT (50.650048 3.125509)
comptage_abri_velo.34060,34060,H5,59009,2025,6,2025-06-06,Vendredi,55.5,Villeneuve-d'Ascq,Villeneuve d'Ascq - 4 Cantons Stade Pierre Mauroy,50.605006,3.139401,POINT (50.605006 3.139401)
comptage_abri_velo.34061,34061,H5,59009,2025,10,2025-10-27,Lundi,42.71,Villeneuve-d'Ascq,Villeneuve d'Ascq - 4 Cantons Stade Pierre Mauroy,50.605006,3.139401,POINT (50.605006 3.139401)
comptage_abri_velo.34062,34062,H5,59009,2025,12,2025-12-18,Jeudi,37.62,Villeneuve-d'Ascq,Villeneuve d'Ascq - 4 Cantons Stade Pierre Mauroy,50.605006,3.139401,POINT (50.605006 3.139401)
comptage_abri_velo.34063,34063,H5,59009,2025,10,2025-10-28,Mardi,41.76,Villeneuve-d'Ascq,Villeneuve d'Ascq - 4 Cantons Stade Pierre Mauroy,50.605006,3.139401,POINT (50.605006 3.139401)
comptage_abri_velo.34064,34064,A22,59560,2025,12,2025-12-01,Lundi,5.5,Seclin,Seclin - Gare,50.547452,3.034268,POINT (50.547452 3.034268)
comptage_abri_velo.34065,34065,H5,59009,2025,8,2025-08-01,Vendredi,47.62,Villeneuve-d'Ascq,Villeneuve d'Ascq - 4 Cantons Stade Pierre Mauroy,50.605006,3.139401,POINT (50.605006 3.139401)
comptage_abri_velo.34066,34066,H2,59350,2025,10,2025-10-25,Samedi,4.4,Lille,Lille - C.H.U. Eurasanté,50.607865,3.040099,POINT (50.607865 3.040099)
comptage_abri_velo.34067,34067,H3,59350,2025,6,2025-06-03,Mardi,13.17,Lille,Lomme - Saint Philibert,50.653009,2.97502,POINT (50.653009 2.97502)
comptage_abri_velo.34068,34068,H5,59009,2025,6,2025-06-21,Samedi,63.95,Villeneuve-d'Ascq,Villeneuve d'Ascq - 4 Cantons Stade Pierre Mauroy,50.605006,3.139401,POINT (50.605006 3.139401)
comptage_abri_velo.34069,34069,A4,59646,2025,12,2025-12-24,Mercredi,21,Wasquehal,Wasquehal - Pavé de Lille,50.664155,3.130022,POINT (50.664155 3.130022)
comptage_abri_velo.34070,34070,H5,59009,2025,8,2025-08-15,Vendredi,55.71,Villeneuve-d'Ascq,Villeneuve d'Ascq - 4 Cantons Stade Pierre Mauroy,50.605006,3.139401,POINT (50.605006 3.139401)
comptage_abri_velo.34071,34071,H3,59350,2025,6,2025-06-21,Samedi,5.56,Lille,Lomme - Saint Philibert,50.653009,2.97502,POINT (50.653009 2.97502)
comptage_abri_velo.34072,34072,H5,59009,2025,11,2025-11-20,Jeudi,35.1,Villeneuve-d'Ascq,Villeneuve d'Ascq - 4 Cantons Stade Pierre Mauroy,50.605006,3.139401,POINT (50.605006 3.139401)
comptage_abri_velo.34073,34073,H5,59009,2025,8,2025-08-23,Samedi,55.9,Villeneuve-d'Ascq,Villeneuve d'Ascq - 4 Cantons Stade Pierre Mauroy,50.605006,3.139401,POINT (50.605006 3.139401)
comptage_abri_velo.34074,34074,H6,59009,2025,8,2025-08-08,Vendredi,27.9,Villeneuve-d'Ascq,Villeneuve d'Ascq - Les Prés Edgard Pisani,50.650048,3.125509,POINT (50.650048 3.125509)
comptage_abri_velo.34075,34075,A22,59560,2025,6,2025-06-24,Mardi,5.5,Seclin,Seclin - Gare,50.547452,3.034268,POINT (50.547452 3.034268)
comptage_abri_velo.34076,34076,H5,59009,2025,6,2025-06-05,Jeudi,55.43,Villeneuve-d'Ascq,Villeneuve d'Ascq - 4 Cantons Stade Pierre Mauroy,50.605006,3.139401,POINT (50.605006 3.139401)
comptage_abri_velo.34077,34077,A22,59560,2025,10,2025-10-27,Lundi,8.88,Seclin,Seclin - Gare,50.547452,3.034268,POINT (50.547452 3.034268)
comptage_abri_velo.34078,34078,A25,59512,2025,9,2025-09-22,Lundi,6,Roubaix,Roubaix - Épeule Montesquieu,50.68397,3.162923,POINT (50.68397 3.162923)
comptage_abri_velo.34079,34079,H5,59009,2025,5,2025-05-03,Samedi,52.68,Villeneuve-d'Ascq,Villeneuve d'Ascq - 4 Cantons Stade Pierre Mauroy,50.605006,3.139401,POINT (50.605006 3.139401)
comptage_abri_velo.34080,34080,A16,59421,2025,11,2025-11-21,Vendredi,13,Mouvaux,Mouvaux - 3 Suisses,50.69899,3.138302,POINT (50.69899 3.138302)
comptage_abri_velo.34081,34081,H5,59009,2025,12,2025-12-27,Samedi,39.32,Villeneuve-d'Ascq,Villeneuve d'Ascq - 4 Cantons Stade Pierre Mauroy,50.605006,3.139401,POINT (50.605006 3.139401)
comptage_abri_velo.34082,34082,H4,59524,2025,6,2025-06-30,Lundi,15.4,Sainghin-en-Weppes,Sainghin-en-Weppes - Don Sainghin,50.55142,2.914022,POINT (50.55142 2.914022)
comptage_abri_velo.34083,34083,A28,59599,2025,5,2025-05-22,Jeudi,1,Tourcoing,Tourcoing - Gare,50.716812,3.166903,POINT (50.716812 3.166903)
comptage_abri_velo.34084,34084,H3,59350,2025,9,2025-09-12,Vendredi,10.56,Lille,Lomme - Saint Philibert,50.653009,2.97502,POINT (50.653009 2.97502)
comptage_abri_velo.34085,34085,A3,59009,2025,7,2025-07-28,Lundi,8,Villeneuve-d'Ascq,Villeneuve d'Ascq - Pont de Bois,50.624619,3.127947,POINT (50.624619 3.127947)
comptage_abri_velo.34086,34086,H6,59009,2025,5,2025-05-05,Lundi,26.8,Villeneuve-d'Ascq,Villeneuve d'Ascq - Les Prés Edgard Pisani,50.650048,3.125509,POINT (50.650048 3.125509)
comptage_abri_velo.34087,34087,A22,59560,2025,10,2025-10-21,Mardi,8,Seclin,Seclin - Gare,50.547452,3.034268,POINT (50.547452 3.034268)
comptage_abri_velo.34088,34088,H4,59524,2025,10,2025-10-28,Mardi,12.88,Sainghin-en-Weppes,Sainghin-en-Weppes - Don Sainghin,50.55142,2.914022,POINT (50.55142 2.914022)
comptage_abri_velo.34089,34089,H4,59524,2025,11,2025-11-19,Mercredi,14.13,Sainghin-en-Weppes,Sainghin-en-Weppes - Don Sainghin,50.55142,2.914022,POINT (50.55142 2.914022)
comptage_abri_velo.34090,34090,H2,59350,2025,9,2025-09-10,Mercredi,3.9,Lille,Lille - C.H.U. Eurasanté,50.607865,3.040099,POINT (50.607865 3.040099)
comptage_abri_velo.34091,34091,A22,59560,2025,10,2025-10-19,Dimanche,5.14,Seclin,Seclin - Gare,50.547452,3.034268,POINT (50.547452 3.034268)
comptage_abri_velo.34092,34092,H6,59009,2025,10,2025-10-04,Samedi,28.7,Villeneuve-d'Ascq,Villeneuve d'Ascq - Les Prés Edgard Pisani,50.650048,3.125509,POINT (50.650048 3.125509)
comptage_abri_velo.34093,34093,A18,59410,2025,7,2025-07-23,Mercredi,20,Mons-en-Barœul,Mons-en-Baroeul - Mairie,50.642837,3.1101,POINT (50.642837 3.1101)
comptage_abri_velo.34094,34094,H2,59350,2025,4,2025-04-27,Dimanche,4,Lille,Lille - C.H.U. Eurasanté,50.607865,3.040099,POINT (50.607865 3.040099)
comptage_abri_velo.34095,34095,H6,59009,2025,9,2025-09-29,Lundi,30.44,Villeneuve-d'Ascq,Villeneuve d'Ascq - Les Prés Edgard Pisani,50.650048,3.125509,POINT (50.650048 3.125509)
comptage_abri_velo.34096,34096,H3,59350,2025,8,2025-08-16,Samedi,4.29,Lille,Lomme - Saint Philibert,50.653009,2.97502,POINT (50.653009 2.97502)
comptage_abri_velo.34097,34097,H6,59009,2025,8,2025-08-26,Mardi,29.9,Villeneuve-d'Ascq,Villeneuve d'Ascq - Les Prés Edgard Pisani,50.650048,3.125509,POINT (50.650048 3.125509)
comptage_abri_velo.34098,34098,H3,59350,2025,11,2025-11-06,Jeudi,12.38,Lille,Lomme - Saint Philibert,50.653009,2.97502,POINT (50.653009 2.97502)
comptage_abri_velo.34099,34099,H3,59350,2025,11,2025-11-22,Samedi,7,Lille,Lomme - Saint Philibert,50.653009,2.97502,POINT (50.653009 2.97502)
comptage_abri_velo.34100,34100,H3,59350,2025,6,2025-06-22,Dimanche,5.5,Lille,Lomme - Saint Philibert,50.653009,2.97502,POINT (50.653009 2.97502)
comptage_abri_velo.34101,34101,H1,59017,2025,10,2025-10-16,Jeudi,43.86,Armentières,Armentières - Gare,50.680972,2.877374,POINT (50.680972 2.877374)
comptage_abri_velo.34102,34102,A1,59286,2025,8,2025-08-12,Mardi,0,Haubourdin,Haubourdin - Jardin Public,50.611361,2.988615,POINT (50.611361 2.988615)
comptage_abri_velo.34103,34103,H6,59009,2025,10,2025-10-19,Dimanche,29,Villeneuve-d'Ascq,Villeneuve d'Ascq - Les Prés Edgard Pisani,50.650048,3.125509,POINT (50.650048 3.125509)
comptage_abri_velo.34104,34104,H1,59017,2025,12,2025-12-20,Samedi,23.78,Armentières,Armentières - Gare,50.680972,2.877374,POINT (50.680972 2.877374)
comptage_abri_velo.34105,34105,H4,59524,2025,6,2025-06-05,Jeudi,15.22,Sainghin-en-Weppes,Sainghin-en-Weppes - Don Sainghin,50.55142,2.914022,POINT (50.55142 2.914022)
comptage_abri_velo.34106,34106,H2,59350,2025,7,2025-07-27,Dimanche,3,Lille,Lille - C.H.U. Eurasanté,50.607865,3.040099,POINT (50.607865 3.040099)
comptage_abri_velo.34107,34107,A22,59560,2025,7,2025-07-07,Lundi,4.38,Seclin,Seclin - Gare,50.547452,3.034268,POINT (50.547452 3.034268)
comptage_abri_velo.34108,34108,H1,59017,2025,4,2025-04-04,Vendredi,36.25,Armentières,Armentières - Gare,50.680972,2.877374,POINT (50.680972 2.877374)
comptage_abri_velo.34109,34109,H6,59009,2025,11,2025-11-15,Samedi,28.3,Villeneuve-d'Ascq,Villeneuve d'Ascq - Les Prés Edgard Pisani,50.650048,3.125509,POINT (50.650048 3.125509)
comptage_abri_velo.34110,34110,H5,59009,2025,10,2025-10-09,Jeudi,54.29,Villeneuve-d'Ascq,Villeneuve d'Ascq - 4 Cantons Stade Pierre Mauroy,50.605006,3.139401,POINT (50.605006 3.139401)
comptage_abri_velo.34111,34111,H1,59017,2025,8,2025-08-15,Vendredi,16.22,Armentières,Armentières - Gare,50.680972,2.877374,POINT (50.680972 2.877374)
comptage_abri_velo.34112,34112,A22,59560,2025,7,2025-07-22,Mardi,2.8,Seclin,Seclin - Gare,50.547452,3.034268,POINT (50.547452 3.034268)
comptage_abri_velo.34113,34113,A21,59360,2025,12,2025-12-10,Mercredi,8,Loos,Loos - Mairie,50.614588,3.012336,POINT (50.614588 3.012336)
comptage_abri_velo.34114,34114,A6,59163,2025,9,2025-09-25,Jeudi,21,Croix,Croix - Centre,50.674954,3.145916,POINT (50.674954 3.145916)
comptage_abri_velo.34115,34115,H4,59524,2025,6,2025-06-15,Dimanche,6,Sainghin-en-Weppes,Sainghin-en-Weppes - Don Sainghin,50.55142,2.914022,POINT (50.55142 2.914022)
comptage_abri_velo.34116,34116,H2,59350,2025,10,2025-10-18,Samedi,5.5,Lille,Lille - C.H.U. Eurasanté,50.607865,3.040099,POINT (50.607865 3.040099)
comptage_abri_velo.34117,34117,H4,59524,2025,8,2025-08-22,Vendredi,9.88,Sainghin-en-Weppes,Sainghin-en-Weppes - Don Sainghin,50.55142,2.914022,POINT (50.55142 2.914022)
comptage_abri_velo.34118,34118,A6,59163,2025,7,2025-07-29,Mardi,17,Croix,Croix - Centre,50.674954,3.145916,POINT (50.674954 3.145916)
comptage_abri_velo.34119,34119,H6,59009,2025,6,2025-06-11,Mercredi,26,Villeneuve-d'Ascq,Villeneuve d'Ascq - Les Prés Edgard Pisani,50.650048,3.125509,POINT (50.650048 3.125509)
comptage_abri_velo.34120,34120,A7,59482,2025,7,2025-07-29,Mardi,16,Quesnoy-sur-Deûle,Quesnoy-sur-Deûle  - Mairie,50.712951,3.000769,POINT (50.712951 3.000769)
comptage_abri_velo.34121,34121,H2,59350,2025,11,2025-11-04,Mardi,9.67,Lille,Lille - C.H.U. Eurasanté,50.607865,3.040099,POINT (50.607865 3.040099)
comptage_abri_velo.34122,34122,H3,59350,2025,11,2025-11-14,Vendredi,13.9,Lille,Lomme - Saint Philibert,50.653009,2.97502,POINT (50.653009 2.97502)
comptage_abri_velo.34123,34123,H1,59017,2025,6,2025-06-21,Samedi,22.33,Armentières,Armentières - Gare,50.680972,2.877374,POINT (50.680972 2.877374)
comptage_abri_velo.34124,34124,H1,59017,2025,4,2025-04-15,Mardi,32.4,Armentières,Armentières - Gare,50.680972,2.877374,POINT (50.680972 2.877374)
comptage_abri_velo.34125,34125,H1,59017,2025,9,2025-09-03,Mercredi,28.29,Armentières,Armentières - Gare,50.680972,2.877374,POINT (50.680972 2.877374)
comptage_abri_velo.34126,34126,H1,59017,2025,12,2025-12-26,Vendredi,23.22,Armentières,Armentières - Gare,50.680972,2.877374,POINT (50.680972 2.877374)
comptage_abri_velo.34127,34127,H2,59350,2025,4,2025-04-13,Dimanche,3,Lille,Lille - C.H.U. Eurasanté,50.607865,3.040099,POINT (50.607865 3.040099)
comptage_abri_velo.34128,34128,A28,59599,2025,11,2025-11-14,Vendredi,3,Tourcoing,Tourcoing - Gare,50.716812,3.166903,POINT (50.716812 3.166903)
comptage_abri_velo.34129,34129,H4,59524,2025,9,2025-09-22,Lundi,17.75,Sainghin-en-Weppes,Sainghin-en-Weppes - Don Sainghin,50.55142,2.914022,POINT (50.55142 2.914022)
comptage_abri_velo.34130,34130,H5,59009,2025,8,2025-08-13,Mercredi,55.76,Villeneuve-d'Ascq,Villeneuve d'Ascq - 4 Cantons Stade Pierre Mauroy,50.605006,3.139401,POINT (50.605006 3.139401)
comptage_abri_velo.34131,34131,H5,59009,2025,12,2025-12-03,Mercredi,39.05,Villeneuve-d'Ascq,Villeneuve d'Ascq - 4 Cantons Stade Pierre Mauroy,50.605006,3.139401,POINT (50.605006 3.139401)
comptage_abri_velo.34132,34132,A17,59279,2025,9,2025-09-25,Jeudi,6,Halluin,Halluin - Centre,50.780946,3.119719,POINT (50.780946 3.119719)
comptage_abri_velo.34133,34133,H3,59350,2025,8,2025-08-03,Dimanche,4,Lille,Lomme - Saint Philibert,50.653009,2.97502,POINT (50.653009 2.97502)
comptage_abri_velo.34134,34134,H2,59350,2025,12,2025-12-03,Mercredi,6.5,Lille,Lille - C.H.U. Eurasanté,50.607865,3.040099,POINT (50.607865 3.040099)
comptage_abri_velo.34135,34135,H1,59017,2025,7,2025-07-24,Jeudi,25,Armentières,Armentières - Gare,50.680972,2.877374,POINT (50.680972 2.877374)
comptage_abri_velo.34136,34136,H2,59350,2025,5,2025-05-23,Vendredi,6.6,Lille,Lille - C.H.U. Eurasanté,50.607865,3.040099,POINT (50.607865 3.040099)
comptage_abri_velo.34137,34137,A22,59560,2025,12,2025-12-25,Jeudi,8,Seclin,Seclin - Gare,50.547452,3.034268,POINT (50.547452 3.034268)
comptage_abri_velo.34138,34138,A22,59560,2025,12,2025-12-22,Lundi,7.43,Seclin,Seclin - Gare,50.547452,3.034268,POINT (50.547452 3.034268)
comptage_abri_velo.34139,34139,H5,59009,2025,10,2025-10-06,Lundi,56.86,Villeneuve-d'Ascq,Villeneuve d'Ascq - 4 Cantons Stade Pierre Mauroy,50.605006,3.139401,POINT (50.605006 3.139401)
comptage_abri_velo.34140,34140,H2,59350,2025,7,2025-07-29,Mardi,4.2,Lille,Lille - C.H.U. Eurasanté,50.607865,3.040099,POINT (50.607865 3.040099)
comptage_abri_velo.34141,34141,H3,59350,2025,12,2025-12-24,Mercredi,6.5,Lille,Lomme - Saint Philibert,50.653009,2.97502,POINT (50.653009 2.97502)
comptage_abri_velo.34142,34142,H6,59009,2025,4,2025-04-26,Samedi,26.5,Villeneuve-d'Ascq,Villeneuve d'Ascq - Les Prés Edgard Pisani,50.650048,3.125509,POINT (50.650048 3.125509)
comptage_abri_velo.34143,34143,H2,59350,2025,8,2025-08-23,Samedi,4.22,Lille,Lille - C.H.U. Eurasanté,50.607865,3.040099,POINT (50.607865 3.040099)
comptage_abri_velo.34144,34144,H5,59009,2025,12,2025-12-01,Lundi,40.57,Villeneuve-d'Ascq,Villeneuve d'Ascq - 4 Cantons Stade Pierre Mauroy,50.605006,3.139401,POINT (50.605006 3.139401)
comptage_abri_velo.34145,34145,A3,59009,2025,9,2025-09-10,Mercredi,10,Villeneuve-d'Ascq,Villeneuve d'Ascq - Pont de Bois,50.624619,3.127947,POINT (50.624619 3.127947)
comptage_abri_velo.34146,34146,H3,59350,2025,7,2025-07-28,Lundi,7.25,Lille,Lomme - Saint Philibert,50.653009,2.97502,POINT (50.653009 2.97502)
comptage_abri_velo.34147,34147,H1,59017,2025,11,2025-11-08,Samedi,26,Armentières,Armentières - Gare,50.680972,2.877374,POINT (50.680972 2.877374)
comptage_abri_velo.34148,34148,A22,59560,2025,12,2025-12-23,Mardi,8,Seclin,Seclin - Gare,50.547452,3.034268,POINT (50.547452 3.034268)
comptage_abri_velo.34149,34149,H4,59524,2025,8,2025-08-10,Dimanche,7.88,Sainghin-en-Weppes,Sainghin-en-Weppes - Don Sainghin,50.55142,2.914022,POINT (50.55142 2.914022)
comptage_abri_velo.34150,34150,H4,59524,2025,10,2025-10-04,Samedi,7.5,Sainghin-en-Weppes,Sainghin-en-Weppes - Don Sainghin,50.55142,2.914022,POINT (50.55142 2.914022)
comptage_abri_velo.34151,34151,A22,59560,2025,9,2025-09-08,Lundi,5.25,Seclin,Seclin - Gare,50.547452,3.034268,POINT (50.547452 3.034268)
comptage_abri_velo.34152,34152,H4,59524,2025,9,2025-09-20,Samedi,5.75,Sainghin-en-Weppes,Sainghin-en-Weppes - Don Sainghin,50.55142,2.914022,POINT (50.55142 2.914022)
comptage_abri_velo.34153,34153,A10,59507,2025,7,2025-07-12,Samedi,5,Ronchin,Ronchin - Mairie,50.605669,3.077856,POINT (50.605669 3.077856)
comptage_abri_velo.34154,34154,A17,59279,2025,4,2025-04-10,Jeudi,5,Halluin,Halluin - Centre,50.780946,3.119719,POINT (50.780946 3.119719)
comptage_abri_velo.34155,34155,A22,59560,2025,5,2025-05-21,Mercredi,5.5,Seclin,Seclin - Gare,50.547452,3.034268,POINT (50.547452 3.034268)
comptage_abri_velo.34156,34156,H1,59017,2025,12,2025-12-19,Vendredi,28.67,Armentières,Armentières - Gare,50.680972,2.877374,POINT (50.680972 2.877374)
comptage_abri_velo.34157,34157,H3,59350,2025,6,2025-06-02,Lundi,11.86,Lille,Lomme - Saint Philibert,50.653009,2.97502,POINT (50.653009 2.97502)
comptage_abri_velo.34158,34158,A19,59350,2025,6,2025-06-18,Mercredi,31,Lille,Lille - Porte des Postes,50.617921,3.049909,POINT (50.617921 3.049909)
comptage_abri_velo.34159,34159,H6,59009,2025,9,2025-09-02,Mardi,26.9,Villeneuve-d'Ascq,Villeneuve d'Ascq - Les Prés Edgard Pisani,50.650048,3.125509,POINT (50.650048 3.125509)
comptage_abri_velo.34160,34160,A22,59560,2025,9,2025-09-17,Mercredi,8.57,Seclin,Seclin - Gare,50.547452,3.034268,POINT (50.547452 3.034268)
comptage_abri_velo.34161,34161,H4,59524,2025,11,2025-11-14,Vendredi,16.13,Sainghin-en-Weppes,Sainghin-en-Weppes - Don Sainghin,50.55142,2.914022,POINT (50.55142 2.914022)
comptage_abri_velo.34162,34162,A22,59560,2025,8,2025-08-28,Jeudi,5.38,Seclin,Seclin - Gare,50.547452,3.034268,POINT (50.547452 3.034268)
comptage_abri_velo.34163,34163,H1,59017,2025,12,2025-12-17,Mercredi,27.14,Armentières,Armentières - Gare,50.680972,2.877374,POINT (50.680972 2.877374)
comptage_abri_velo.34164,34164,H3,59350,2025,7,2025-07-25,Vendredi,7.63,Lille,Lomme - Saint Philibert,50.653009,2.97502,POINT (50.653009 2.97502)
comptage_abri_velo.34165,34165,H5,59009,2025,9,2025-09-11,Jeudi,55.95,Villeneuve-d'Ascq,Villeneuve d'Ascq - 4 Cantons Stade Pierre Mauroy,50.605006,3.139401,POINT (50.605006 3.139401)
comptage_abri_velo.34166,34166,A27,59350,2025,12,2025-12-10,Mercredi,13,Lille,Hellemmes - Mairie,50.627533,3.109026,POINT (50.627533 3.109026)
comptage_abri_velo.34167,34167,H6,59009,2025,10,2025-10-30,Jeudi,28.3,Villeneuve-d'Ascq,Villeneuve d'Ascq - Les Prés Edgard Pisani,50.650048,3.125509,POINT (50.650048 3.125509)
comptage_abri_velo.34168,34168,H4,59524,2025,10,2025-10-17,Vendredi,20,Sainghin-en-Weppes,Sainghin-en-Weppes - Don Sainghin,50.55142,2.914022,POINT (50.55142 2.914022)
comptage_abri_velo.34169,34169,H1,59017,2025,10,2025-10-09,Jeudi,27,Armentières,Armentières - Gare,50.680972,2.877374,POINT (50.680972 2.877374)
comptage_abri_velo.34170,34170,A3,59009,2025,7,2025-07-16,Mercredi,6,Villeneuve-d'Ascq,Villeneuve d'Ascq - Pont de Bois,50.624619,3.127947,POINT (50.624619 3.127947)
comptage_abri_velo.34171,34171,H6,59009,2025,7,2025-07-26,Samedi,26.2,Villeneuve-d'Ascq,Villeneuve d'Ascq - Les Prés Edgard Pisani,50.650048,3.125509,POINT (50.650048 3.125509)
comptage_abri_velo.34172,34172,A10,59507,2025,11,2025-11-27,Jeudi,4,Ronchin,Ronchin - Mairie,50.605669,3.077856,POINT (50.605669 3.077856)
comptage_abri_velo.34173,34173,A22,59560,2025,12,2025-12-30,Mardi,6.88,Seclin,Seclin - Gare,50.547452,3.034268,POINT (50.547452 3.034268)
comptage_abri_velo.34174,34174,H5,59009,2025,4,2025-04-27,Dimanche,53.1,Villeneuve-d'Ascq,Villeneuve d'Ascq - 4 Cantons Stade Pierre Mauroy,50.605006,3.139401,POINT (50.605006 3.139401)
comptage_abri_velo.34175,34175,A22,59560,2025,6,2025-06-02,Lundi,8,Seclin,Seclin - Gare,50.547452,3.034268,POINT (50.547452 3.034268)
comptage_abri_velo.34176,34176,A21,59360,2025,10,2025-10-13,Lundi,6,Loos,Loos - Mairie,50.614588,3.012336,POINT (50.614588 3.012336)
comptage_abri_velo.34177,34177,H6,59009,2025,6,2025-06-03,Mardi,25.3,Villeneuve-d'Ascq,Villeneuve d'Ascq - Les Prés Edgard Pisani,50.650048,3.125509,POINT (50.650048 3.125509)
comptage_abri_velo.34178,34178,H4,59524,2025,5,2025-05-11,Dimanche,6.43,Sainghin-en-Weppes,Sainghin-en-Weppes - Don Sainghin,50.55142,2.914022,POINT (50.55142 2.914022)
comptage_abri_velo.34179,34179,H5,59009,2025,12,2025-12-09,Mardi,37.62,Villeneuve-d'Ascq,Villeneuve d'Ascq - 4 Cantons Stade Pierre Mauroy,50.605006,3.139401,POINT (50.605006 3.139401)
comptage_abri_velo.34180,34180,H4,59524,2025,12,2025-12-18,Jeudi,14.38,Sainghin-en-Weppes,Sainghin-en-Weppes - Don Sainghin,50.55142,2.914022,POINT (50.55142 2.914022)
comptage_abri_velo.34181,34181,A22,59560,2025,8,2025-08-11,Lundi,3.29,Seclin,Seclin - Gare,50.547452,3.034268,POINT (50.547452 3.034268)
comptage_abri_velo.34182,34182,H2,59350,2025,12,2025-12-30,Mardi,4.2,Lille,Lille - C.H.U. Eurasanté,50.607865,3.040099,POINT (50.607865 3.040099)
comptage_abri_velo.34183,34183,A13,59299,2025,9,2025-09-25,Jeudi,2,Hem,Hem - 3 Fermes,50.662576,3.200574,POINT (50.662576 3.200574)
comptage_abri_velo.34184,34184,A19,59350,2025,10,2025-10-08,Mercredi,6,Lille,Lille - Porte des Postes,50.617921,3.049909,POINT (50.617921 3.049909)
comptage_abri_velo.34185,34185,H2,59350,2025,7,2025-07-09,Mercredi,6.11,Lille,Lille - C.H.U. Eurasanté,50.607865,3.040099,POINT (50.607865 3.040099)
comptage_abri_velo.34186,34186,H6,59009,2025,12,2025-12-04,Jeudi,29.64,Villeneuve-d'Ascq,Villeneuve d'Ascq - Les Prés Edgard Pisani,50.650048,3.125509,POINT (50.650048 3.125509)
comptage_abri_velo.34187,34187,A22,59560,2025,9,2025-09-22,Lundi,9.75,Seclin,Seclin - Gare,50.547452,3.034268,POINT (50.547452 3.034268)
comptage_abri_velo.34188,34188,H6,59009,2025,9,2025-09-24,Mercredi,28.73,Villeneuve-d'Ascq,Villeneuve d'Ascq - Les Prés Edgard Pisani,50.650048,3.125509,POINT (50.650048 3.125509)
comptage_abri_velo.34189,34189,H4,59524,2025,6,2025-06-28,Samedi,11.2,Sainghin-en-Weppes,Sainghin-en-Weppes - Don Sainghin,50.55142,2.914022,POINT (50.55142 2.914022)
comptage_abri_velo.34190,34190,A19,59350,2025,4,2025-04-24,Jeudi,31,Lille,Lille - Porte des Postes,50.617921,3.049909,POINT (50.617921 3.049909)
comptage_abri_velo.34191,34191,H1,59017,2025,6,2025-06-22,Dimanche,22.4,Armentières,Armentières - Gare,50.680972,2.877374,POINT (50.680972 2.877374)
comptage_abri_velo.34192,34192,H4,59524,2025,8,2025-08-04,Lundi,7.5,Sainghin-en-Weppes,Sainghin-en-Weppes - Don Sainghin,50.55142,2.914022,POINT (50.55142 2.914022)
comptage_abri_velo.34193,34193,H2,59350,2025,9,2025-09-13,Samedi,3.27,Lille,Lille - C.H.U. Eurasanté,50.607865,3.040099,POINT (50.607865 3.040099)
comptage_abri_velo.34194,34194,A25,59512,2025,12,2025-12-14,Dimanche,8,Roubaix,Roubaix - Épeule Montesquieu,50.68397,3.162923,POINT (50.68397 3.162923)
comptage_abri_velo.34195,34195,H5,59009,2025,6,2025-06-28,Samedi,59.21,Villeneuve-d'Ascq,Villeneuve d'Ascq - 4 Cantons Stade Pierre Mauroy,50.605006,3.139401,POINT (50.605006 3.139401)
comptage_abri_velo.34196,34196,H6,59009,2025,11,2025-11-30,Dimanche,30,Villeneuve-d'Ascq,Villeneuve d'Ascq - Les Prés Edgard Pisani,50.650048,3.125509,POINT (50.650048 3.125509)
comptage_abri_velo.34197,34197,A16,59421,2025,5,2025-05-22,Jeudi,4,Mouvaux,Mouvaux - 3 Suisses,50.69899,3.138302,POINT (50.69899 3.138302)
comptage_abri_velo.34198,34198,H5,59009,2025,11,2025-11-19,Mercredi,38.76,Villeneuve-d'Ascq,Villeneuve d'Ascq - 4 Cantons Stade Pierre Mauroy,50.605006,3.139401,POINT (50.605006 3.139401)
comptage_abri_velo.34199,34199,H4,59524,2025,4,2025-04-21,Lundi,3.71,Sainghin-en-Weppes,Sainghin-en-Weppes - Don Sainghin,50.55142,2.914022,POINT (50.55142 2.914022)
comptage_abri_velo.34200,34200,H2,59350,2025,12,2025-12-13,Samedi,4.1,Lille,Lille - C.H.U. Eurasanté,50.607865,3.040099,POINT (50.607865 3.040099)
comptage_abri_velo.34201,34201,A18,59410,2025,8,2025-08-29,Vendredi,24,Mons-en-Barœul,Mons-en-Baroeul - Mairie,50.642837,3.1101,POINT (50.642837 3.1101)
comptage_abri_velo.34202,34202,H6,59009,2025,6,2025-06-04,Mercredi,23.3,Villeneuve-d'Ascq,Villeneuve d'Ascq - Les Prés Edgard Pisani,50.650048,3.125509,POINT (50.650048 3.125509)
comptage_abri_velo.34203,34203,H2,59350,2025,10,2025-10-20,Lundi,6.11,Lille,Lille - C.H.U. Eurasanté,50.607865,3.040099,POINT (50.607865 3.040099)
comptage_abri_velo.34204,34204,H6,59009,2025,4,2025-04-11,Vendredi,28.8,Villeneuve-d'Ascq,Villeneuve d'Ascq - Les Prés Edgard Pisani,50.650048,3.125509,POINT (50.650048 3.125509)
comptage_abri_velo.34205,34205,A19,59350,2025,4,2025-04-10,Jeudi,36,Lille,Lille - Porte des Postes,50.617921,3.049909,POINT (50.617921 3.049909)
comptage_abri_velo.34206,34206,H1,59017,2025,8,2025-08-16,Samedi,17.75,Armentières,Armentières - Gare,50.680972,2.877374,POINT (50.680972 2.877374)
comptage_abri_velo.34207,34207,A17,59279,2025,8,2025-08-28,Jeudi,10,Halluin,Halluin - Centre,50.780946,3.119719,POINT (50.780946 3.119719)
comptage_abri_velo.34208,34208,A9,59648,2025,4,2025-04-23,Mercredi,6,Wattignies,Wattignies - Laënnec,50.589018,3.050619,POINT (50.589018 3.050619)
comptage_abri_velo.34209,34209,H6,59009,2025,7,2025-07-15,Mardi,25.22,Villeneuve-d'Ascq,Villeneuve d'Ascq - Les Prés Edgard Pisani,50.650048,3.125509,POINT (50.650048 3.125509)
comptage_abri_velo.34210,34210,H5,59009,2025,12,2025-12-30,Mardi,42.9,Villeneuve-d'Ascq,Villeneuve d'Ascq - 4 Cantons Stade Pierre Mauroy,50.605006,3.139401,POINT (50.605006 3.139401)
comptage_abri_velo.34211,34211,A11,59650,2025,8,2025-08-11,Lundi,0,Wattrelos,Wattrelos - Centre,50.701454,3.214476,POINT (50.701454 3.214476)
comptage_abri_velo.34212,34212,H3,59350,2025,5,2025-05-01,Jeudi,5,Lille,Lomme - Saint Philibert,50.653009,2.97502,POINT (50.653009 2.97502)
comptage_abri_velo.34213,34213,H1,59017,2025,10,2025-10-24,Vendredi,32,Armentières,Armentières - Gare,50.680972,2.877374,POINT (50.680972 2.877374)
comptage_abri_velo.34214,34214,A14,59599,2025,9,2025-09-25,Jeudi,25,Tourcoing,Tourcoing - Centre,50.720457,3.158724,POINT (50.720457 3.158724)
comptage_abri_velo.34215,34215,H6,59009,2025,4,2025-04-22,Mardi,26.5,Villeneuve-d'Ascq,Villeneuve d'Ascq - Les Prés Edgard Pisani,50.650048,3.125509,POINT (50.650048 3.125509)
comptage_abri_velo.34216,34216,H3,59350,2025,11,2025-11-10,Lundi,10.3,Lille,Lomme - Saint Philibert,50.653009,2.97502,POINT (50.653009 2.97502)
comptage_abri_velo.34217,34217,A22,59560,2025,10,2025-10-28,Mardi,9.13,Seclin,Seclin - Gare,50.547452,3.034268,POINT (50.547452 3.034268)
comptage_abri_velo.34218,34218,A22,59560,2025,4,2025-04-11,Vendredi,3.56,Seclin,Seclin - Gare,50.547452,3.034268,POINT (50.547452 3.034268)
comptage_abri_velo.34219,34219,H5,59009,2025,5,2025-05-16,Vendredi,53.81,Villeneuve-d'Ascq,Villeneuve d'Ascq - 4 Cantons Stade Pierre Mauroy,50.605006,3.139401,POINT (50.605006 3.139401)
comptage_abri_velo.34220,34220,H6,59009,2025,7,2025-07-01,Mardi,27.8,Villeneuve-d'Ascq,Villeneuve d'Ascq - Les Prés Edgard Pisani,50.650048,3.125509,POINT (50.650048 3.125509)
comptage_abri_velo.34221,34221,A22,59560,2025,6,2025-06-28,Samedi,2,Seclin,Seclin - Gare,50.547452,3.034268,POINT (50.547452 3.034268)
comptage_abri_velo.34222,34222,H5,59009,2025,7,2025-07-21,Lundi,49.05,Villeneuve-d'Ascq,Villeneuve d'Ascq - 4 Cantons Stade Pierre Mauroy,50.605006,3.139401,POINT (50.605006 3.139401)
comptage_abri_velo.34223,34223,H5,59009,2025,9,2025-09-18,Jeudi,59.38,Villeneuve-d'Ascq,Villeneuve d'Ascq - 4 Cantons Stade Pierre Mauroy,50.605006,3.139401,POINT (50.605006 3.139401)
comptage_abri_velo.34224,34224,A10,59507,2025,4,2025-04-11,Vendredi,6,Ronchin,Ronchin - Mairie,50.605669,3.077856,POINT (50.605669 3.077856)
comptage_abri_velo.34225,34225,H1,59017,2025,5,2025-05-20,Mardi,31.17,Armentières,Armentières - Gare,50.680972,2.877374,POINT (50.680972 2.877374)
comptage_abri_velo.34226,34226,A22,59560,2025,12,2025-12-18,Jeudi,8.88,Seclin,Seclin - Gare,50.547452,3.034268,POINT (50.547452 3.034268)
comptage_abri_velo.34227,34227,H6,59009,2025,7,2025-07-07,Lundi,27.33,Villeneuve-d'Ascq,Villeneuve d'Ascq - Les Prés Edgard Pisani,50.650048,3.125509,POINT (50.650048 3.125509)
comptage_abri_velo.34228,34228,H5,59009,2025,8,2025-08-14,Jeudi,53.43,Villeneuve-d'Ascq,Villeneuve d'Ascq - 4 Cantons Stade Pierre Mauroy,50.605006,3.139401,POINT (50.605006 3.139401)
comptage_abri_velo.34229,34229,H4,59524,2025,6,2025-06-14,Samedi,6.78,Sainghin-en-Weppes,Sainghin-en-Weppes - Don Sainghin,50.55142,2.914022,POINT (50.55142 2.914022)
comptage_abri_velo.34230,34230,A27,59350,2025,10,2025-10-16,Jeudi,18,Lille,Hellemmes - Mairie,50.627533,3.109026,POINT (50.627533 3.109026)
comptage_abri_velo.34231,34231,H3,59350,2025,8,2025-08-07,Jeudi,8,Lille,Lomme - Saint Philibert,50.653009,2.97502,POINT (50.653009 2.97502)
comptage_abri_velo.34232,34232,H2,59350,2025,4,2025-04-09,Mercredi,5.1,Lille,Lille - C.H.U. Eurasanté,50.607865,3.040099,POINT (50.607865 3.040099)
comptage_abri_velo.34233,34233,A7,59482,2025,5,2025-05-09,Vendredi,18,Quesnoy-sur-Deûle,Quesnoy-sur-Deûle  - Mairie,50.712951,3.000769,POINT (50.712951 3.000769)
comptage_abri_velo.34234,34234,A27,59350,2025,8,2025-08-31,Dimanche,18,Lille,Hellemmes - Mairie,50.627533,3.109026,POINT (50.627533 3.109026)
comptage_abri_velo.34235,34235,A12,59368,2025,12,2025-12-10,Mercredi,12,La Madeleine,La Madeleine - Romarin,50.645694,3.075042,POINT (50.645694 3.075042)
comptage_abri_velo.34236,34236,A22,59560,2025,6,2025-06-05,Jeudi,7.2,Seclin,Seclin - Gare,50.547452,3.034268,POINT (50.547452 3.034268)
comptage_abri_velo.34237,34237,H4,59524,2025,4,2025-04-07,Lundi,12.88,Sainghin-en-Weppes,Sainghin-en-Weppes - Don Sainghin,50.55142,2.914022,POINT (50.55142 2.914022)
comptage_abri_velo.34238,34238,H3,59350,2025,5,2025-05-27,Mardi,7.88,Lille,Lomme - Saint Philibert,50.653009,2.97502,POINT (50.653009 2.97502)
comptage_abri_velo.34239,34239,H2,59350,2025,9,2025-09-27,Samedi,4.2,Lille,Lille - C.H.U. Eurasanté,50.607865,3.040099,POINT (50.607865 3.040099)
comptage_abri_velo.34240,34240,H4,59524,2025,10,2025-10-08,Mercredi,19.75,Sainghin-en-Weppes,Sainghin-en-Weppes - Don Sainghin,50.55142,2.914022,POINT (50.55142 2.914022)
comptage_abri_velo.34241,34241,H4,59524,2025,4,2025-04-24,Jeudi,15.25,Sainghin-en-Weppes,Sainghin-en-Weppes - Don Sainghin,50.55142,2.914022,POINT (50.55142 2.914022)
comptage_abri_velo.34242,34242,H3,59350,2025,10,2025-10-04,Samedi,6.1,Lille,Lomme - Saint Philibert,50.653009,2.97502,POINT (50.653009 2.97502)
comptage_abri_velo.34243,34243,H2,59350,2025,7,2025-07-04,Vendredi,4.4,Lille,Lille - C.H.U. Eurasanté,50.607865,3.040099,POINT (50.607865 3.040099)
comptage_abri_velo.34244,34244,A17,59279,2025,6,2025-06-05,Jeudi,7,Halluin,Halluin - Centre,50.780946,3.119719,POINT (50.780946 3.119719)
comptage_abri_velo.34245,34245,H5,59009,2025,9,2025-09-26,Vendredi,59.33,Villeneuve-d'Ascq,Villeneuve d'Ascq - 4 Cantons Stade Pierre Mauroy,50.605006,3.139401,POINT (50.605006 3.139401)
comptage_abri_velo.34246,34246,A5,59350,2025,12,2025-12-17,Mercredi,19,Lille,Lomme - Maison des Enfants,50.646144,2.994472,POINT (50.646144 2.994472)
comptage_abri_velo.34247,34247,H4,59524,2025,7,2025-07-03,Jeudi,18,Sainghin-en-Weppes,Sainghin-en-Weppes - Don Sainghin,50.55142,2.914022,POINT (50.55142 2.914022)
comptage_abri_velo.34248,34248,H6,59009,2025,12,2025-12-24,Mercredi,26.8,Villeneuve-d'Ascq,Villeneuve d'Ascq - Les Prés Edgard Pisani,50.650048,3.125509,POINT (50.650048 3.125509)
comptage_abri_velo.34249,34249,H4,59524,2025,8,2025-08-11,Lundi,6.88,Sainghin-en-Weppes,Sainghin-en-Weppes - Don Sainghin,50.55142,2.914022,POINT (50.55142 2.914022)
comptage_abri_velo.34250,34250,H3,59350,2025,4,2025-04-28,Lundi,10.14,Lille,Lomme - Saint Philibert,50.653009,2.97502,POINT (50.653009 2.97502)
comptage_abri_velo.34251,34251,H4,59524,2025,6,2025-06-11,Mercredi,20.44,Sainghin-en-Weppes,Sainghin-en-Weppes - Don Sainghin,50.55142,2.914022,POINT (50.55142 2.914022)
comptage_abri_velo.34252,34252,H6,59009,2025,7,2025-07-10,Jeudi,27.9,Villeneuve-d'Ascq,Villeneuve d'Ascq - Les Prés Edgard Pisani,50.650048,3.125509,POINT (50.650048 3.125509)
comptage_abri_velo.34253,34253,H3,59350,2025,10,2025-10-01,Mercredi,14.8,Lille,Lomme - Saint Philibert,50.653009,2.97502,POINT (50.653009 2.97502)
comptage_abri_velo.34254,34254,A10,59507,2025,8,2025-08-12,Mardi,2,Ronchin,Ronchin - Mairie,50.605669,3.077856,POINT (50.605669 3.077856)
comptage_abri_velo.34255,34255,A5,59350,2025,11,2025-11-13,Jeudi,20,Lille,Lomme - Maison des Enfants,50.646144,2.994472,POINT (50.646144 2.994472)
comptage_abri_velo.34256,34256,H6,59009,2025,8,2025-08-01,Vendredi,27.6,Villeneuve-d'Ascq,Villeneuve d'Ascq - Les Prés Edgard Pisani,50.650048,3.125509,POINT (50.650048 3.125509)
comptage_abri_velo.34257,34257,A22,59560,2025,11,2025-11-16,Dimanche,5,Seclin,Seclin - Gare,50.547452,3.034268,POINT (50.547452 3.034268)
comptage_abri_velo.34258,34258,H6,59009,2025,8,2025-08-27,Mercredi,29.4,Villeneuve-d'Ascq,Villeneuve d'Ascq - Les Prés Edgard Pisani,50.650048,3.125509,POINT (50.650048 3.125509)
comptage_abri_velo.34259,34259,A14,59599,2025,5,2025-05-22,Jeudi,22.5,Tourcoing,Tourcoing - Centre,50.720457,3.158724,POINT (50.720457 3.158724)
comptage_abri_velo.34260,34260,H1,59017,2025,9,2025-09-30,Mardi,47.25,Armentières,Armentières - Gare,50.680972,2.877374,POINT (50.680972 2.877374)
comptage_abri_velo.34261,34261,A21,59360,2025,7,2025-07-10,Jeudi,6,Loos,Loos - Mairie,50.614588,3.012336,POINT (50.614588 3.012336)
comptage_abri_velo.34262,34262,A18,59410,2025,4,2025-04-10,Jeudi,20,Mons-en-Barœul,Mons-en-Baroeul - Mairie,50.642837,3.1101,POINT (50.642837 3.1101)
comptage_abri_velo.34263,34263,A22,59560,2025,5,2025-05-03,Samedi,1.43,Seclin,Seclin - Gare,50.547452,3.034268,POINT (50.547452 3.034268)
comptage_abri_velo.34264,34264,H1,59017,2025,11,2025-11-28,Vendredi,31.33,Armentières,Armentières - Gare,50.680972,2.877374,POINT (50.680972 2.877374)
comptage_abri_velo.34265,34265,H2,59350,2025,5,2025-05-17,Samedi,4.73,Lille,Lille - C.H.U. Eurasanté,50.607865,3.040099,POINT (50.607865 3.040099)
comptage_abri_velo.34266,34266,H2,59350,2025,7,2025-07-15,Mardi,5.22,Lille,Lille - C.H.U. Eurasanté,50.607865,3.040099,POINT (50.607865 3.040099)
comptage_abri_velo.34267,34267,H2,59350,2025,9,2025-09-01,Lundi,4.33,Lille,Lille - C.H.U. Eurasanté,50.607865,3.040099,POINT (50.607865 3.040099)
comptage_abri_velo.34268,34268,H2,59350,2025,4,2025-04-10,Jeudi,3.6,Lille,Lille - C.H.U. Eurasanté,50.607865,3.040099,POINT (50.607865 3.040099)
comptage_abri_velo.34269,34269,A3,59009,2025,9,2025-09-02,Mardi,7,Villeneuve-d'Ascq,Villeneuve d'Ascq - Pont de Bois,50.624619,3.127947,POINT (50.624619 3.127947)
comptage_abri_velo.34270,34270,H2,59350,2025,7,2025-07-06,Dimanche,7,Lille,Lille - C.H.U. Eurasanté,50.607865,3.040099,POINT (50.607865 3.040099)
comptage_abri_velo.34271,34271,H5,59009,2025,5,2025-05-09,Vendredi,59.43,Villeneuve-d'Ascq,Villeneuve d'Ascq - 4 Cantons Stade Pierre Mauroy,50.605006,3.139401,POINT (50.605006 3.139401)
comptage_abri_velo.34272,34272,H2,59350,2025,12,2025-12-15,Lundi,4.67,Lille,Lille - C.H.U. Eurasanté,50.607865,3.040099,POINT (50.607865 3.040099)
comptage_abri_velo.34273,34273,H5,59009,2025,7,2025-07-03,Jeudi,54.71,Villeneuve-d'Ascq,Villeneuve d'Ascq - 4 Cantons Stade Pierre Mauroy,50.605006,3.139401,POINT (50.605006 3.139401)
comptage_abri_velo.34274,34274,H6,59009,2025,6,2025-06-12,Jeudi,28.2,Villeneuve-d'Ascq,Villeneuve d'Ascq - Les Prés Edgard Pisani,50.650048,3.125509,POINT (50.650048 3.125509)
comptage_abri_velo.34275,34275,A12,59368,2025,10,2025-10-17,Vendredi,12,La Madeleine,La Madeleine - Romarin,50.645694,3.075042,POINT (50.645694 3.075042)
comptage_abri_velo.34276,34276,H6,59009,2025,9,2025-09-27,Samedi,32.7,Villeneuve-d'Ascq,Villeneuve d'Ascq - Les Prés Edgard Pisani,50.650048,3.125509,POINT (50.650048 3.125509)
comptage_abri_velo.34277,34277,H6,59009,2025,6,2025-06-01,Dimanche,23,Villeneuve-d'Ascq,Villeneuve d'Ascq - Les Prés Edgard Pisani,50.650048,3.125509,POINT (50.650048 3.125509)
comptage_abri_velo.34278,34278,A26,59350,2025,5,2025-05-08,Jeudi,7,Lille,Lille - Porte de Douai,50.618012,3.071473,POINT (50.618012 3.071473)
comptage_abri_velo.34279,34279,A5,59350,2025,11,2025-11-27,Jeudi,21,Lille,Lomme - Maison des Enfants,50.646144,2.994472,POINT (50.646144 2.994472)
comptage_abri_velo.34280,34280,A27,59350,2025,5,2025-05-23,Vendredi,17,Lille,Hellemmes - Mairie,50.627533,3.109026,POINT (50.627533 3.109026)
comptage_abri_velo.34281,34281,H4,59524,2025,11,2025-11-18,Mardi,18.25,Sainghin-en-Weppes,Sainghin-en-Weppes - Don Sainghin,50.55142,2.914022,POINT (50.55142 2.914022)
comptage_abri_velo.34282,34282,A22,59560,2025,9,2025-09-27,Samedi,7.33,Seclin,Seclin - Gare,50.547452,3.034268,POINT (50.547452 3.034268)
comptage_abri_velo.34283,34283,H6,59009,2025,11,2025-11-12,Mercredi,28.44,Villeneuve-d'Ascq,Villeneuve d'Ascq - Les Prés Edgard Pisani,50.650048,3.125509,POINT (50.650048 3.125509)
comptage_abri_velo.34284,34284,H4,59524,2025,10,2025-10-10,Vendredi,19,Sainghin-en-Weppes,Sainghin-en-Weppes - Don Sainghin,50.55142,2.914022,POINT (50.55142 2.914022)
comptage_abri_velo.34285,34285,H3,59350,2025,8,2025-08-21,Jeudi,10.13,Lille,Lomme - Saint Philibert,50.653009,2.97502,POINT (50.653009 2.97502)
comptage_abri_velo.34286,34286,H3,59350,2025,12,2025-12-10,Mercredi,11.63,Lille,Lomme - Saint Philibert,50.653009,2.97502,POINT (50.653009 2.97502)
comptage_abri_velo.34287,34287,H1,59017,2025,7,2025-07-22,Mardi,24,Armentières,Armentières - Gare,50.680972,2.877374,POINT (50.680972 2.877374)
comptage_abri_velo.34288,34288,A24,59512,2025,6,2025-06-23,Lundi,7,Roubaix,Roubaix - Eurotéléport,50.691165,3.179592,POINT (50.691165 3.179592)
comptage_abri_velo.34289,34289,A8,59636,2025,8,2025-08-11,Lundi,10,Wambrechies,Wambrechies - Mairie,50.686433,3.053429,POINT (50.686433 3.053429)
comptage_abri_velo.34290,34290,A22,59560,2025,4,2025-04-18,Vendredi,2.75,Seclin,Seclin - Gare,50.547452,3.034268,POINT (50.547452 3.034268)
comptage_abri_velo.34291,34291,A1,59286,2025,12,2025-12-10,Mercredi,0,Haubourdin,Haubourdin - Jardin Public,50.611361,2.988615,POINT (50.611361 2.988615)
comptage_abri_velo.34292,34292,A22,59560,2025,12,2025-12-20,Samedi,6.33,Seclin,Seclin - Gare,50.547452,3.034268,POINT (50.547452 3.034268)
comptage_abri_velo.34293,34293,H3,59350,2025,4,2025-04-29,Mardi,8.63,Lille,Lomme - Saint Philibert,50.653009,2.97502,POINT (50.653009 2.97502)
comptage_abri_velo.34294,34294,H4,59524,2025,10,2025-10-20,Lundi,14.13,Sainghin-en-Weppes,Sainghin-en-Weppes - Don Sainghin,50.55142,2.914022,POINT (50.55142 2.914022)
comptage_abri_velo.34295,34295,A22,59560,2025,9,2025-09-06,Samedi,4,Seclin,Seclin - Gare,50.547452,3.034268,POINT (50.547452 3.034268)
comptage_abri_velo.34296,34296,A22,59560,2025,12,2025-12-02,Mardi,6.71,Seclin,Seclin - Gare,50.547452,3.034268,POINT (50.547452 3.034268)
comptage_abri_velo.34297,34297,A26,59350,2025,12,2025-12-23,Mardi,4,Lille,Lille - Porte de Douai,50.618012,3.071473,POINT (50.618012 3.071473)
comptage_abri_velo.34298,34298,A22,59560,2025,9,2025-09-12,Vendredi,6.38,Seclin,Seclin - Gare,50.547452,3.034268,POINT (50.547452 3.034268)
comptage_abri_velo.34299,34299,H3,59350,2025,5,2025-05-13,Mardi,13,Lille,Lomme - Saint Philibert,50.653009,2.97502,POINT (50.653009 2.97502)
comptage_abri_velo.34300,34300,H3,59350,2025,4,2025-04-02,Mercredi,10.25,Lille,Lomme - Saint Philibert,50.653009,2.97502,POINT (50.653009 2.97502)
comptage_abri_velo.34301,34301,H6,59009,2025,7,2025-07-21,Lundi,27.44,Villeneuve-d'Ascq,Villeneuve d'Ascq - Les Prés Edgard Pisani,50.650048,3.125509,POINT (50.650048 3.125509)
comptage_abri_velo.34302,34302,H4,59524,2025,7,2025-07-02,Mercredi,15.63,Sainghin-en-Weppes,Sainghin-en-Weppes - Don Sainghin,50.55142,2.914022,POINT (50.55142 2.914022)
comptage_abri_velo.34303,34303,H3,59350,2025,6,2025-06-24,Mardi,10.5,Lille,Lomme - Saint Philibert,50.653009,2.97502,POINT (50.653009 2.97502)
comptage_abri_velo.34304,34304,A13,59299,2025,8,2025-08-29,Vendredi,2,Hem,Hem - 3 Fermes,50.662576,3.200574,POINT (50.662576 3.200574)
comptage_abri_velo.34305,34305,A21,59360,2025,11,2025-11-13,Jeudi,7,Loos,Loos - Mairie,50.614588,3.012336,POINT (50.614588 3.012336)
comptage_abri_velo.34306,34306,H4,59524,2025,12,2025-12-01,Lundi,15,Sainghin-en-Weppes,Sainghin-en-Weppes - Don Sainghin,50.55142,2.914022,POINT (50.55142 2.914022)
comptage_abri_velo.34307,34307,H6,59009,2025,5,2025-05-08,Jeudi,25,Villeneuve-d'Ascq,Villeneuve d'Ascq - Les Prés Edgard Pisani,50.650048,3.125509,POINT (50.650048 3.125509)
comptage_abri_velo.34308,34308,H6,59009,2025,12,2025-12-06,Samedi,26.3,Villeneuve-d'Ascq,Villeneuve d'Ascq - Les Prés Edgard Pisani,50.650048,3.125509,POINT (50.650048 3.125509)
comptage_abri_velo.34309,34309,A27,59350,2025,11,2025-11-14,Vendredi,18,Lille,Hellemmes - Mairie,50.627533,3.109026,POINT (50.627533 3.109026)
comptage_abri_velo.34310,34310,H3,59350,2025,4,2025-04-15,Mardi,7.9,Lille,Lomme - Saint Philibert,50.653009,2.97502,POINT (50.653009 2.97502)
comptage_abri_velo.34311,34311,H6,59009,2025,7,2025-07-11,Vendredi,26.7,Villeneuve-d'Ascq,Villeneuve d'Ascq - Les Prés Edgard Pisani,50.650048,3.125509,POINT (50.650048 3.125509)
comptage_abri_velo.34312,34312,A27,59350,2025,9,2025-09-24,Mercredi,17,Lille,Hellemmes - Mairie,50.627533,3.109026,POINT (50.627533 3.109026)
comptage_abri_velo.34313,34313,H6,59009,2025,9,2025-09-07,Dimanche,29,Villeneuve-d'Ascq,Villeneuve d'Ascq - Les Prés Edgard Pisani,50.650048,3.125509,POINT (50.650048 3.125509)
comptage_abri_velo.34314,34314,H3,59350,2025,9,2025-09-05,Vendredi,9.5,Lille,Lomme - Saint Philibert,50.653009,2.97502,POINT (50.653009 2.97502)
comptage_abri_velo.34315,34315,H1,59017,2025,11,2025-11-27,Jeudi,34.33,Armentières,Armentières - Gare,50.680972,2.877374,POINT (50.680972 2.877374)
comptage_abri_velo.34316,34316,H1,59017,2025,12,2025-12-29,Lundi,25.22,Armentières,Armentières - Gare,50.680972,2.877374,POINT (50.680972 2.877374)
comptage_abri_velo.34317,34317,H2,59350,2025,11,2025-11-26,Mercredi,6.6,Lille,Lille - C.H.U. Eurasanté,50.607865,3.040099,POINT (50.607865 3.040099)
comptage_abri_velo.34318,34318,H4,59524,2025,12,2025-12-27,Samedi,3.13,Sainghin-en-Weppes,Sainghin-en-Weppes - Don Sainghin,50.55142,2.914022,POINT (50.55142 2.914022)
comptage_abri_velo.34319,34319,H4,59524,2025,12,2025-12-15,Lundi,14,Sainghin-en-Weppes,Sainghin-en-Weppes - Don Sainghin,50.55142,2.914022,POINT (50.55142 2.914022)
comptage_abri_velo.34320,34320,H2,59350,2025,7,2025-07-23,Mercredi,4.89,Lille,Lille - C.H.U. Eurasanté,50.607865,3.040099,POINT (50.607865 3.040099)
comptage_abri_velo.34321,34321,A26,59350,2025,12,2025-12-11,Jeudi,4,Lille,Lille - Porte de Douai,50.618012,3.071473,POINT (50.618012 3.071473)
comptage_abri_velo.34322,34322,A16,59421,2025,8,2025-08-11,Lundi,11,Mouvaux,Mouvaux - 3 Suisses,50.69899,3.138302,POINT (50.69899 3.138302)
comptage_abri_velo.34323,34323,H4,59524,2025,7,2025-07-12,Samedi,8.88,Sainghin-en-Weppes,Sainghin-en-Weppes - Don Sainghin,50.55142,2.914022,POINT (50.55142 2.914022)
comptage_abri_velo.34324,34324,H2,59350,2025,11,2025-11-16,Dimanche,5,Lille,Lille - C.H.U. Eurasanté,50.607865,3.040099,POINT (50.607865 3.040099)
comptage_abri_velo.34325,34325,A22,59560,2025,5,2025-05-28,Mercredi,3.75,Seclin,Seclin - Gare,50.547452,3.034268,POINT (50.547452 3.034268)
comptage_abri_velo.34326,34326,A22,59560,2025,6,2025-06-16,Lundi,7.14,Seclin,Seclin - Gare,50.547452,3.034268,POINT (50.547452 3.034268)
comptage_abri_velo.34327,34327,H2,59350,2025,10,2025-10-05,Dimanche,5,Lille,Lille - C.H.U. Eurasanté,50.607865,3.040099,POINT (50.607865 3.040099)
comptage_abri_velo.34328,34328,H4,59524,2025,11,2025-11-05,Mercredi,23.63,Sainghin-en-Weppes,Sainghin-en-Weppes - Don Sainghin,50.55142,2.914022,POINT (50.55142 2.914022)
comptage_abri_velo.34329,34329,A22,59560,2025,5,2025-05-25,Dimanche,2,Seclin,Seclin - Gare,50.547452,3.034268,POINT (50.547452 3.034268)
comptage_abri_velo.34330,34330,H3,59350,2025,11,2025-11-21,Vendredi,13.33,Lille,Lomme - Saint Philibert,50.653009,2.97502,POINT (50.653009 2.97502)
comptage_abri_velo.34331,34331,H6,59009,2025,7,2025-07-30,Mercredi,26.67,Villeneuve-d'Ascq,Villeneuve d'Ascq - Les Prés Edgard Pisani,50.650048,3.125509,POINT (50.650048 3.125509)
comptage_abri_velo.34332,34332,H5,59009,2025,12,2025-12-15,Lundi,39.95,Villeneuve-d'Ascq,Villeneuve d'Ascq - 4 Cantons Stade Pierre Mauroy,50.605006,3.139401,POINT (50.605006 3.139401)
comptage_abri_velo.34333,34333,H4,59524,2025,10,2025-10-11,Samedi,9.75,Sainghin-en-Weppes,Sainghin-en-Weppes - Don Sainghin,50.55142,2.914022,POINT (50.55142 2.914022)
comptage_abri_velo.34334,34334,H2,59350,2025,5,2025-05-14,Mercredi,5,Lille,Lille - C.H.U. Eurasanté,50.607865,3.040099,POINT (50.607865 3.040099)
comptage_abri_velo.34335,34335,A6,59163,2025,8,2025-08-11,Lundi,14,Croix,Croix - Centre,50.674954,3.145916,POINT (50.674954 3.145916)
comptage_abri_velo.34336,34336,A14,59599,2025,11,2025-11-27,Jeudi,18,Tourcoing,Tourcoing - Centre,50.720457,3.158724,POINT (50.720457 3.158724)
comptage_abri_velo.34337,34337,H6,59009,2025,4,2025-04-17,Jeudi,27.8,Villeneuve-d'Ascq,Villeneuve d'Ascq - Les Prés Edgard Pisani,50.650048,3.125509,POINT (50.650048 3.125509)
comptage_abri_velo.34338,34338,A25,59512,2025,6,2025-06-20,Vendredi,2,Roubaix,Roubaix - Épeule Montesquieu,50.68397,3.162923,POINT (50.68397 3.162923)
comptage_abri_velo.34339,34339,A23,59152,2025,8,2025-08-11,Lundi,4,Comines,Comines - Centre,50.761928,3.011547,POINT (50.761928 3.011547)
comptage_abri_velo.34340,34340,A26,59350,2025,7,2025-07-30,Mercredi,2,Lille,Lille - Porte de Douai,50.618012,3.071473,POINT (50.618012 3.071473)
comptage_abri_velo.34341,34341,H1,59017,2025,4,2025-04-02,Mercredi,27.8,Armentières,Armentières - Gare,50.680972,2.877374,POINT (50.680972 2.877374)
comptage_abri_velo.34342,34342,H2,59350,2025,10,2025-10-02,Jeudi,5.6,Lille,Lille - C.H.U. Eurasanté,50.607865,3.040099,POINT (50.607865 3.040099)
comptage_abri_velo.34343,34343,A22,59560,2025,4,2025-04-09,Mercredi,3.14,Seclin,Seclin - Gare,50.547452,3.034268,POINT (50.547452 3.034268)
comptage_abri_velo.34344,34344,A25,59512,2025,9,2025-09-15,Lundi,6,Roubaix,Roubaix - Épeule Montesquieu,50.68397,3.162923,POINT (50.68397 3.162923)
comptage_abri_velo.34345,34345,A22,59560,2025,4,2025-04-23,Mercredi,4.44,Seclin,Seclin - Gare,50.547452,3.034268,POINT (50.547452 3.034268)
comptage_abri_velo.34346,34346,H1,59017,2025,7,2025-07-15,Mardi,39.25,Armentières,Armentières - Gare,50.680972,2.877374,POINT (50.680972 2.877374)
comptage_abri_velo.34347,34347,H1,59017,2025,4,2025-04-05,Samedi,23.75,Armentières,Armentières - Gare,50.680972,2.877374,POINT (50.680972 2.877374)
comptage_abri_velo.34348,34348,H4,59524,2025,9,2025-09-09,Mardi,22,Sainghin-en-Weppes,Sainghin-en-Weppes - Don Sainghin,50.55142,2.914022,POINT (50.55142 2.914022)
comptage_abri_velo.34349,34349,H2,59350,2025,7,2025-07-03,Jeudi,4.9,Lille,Lille - C.H.U. Eurasanté,50.607865,3.040099,POINT (50.607865 3.040099)
comptage_abri_velo.34350,34350,H6,59009,2025,8,2025-08-12,Mardi,28.9,Villeneuve-d'Ascq,Villeneuve d'Ascq - Les Prés Edgard Pisani,50.650048,3.125509,POINT (50.650048 3.125509)
comptage_abri_velo.34351,34351,A10,59507,2025,10,2025-10-20,Lundi,3,Ronchin,Ronchin - Mairie,50.605669,3.077856,POINT (50.605669 3.077856)
comptage_abri_velo.34352,34352,A9,59648,2025,11,2025-11-27,Jeudi,8,Wattignies,Wattignies - Laënnec,50.589018,3.050619,POINT (50.589018 3.050619)
comptage_abri_velo.34353,34353,H1,59017,2025,10,2025-10-21,Mardi,27.67,Armentières,Armentières - Gare,50.680972,2.877374,POINT (50.680972 2.877374)
comptage_abri_velo.34354,34354,A22,59560,2025,7,2025-07-15,Mardi,7.83,Seclin,Seclin - Gare,50.547452,3.034268,POINT (50.547452 3.034268)
comptage_abri_velo.34355,34355,H6,59009,2025,6,2025-06-21,Samedi,25.36,Villeneuve-d'Ascq,Villeneuve d'Ascq - Les Prés Edgard Pisani,50.650048,3.125509,POINT (50.650048 3.125509)
comptage_abri_velo.34356,34356,A4,59646,2025,5,2025-05-09,Vendredi,6,Wasquehal,Wasquehal - Pavé de Lille,50.664155,3.130022,POINT (50.664155 3.130022)
comptage_abri_velo.34357,34357,H1,59017,2025,8,2025-08-07,Jeudi,25.4,Armentières,Armentières - Gare,50.680972,2.877374,POINT (50.680972 2.877374)
comptage_abri_velo.34358,34358,H6,59009,2025,4,2025-04-27,Dimanche,27,Villeneuve-d'Ascq,Villeneuve d'Ascq - Les Prés Edgard Pisani,50.650048,3.125509,POINT (50.650048 3.125509)
comptage_abri_velo.34359,34359,A20,59350,2025,12,2025-12-11,Jeudi,15,Lille,Lille - Wazemmes,50.623358,3.051647,POINT (50.623358 3.051647)
comptage_abri_velo.34360,34360,A22,59560,2025,12,2025-12-31,Mercredi,7.43,Seclin,Seclin - Gare,50.547452,3.034268,POINT (50.547452 3.034268)
comptage_abri_velo.34361,34361,H3,59350,2025,11,2025-11-19,Mercredi,11.8,Lille,Lomme - Saint Philibert,50.653009,2.97502,POINT (50.653009 2.97502)
comptage_abri_velo.34362,34362,H2,59350,2025,8,2025-08-11,Lundi,5,Lille,Lille - C.H.U. Eurasanté,50.607865,3.040099,POINT (50.607865 3.040099)
comptage_abri_velo.34363,34363,H6,59009,2025,10,2025-10-24,Vendredi,27.5,Villeneuve-d'Ascq,Villeneuve d'Ascq - Les Prés Edgard Pisani,50.650048,3.125509,POINT (50.650048 3.125509)
comptage_abri_velo.34364,34364,H4,59524,2025,9,2025-09-14,Dimanche,7,Sainghin-en-Weppes,Sainghin-en-Weppes - Don Sainghin,50.55142,2.914022,POINT (50.55142 2.914022)
comptage_abri_velo.34365,34365,H2,59350,2025,5,2025-05-04,Dimanche,4,Lille,Lille - C.H.U. Eurasanté,50.607865,3.040099,POINT (50.607865 3.040099)
comptage_abri_velo.34366,34366,A3,59009,2025,10,2025-10-16,Jeudi,17,Villeneuve-d'Ascq,Villeneuve d'Ascq - Pont de Bois,50.624619,3.127947,POINT (50.624619 3.127947)
comptage_abri_velo.34367,34367,A15,59378,2025,12,2025-12-12,Vendredi,9,Marcq-en-Barœul,Marcq-en-Baroeul - Croisé Laroche,50.665991,3.103728,POINT (50.665991 3.103728)
comptage_abri_velo.34368,34368,H1,59017,2025,11,2025-11-01,Samedi,23.2,Armentières,Armentières - Gare,50.680972,2.877374,POINT (50.680972 2.877374)
comptage_abri_velo.34369,34369,A7,59482,2025,6,2025-06-05,Jeudi,18,Quesnoy-sur-Deûle,Quesnoy-sur-Deûle  - Mairie,50.712951,3.000769,POINT (50.712951 3.000769)
comptage_abri_velo.34370,34370,A19,59350,2025,10,2025-10-20,Lundi,34,Lille,Lille - Porte des Postes,50.617921,3.049909,POINT (50.617921 3.049909)
comptage_abri_velo.34371,34371,H6,59009,2025,10,2025-10-22,Mercredi,30,Villeneuve-d'Ascq,Villeneuve d'Ascq - Les Prés Edgard Pisani,50.650048,3.125509,POINT (50.650048 3.125509)
comptage_abri_velo.34372,34372,H6,59009,2025,7,2025-07-25,Vendredi,27.36,Villeneuve-d'Ascq,Villeneuve d'Ascq - Les Prés Edgard Pisani,50.650048,3.125509,POINT (50.650048 3.125509)
comptage_abri_velo.34373,34373,H4,59524,2025,6,2025-06-08,Dimanche,6,Sainghin-en-Weppes,Sainghin-en-Weppes - Don Sainghin,50.55142,2.914022,POINT (50.55142 2.914022)
comptage_abri_velo.34374,34374,A21,59360,2025,7,2025-07-28,Lundi,4,Loos,Loos - Mairie,50.614588,3.012336,POINT (50.614588 3.012336)
comptage_abri_velo.34375,34375,H1,59017,2025,4,2025-04-17,Jeudi,32.4,Armentières,Armentières - Gare,50.680972,2.877374,POINT (50.680972 2.877374)
comptage_abri_velo.34376,34376,A22,59560,2025,11,2025-11-22,Samedi,5,Seclin,Seclin - Gare,50.547452,3.034268,POINT (50.547452 3.034268)
comptage_abri_velo.34377,34377,H6,59009,2025,8,2025-08-25,Lundi,29.56,Villeneuve-d'Ascq,Villeneuve d'Ascq - Les Prés Edgard Pisani,50.650048,3.125509,POINT (50.650048 3.125509)
comptage_abri_velo.34378,34378,A12,59368,2025,7,2025-07-23,Mercredi,10,La Madeleine,La Madeleine - Romarin,50.645694,3.075042,POINT (50.645694 3.075042)
comptage_abri_velo.34379,34379,H5,59009,2025,6,2025-06-27,Vendredi,57.1,Villeneuve-d'Ascq,Villeneuve d'Ascq - 4 Cantons Stade Pierre Mauroy,50.605006,3.139401,POINT (50.605006 3.139401)
comptage_abri_velo.34380,34380,H2,59350,2025,8,2025-08-25,Lundi,5.33,Lille,Lille - C.H.U. Eurasanté,50.607865,3.040099,POINT (50.607865 3.040099)
comptage_abri_velo.34381,34381,A22,59560,2025,9,2025-09-20,Samedi,3,Seclin,Seclin - Gare,50.547452,3.034268,POINT (50.547452 3.034268)
comptage_abri_velo.34382,34382,A22,59560,2025,9,2025-09-16,Mardi,11.5,Seclin,Seclin - Gare,50.547452,3.034268,POINT (50.547452 3.034268)
comptage_abri_velo.34383,34383,A15,59378,2025,5,2025-05-22,Jeudi,10,Marcq-en-Barœul,Marcq-en-Baroeul - Croisé Laroche,50.665991,3.103728,POINT (50.665991 3.103728)
comptage_abri_velo.34384,34384,A11,59650,2025,5,2025-05-09,Vendredi,1,Wattrelos,Wattrelos - Centre,50.701454,3.214476,POINT (50.701454 3.214476)
comptage_abri_velo.34385,34385,H4,59524,2025,4,2025-04-26,Samedi,8.13,Sainghin-en-Weppes,Sainghin-en-Weppes - Don Sainghin,50.55142,2.914022,POINT (50.55142 2.914022)
comptage_abri_velo.34386,34386,H2,59350,2025,12,2025-12-14,Dimanche,3,Lille,Lille - C.H.U. Eurasanté,50.607865,3.040099,POINT (50.607865 3.040099)
comptage_abri_velo.34387,34387,H2,59350,2025,7,2025-07-20,Dimanche,2,Lille,Lille - C.H.U. Eurasanté,50.607865,3.040099,POINT (50.607865 3.040099)
comptage_abri_velo.34388,34388,A28,59599,2025,12,2025-12-24,Mercredi,10,Tourcoing,Tourcoing - Gare,50.716812,3.166903,POINT (50.716812 3.166903)
comptage_abri_velo.34389,34389,A22,59560,2025,11,2025-11-15,Samedi,5,Seclin,Seclin - Gare,50.547452,3.034268,POINT (50.547452 3.034268)
comptage_abri_velo.34390,34390,H6,59009,2025,11,2025-11-08,Samedi,27.1,Villeneuve-d'Ascq,Villeneuve d'Ascq - Les Prés Edgard Pisani,50.650048,3.125509,POINT (50.650048 3.125509)
comptage_abri_velo.34391,34391,H3,59350,2025,12,2025-12-29,Lundi,6.78,Lille,Lomme - Saint Philibert,50.653009,2.97502,POINT (50.653009 2.97502)
comptage_abri_velo.34392,34392,H5,59009,2025,11,2025-11-11,Mardi,39.86,Villeneuve-d'Ascq,Villeneuve d'Ascq - 4 Cantons Stade Pierre Mauroy,50.605006,3.139401,POINT (50.605006 3.139401)
comptage_abri_velo.34393,34393,H6,59009,2025,7,2025-07-08,Mardi,27.1,Villeneuve-d'Ascq,Villeneuve d'Ascq - Les Prés Edgard Pisani,50.650048,3.125509,POINT (50.650048 3.125509)
comptage_abri_velo.34394,34394,H5,59009,2025,8,2025-08-31,Dimanche,54.35,Villeneuve-d'Ascq,Villeneuve d'Ascq - 4 Cantons Stade Pierre Mauroy,50.605006,3.139401,POINT (50.605006 3.139401)
comptage_abri_velo.34395,34395,H3,59350,2025,7,2025-07-30,Mercredi,8.83,Lille,Lomme - Saint Philibert,50.653009,2.97502,POINT (50.653009 2.97502)
comptage_abri_velo.34396,34396,H4,59524,2025,10,2025-10-15,Mercredi,22.5,Sainghin-en-Weppes,Sainghin-en-Weppes - Don Sainghin,50.55142,2.914022,POINT (50.55142 2.914022)
comptage_abri_velo.34397,34397,H3,59350,2025,5,2025-05-09,Vendredi,7.57,Lille,Lomme - Saint Philibert,50.653009,2.97502,POINT (50.653009 2.97502)
comptage_abri_velo.34398,34398,H2,59350,2025,6,2025-06-07,Samedi,4.44,Lille,Lille - C.H.U. Eurasanté,50.607865,3.040099,POINT (50.607865 3.040099)
comptage_abri_velo.34399,34399,H5,59009,2025,6,2025-06-10,Mardi,61.62,Villeneuve-d'Ascq,Villeneuve d'Ascq - 4 Cantons Stade Pierre Mauroy,50.605006,3.139401,POINT (50.605006 3.139401)
comptage_abri_velo.34400,34400,H4,59524,2025,4,2025-04-16,Mercredi,6.38,Sainghin-en-Weppes,Sainghin-en-Weppes - Don Sainghin,50.55142,2.914022,POINT (50.55142 2.914022)
comptage_abri_velo.34401,34401,H3,59350,2025,9,2025-09-13,Samedi,5.82,Lille,Lomme - Saint Philibert,50.653009,2.97502,POINT (50.653009 2.97502)
comptage_abri_velo.34402,34402,H6,59009,2025,4,2025-04-05,Samedi,26.8,Villeneuve-d'Ascq,Villeneuve d'Ascq - Les Prés Edgard Pisani,50.650048,3.125509,POINT (50.650048 3.125509)
comptage_abri_velo.34403,34403,H3,59350,2025,5,2025-05-24,Samedi,6,Lille,Lomme - Saint Philibert,50.653009,2.97502,POINT (50.653009 2.97502)
comptage_abri_velo.34404,34404,A8,59636,2025,10,2025-10-07,Mardi,9,Wambrechies,Wambrechies - Mairie,50.686433,3.053429,POINT (50.686433 3.053429)
comptage_abri_velo.34405,34405,H3,59350,2025,8,2025-08-29,Vendredi,7.29,Lille,Lomme - Saint Philibert,50.653009,2.97502,POINT (50.653009 2.97502)
comptage_abri_velo.34406,34406,H6,59009,2025,11,2025-11-07,Vendredi,28,Villeneuve-d'Ascq,Villeneuve d'Ascq - Les Prés Edgard Pisani,50.650048,3.125509,POINT (50.650048 3.125509)
comptage_abri_velo.34407,34407,H1,59017,2025,7,2025-07-04,Vendredi,36.5,Armentières,Armentières - Gare,50.680972,2.877374,POINT (50.680972 2.877374)
comptage_abri_velo.34408,34408,A22,59560,2025,8,2025-08-25,Lundi,7.75,Seclin,Seclin - Gare,50.547452,3.034268,POINT (50.547452 3.034268)
comptage_abri_velo.34409,34409,H2,59350,2025,5,2025-05-06,Mardi,8.89,Lille,Lille - C.H.U. Eurasanté,50.607865,3.040099,POINT (50.607865 3.040099)
comptage_abri_velo.34410,34410,A27,59350,2025,4,2025-04-11,Vendredi,18,Lille,Hellemmes - Mairie,50.627533,3.109026,POINT (50.627533 3.109026)
comptage_abri_velo.34411,34411,H6,59009,2025,12,2025-12-19,Vendredi,28.22,Villeneuve-d'Ascq,Villeneuve d'Ascq - Les Prés Edgard Pisani,50.650048,3.125509,POINT (50.650048 3.125509)
comptage_abri_velo.34412,34412,H1,59017,2025,12,2025-12-06,Samedi,23.8,Armentières,Armentières - Gare,50.680972,2.877374,POINT (50.680972 2.877374)
comptage_abri_velo.34413,34413,A4,59646,2025,5,2025-05-22,Jeudi,13,Wasquehal,Wasquehal - Pavé de Lille,50.664155,3.130022,POINT (50.664155 3.130022)
comptage_abri_velo.34414,34414,H5,59009,2025,11,2025-11-28,Vendredi,46.76,Villeneuve-d'Ascq,Villeneuve d'Ascq - 4 Cantons Stade Pierre Mauroy,50.605006,3.139401,POINT (50.605006 3.139401)
comptage_abri_velo.34415,34415,H5,59009,2025,5,2025-05-28,Mercredi,52.71,Villeneuve-d'Ascq,Villeneuve d'Ascq - 4 Cantons Stade Pierre Mauroy,50.605006,3.139401,POINT (50.605006 3.139401)
comptage_abri_velo.34416,34416,H2,59350,2025,8,2025-08-02,Samedi,3.36,Lille,Lille - C.H.U. Eurasanté,50.607865,3.040099,POINT (50.607865 3.040099)
comptage_abri_velo.34417,34417,H1,59017,2025,12,2025-12-27,Samedi,21,Armentières,Armentières - Gare,50.680972,2.877374,POINT (50.680972 2.877374)
comptage_abri_velo.34418,34418,H2,59350,2025,4,2025-04-15,Mardi,7.3,Lille,Lille - C.H.U. Eurasanté,50.607865,3.040099,POINT (50.607865 3.040099)
comptage_abri_velo.34419,34419,H1,59017,2025,5,2025-05-27,Mardi,29.43,Armentières,Armentières - Gare,50.680972,2.877374,POINT (50.680972 2.877374)
comptage_abri_velo.34420,34420,H6,59009,2025,8,2025-08-16,Samedi,27.44,Villeneuve-d'Ascq,Villeneuve d'Ascq - Les Prés Edgard Pisani,50.650048,3.125509,POINT (50.650048 3.125509)
comptage_abri_velo.34421,34421,H2,59350,2025,8,2025-08-17,Dimanche,5,Lille,Lille - C.H.U. Eurasanté,50.607865,3.040099,POINT (50.607865 3.040099)
comptage_abri_velo.34422,34422,H2,59350,2025,6,2025-06-14,Samedi,4.67,Lille,Lille - C.H.U. Eurasanté,50.607865,3.040099,POINT (50.607865 3.040099)
comptage_abri_velo.34423,34423,H2,59350,2025,8,2025-08-01,Vendredi,4,Lille,Lille - C.H.U. Eurasanté,50.607865,3.040099,POINT (50.607865 3.040099)
comptage_abri_velo.34424,34424,A7,59482,2025,8,2025-08-28,Jeudi,15,Quesnoy-sur-Deûle,Quesnoy-sur-Deûle  - Mairie,50.712951,3.000769,POINT (50.712951 3.000769)
comptage_abri_velo.34425,34425,H6,59009,2025,12,2025-12-05,Vendredi,27.4,Villeneuve-d'Ascq,Villeneuve d'Ascq - Les Prés Edgard Pisani,50.650048,3.125509,POINT (50.650048 3.125509)
comptage_abri_velo.34426,34426,H2,59350,2025,7,2025-07-26,Samedi,4.3,Lille,Lille - C.H.U. Eurasanté,50.607865,3.040099,POINT (50.607865 3.040099)
comptage_abri_velo.34427,34427,A22,59560,2025,12,2025-12-15,Lundi,10.25,Seclin,Seclin - Gare,50.547452,3.034268,POINT (50.547452 3.034268)
comptage_abri_velo.34428,34428,H2,59350,2025,12,2025-12-22,Lundi,3.78,Lille,Lille - C.H.U. Eurasanté,50.607865,3.040099,POINT (50.607865 3.040099)
comptage_abri_velo.34429,34429,H5,59009,2025,11,2025-11-18,Mardi,42.38,Villeneuve-d'Ascq,Villeneuve d'Ascq - 4 Cantons Stade Pierre Mauroy,50.605006,3.139401,POINT (50.605006 3.139401)
comptage_abri_velo.34430,34430,A8,59636,2025,9,2025-09-25,Jeudi,8,Wambrechies,Wambrechies - Mairie,50.686433,3.053429,POINT (50.686433 3.053429)
comptage_abri_velo.34431,34431,A27,59350,2025,10,2025-10-20,Lundi,19,Lille,Hellemmes - Mairie,50.627533,3.109026,POINT (50.627533 3.109026)
comptage_abri_velo.34432,34432,H5,59009,2025,7,2025-07-30,Mercredi,51.04,Villeneuve-d'Ascq,Villeneuve d'Ascq - 4 Cantons Stade Pierre Mauroy,50.605006,3.139401,POINT (50.605006 3.139401)
comptage_abri_velo.34433,34433,H3,59350,2025,9,2025-09-08,Lundi,12.9,Lille,Lomme - Saint Philibert,50.653009,2.97502,POINT (50.653009 2.97502)
comptage_abri_velo.34434,34434,H5,59009,2025,12,2025-12-29,Lundi,43.62,Villeneuve-d'Ascq,Villeneuve d'Ascq - 4 Cantons Stade Pierre Mauroy,50.605006,3.139401,POINT (50.605006 3.139401)
comptage_abri_velo.34435,34435,A16,59421,2025,10,2025-10-07,Mardi,14,Mouvaux,Mouvaux - 3 Suisses,50.69899,3.138302,POINT (50.69899 3.138302)
comptage_abri_velo.34436,34436,H6,59009,2025,6,2025-06-18,Mercredi,27.7,Villeneuve-d'Ascq,Villeneuve d'Ascq - Les Prés Edgard Pisani,50.650048,3.125509,POINT (50.650048 3.125509)
comptage_abri_velo.34437,34437,A19,59350,2025,6,2025-06-16,Lundi,30,Lille,Lille - Porte des Postes,50.617921,3.049909,POINT (50.617921 3.049909)
comptage_abri_velo.34438,34438,H6,59009,2025,8,2025-08-19,Mardi,28.4,Villeneuve-d'Ascq,Villeneuve d'Ascq - Les Prés Edgard Pisani,50.650048,3.125509,POINT (50.650048 3.125509)
comptage_abri_velo.34439,34439,A4,59646,2025,7,2025-07-09,Mercredi,11,Wasquehal,Wasquehal - Pavé de Lille,50.664155,3.130022,POINT (50.664155 3.130022)
comptage_abri_velo.34440,34440,H5,59009,2025,5,2025-05-06,Mardi,58.86,Villeneuve-d'Ascq,Villeneuve d'Ascq - 4 Cantons Stade Pierre Mauroy,50.605006,3.139401,POINT (50.605006 3.139401)
comptage_abri_velo.34441,34441,H2,59350,2025,8,2025-08-12,Mardi,5.4,Lille,Lille - C.H.U. Eurasanté,50.607865,3.040099,POINT (50.607865 3.040099)
comptage_abri_velo.34442,34442,A1,59286,2025,4,2025-04-23,Mercredi,6,Haubourdin,Haubourdin - Jardin Public,50.611361,2.988615,POINT (50.611361 2.988615)
comptage_abri_velo.34443,34443,A3,59009,2025,6,2025-06-18,Mercredi,16,Villeneuve-d'Ascq,Villeneuve d'Ascq - Pont de Bois,50.624619,3.127947,POINT (50.624619 3.127947)
comptage_abri_velo.34444,34444,H6,59009,2025,12,2025-12-31,Mercredi,29.18,Villeneuve-d'Ascq,Villeneuve d'Ascq - Les Prés Edgard Pisani,50.650048,3.125509,POINT (50.650048 3.125509)
comptage_abri_velo.34445,34445,A22,59560,2025,7,2025-07-09,Mercredi,5.4,Seclin,Seclin - Gare,50.547452,3.034268,POINT (50.547452 3.034268)
comptage_abri_velo.34446,34446,H5,59009,2025,9,2025-09-23,Mardi,60.43,Villeneuve-d'Ascq,Villeneuve d'Ascq - 4 Cantons Stade Pierre Mauroy,50.605006,3.139401,POINT (50.605006 3.139401)
comptage_abri_velo.34447,34447,H2,59350,2025,8,2025-08-16,Samedi,5.89,Lille,Lille - C.H.U. Eurasanté,50.607865,3.040099,POINT (50.607865 3.040099)
comptage_abri_velo.34448,34448,H3,59350,2025,10,2025-10-15,Mercredi,11.4,Lille,Lomme - Saint Philibert,50.653009,2.97502,POINT (50.653009 2.97502)
comptage_abri_velo.34449,34449,A22,59560,2025,6,2025-06-22,Dimanche,3,Seclin,Seclin - Gare,50.547452,3.034268,POINT (50.547452 3.034268)
comptage_abri_velo.34450,34450,H5,59009,2025,11,2025-11-27,Jeudi,46.81,Villeneuve-d'Ascq,Villeneuve d'Ascq - 4 Cantons Stade Pierre Mauroy,50.605006,3.139401,POINT (50.605006 3.139401)
comptage_abri_velo.34451,34451,H1,59017,2025,9,2025-09-16,Mardi,31.5,Armentières,Armentières - Gare,50.680972,2.877374,POINT (50.680972 2.877374)
comptage_abri_velo.34452,34452,H6,59009,2025,6,2025-06-16,Lundi,27.67,Villeneuve-d'Ascq,Villeneuve d'Ascq - Les Prés Edgard Pisani,50.650048,3.125509,POINT (50.650048 3.125509)
comptage_abri_velo.34453,34453,A1,59286,2025,8,2025-08-29,Vendredi,6,Haubourdin,Haubourdin - Jardin Public,50.611361,2.988615,POINT (50.611361 2.988615)
comptage_abri_velo.34454,34454,H6,59009,2025,11,2025-11-11,Mardi,27,Villeneuve-d'Ascq,Villeneuve d'Ascq - Les Prés Edgard Pisani,50.650048,3.125509,POINT (50.650048 3.125509)
comptage_abri_velo.34455,34455,H2,59350,2025,6,2025-06-13,Vendredi,5.92,Lille,Lille - C.H.U. Eurasanté,50.607865,3.040099,POINT (50.607865 3.040099)
comptage_abri_velo.34456,34456,A22,59560,2025,10,2025-10-20,Lundi,7.89,Seclin,Seclin - Gare,50.547452,3.034268,POINT (50.547452 3.034268)
comptage_abri_velo.34457,34457,A22,59560,2025,8,2025-08-24,Dimanche,4,Seclin,Seclin - Gare,50.547452,3.034268,POINT (50.547452 3.034268)
comptage_abri_velo.34458,34458,H1,59017,2025,11,2025-11-15,Samedi,25.75,Armentières,Armentières - Gare,50.680972,2.877374,POINT (50.680972 2.877374)
comptage_abri_velo.34459,34459,A13,59299,2025,5,2025-05-22,Jeudi,2,Hem,Hem - 3 Fermes,50.662576,3.200574,POINT (50.662576 3.200574)
comptage_abri_velo.34460,34460,A2,59527,2025,4,2025-04-03,Jeudi,18,Saint-André-lez-Lille,St André - Mairie,50.660206,3.051002,POINT (50.660206 3.051002)
comptage_abri_velo.34461,34461,A22,59560,2025,11,2025-11-23,Dimanche,5,Seclin,Seclin - Gare,50.547452,3.034268,POINT (50.547452 3.034268)
comptage_abri_velo.34462,34462,H4,59524,2025,5,2025-05-25,Dimanche,6.43,Sainghin-en-Weppes,Sainghin-en-Weppes - Don Sainghin,50.55142,2.914022,POINT (50.55142 2.914022)
comptage_abri_velo.34463,34463,H3,59350,2025,6,2025-06-30,Lundi,7.22,Lille,Lomme - Saint Philibert,50.653009,2.97502,POINT (50.653009 2.97502)
comptage_abri_velo.34464,34464,H1,59017,2025,12,2025-12-15,Lundi,30.25,Armentières,Armentières - Gare,50.680972,2.877374,POINT (50.680972 2.877374)
comptage_abri_velo.34465,34465,H4,59524,2025,9,2025-09-10,Mercredi,6.5,Sainghin-en-Weppes,Sainghin-en-Weppes - Don Sainghin,50.55142,2.914022,POINT (50.55142 2.914022)
comptage_abri_velo.34466,34466,H1,59017,2025,4,2025-04-03,Jeudi,36.8,Armentières,Armentières - Gare,50.680972,2.877374,POINT (50.680972 2.877374)
comptage_abri_velo.34467,34467,H5,59009,2025,9,2025-09-16,Mardi,56.38,Villeneuve-d'Ascq,Villeneuve d'Ascq - 4 Cantons Stade Pierre Mauroy,50.605006,3.139401,POINT (50.605006 3.139401)
comptage_abri_velo.34468,34468,H1,59017,2025,9,2025-09-29,Lundi,39.9,Armentières,Armentières - Gare,50.680972,2.877374,POINT (50.680972 2.877374)
comptage_abri_velo.34469,34469,H2,59350,2025,4,2025-04-30,Mercredi,6,Lille,Lille - C.H.U. Eurasanté,50.607865,3.040099,POINT (50.607865 3.040099)
comptage_abri_velo.34470,34470,H3,59350,2025,6,2025-06-08,Dimanche,7,Lille,Lomme - Saint Philibert,50.653009,2.97502,POINT (50.653009 2.97502)
comptage_abri_velo.34471,34471,H2,59350,2025,7,2025-07-19,Samedi,3.25,Lille,Lille - C.H.U. Eurasanté,50.607865,3.040099,POINT (50.607865 3.040099)
comptage_abri_velo.34472,34472,H5,59009,2025,5,2025-05-23,Vendredi,58.76,Villeneuve-d'Ascq,Villeneuve d'Ascq - 4 Cantons Stade Pierre Mauroy,50.605006,3.139401,POINT (50.605006 3.139401)
comptage_abri_velo.34473,34473,A21,59360,2025,8,2025-08-29,Vendredi,4,Loos,Loos - Mairie,50.614588,3.012336,POINT (50.614588 3.012336)
comptage_abri_velo.34474,34474,H6,59009,2025,6,2025-06-24,Mardi,26.6,Villeneuve-d'Ascq,Villeneuve d'Ascq - Les Prés Edgard Pisani,50.650048,3.125509,POINT (50.650048 3.125509)
comptage_abri_velo.34475,34475,A28,59599,2025,12,2025-12-12,Vendredi,8,Tourcoing,Tourcoing - Gare,50.716812,3.166903,POINT (50.716812 3.166903)
comptage_abri_velo.34476,34476,A20,59350,2025,10,2025-10-20,Lundi,32,Lille,Lille - Wazemmes,50.623358,3.051647,POINT (50.623358 3.051647)
comptage_abri_velo.34477,34477,H1,59017,2025,6,2025-06-13,Vendredi,31.67,Armentières,Armentières - Gare,50.680972,2.877374,POINT (50.680972 2.877374)
comptage_abri_velo.34478,34478,A26,59350,2025,5,2025-05-23,Vendredi,5,Lille,Lille - Porte de Douai,50.618012,3.071473,POINT (50.618012 3.071473)
comptage_abri_velo.34479,34479,A25,59512,2025,9,2025-09-11,Jeudi,6,Roubaix,Roubaix - Épeule Montesquieu,50.68397,3.162923,POINT (50.68397 3.162923)
comptage_abri_velo.34480,34480,H5,59009,2025,6,2025-06-13,Vendredi,61.81,Villeneuve-d'Ascq,Villeneuve d'Ascq - 4 Cantons Stade Pierre Mauroy,50.605006,3.139401,POINT (50.605006 3.139401)
comptage_abri_velo.34481,34481,H1,59017,2025,4,2025-04-10,Jeudi,24,Armentières,Armentières - Gare,50.680972,2.877374,POINT (50.680972 2.877374)
comptage_abri_velo.34482,34482,A3,59009,2025,11,2025-11-28,Vendredi,12,Villeneuve-d'Ascq,Villeneuve d'Ascq - Pont de Bois,50.624619,3.127947,POINT (50.624619 3.127947)
comptage_abri_velo.34483,34483,A11,59650,2025,10,2025-10-21,Mardi,0,Wattrelos,Wattrelos - Centre,50.701454,3.214476,POINT (50.701454 3.214476)
comptage_abri_velo.34484,34484,H5,59009,2025,4,2025-04-01,Mardi,56,Villeneuve-d'Ascq,Villeneuve d'Ascq - 4 Cantons Stade Pierre Mauroy,50.605006,3.139401,POINT (50.605006 3.139401)
comptage_abri_velo.34485,34485,A22,59560,2025,8,2025-08-05,Mardi,2.38,Seclin,Seclin - Gare,50.547452,3.034268,POINT (50.547452 3.034268)
comptage_abri_velo.34486,34486,H2,59350,2025,11,2025-11-01,Samedi,4,Lille,Lille - C.H.U. Eurasanté,50.607865,3.040099,POINT (50.607865 3.040099)
comptage_abri_velo.34487,34487,H3,59350,2025,10,2025-10-11,Samedi,6.09,Lille,Lomme - Saint Philibert,50.653009,2.97502,POINT (50.653009 2.97502)
comptage_abri_velo.34488,34488,H5,59009,2025,6,2025-06-19,Jeudi,60.14,Villeneuve-d'Ascq,Villeneuve d'Ascq - 4 Cantons Stade Pierre Mauroy,50.605006,3.139401,POINT (50.605006 3.139401)
comptage_abri_velo.34489,34489,H3,59350,2025,5,2025-05-26,Lundi,11.14,Lille,Lomme - Saint Philibert,50.653009,2.97502,POINT (50.653009 2.97502)
comptage_abri_velo.34490,34490,A18,59410,2025,12,2025-12-23,Mardi,16,Mons-en-Barœul,Mons-en-Baroeul - Mairie,50.642837,3.1101,POINT (50.642837 3.1101)
comptage_abri_velo.34491,34491,A11,59650,2025,6,2025-06-07,Samedi,6,Wattrelos,Wattrelos - Centre,50.701454,3.214476,POINT (50.701454 3.214476)
comptage_abri_velo.34492,34492,H4,59524,2025,10,2025-10-27,Lundi,14.13,Sainghin-en-Weppes,Sainghin-en-Weppes - Don Sainghin,50.55142,2.914022,POINT (50.55142 2.914022)
comptage_abri_velo.34493,34493,A19,59350,2025,9,2025-09-25,Jeudi,33,Lille,Lille - Porte des Postes,50.617921,3.049909,POINT (50.617921 3.049909)
comptage_abri_velo.34494,34494,H2,59350,2025,12,2025-12-21,Dimanche,4,Lille,Lille - C.H.U. Eurasanté,50.607865,3.040099,POINT (50.607865 3.040099)
comptage_abri_velo.34495,34495,H6,59009,2025,11,2025-11-14,Vendredi,27.6,Villeneuve-d'Ascq,Villeneuve d'Ascq - Les Prés Edgard Pisani,50.650048,3.125509,POINT (50.650048 3.125509)
comptage_abri_velo.34496,34496,H6,59009,2025,6,2025-06-15,Dimanche,25,Villeneuve-d'Ascq,Villeneuve d'Ascq - Les Prés Edgard Pisani,50.650048,3.125509,POINT (50.650048 3.125509)
comptage_abri_velo.34497,34497,H5,59009,2025,11,2025-11-06,Jeudi,42.38,Villeneuve-d'Ascq,Villeneuve d'Ascq - 4 Cantons Stade Pierre Mauroy,50.605006,3.139401,POINT (50.605006 3.139401)
comptage_abri_velo.34498,34498,H3,59350,2025,10,2025-10-09,Jeudi,11.7,Lille,Lomme - Saint Philibert,50.653009,2.97502,POINT (50.653009 2.97502)
comptage_abri_velo.34499,34499,H4,59524,2025,12,2025-12-06,Samedi,5,Sainghin-en-Weppes,Sainghin-en-Weppes - Don Sainghin,50.55142,2.914022,POINT (50.55142 2.914022)
comptage_abri_velo.34500,34500,H3,59350,2025,12,2025-12-17,Mercredi,12.56,Lille,Lomme - Saint Philibert,50.653009,2.97502,POINT (50.653009 2.97502)
comptage_abri_velo.34501,34501,A22,59560,2025,4,2025-04-16,Mercredi,1.25,Seclin,Seclin - Gare,50.547452,3.034268,POINT (50.547452 3.034268)
comptage_abri_velo.34502,34502,H5,59009,2025,5,2025-05-01,Jeudi,0,Villeneuve-d'Ascq,Villeneuve d'Ascq - 4 Cantons Stade Pierre Mauroy,50.605006,3.139401,POINT (50.605006 3.139401)
comptage_abri_velo.34503,34503,H6,59009,2025,6,2025-06-02,Lundi,24.33,Villeneuve-d'Ascq,Villeneuve d'Ascq - Les Prés Edgard Pisani,50.650048,3.125509,POINT (50.650048 3.125509)
comptage_abri_velo.34504,34504,A3,59009,2025,4,2025-04-02,Mercredi,20,Villeneuve-d'Ascq,Villeneuve d'Ascq - Pont de Bois,50.624619,3.127947,POINT (50.624619 3.127947)
comptage_abri_velo.34505,34505,A28,59599,2025,5,2025-05-09,Vendredi,1,Tourcoing,Tourcoing - Gare,50.716812,3.166903,POINT (50.716812 3.166903)
comptage_abri_velo.34506,34506,H2,59350,2025,4,2025-04-05,Samedi,4,Lille,Lille - C.H.U. Eurasanté,50.607865,3.040099,POINT (50.607865 3.040099)
comptage_abri_velo.34507,34507,A13,59299,2025,11,2025-11-26,Mercredi,3,Hem,Hem - 3 Fermes,50.662576,3.200574,POINT (50.662576 3.200574)
comptage_abri_velo.34508,34508,H2,59350,2025,6,2025-06-28,Samedi,3.6,Lille,Lille - C.H.U. Eurasanté,50.607865,3.040099,POINT (50.607865 3.040099)
comptage_abri_velo.34509,34509,H1,59017,2025,9,2025-09-10,Mercredi,23.17,Armentières,Armentières - Gare,50.680972,2.877374,POINT (50.680972 2.877374)
comptage_abri_velo.34510,34510,A9,59648,2025,9,2025-09-10,Mercredi,9,Wattignies,Wattignies - Laënnec,50.589018,3.050619,POINT (50.589018 3.050619)
comptage_abri_velo.34511,34511,H5,59009,2025,10,2025-10-03,Vendredi,57.14,Villeneuve-d'Ascq,Villeneuve d'Ascq - 4 Cantons Stade Pierre Mauroy,50.605006,3.139401,POINT (50.605006 3.139401)
comptage_abri_velo.34512,34512,A24,59512,2025,10,2025-10-30,Jeudi,16,Roubaix,Roubaix - Eurotéléport,50.691165,3.179592,POINT (50.691165 3.179592)
comptage_abri_velo.34513,34513,H2,59350,2025,10,2025-10-14,Mardi,8.6,Lille,Lille - C.H.U. Eurasanté,50.607865,3.040099,POINT (50.607865 3.040099)
comptage_abri_velo.34514,34514,H1,59017,2025,7,2025-07-17,Jeudi,39,Armentières,Armentières - Gare,50.680972,2.877374,POINT (50.680972 2.877374)
comptage_abri_velo.34515,34515,H5,59009,2025,7,2025-07-23,Mercredi,51.39,Villeneuve-d'Ascq,Villeneuve d'Ascq - 4 Cantons Stade Pierre Mauroy,50.605006,3.139401,POINT (50.605006 3.139401)
comptage_abri_velo.34516,34516,H4,59524,2025,4,2025-04-14,Lundi,8.71,Sainghin-en-Weppes,Sainghin-en-Weppes - Don Sainghin,50.55142,2.914022,POINT (50.55142 2.914022)
comptage_abri_velo.34517,34517,H4,59524,2025,4,2025-04-11,Vendredi,7.5,Sainghin-en-Weppes,Sainghin-en-Weppes - Don Sainghin,50.55142,2.914022,POINT (50.55142 2.914022)
comptage_abri_velo.34518,34518,H3,59350,2025,5,2025-05-25,Dimanche,5,Lille,Lomme - Saint Philibert,50.653009,2.97502,POINT (50.653009 2.97502)
comptage_abri_velo.34519,34519,H4,59524,2025,10,2025-10-07,Mardi,23.63,Sainghin-en-Weppes,Sainghin-en-Weppes - Don Sainghin,50.55142,2.914022,POINT (50.55142 2.914022)
comptage_abri_velo.34520,34520,A15,59378,2025,7,2025-07-29,Mardi,6,Marcq-en-Barœul,Marcq-en-Baroeul - Croisé Laroche,50.665991,3.103728,POINT (50.665991 3.103728)
comptage_abri_velo.34521,34521,A4,59646,2025,7,2025-07-12,Samedi,12,Wasquehal,Wasquehal - Pavé de Lille,50.664155,3.130022,POINT (50.664155 3.130022)
comptage_abri_velo.34522,34522,A5,59350,2025,10,2025-10-16,Jeudi,17,Lille,Lomme - Maison des Enfants,50.646144,2.994472,POINT (50.646144 2.994472)
comptage_abri_velo.34523,34523,A26,59350,2025,9,2025-09-02,Mardi,3,Lille,Lille - Porte de Douai,50.618012,3.071473,POINT (50.618012 3.071473)
comptage_abri_velo.34524,34524,H3,59350,2025,9,2025-09-04,Jeudi,9,Lille,Lomme - Saint Philibert,50.653009,2.97502,POINT (50.653009 2.97502)
comptage_abri_velo.34525,34525,A5,59350,2025,7,2025-07-22,Mardi,14,Lille,Lomme - Maison des Enfants,50.646144,2.994472,POINT (50.646144 2.994472)
comptage_abri_velo.34526,34526,H5,59009,2025,12,2025-12-08,Lundi,36.43,Villeneuve-d'Ascq,Villeneuve d'Ascq - 4 Cantons Stade Pierre Mauroy,50.605006,3.139401,POINT (50.605006 3.139401)
comptage_abri_velo.34527,34527,H2,59350,2025,12,2025-12-04,Jeudi,5.4,Lille,Lille - C.H.U. Eurasanté,50.607865,3.040099,POINT (50.607865 3.040099)
comptage_abri_velo.34528,34528,H2,59350,2025,10,2025-10-29,Mercredi,7.2,Lille,Lille - C.H.U. Eurasanté,50.607865,3.040099,POINT (50.607865 3.040099)
comptage_abri_velo.34529,34529,H3,59350,2025,8,2025-08-09,Samedi,4.56,Lille,Lomme - Saint Philibert,50.653009,2.97502,POINT (50.653009 2.97502)
comptage_abri_velo.34530,34530,H1,59017,2025,6,2025-06-12,Jeudi,19,Armentières,Armentières - Gare,50.680972,2.877374,POINT (50.680972 2.877374)
comptage_abri_velo.34531,34531,H5,59009,2025,7,2025-07-25,Vendredi,53.57,Villeneuve-d'Ascq,Villeneuve d'Ascq - 4 Cantons Stade Pierre Mauroy,50.605006,3.139401,POINT (50.605006 3.139401)
comptage_abri_velo.34532,34532,A22,59560,2025,5,2025-05-08,Jeudi,2.5,Seclin,Seclin - Gare,50.547452,3.034268,POINT (50.547452 3.034268)
comptage_abri_velo.34533,34533,H1,59017,2025,10,2025-10-08,Mercredi,44.56,Armentières,Armentières - Gare,50.680972,2.877374,POINT (50.680972 2.877374)
comptage_abri_velo.34534,34534,A16,59421,2025,6,2025-06-20,Vendredi,11,Mouvaux,Mouvaux - 3 Suisses,50.69899,3.138302,POINT (50.69899 3.138302)
comptage_abri_velo.34535,34535,A11,59650,2025,11,2025-11-14,Vendredi,0,Wattrelos,Wattrelos - Centre,50.701454,3.214476,POINT (50.701454 3.214476)
comptage_abri_velo.34536,34536,A24,59512,2025,11,2025-11-27,Jeudi,11,Roubaix,Roubaix - Eurotéléport,50.691165,3.179592,POINT (50.691165 3.179592)
comptage_abri_velo.34537,34537,A2,59527,2025,12,2025-12-23,Mardi,18,Saint-André-lez-Lille,St André - Mairie,50.660206,3.051002,POINT (50.660206 3.051002)
comptage_abri_velo.34538,34538,A19,59350,2025,10,2025-10-01,Mercredi,31,Lille,Lille - Porte des Postes,50.617921,3.049909,POINT (50.617921 3.049909)
comptage_abri_velo.34539,34539,H3,59350,2025,8,2025-08-17,Dimanche,4,Lille,Lomme - Saint Philibert,50.653009,2.97502,POINT (50.653009 2.97502)
comptage_abri_velo.34540,34540,H1,59017,2025,5,2025-05-31,Samedi,24.4,Armentières,Armentières - Gare,50.680972,2.877374,POINT (50.680972 2.877374)
comptage_abri_velo.34541,34541,H4,59524,2025,9,2025-09-21,Dimanche,3.29,Sainghin-en-Weppes,Sainghin-en-Weppes - Don Sainghin,50.55142,2.914022,POINT (50.55142 2.914022)
comptage_abri_velo.34542,34542,H6,59009,2025,11,2025-11-01,Samedi,28,Villeneuve-d'Ascq,Villeneuve d'Ascq - Les Prés Edgard Pisani,50.650048,3.125509,POINT (50.650048 3.125509)
comptage_abri_velo.34543,34543,H6,59009,2025,6,2025-06-28,Samedi,23.11,Villeneuve-d'Ascq,Villeneuve d'Ascq - Les Prés Edgard Pisani,50.650048,3.125509,POINT (50.650048 3.125509)
comptage_abri_velo.34544,34544,H2,59350,2025,8,2025-08-29,Vendredi,6.1,Lille,Lille - C.H.U. Eurasanté,50.607865,3.040099,POINT (50.607865 3.040099)
comptage_abri_velo.34545,34545,A22,59560,2025,11,2025-11-12,Mercredi,6,Seclin,Seclin - Gare,50.547452,3.034268,POINT (50.547452 3.034268)
comptage_abri_velo.34546,34546,H6,59009,2025,6,2025-06-06,Vendredi,24.44,Villeneuve-d'Ascq,Villeneuve d'Ascq - Les Prés Edgard Pisani,50.650048,3.125509,POINT (50.650048 3.125509)
comptage_abri_velo.34547,34547,H4,59524,2025,6,2025-06-12,Jeudi,21.1,Sainghin-en-Weppes,Sainghin-en-Weppes - Don Sainghin,50.55142,2.914022,POINT (50.55142 2.914022)
comptage_abri_velo.34548,34548,A28,59599,2025,7,2025-07-29,Mardi,2,Tourcoing,Tourcoing - Gare,50.716812,3.166903,POINT (50.716812 3.166903)
comptage_abri_velo.34549,34549,H1,59017,2025,8,2025-08-10,Dimanche,17.38,Armentières,Armentières - Gare,50.680972,2.877374,POINT (50.680972 2.877374)
comptage_abri_velo.34550,34550,A22,59560,2025,5,2025-05-29,Jeudi,4,Seclin,Seclin - Gare,50.547452,3.034268,POINT (50.547452 3.034268)
comptage_abri_velo.34551,34551,A22,59560,2025,8,2025-08-01,Vendredi,2.86,Seclin,Seclin - Gare,50.547452,3.034268,POINT (50.547452 3.034268)
comptage_abri_velo.34552,34552,H1,59017,2025,6,2025-06-14,Samedi,20.4,Armentières,Armentières - Gare,50.680972,2.877374,POINT (50.680972 2.877374)
comptage_abri_velo.34553,34553,H6,59009,2025,4,2025-04-25,Vendredi,24.9,Villeneuve-d'Ascq,Villeneuve d'Ascq - Les Prés Edgard Pisani,50.650048,3.125509,POINT (50.650048 3.125509)
comptage_abri_velo.34554,34554,H4,59524,2025,11,2025-11-23,Dimanche,5.86,Sainghin-en-Weppes,Sainghin-en-Weppes - Don Sainghin,50.55142,2.914022,POINT (50.55142 2.914022)
comptage_abri_velo.34555,34555,A12,59368,2025,11,2025-11-13,Jeudi,14,La Madeleine,La Madeleine - Romarin,50.645694,3.075042,POINT (50.645694 3.075042)
comptage_abri_velo.34556,34556,H1,59017,2025,9,2025-09-02,Mardi,33,Armentières,Armentières - Gare,50.680972,2.877374,POINT (50.680972 2.877374)
comptage_abri_velo.34557,34557,A17,59279,2025,8,2025-08-11,Lundi,4,Halluin,Halluin - Centre,50.780946,3.119719,POINT (50.780946 3.119719)
comptage_abri_velo.34558,34558,A21,59360,2025,9,2025-09-10,Mercredi,6,Loos,Loos - Mairie,50.614588,3.012336,POINT (50.614588 3.012336)
comptage_abri_velo.34559,34559,H3,59350,2025,7,2025-07-31,Jeudi,6.67,Lille,Lomme - Saint Philibert,50.653009,2.97502,POINT (50.653009 2.97502)
comptage_abri_velo.34560,34560,H4,59524,2025,11,2025-11-10,Lundi,14.63,Sainghin-en-Weppes,Sainghin-en-Weppes - Don Sainghin,50.55142,2.914022,POINT (50.55142 2.914022)
comptage_abri_velo.34561,34561,H6,59009,2025,10,2025-10-28,Mardi,26.89,Villeneuve-d'Ascq,Villeneuve d'Ascq - Les Prés Edgard Pisani,50.650048,3.125509,POINT (50.650048 3.125509)
comptage_abri_velo.34562,34562,H4,59524,2025,11,2025-11-29,Samedi,7,Sainghin-en-Weppes,Sainghin-en-Weppes - Don Sainghin,50.55142,2.914022,POINT (50.55142 2.914022)
comptage_abri_velo.34563,34563,H5,59009,2025,5,2025-05-20,Mardi,57.67,Villeneuve-d'Ascq,Villeneuve d'Ascq - 4 Cantons Stade Pierre Mauroy,50.605006,3.139401,POINT (50.605006 3.139401)
comptage_abri_velo.34564,34564,H5,59009,2025,9,2025-09-04,Jeudi,61.9,Villeneuve-d'Ascq,Villeneuve d'Ascq - 4 Cantons Stade Pierre Mauroy,50.605006,3.139401,POINT (50.605006 3.139401)
comptage_abri_velo.34565,34565,H1,59017,2025,12,2025-12-08,Lundi,32.33,Armentières,Armentières - Gare,50.680972,2.877374,POINT (50.680972 2.877374)
comptage_abri_velo.34566,34566,H5,59009,2025,4,2025-04-06,Dimanche,47,Villeneuve-d'Ascq,Villeneuve d'Ascq - 4 Cantons Stade Pierre Mauroy,50.605006,3.139401,POINT (50.605006 3.139401)
comptage_abri_velo.34567,34567,H3,59350,2025,7,2025-07-07,Lundi,7.67,Lille,Lomme - Saint Philibert,50.653009,2.97502,POINT (50.653009 2.97502)
comptage_abri_velo.34568,34568,H5,59009,2025,7,2025-07-29,Mardi,51.75,Villeneuve-d'Ascq,Villeneuve d'Ascq - 4 Cantons Stade Pierre Mauroy,50.605006,3.139401,POINT (50.605006 3.139401)
comptage_abri_velo.34569,34569,H3,59350,2025,7,2025-07-22,Mardi,7.75,Lille,Lomme - Saint Philibert,50.653009,2.97502,POINT (50.653009 2.97502)
comptage_abri_velo.34570,34570,H1,59017,2025,7,2025-07-25,Vendredi,22.5,Armentières,Armentières - Gare,50.680972,2.877374,POINT (50.680972 2.877374)
comptage_abri_velo.34571,34571,A22,59560,2025,7,2025-07-19,Samedi,2.57,Seclin,Seclin - Gare,50.547452,3.034268,POINT (50.547452 3.034268)
comptage_abri_velo.34572,34572,H1,59017,2025,8,2025-08-28,Jeudi,33,Armentières,Armentières - Gare,50.680972,2.877374,POINT (50.680972 2.877374)
comptage_abri_velo.34573,34573,H6,59009,2025,10,2025-10-14,Mardi,29.6,Villeneuve-d'Ascq,Villeneuve d'Ascq - Les Prés Edgard Pisani,50.650048,3.125509,POINT (50.650048 3.125509)
comptage_abri_velo.34574,34574,A22,59560,2025,4,2025-04-10,Jeudi,2.88,Seclin,Seclin - Gare,50.547452,3.034268,POINT (50.547452 3.034268)
comptage_abri_velo.34575,34575,H5,59009,2025,10,2025-10-25,Samedi,42.27,Villeneuve-d'Ascq,Villeneuve d'Ascq - 4 Cantons Stade Pierre Mauroy,50.605006,3.139401,POINT (50.605006 3.139401)
comptage_abri_velo.34576,34576,H2,59350,2025,6,2025-06-23,Lundi,6.38,Lille,Lille - C.H.U. Eurasanté,50.607865,3.040099,POINT (50.607865 3.040099)
comptage_abri_velo.34577,34577,H4,59524,2025,9,2025-09-08,Lundi,19.25,Sainghin-en-Weppes,Sainghin-en-Weppes - Don Sainghin,50.55142,2.914022,POINT (50.55142 2.914022)
comptage_abri_velo.34578,34578,H1,59017,2025,5,2025-05-26,Lundi,37.13,Armentières,Armentières - Gare,50.680972,2.877374,POINT (50.680972 2.877374)
comptage_abri_velo.34579,34579,H4,59524,2025,12,2025-12-24,Mercredi,5.13,Sainghin-en-Weppes,Sainghin-en-Weppes - Don Sainghin,50.55142,2.914022,POINT (50.55142 2.914022)
comptage_abri_velo.34580,34580,H3,59350,2025,9,2025-09-30,Mardi,18,Lille,Lomme - Saint Philibert,50.653009,2.97502,POINT (50.653009 2.97502)
comptage_abri_velo.34581,34581,H5,59009,2025,7,2025-07-20,Dimanche,53.24,Villeneuve-d'Ascq,Villeneuve d'Ascq - 4 Cantons Stade Pierre Mauroy,50.605006,3.139401,POINT (50.605006 3.139401)
comptage_abri_velo.34582,34582,H2,59350,2025,5,2025-05-20,Mardi,7.8,Lille,Lille - C.H.U. Eurasanté,50.607865,3.040099,POINT (50.607865 3.040099)
comptage_abri_velo.34583,34583,H5,59009,2025,9,2025-09-02,Mardi,58.19,Villeneuve-d'Ascq,Villeneuve d'Ascq - 4 Cantons Stade Pierre Mauroy,50.605006,3.139401,POINT (50.605006 3.139401)
comptage_abri_velo.34584,34584,H4,59524,2025,10,2025-10-01,Mercredi,16.63,Sainghin-en-Weppes,Sainghin-en-Weppes - Don Sainghin,50.55142,2.914022,POINT (50.55142 2.914022)
comptage_abri_velo.34585,34585,H6,59009,2025,12,2025-12-12,Vendredi,27.91,Villeneuve-d'Ascq,Villeneuve d'Ascq - Les Prés Edgard Pisani,50.650048,3.125509,POINT (50.650048 3.125509)
comptage_abri_velo.34586,34586,H2,59350,2025,5,2025-05-01,Jeudi,4,Lille,Lille - C.H.U. Eurasanté,50.607865,3.040099,POINT (50.607865 3.040099)
comptage_abri_velo.34587,34587,H6,59009,2025,9,2025-09-23,Mardi,33.2,Villeneuve-d'Ascq,Villeneuve d'Ascq - Les Prés Edgard Pisani,50.650048,3.125509,POINT (50.650048 3.125509)
comptage_abri_velo.34588,34588,H6,59009,2025,12,2025-12-07,Dimanche,27,Villeneuve-d'Ascq,Villeneuve d'Ascq - Les Prés Edgard Pisani,50.650048,3.125509,POINT (50.650048 3.125509)
comptage_abri_velo.34589,34589,H1,59017,2025,12,2025-12-30,Mardi,20,Armentières,Armentières - Gare,50.680972,2.877374,POINT (50.680972 2.877374)
comptage_abri_velo.34590,34590,A22,59560,2025,4,2025-04-08,Mardi,2.57,Seclin,Seclin - Gare,50.547452,3.034268,POINT (50.547452 3.034268)
comptage_abri_velo.34591,34591,A22,59560,2025,9,2025-09-30,Mardi,12.13,Seclin,Seclin - Gare,50.547452,3.034268,POINT (50.547452 3.034268)
comptage_abri_velo.34592,34592,A12,59368,2025,10,2025-10-08,Mercredi,14,La Madeleine,La Madeleine - Romarin,50.645694,3.075042,POINT (50.645694 3.075042)
comptage_abri_velo.34593,34593,H4,59524,2025,12,2025-12-17,Mercredi,15.88,Sainghin-en-Weppes,Sainghin-en-Weppes - Don Sainghin,50.55142,2.914022,POINT (50.55142 2.914022)
comptage_abri_velo.34594,34594,H3,59350,2025,10,2025-10-28,Mardi,10.1,Lille,Lomme - Saint Philibert,50.653009,2.97502,POINT (50.653009 2.97502)
comptage_abri_velo.34595,34595,H2,59350,2025,9,2025-09-20,Samedi,3.7,Lille,Lille - C.H.U. Eurasanté,50.607865,3.040099,POINT (50.607865 3.040099)
comptage_abri_velo.34596,34596,H4,59524,2025,6,2025-06-01,Dimanche,7,Sainghin-en-Weppes,Sainghin-en-Weppes - Don Sainghin,50.55142,2.914022,POINT (50.55142 2.914022)
comptage_abri_velo.34597,34597,A4,59646,2025,7,2025-07-28,Lundi,10.5,Wasquehal,Wasquehal - Pavé de Lille,50.664155,3.130022,POINT (50.664155 3.130022)
comptage_abri_velo.34598,34598,H4,59524,2025,4,2025-04-23,Mercredi,12.13,Sainghin-en-Weppes,Sainghin-en-Weppes - Don Sainghin,50.55142,2.914022,POINT (50.55142 2.914022)
comptage_abri_velo.34599,34599,H5,59009,2025,9,2025-09-30,Mardi,57.1,Villeneuve-d'Ascq,Villeneuve d'Ascq - 4 Cantons Stade Pierre Mauroy,50.605006,3.139401,POINT (50.605006 3.139401)
comptage_abri_velo.34600,34600,H2,59350,2025,5,2025-05-30,Vendredi,4.5,Lille,Lille - C.H.U. Eurasanté,50.607865,3.040099,POINT (50.607865 3.040099)
comptage_abri_velo.34601,34601,H1,59017,2025,5,2025-05-05,Lundi,33.22,Armentières,Armentières - Gare,50.680972,2.877374,POINT (50.680972 2.877374)
comptage_abri_velo.34602,34602,H5,59009,2025,9,2025-09-12,Vendredi,55.52,Villeneuve-d'Ascq,Villeneuve d'Ascq - 4 Cantons Stade Pierre Mauroy,50.605006,3.139401,POINT (50.605006 3.139401)
comptage_abri_velo.34603,34603,A24,59512,2025,11,2025-11-26,Mercredi,12,Roubaix,Roubaix - Eurotéléport,50.691165,3.179592,POINT (50.691165 3.179592)
comptage_abri_velo.34604,34604,A23,59152,2025,7,2025-07-09,Mercredi,4,Comines,Comines - Centre,50.761928,3.011547,POINT (50.761928 3.011547)
comptage_abri_velo.34605,34605,A7,59482,2025,11,2025-11-26,Mercredi,15,Quesnoy-sur-Deûle,Quesnoy-sur-Deûle  - Mairie,50.712951,3.000769,POINT (50.712951 3.000769)
comptage_abri_velo.34606,34606,H2,59350,2025,11,2025-11-05,Mercredi,8.1,Lille,Lille - C.H.U. Eurasanté,50.607865,3.040099,POINT (50.607865 3.040099)
comptage_abri_velo.34607,34607,H3,59350,2025,4,2025-04-07,Lundi,10.63,Lille,Lomme - Saint Philibert,50.653009,2.97502,POINT (50.653009 2.97502)
comptage_abri_velo.34608,34608,H5,59009,2025,10,2025-10-18,Samedi,48.77,Villeneuve-d'Ascq,Villeneuve d'Ascq - 4 Cantons Stade Pierre Mauroy,50.605006,3.139401,POINT (50.605006 3.139401)
comptage_abri_velo.34609,34609,A22,59560,2025,9,2025-09-24,Mercredi,10.33,Seclin,Seclin - Gare,50.547452,3.034268,POINT (50.547452 3.034268)
comptage_abri_velo.34610,34610,H1,59017,2025,11,2025-11-11,Mardi,22.4,Armentières,Armentières - Gare,50.680972,2.877374,POINT (50.680972 2.877374)
comptage_abri_velo.34611,34611,H4,59524,2025,12,2025-12-07,Dimanche,5.57,Sainghin-en-Weppes,Sainghin-en-Weppes - Don Sainghin,50.55142,2.914022,POINT (50.55142 2.914022)
comptage_abri_velo.34612,34612,H4,59524,2025,12,2025-12-20,Samedi,7.75,Sainghin-en-Weppes,Sainghin-en-Weppes - Don Sainghin,50.55142,2.914022,POINT (50.55142 2.914022)
comptage_abri_velo.34613,34613,H3,59350,2025,8,2025-08-31,Dimanche,5,Lille,Lomme - Saint Philibert,50.653009,2.97502,POINT (50.653009 2.97502)
comptage_abri_velo.34614,34614,H5,59009,2025,6,2025-06-04,Mercredi,55,Villeneuve-d'Ascq,Villeneuve d'Ascq - 4 Cantons Stade Pierre Mauroy,50.605006,3.139401,POINT (50.605006 3.139401)
comptage_abri_velo.34615,34615,A22,59560,2025,9,2025-09-25,Jeudi,10.75,Seclin,Seclin - Gare,50.547452,3.034268,POINT (50.547452 3.034268)
comptage_abri_velo.34616,34616,H5,59009,2025,11,2025-11-29,Samedi,39,Villeneuve-d'Ascq,Villeneuve d'Ascq - 4 Cantons Stade Pierre Mauroy,50.605006,3.139401,POINT (50.605006 3.139401)
comptage_abri_velo.34617,34617,A6,59163,2025,4,2025-04-22,Mardi,20,Croix,Croix - Centre,50.674954,3.145916,POINT (50.674954 3.145916)
comptage_abri_velo.34618,34618,H6,59009,2025,12,2025-12-02,Mardi,30,Villeneuve-d'Ascq,Villeneuve d'Ascq - Les Prés Edgard Pisani,50.650048,3.125509,POINT (50.650048 3.125509)
comptage_abri_velo.34619,34619,H1,59017,2025,11,2025-11-25,Mardi,31.1,Armentières,Armentières - Gare,50.680972,2.877374,POINT (50.680972 2.877374)
comptage_abri_velo.34620,34620,H5,59009,2025,10,2025-10-24,Vendredi,41.65,Villeneuve-d'Ascq,Villeneuve d'Ascq - 4 Cantons Stade Pierre Mauroy,50.605006,3.139401,POINT (50.605006 3.139401)
comptage_abri_velo.34621,34621,A19,59350,2025,8,2025-08-29,Vendredi,37,Lille,Lille - Porte des Postes,50.617921,3.049909,POINT (50.617921 3.049909)
comptage_abri_velo.34622,34622,H3,59350,2025,7,2025-07-04,Vendredi,8.89,Lille,Lomme - Saint Philibert,50.653009,2.97502,POINT (50.653009 2.97502)
comptage_abri_velo.34623,34623,H2,59350,2025,10,2025-10-24,Vendredi,5.8,Lille,Lille - C.H.U. Eurasanté,50.607865,3.040099,POINT (50.607865 3.040099)
comptage_abri_velo.34624,34624,A8,59636,2025,6,2025-06-20,Vendredi,10,Wambrechies,Wambrechies - Mairie,50.686433,3.053429,POINT (50.686433 3.053429)
comptage_abri_velo.34625,34625,A22,59560,2025,7,2025-07-24,Jeudi,5,Seclin,Seclin - Gare,50.547452,3.034268,POINT (50.547452 3.034268)
comptage_abri_velo.34626,34626,A22,59560,2025,7,2025-07-23,Mercredi,3.75,Seclin,Seclin - Gare,50.547452,3.034268,POINT (50.547452 3.034268)
comptage_abri_velo.34627,34627,H5,59009,2025,12,2025-12-22,Lundi,36.52,Villeneuve-d'Ascq,Villeneuve d'Ascq - 4 Cantons Stade Pierre Mauroy,50.605006,3.139401,POINT (50.605006 3.139401)
comptage_abri_velo.34628,34628,H3,59350,2025,5,2025-05-17,Samedi,4.25,Lille,Lomme - Saint Philibert,50.653009,2.97502,POINT (50.653009 2.97502)
comptage_abri_velo.34629,34629,A23,59152,2025,11,2025-11-26,Mercredi,4,Comines,Comines - Centre,50.761928,3.011547,POINT (50.761928 3.011547)
comptage_abri_velo.34630,34630,A6,59163,2025,8,2025-08-29,Vendredi,18,Croix,Croix - Centre,50.674954,3.145916,POINT (50.674954 3.145916)
comptage_abri_velo.34631,34631,A16,59421,2025,11,2025-11-14,Vendredi,11,Mouvaux,Mouvaux - 3 Suisses,50.69899,3.138302,POINT (50.69899 3.138302)
comptage_abri_velo.34632,34632,H6,59009,2025,7,2025-07-02,Mercredi,26,Villeneuve-d'Ascq,Villeneuve d'Ascq - Les Prés Edgard Pisani,50.650048,3.125509,POINT (50.650048 3.125509)
comptage_abri_velo.34633,34633,A6,59163,2025,10,2025-10-09,Jeudi,22,Croix,Croix - Centre,50.674954,3.145916,POINT (50.674954 3.145916)
comptage_abri_velo.34634,34634,A14,59599,2025,10,2025-10-31,Vendredi,21,Tourcoing,Tourcoing - Centre,50.720457,3.158724,POINT (50.720457 3.158724)
comptage_abri_velo.34635,34635,H4,59524,2025,12,2025-12-03,Mercredi,10.75,Sainghin-en-Weppes,Sainghin-en-Weppes - Don Sainghin,50.55142,2.914022,POINT (50.55142 2.914022)
comptage_abri_velo.34636,34636,H1,59017,2025,12,2025-12-25,Jeudi,21.22,Armentières,Armentières - Gare,50.680972,2.877374,POINT (50.680972 2.877374)
comptage_abri_velo.34637,34637,A12,59368,2025,7,2025-07-09,Mercredi,10,La Madeleine,La Madeleine - Romarin,50.645694,3.075042,POINT (50.645694 3.075042)
comptage_abri_velo.34638,34638,H2,59350,2025,6,2025-06-19,Jeudi,7.44,Lille,Lille - C.H.U. Eurasanté,50.607865,3.040099,POINT (50.607865 3.040099)
comptage_abri_velo.34639,34639,H4,59524,2025,8,2025-08-14,Jeudi,9.29,Sainghin-en-Weppes,Sainghin-en-Weppes - Don Sainghin,50.55142,2.914022,POINT (50.55142 2.914022)
comptage_abri_velo.34640,34640,H3,59350,2025,5,2025-05-02,Vendredi,9,Lille,Lomme - Saint Philibert,50.653009,2.97502,POINT (50.653009 2.97502)
comptage_abri_velo.34641,34641,H5,59009,2025,12,2025-12-06,Samedi,38.73,Villeneuve-d'Ascq,Villeneuve d'Ascq - 4 Cantons Stade Pierre Mauroy,50.605006,3.139401,POINT (50.605006 3.139401)
comptage_abri_velo.34642,34642,H5,59009,2025,5,2025-05-30,Vendredi,52.5,Villeneuve-d'Ascq,Villeneuve d'Ascq - 4 Cantons Stade Pierre Mauroy,50.605006,3.139401,POINT (50.605006 3.139401)
comptage_abri_velo.34643,34643,H2,59350,2025,6,2025-06-18,Mercredi,4.4,Lille,Lille - C.H.U. Eurasanté,50.607865,3.040099,POINT (50.607865 3.040099)
comptage_abri_velo.34644,34644,A22,59560,2025,6,2025-06-21,Samedi,2,Seclin,Seclin - Gare,50.547452,3.034268,POINT (50.547452 3.034268)
comptage_abri_velo.34645,34645,H5,59009,2025,12,2025-12-24,Mercredi,38.71,Villeneuve-d'Ascq,Villeneuve d'Ascq - 4 Cantons Stade Pierre Mauroy,50.605006,3.139401,POINT (50.605006 3.139401)
comptage_abri_velo.34646,34646,H1,59017,2025,8,2025-08-17,Dimanche,16.2,Armentières,Armentières - Gare,50.680972,2.877374,POINT (50.680972 2.877374)
comptage_abri_velo.34647,34647,H1,59017,2025,9,2025-09-12,Vendredi,29.2,Armentières,Armentières - Gare,50.680972,2.877374,POINT (50.680972 2.877374)
comptage_abri_velo.34648,34648,H3,59350,2025,12,2025-12-28,Dimanche,7,Lille,Lomme - Saint Philibert,50.653009,2.97502,POINT (50.653009 2.97502)
comptage_abri_velo.34649,34649,A27,59350,2025,4,2025-04-23,Mercredi,16,Lille,Hellemmes - Mairie,50.627533,3.109026,POINT (50.627533 3.109026)
comptage_abri_velo.34650,34650,A11,59650,2025,6,2025-06-05,Jeudi,2,Wattrelos,Wattrelos - Centre,50.701454,3.214476,POINT (50.701454 3.214476)
comptage_abri_velo.34651,34651,A22,59560,2025,8,2025-08-18,Lundi,6.25,Seclin,Seclin - Gare,50.547452,3.034268,POINT (50.547452 3.034268)
comptage_abri_velo.34652,34652,H2,59350,2025,8,2025-08-18,Lundi,5,Lille,Lille - C.H.U. Eurasanté,50.607865,3.040099,POINT (50.607865 3.040099)
comptage_abri_velo.34653,34653,H3,59350,2025,12,2025-12-07,Dimanche,5,Lille,Lomme - Saint Philibert,50.653009,2.97502,POINT (50.653009 2.97502)
comptage_abri_velo.34654,34654,A6,59163,2025,11,2025-11-13,Jeudi,0,Croix,Croix - Centre,50.674954,3.145916,POINT (50.674954 3.145916)
comptage_abri_velo.34655,34655,A18,59410,2025,5,2025-05-22,Jeudi,17,Mons-en-Barœul,Mons-en-Baroeul - Mairie,50.642837,3.1101,POINT (50.642837 3.1101)
comptage_abri_velo.34656,34656,H3,59350,2025,7,2025-07-26,Samedi,4.67,Lille,Lomme - Saint Philibert,50.653009,2.97502,POINT (50.653009 2.97502)
comptage_abri_velo.34657,34657,H5,59009,2025,7,2025-07-31,Jeudi,50.73,Villeneuve-d'Ascq,Villeneuve d'Ascq - 4 Cantons Stade Pierre Mauroy,50.605006,3.139401,POINT (50.605006 3.139401)
comptage_abri_velo.34658,34658,H4,59524,2025,7,2025-07-01,Mardi,15.75,Sainghin-en-Weppes,Sainghin-en-Weppes - Don Sainghin,50.55142,2.914022,POINT (50.55142 2.914022)
comptage_abri_velo.34659,34659,H3,59350,2025,9,2025-09-29,Lundi,14.6,Lille,Lomme - Saint Philibert,50.653009,2.97502,POINT (50.653009 2.97502)
comptage_abri_velo.34660,34660,H4,59524,2025,9,2025-09-30,Mardi,19.63,Sainghin-en-Weppes,Sainghin-en-Weppes - Don Sainghin,50.55142,2.914022,POINT (50.55142 2.914022)
comptage_abri_velo.34661,34661,H3,59350,2025,4,2025-04-24,Jeudi,8.33,Lille,Lomme - Saint Philibert,50.653009,2.97502,POINT (50.653009 2.97502)
comptage_abri_velo.34662,34662,H1,59017,2025,10,2025-10-01,Mercredi,39.2,Armentières,Armentières - Gare,50.680972,2.877374,POINT (50.680972 2.877374)
comptage_abri_velo.34663,34663,H3,59350,2025,10,2025-10-27,Lundi,7.09,Lille,Lomme - Saint Philibert,50.653009,2.97502,POINT (50.653009 2.97502)
comptage_abri_velo.34664,34664,H3,59350,2025,6,2025-06-07,Samedi,7.56,Lille,Lomme - Saint Philibert,50.653009,2.97502,POINT (50.653009 2.97502)
comptage_abri_velo.34665,34665,A22,59560,2025,9,2025-09-10,Mercredi,5.63,Seclin,Seclin - Gare,50.547452,3.034268,POINT (50.547452 3.034268)
comptage_abri_velo.34666,34666,H4,59524,2025,12,2025-12-11,Jeudi,18.5,Sainghin-en-Weppes,Sainghin-en-Weppes - Don Sainghin,50.55142,2.914022,POINT (50.55142 2.914022)
comptage_abri_velo.34667,34667,H4,59524,2025,9,2025-09-06,Samedi,10.25,Sainghin-en-Weppes,Sainghin-en-Weppes - Don Sainghin,50.55142,2.914022,POINT (50.55142 2.914022)
comptage_abri_velo.34668,34668,H3,59350,2025,8,2025-08-25,Lundi,9.63,Lille,Lomme - Saint Philibert,50.653009,2.97502,POINT (50.653009 2.97502)
comptage_abri_velo.34669,34669,A22,59560,2025,4,2025-04-01,Mardi,5.83,Seclin,Seclin - Gare,50.547452,3.034268,POINT (50.547452 3.034268)
comptage_abri_velo.34670,34670,A8,59636,2025,7,2025-07-09,Mercredi,10,Wambrechies,Wambrechies - Mairie,50.686433,3.053429,POINT (50.686433 3.053429)
comptage_abri_velo.34671,34671,H2,59350,2025,8,2025-08-15,Vendredi,5,Lille,Lille - C.H.U. Eurasanté,50.607865,3.040099,POINT (50.607865 3.040099)
comptage_abri_velo.34672,34672,H5,59009,2025,4,2025-04-10,Jeudi,51.48,Villeneuve-d'Ascq,Villeneuve d'Ascq - 4 Cantons Stade Pierre Mauroy,50.605006,3.139401,POINT (50.605006 3.139401)
comptage_abri_velo.34673,34673,A8,59636,2025,8,2025-08-28,Jeudi,10,Wambrechies,Wambrechies - Mairie,50.686433,3.053429,POINT (50.686433 3.053429)
comptage_abri_velo.34674,34674,H4,59524,2025,7,2025-07-07,Lundi,11,Sainghin-en-Weppes,Sainghin-en-Weppes - Don Sainghin,50.55142,2.914022,POINT (50.55142 2.914022)
comptage_abri_velo.34675,34675,A11,59650,2025,12,2025-12-24,Mercredi,1,Wattrelos,Wattrelos - Centre,50.701454,3.214476,POINT (50.701454 3.214476)
comptage_abri_velo.34676,34676,H2,59350,2025,9,2025-09-24,Mercredi,4.6,Lille,Lille - C.H.U. Eurasanté,50.607865,3.040099,POINT (50.607865 3.040099)
comptage_abri_velo.34677,34677,A21,59360,2025,4,2025-04-11,Vendredi,3,Loos,Loos - Mairie,50.614588,3.012336,POINT (50.614588 3.012336)
comptage_abri_velo.34678,34678,A22,59560,2025,10,2025-10-18,Samedi,5.5,Seclin,Seclin - Gare,50.547452,3.034268,POINT (50.547452 3.034268)
comptage_abri_velo.34679,34679,H2,59350,2025,5,2025-05-24,Samedi,4.91,Lille,Lille - C.H.U. Eurasanté,50.607865,3.040099,POINT (50.607865 3.040099)
comptage_abri_velo.34680,34680,H2,59350,2025,9,2025-09-11,Jeudi,5.2,Lille,Lille - C.H.U. Eurasanté,50.607865,3.040099,POINT (50.607865 3.040099)
comptage_abri_velo.34681,34681,A22,59560,2025,12,2025-12-09,Mardi,8.14,Seclin,Seclin - Gare,50.547452,3.034268,POINT (50.547452 3.034268)
comptage_abri_velo.34682,34682,A28,59599,2025,9,2025-09-25,Jeudi,7,Tourcoing,Tourcoing - Gare,50.716812,3.166903,POINT (50.716812 3.166903)
comptage_abri_velo.34683,34683,H5,59009,2025,7,2025-07-12,Samedi,57.52,Villeneuve-d'Ascq,Villeneuve d'Ascq - 4 Cantons Stade Pierre Mauroy,50.605006,3.139401,POINT (50.605006 3.139401)
comptage_abri_velo.34684,34684,A7,59482,2025,9,2025-09-25,Jeudi,17,Quesnoy-sur-Deûle,Quesnoy-sur-Deûle  - Mairie,50.712951,3.000769,POINT (50.712951 3.000769)
comptage_abri_velo.34685,34685,A12,59368,2025,9,2025-09-24,Mercredi,10,La Madeleine,La Madeleine - Romarin,50.645694,3.075042,POINT (50.645694 3.075042)
comptage_abri_velo.34686,34686,A22,59560,2025,11,2025-11-02,Dimanche,5.25,Seclin,Seclin - Gare,50.547452,3.034268,POINT (50.547452 3.034268)
comptage_abri_velo.34687,34687,H2,59350,2025,12,2025-12-18,Jeudi,4.9,Lille,Lille - C.H.U. Eurasanté,50.607865,3.040099,POINT (50.607865 3.040099)
comptage_abri_velo.34688,34688,H5,59009,2025,7,2025-07-13,Dimanche,54.14,Villeneuve-d'Ascq,Villeneuve d'Ascq - 4 Cantons Stade Pierre Mauroy,50.605006,3.139401,POINT (50.605006 3.139401)
comptage_abri_velo.34689,34689,H6,59009,2025,11,2025-11-05,Mercredi,26.7,Villeneuve-d'Ascq,Villeneuve d'Ascq - Les Prés Edgard Pisani,50.650048,3.125509,POINT (50.650048 3.125509)
comptage_abri_velo.34690,34690,A6,59163,2025,10,2025-10-21,Mardi,21,Croix,Croix - Centre,50.674954,3.145916,POINT (50.674954 3.145916)
comptage_abri_velo.34691,34691,A22,59560,2025,9,2025-09-29,Lundi,12,Seclin,Seclin - Gare,50.547452,3.034268,POINT (50.547452 3.034268)
comptage_abri_velo.34692,34692,A22,59560,2025,8,2025-08-03,Dimanche,1,Seclin,Seclin - Gare,50.547452,3.034268,POINT (50.547452 3.034268)
comptage_abri_velo.34693,34693,A22,59560,2025,5,2025-05-26,Lundi,5.57,Seclin,Seclin - Gare,50.547452,3.034268,POINT (50.547452 3.034268)
comptage_abri_velo.34694,34694,H5,59009,2025,7,2025-07-16,Mercredi,52.32,Villeneuve-d'Ascq,Villeneuve d'Ascq - 4 Cantons Stade Pierre Mauroy,50.605006,3.139401,POINT (50.605006 3.139401)
comptage_abri_velo.34695,34695,H4,59524,2025,5,2025-05-17,Samedi,9,Sainghin-en-Weppes,Sainghin-en-Weppes - Don Sainghin,50.55142,2.914022,POINT (50.55142 2.914022)
comptage_abri_velo.34696,34696,H5,59009,2025,11,2025-11-30,Dimanche,36.65,Villeneuve-d'Ascq,Villeneuve d'Ascq - 4 Cantons Stade Pierre Mauroy,50.605006,3.139401,POINT (50.605006 3.139401)
comptage_abri_velo.34697,34697,A22,59560,2025,4,2025-04-27,Dimanche,1,Seclin,Seclin - Gare,50.547452,3.034268,POINT (50.547452 3.034268)
comptage_abri_velo.34698,34698,H6,59009,2025,9,2025-09-11,Jeudi,27,Villeneuve-d'Ascq,Villeneuve d'Ascq - Les Prés Edgard Pisani,50.650048,3.125509,POINT (50.650048 3.125509)
comptage_abri_velo.34699,34699,A15,59378,2025,8,2025-08-28,Jeudi,6,Marcq-en-Barœul,Marcq-en-Baroeul - Croisé Laroche,50.665991,3.103728,POINT (50.665991 3.103728)
comptage_abri_velo.34700,34700,H6,59009,2025,9,2025-09-17,Mercredi,29,Villeneuve-d'Ascq,Villeneuve d'Ascq - Les Prés Edgard Pisani,50.650048,3.125509,POINT (50.650048 3.125509)
comptage_abri_velo.34701,34701,H5,59009,2025,10,2025-10-14,Mardi,55.19,Villeneuve-d'Ascq,Villeneuve d'Ascq - 4 Cantons Stade Pierre Mauroy,50.605006,3.139401,POINT (50.605006 3.139401)
comptage_abri_velo.34702,34702,H4,59524,2025,10,2025-10-31,Vendredi,11.5,Sainghin-en-Weppes,Sainghin-en-Weppes - Don Sainghin,50.55142,2.914022,POINT (50.55142 2.914022)
comptage_abri_velo.34703,34703,H5,59009,2025,7,2025-07-04,Vendredi,56.13,Villeneuve-d'Ascq,Villeneuve d'Ascq - 4 Cantons Stade Pierre Mauroy,50.605006,3.139401,POINT (50.605006 3.139401)
comptage_abri_velo.34704,34704,H1,59017,2025,11,2025-11-06,Jeudi,42.33,Armentières,Armentières - Gare,50.680972,2.877374,POINT (50.680972 2.877374)
comptage_abri_velo.34705,34705,A24,59512,2025,4,2025-04-17,Jeudi,9,Roubaix,Roubaix - Eurotéléport,50.691165,3.179592,POINT (50.691165 3.179592)
comptage_abri_velo.34706,34706,A3,59009,2025,12,2025-12-07,Dimanche,12,Villeneuve-d'Ascq,Villeneuve d'Ascq - Pont de Bois,50.624619,3.127947,POINT (50.624619 3.127947)
comptage_abri_velo.34707,34707,H6,59009,2025,6,2025-06-20,Vendredi,25.56,Villeneuve-d'Ascq,Villeneuve d'Ascq - Les Prés Edgard Pisani,50.650048,3.125509,POINT (50.650048 3.125509)
comptage_abri_velo.34708,34708,A1,59286,2025,9,2025-09-24,Mercredi,5,Haubourdin,Haubourdin - Jardin Public,50.611361,2.988615,POINT (50.611361 2.988615)
comptage_abri_velo.34709,34709,H6,59009,2025,7,2025-07-19,Samedi,26.11,Villeneuve-d'Ascq,Villeneuve d'Ascq - Les Prés Edgard Pisani,50.650048,3.125509,POINT (50.650048 3.125509)
comptage_abri_velo.34710,34710,H3,59350,2025,7,2025-07-09,Mercredi,8.44,Lille,Lomme - Saint Philibert,50.653009,2.97502,POINT (50.653009 2.97502)
comptage_abri_velo.34711,34711,A17,59279,2025,6,2025-06-20,Vendredi,7,Halluin,Halluin - Centre,50.780946,3.119719,POINT (50.780946 3.119719)
comptage_abri_velo.34712,34712,A22,59560,2025,4,2025-04-25,Vendredi,3.38,Seclin,Seclin - Gare,50.547452,3.034268,POINT (50.547452 3.034268)
comptage_abri_velo.34713,34713,A12,59368,2025,7,2025-07-28,Lundi,8,La Madeleine,La Madeleine - Romarin,50.645694,3.075042,POINT (50.645694 3.075042)
comptage_abri_velo.34714,34714,A3,59009,2025,12,2025-12-31,Mercredi,11,Villeneuve-d'Ascq,Villeneuve d'Ascq - Pont de Bois,50.624619,3.127947,POINT (50.624619 3.127947)
comptage_abri_velo.34715,34715,H6,59009,2025,4,2025-04-01,Mardi,28.3,Villeneuve-d'Ascq,Villeneuve d'Ascq - Les Prés Edgard Pisani,50.650048,3.125509,POINT (50.650048 3.125509)
comptage_abri_velo.34716,34716,H3,59350,2025,6,2025-06-13,Vendredi,9.63,Lille,Lomme - Saint Philibert,50.653009,2.97502,POINT (50.653009 2.97502)
comptage_abri_velo.34717,34717,H3,59350,2025,8,2025-08-12,Mardi,7.13,Lille,Lomme - Saint Philibert,50.653009,2.97502,POINT (50.653009 2.97502)
comptage_abri_velo.34718,34718,H3,59350,2025,9,2025-09-21,Dimanche,6,Lille,Lomme - Saint Philibert,50.653009,2.97502,POINT (50.653009 2.97502)
comptage_abri_velo.34719,34719,H2,59350,2025,4,2025-04-02,Mercredi,7.22,Lille,Lille - C.H.U. Eurasanté,50.607865,3.040099,POINT (50.607865 3.040099)
comptage_abri_velo.34720,34720,A9,59648,2025,12,2025-12-23,Mardi,11,Wattignies,Wattignies - Laënnec,50.589018,3.050619,POINT (50.589018 3.050619)
comptage_abri_velo.34721,34721,H3,59350,2025,11,2025-11-25,Mardi,12.11,Lille,Lomme - Saint Philibert,50.653009,2.97502,POINT (50.653009 2.97502)
comptage_abri_velo.34722,34722,A24,59512,2025,7,2025-07-29,Mardi,10,Roubaix,Roubaix - Eurotéléport,50.691165,3.179592,POINT (50.691165 3.179592)
comptage_abri_velo.34723,34723,A24,59512,2025,5,2025-05-22,Jeudi,5,Roubaix,Roubaix - Eurotéléport,50.691165,3.179592,POINT (50.691165 3.179592)
comptage_abri_velo.34724,34724,A22,59560,2025,4,2025-04-29,Mardi,5,Seclin,Seclin - Gare,50.547452,3.034268,POINT (50.547452 3.034268)
comptage_abri_velo.34725,34725,H5,59009,2025,10,2025-10-21,Mardi,50.52,Villeneuve-d'Ascq,Villeneuve d'Ascq - 4 Cantons Stade Pierre Mauroy,50.605006,3.139401,POINT (50.605006 3.139401)
comptage_abri_velo.34726,34726,H4,59524,2025,5,2025-05-07,Mercredi,10.13,Sainghin-en-Weppes,Sainghin-en-Weppes - Don Sainghin,50.55142,2.914022,POINT (50.55142 2.914022)
comptage_abri_velo.34727,34727,A8,59636,2025,9,2025-09-11,Jeudi,12,Wambrechies,Wambrechies - Mairie,50.686433,3.053429,POINT (50.686433 3.053429)
comptage_abri_velo.34728,34728,A2,59527,2025,4,2025-04-23,Mercredi,20,Saint-André-lez-Lille,St André - Mairie,50.660206,3.051002,POINT (50.660206 3.051002)
comptage_abri_velo.34729,34729,A15,59378,2025,5,2025-05-09,Vendredi,9,Marcq-en-Barœul,Marcq-en-Baroeul - Croisé Laroche,50.665991,3.103728,POINT (50.665991 3.103728)
comptage_abri_velo.34730,34730,H2,59350,2025,7,2025-07-10,Jeudi,7,Lille,Lille - C.H.U. Eurasanté,50.607865,3.040099,POINT (50.607865 3.040099)
comptage_abri_velo.34731,34731,H5,59009,2025,11,2025-11-21,Vendredi,37.29,Villeneuve-d'Ascq,Villeneuve d'Ascq - 4 Cantons Stade Pierre Mauroy,50.605006,3.139401,POINT (50.605006 3.139401)
comptage_abri_velo.34732,34732,H6,59009,2025,9,2025-09-01,Lundi,29.67,Villeneuve-d'Ascq,Villeneuve d'Ascq - Les Prés Edgard Pisani,50.650048,3.125509,POINT (50.650048 3.125509)
comptage_abri_velo.34733,34733,A16,59421,2025,9,2025-09-11,Jeudi,14,Mouvaux,Mouvaux - 3 Suisses,50.69899,3.138302,POINT (50.69899 3.138302)
comptage_abri_velo.34734,34734,H4,59524,2025,12,2025-12-12,Vendredi,12.5,Sainghin-en-Weppes,Sainghin-en-Weppes - Don Sainghin,50.55142,2.914022,POINT (50.55142 2.914022)
comptage_abri_velo.34735,34735,A22,59560,2025,8,2025-08-14,Jeudi,3,Seclin,Seclin - Gare,50.547452,3.034268,POINT (50.547452 3.034268)
comptage_abri_velo.34736,34736,H6,59009,2025,9,2025-09-13,Samedi,28.5,Villeneuve-d'Ascq,Villeneuve d'Ascq - Les Prés Edgard Pisani,50.650048,3.125509,POINT (50.650048 3.125509)
comptage_abri_velo.34737,34737,H4,59524,2025,6,2025-06-24,Mardi,14.5,Sainghin-en-Weppes,Sainghin-en-Weppes - Don Sainghin,50.55142,2.914022,POINT (50.55142 2.914022)
comptage_abri_velo.34738,34738,H5,59009,2025,5,2025-05-27,Mardi,58.05,Villeneuve-d'Ascq,Villeneuve d'Ascq - 4 Cantons Stade Pierre Mauroy,50.605006,3.139401,POINT (50.605006 3.139401)
comptage_abri_velo.34739,34739,A22,59560,2025,5,2025-05-06,Mardi,7.75,Seclin,Seclin - Gare,50.547452,3.034268,POINT (50.547452 3.034268)
comptage_abri_velo.34740,34740,H5,59009,2025,8,2025-08-30,Samedi,56.95,Villeneuve-d'Ascq,Villeneuve d'Ascq - 4 Cantons Stade Pierre Mauroy,50.605006,3.139401,POINT (50.605006 3.139401)
comptage_abri_velo.34741,34741,H4,59524,2025,6,2025-06-13,Vendredi,16.5,Sainghin-en-Weppes,Sainghin-en-Weppes - Don Sainghin,50.55142,2.914022,POINT (50.55142 2.914022)
comptage_abri_velo.34742,34742,H2,59350,2025,6,2025-06-27,Vendredi,3.8,Lille,Lille - C.H.U. Eurasanté,50.607865,3.040099,POINT (50.607865 3.040099)
comptage_abri_velo.34743,34743,H2,59350,2025,11,2025-11-12,Mercredi,7.78,Lille,Lille - C.H.U. Eurasanté,50.607865,3.040099,POINT (50.607865 3.040099)
comptage_abri_velo.34744,34744,A4,59646,2025,9,2025-09-11,Jeudi,11,Wasquehal,Wasquehal - Pavé de Lille,50.664155,3.130022,POINT (50.664155 3.130022)
comptage_abri_velo.34745,34745,A22,59560,2025,4,2025-04-06,Dimanche,3.25,Seclin,Seclin - Gare,50.547452,3.034268,POINT (50.547452 3.034268)
comptage_abri_velo.34746,34746,H5,59009,2025,11,2025-11-26,Mercredi,48,Villeneuve-d'Ascq,Villeneuve d'Ascq - 4 Cantons Stade Pierre Mauroy,50.605006,3.139401,POINT (50.605006 3.139401)
comptage_abri_velo.34747,34747,H5,59009,2025,4,2025-04-29,Mardi,55.43,Villeneuve-d'Ascq,Villeneuve d'Ascq - 4 Cantons Stade Pierre Mauroy,50.605006,3.139401,POINT (50.605006 3.139401)
comptage_abri_velo.34748,34748,H3,59350,2025,12,2025-12-03,Mercredi,10.63,Lille,Lomme - Saint Philibert,50.653009,2.97502,POINT (50.653009 2.97502)
comptage_abri_velo.34749,34749,H3,59350,2025,10,2025-10-21,Mardi,11.6,Lille,Lomme - Saint Philibert,50.653009,2.97502,POINT (50.653009 2.97502)
comptage_abri_velo.34750,34750,H6,59009,2025,9,2025-09-19,Vendredi,30.2,Villeneuve-d'Ascq,Villeneuve d'Ascq - Les Prés Edgard Pisani,50.650048,3.125509,POINT (50.650048 3.125509)
comptage_abri_velo.34751,34751,A8,59636,2025,12,2025-12-10,Mercredi,0,Wambrechies,Wambrechies - Mairie,50.686433,3.053429,POINT (50.686433 3.053429)
comptage_abri_velo.34752,34752,A24,59512,2025,11,2025-11-14,Vendredi,10,Roubaix,Roubaix - Eurotéléport,50.691165,3.179592,POINT (50.691165 3.179592)
comptage_abri_velo.34753,34753,H1,59017,2025,8,2025-08-21,Jeudi,22.71,Armentières,Armentières - Gare,50.680972,2.877374,POINT (50.680972 2.877374)
comptage_abri_velo.34754,34754,H5,59009,2025,9,2025-09-22,Lundi,58.86,Villeneuve-d'Ascq,Villeneuve d'Ascq - 4 Cantons Stade Pierre Mauroy,50.605006,3.139401,POINT (50.605006 3.139401)
comptage_abri_velo.34755,34755,A24,59512,2025,10,2025-10-21,Mardi,10,Roubaix,Roubaix - Eurotéléport,50.691165,3.179592,POINT (50.691165 3.179592)
comptage_abri_velo.34756,34756,H5,59009,2025,9,2025-09-05,Vendredi,66.43,Villeneuve-d'Ascq,Villeneuve d'Ascq - 4 Cantons Stade Pierre Mauroy,50.605006,3.139401,POINT (50.605006 3.139401)
comptage_abri_velo.34757,34757,A27,59350,2025,8,2025-08-18,Lundi,14,Lille,Hellemmes - Mairie,50.627533,3.109026,POINT (50.627533 3.109026)
comptage_abri_velo.34758,34758,H5,59009,2025,8,2025-08-09,Samedi,57.1,Villeneuve-d'Ascq,Villeneuve d'Ascq - 4 Cantons Stade Pierre Mauroy,50.605006,3.139401,POINT (50.605006 3.139401)
comptage_abri_velo.34759,34759,H5,59009,2025,7,2025-07-19,Samedi,53.48,Villeneuve-d'Ascq,Villeneuve d'Ascq - 4 Cantons Stade Pierre Mauroy,50.605006,3.139401,POINT (50.605006 3.139401)
comptage_abri_velo.34760,34760,H2,59350,2025,10,2025-10-08,Mercredi,5.8,Lille,Lille - C.H.U. Eurasanté,50.607865,3.040099,POINT (50.607865 3.040099)
comptage_abri_velo.34761,34761,A1,59286,2025,11,2025-11-13,Jeudi,6,Haubourdin,Haubourdin - Jardin Public,50.611361,2.988615,POINT (50.611361 2.988615)
comptage_abri_velo.34762,34762,H2,59350,2025,5,2025-05-07,Mercredi,5.8,Lille,Lille - C.H.U. Eurasanté,50.607865,3.040099,POINT (50.607865 3.040099)
comptage_abri_velo.34763,34763,A22,59560,2025,11,2025-11-28,Vendredi,6.88,Seclin,Seclin - Gare,50.547452,3.034268,POINT (50.547452 3.034268)
comptage_abri_velo.34764,34764,H5,59009,2025,5,2025-05-29,Jeudi,51.86,Villeneuve-d'Ascq,Villeneuve d'Ascq - 4 Cantons Stade Pierre Mauroy,50.605006,3.139401,POINT (50.605006 3.139401)
comptage_abri_velo.34765,34765,H6,59009,2025,5,2025-05-17,Samedi,26.27,Villeneuve-d'Ascq,Villeneuve d'Ascq - Les Prés Edgard Pisani,50.650048,3.125509,POINT (50.650048 3.125509)
comptage_abri_velo.34766,34766,H2,59350,2025,8,2025-08-10,Dimanche,4,Lille,Lille - C.H.U. Eurasanté,50.607865,3.040099,POINT (50.607865 3.040099)
comptage_abri_velo.34767,34767,A22,59560,2025,11,2025-11-09,Dimanche,4.5,Seclin,Seclin - Gare,50.547452,3.034268,POINT (50.547452 3.034268)
comptage_abri_velo.34768,34768,A1,59286,2025,4,2025-04-11,Vendredi,7,Haubourdin,Haubourdin - Jardin Public,50.611361,2.988615,POINT (50.611361 2.988615)
comptage_abri_velo.34769,34769,H6,59009,2025,4,2025-04-03,Jeudi,27.2,Villeneuve-d'Ascq,Villeneuve d'Ascq - Les Prés Edgard Pisani,50.650048,3.125509,POINT (50.650048 3.125509)
comptage_abri_velo.34770,34770,H1,59017,2025,6,2025-06-18,Mercredi,29.8,Armentières,Armentières - Gare,50.680972,2.877374,POINT (50.680972 2.877374)
comptage_abri_velo.34771,34771,H2,59350,2025,5,2025-05-13,Mardi,7.75,Lille,Lille - C.H.U. Eurasanté,50.607865,3.040099,POINT (50.607865 3.040099)
comptage_abri_velo.34772,34772,H4,59524,2025,10,2025-10-23,Jeudi,14.38,Sainghin-en-Weppes,Sainghin-en-Weppes - Don Sainghin,50.55142,2.914022,POINT (50.55142 2.914022)
comptage_abri_velo.34773,34773,A21,59360,2025,10,2025-10-08,Mercredi,7,Loos,Loos - Mairie,50.614588,3.012336,POINT (50.614588 3.012336)
comptage_abri_velo.34774,34774,H5,59009,2025,7,2025-07-18,Vendredi,49.43,Villeneuve-d'Ascq,Villeneuve d'Ascq - 4 Cantons Stade Pierre Mauroy,50.605006,3.139401,POINT (50.605006 3.139401)
comptage_abri_velo.34775,34775,H3,59350,2025,6,2025-06-20,Vendredi,8.14,Lille,Lomme - Saint Philibert,50.653009,2.97502,POINT (50.653009 2.97502)
comptage_abri_velo.34776,34776,H2,59350,2025,6,2025-06-10,Mardi,5,Lille,Lille - C.H.U. Eurasanté,50.607865,3.040099,POINT (50.607865 3.040099)
comptage_abri_velo.34777,34777,A22,59560,2025,11,2025-11-29,Samedi,4.63,Seclin,Seclin - Gare,50.547452,3.034268,POINT (50.547452 3.034268)
comptage_abri_velo.34778,34778,H3,59350,2025,12,2025-12-18,Jeudi,12.78,Lille,Lomme - Saint Philibert,50.653009,2.97502,POINT (50.653009 2.97502)
comptage_abri_velo.34779,34779,H1,59017,2025,10,2025-10-27,Lundi,38.33,Armentières,Armentières - Gare,50.680972,2.877374,POINT (50.680972 2.877374)
comptage_abri_velo.34780,34780,H1,59017,2025,6,2025-06-06,Vendredi,29,Armentières,Armentières - Gare,50.680972,2.877374,POINT (50.680972 2.877374)
comptage_abri_velo.34781,34781,A22,59560,2025,9,2025-09-13,Samedi,5.13,Seclin,Seclin - Gare,50.547452,3.034268,POINT (50.547452 3.034268)
comptage_abri_velo.34782,34782,A13,59299,2025,11,2025-11-14,Vendredi,2,Hem,Hem - 3 Fermes,50.662576,3.200574,POINT (50.662576 3.200574)
comptage_abri_velo.34783,34783,H3,59350,2025,5,2025-05-04,Dimanche,5,Lille,Lomme - Saint Philibert,50.653009,2.97502,POINT (50.653009 2.97502)
comptage_abri_velo.34784,34784,H4,59524,2025,5,2025-05-26,Lundi,15.5,Sainghin-en-Weppes,Sainghin-en-Weppes - Don Sainghin,50.55142,2.914022,POINT (50.55142 2.914022)
comptage_abri_velo.34785,34785,H5,59009,2025,11,2025-11-17,Lundi,40.33,Villeneuve-d'Ascq,Villeneuve d'Ascq - 4 Cantons Stade Pierre Mauroy,50.605006,3.139401,POINT (50.605006 3.139401)
comptage_abri_velo.34786,34786,H2,59350,2025,11,2025-11-18,Mardi,7.3,Lille,Lille - C.H.U. Eurasanté,50.607865,3.040099,POINT (50.607865 3.040099)
comptage_abri_velo.34787,34787,A5,59350,2025,12,2025-12-22,Lundi,18,Lille,Lomme - Maison des Enfants,50.646144,2.994472,POINT (50.646144 2.994472)
comptage_abri_velo.34788,34788,A11,59650,2025,5,2025-05-30,Vendredi,0,Wattrelos,Wattrelos - Centre,50.701454,3.214476,POINT (50.701454 3.214476)
comptage_abri_velo.34789,34789,H5,59009,2025,11,2025-11-01,Samedi,41.5,Villeneuve-d'Ascq,Villeneuve d'Ascq - 4 Cantons Stade Pierre Mauroy,50.605006,3.139401,POINT (50.605006 3.139401)
comptage_abri_velo.34790,34790,H5,59009,2025,9,2025-09-17,Mercredi,57.71,Villeneuve-d'Ascq,Villeneuve d'Ascq - 4 Cantons Stade Pierre Mauroy,50.605006,3.139401,POINT (50.605006 3.139401)
comptage_abri_velo.34791,34791,A22,59560,2025,12,2025-12-17,Mercredi,8,Seclin,Seclin - Gare,50.547452,3.034268,POINT (50.547452 3.034268)
comptage_abri_velo.34792,34792,A16,59421,2025,10,2025-10-21,Mardi,14,Mouvaux,Mouvaux - 3 Suisses,50.69899,3.138302,POINT (50.69899 3.138302)
comptage_abri_velo.34793,34793,H3,59350,2025,8,2025-08-13,Mercredi,7,Lille,Lomme - Saint Philibert,50.653009,2.97502,POINT (50.653009 2.97502)
comptage_abri_velo.34794,34794,H1,59017,2025,4,2025-04-29,Mardi,36.8,Armentières,Armentières - Gare,50.680972,2.877374,POINT (50.680972 2.877374)
comptage_abri_velo.34795,34795,A22,59560,2025,8,2025-08-29,Vendredi,2.13,Seclin,Seclin - Gare,50.547452,3.034268,POINT (50.547452 3.034268)
comptage_abri_velo.34796,34796,A14,59599,2025,12,2025-12-24,Mercredi,21,Tourcoing,Tourcoing - Centre,50.720457,3.158724,POINT (50.720457 3.158724)
comptage_abri_velo.34797,34797,A17,59279,2025,12,2025-12-24,Mercredi,7,Halluin,Halluin - Centre,50.780946,3.119719,POINT (50.780946 3.119719)
comptage_abri_velo.34798,34798,H5,59009,2025,8,2025-08-05,Mardi,53.67,Villeneuve-d'Ascq,Villeneuve d'Ascq - 4 Cantons Stade Pierre Mauroy,50.605006,3.139401,POINT (50.605006 3.139401)
comptage_abri_velo.34799,34799,H3,59350,2025,10,2025-10-20,Lundi,11,Lille,Lomme - Saint Philibert,50.653009,2.97502,POINT (50.653009 2.97502)
comptage_abri_velo.34800,34800,A22,59560,2025,6,2025-06-27,Vendredi,3.25,Seclin,Seclin - Gare,50.547452,3.034268,POINT (50.547452 3.034268)
comptage_abri_velo.34801,34801,A17,59279,2025,10,2025-10-21,Mardi,7,Halluin,Halluin - Centre,50.780946,3.119719,POINT (50.780946 3.119719)
comptage_abri_velo.34802,34802,H6,59009,2025,8,2025-08-28,Jeudi,29.9,Villeneuve-d'Ascq,Villeneuve d'Ascq - Les Prés Edgard Pisani,50.650048,3.125509,POINT (50.650048 3.125509)
comptage_abri_velo.34803,34803,A21,59360,2025,9,2025-09-24,Mercredi,5,Loos,Loos - Mairie,50.614588,3.012336,POINT (50.614588 3.012336)
comptage_abri_velo.34804,34804,H1,59017,2025,9,2025-09-18,Jeudi,35,Armentières,Armentières - Gare,50.680972,2.877374,POINT (50.680972 2.877374)
comptage_abri_velo.34805,34805,H3,59350,2025,11,2025-11-08,Samedi,7.75,Lille,Lomme - Saint Philibert,50.653009,2.97502,POINT (50.653009 2.97502)
comptage_abri_velo.34806,34806,A22,59560,2025,10,2025-10-09,Jeudi,8.5,Seclin,Seclin - Gare,50.547452,3.034268,POINT (50.547452 3.034268)
comptage_abri_velo.34807,34807,A29,59378,2025,12,2025-12-11,Jeudi,0,Marcq-en-Barœul,Marcq-en-Baroeul - Cerisaie,50.678116,3.111562,POINT (50.678116 3.111562)
comptage_abri_velo.34808,34808,A15,59378,2025,4,2025-04-26,Samedi,8,Marcq-en-Barœul,Marcq-en-Baroeul - Croisé Laroche,50.665991,3.103728,POINT (50.665991 3.103728)
comptage_abri_velo.34809,34809,H1,59017,2025,9,2025-09-05,Vendredi,20,Armentières,Armentières - Gare,50.680972,2.877374,POINT (50.680972 2.877374)
comptage_abri_velo.34810,34810,A2,59527,2025,10,2025-10-08,Mercredi,19,Saint-André-lez-Lille,St André - Mairie,50.660206,3.051002,POINT (50.660206 3.051002)
comptage_abri_velo.34811,34811,A21,59360,2025,12,2025-12-23,Mardi,9,Loos,Loos - Mairie,50.614588,3.012336,POINT (50.614588 3.012336)
comptage_abri_velo.34812,34812,A1,59286,2025,5,2025-05-07,Mercredi,7,Haubourdin,Haubourdin - Jardin Public,50.611361,2.988615,POINT (50.611361 2.988615)
comptage_abri_velo.34813,34813,H4,59524,2025,7,2025-07-15,Mardi,15.5,Sainghin-en-Weppes,Sainghin-en-Weppes - Don Sainghin,50.55142,2.914022,POINT (50.55142 2.914022)
comptage_abri_velo.34814,34814,H5,59009,2025,9,2025-09-27,Samedi,57.23,Villeneuve-d'Ascq,Villeneuve d'Ascq - 4 Cantons Stade Pierre Mauroy,50.605006,3.139401,POINT (50.605006 3.139401)
comptage_abri_velo.34815,34815,A19,59350,2025,12,2025-12-11,Jeudi,10,Lille,Lille - Porte des Postes,50.617921,3.049909,POINT (50.617921 3.049909)
comptage_abri_velo.34816,34816,H2,59350,2025,11,2025-11-10,Lundi,6.22,Lille,Lille - C.H.U. Eurasanté,50.607865,3.040099,POINT (50.607865 3.040099)
comptage_abri_velo.34817,34817,H2,59350,2025,10,2025-10-22,Mercredi,5.45,Lille,Lille - C.H.U. Eurasanté,50.607865,3.040099,POINT (50.607865 3.040099)
comptage_abri_velo.34818,34818,H1,59017,2025,12,2025-12-16,Mardi,31.5,Armentières,Armentières - Gare,50.680972,2.877374,POINT (50.680972 2.877374)
comptage_abri_velo.34819,34819,H3,59350,2025,12,2025-12-31,Mercredi,6.33,Lille,Lomme - Saint Philibert,50.653009,2.97502,POINT (50.653009 2.97502)
comptage_abri_velo.34820,34820,H2,59350,2025,9,2025-09-08,Lundi,5.89,Lille,Lille - C.H.U. Eurasanté,50.607865,3.040099,POINT (50.607865 3.040099)
comptage_abri_velo.34821,34821,H1,59017,2025,11,2025-11-07,Vendredi,37.5,Armentières,Armentières - Gare,50.680972,2.877374,POINT (50.680972 2.877374)
comptage_abri_velo.34822,34822,H4,59524,2025,11,2025-11-04,Mardi,23,Sainghin-en-Weppes,Sainghin-en-Weppes - Don Sainghin,50.55142,2.914022,POINT (50.55142 2.914022)
comptage_abri_velo.34823,34823,H2,59350,2025,8,2025-08-06,Mercredi,3.9,Lille,Lille - C.H.U. Eurasanté,50.607865,3.040099,POINT (50.607865 3.040099)
comptage_abri_velo.34824,34824,H1,59017,2025,9,2025-09-04,Jeudi,32.43,Armentières,Armentières - Gare,50.680972,2.877374,POINT (50.680972 2.877374)
comptage_abri_velo.34825,34825,A22,59560,2025,7,2025-07-20,Dimanche,1.5,Seclin,Seclin - Gare,50.547452,3.034268,POINT (50.547452 3.034268)
comptage_abri_velo.34826,34826,H2,59350,2025,9,2025-09-07,Dimanche,5,Lille,Lille - C.H.U. Eurasanté,50.607865,3.040099,POINT (50.607865 3.040099)
comptage_abri_velo.34827,34827,H6,59009,2025,11,2025-11-19,Mercredi,27.73,Villeneuve-d'Ascq,Villeneuve d'Ascq - Les Prés Edgard Pisani,50.650048,3.125509,POINT (50.650048 3.125509)
comptage_abri_velo.34828,34828,A5,59350,2025,12,2025-12-01,Lundi,21,Lille,Lomme - Maison des Enfants,50.646144,2.994472,POINT (50.646144 2.994472)
comptage_abri_velo.34829,34829,A24,59512,2025,9,2025-09-25,Jeudi,9,Roubaix,Roubaix - Eurotéléport,50.691165,3.179592,POINT (50.691165 3.179592)
comptage_abri_velo.34830,34830,A22,59560,2025,8,2025-08-30,Samedi,3.67,Seclin,Seclin - Gare,50.547452,3.034268,POINT (50.547452 3.034268)
comptage_abri_velo.34831,34831,A1,59286,2025,5,2025-05-23,Vendredi,7,Haubourdin,Haubourdin - Jardin Public,50.611361,2.988615,POINT (50.611361 2.988615)
comptage_abri_velo.34832,34832,A22,59560,2025,10,2025-10-29,Mercredi,11,Seclin,Seclin - Gare,50.547452,3.034268,POINT (50.547452 3.034268)
comptage_abri_velo.34833,34833,A22,59560,2025,7,2025-07-13,Dimanche,2.29,Seclin,Seclin - Gare,50.547452,3.034268,POINT (50.547452 3.034268)
comptage_abri_velo.34834,34834,A22,59560,2025,11,2025-11-19,Mercredi,9,Seclin,Seclin - Gare,50.547452,3.034268,POINT (50.547452 3.034268)
comptage_abri_velo.34835,34835,A15,59378,2025,10,2025-10-07,Mardi,8,Marcq-en-Barœul,Marcq-en-Baroeul - Croisé Laroche,50.665991,3.103728,POINT (50.665991 3.103728)
comptage_abri_velo.34836,34836,H5,59009,2025,7,2025-07-14,Lundi,57.7,Villeneuve-d'Ascq,Villeneuve d'Ascq - 4 Cantons Stade Pierre Mauroy,50.605006,3.139401,POINT (50.605006 3.139401)
comptage_abri_velo.34837,34837,H1,59017,2025,9,2025-09-24,Mercredi,40.75,Armentières,Armentières - Gare,50.680972,2.877374,POINT (50.680972 2.877374)
comptage_abri_velo.34838,34838,H4,59524,2025,6,2025-06-20,Vendredi,11,Sainghin-en-Weppes,Sainghin-en-Weppes - Don Sainghin,50.55142,2.914022,POINT (50.55142 2.914022)
comptage_abri_velo.34839,34839,H3,59350,2025,5,2025-05-03,Samedi,5.89,Lille,Lomme - Saint Philibert,50.653009,2.97502,POINT (50.653009 2.97502)
comptage_abri_velo.34840,34840,H2,59350,2025,11,2025-11-22,Samedi,5.5,Lille,Lille - C.H.U. Eurasanté,50.607865,3.040099,POINT (50.607865 3.040099)
comptage_abri_velo.34841,34841,A7,59482,2025,9,2025-09-11,Jeudi,19,Quesnoy-sur-Deûle,Quesnoy-sur-Deûle  - Mairie,50.712951,3.000769,POINT (50.712951 3.000769)
comptage_abri_velo.34842,34842,H4,59524,2025,12,2025-12-13,Samedi,6.38,Sainghin-en-Weppes,Sainghin-en-Weppes - Don Sainghin,50.55142,2.914022,POINT (50.55142 2.914022)
comptage_abri_velo.34843,34843,A25,59512,2025,8,2025-08-28,Jeudi,3,Roubaix,Roubaix - Épeule Montesquieu,50.68397,3.162923,POINT (50.68397 3.162923)
comptage_abri_velo.34844,34844,H1,59017,2025,5,2025-05-23,Vendredi,23.17,Armentières,Armentières - Gare,50.680972,2.877374,POINT (50.680972 2.877374)
comptage_abri_velo.34845,34845,H4,59524,2025,12,2025-12-26,Vendredi,5.38,Sainghin-en-Weppes,Sainghin-en-Weppes - Don Sainghin,50.55142,2.914022,POINT (50.55142 2.914022)
comptage_abri_velo.34846,34846,H4,59524,2025,11,2025-11-28,Vendredi,11.13,Sainghin-en-Weppes,Sainghin-en-Weppes - Don Sainghin,50.55142,2.914022,POINT (50.55142 2.914022)
comptage_abri_velo.34847,34847,A11,59650,2025,10,2025-10-07,Mardi,0,Wattrelos,Wattrelos - Centre,50.701454,3.214476,POINT (50.701454 3.214476)
comptage_abri_velo.34848,34848,A7,59482,2025,11,2025-11-14,Vendredi,16,Quesnoy-sur-Deûle,Quesnoy-sur-Deûle  - Mairie,50.712951,3.000769,POINT (50.712951 3.000769)
comptage_abri_velo.34849,34849,A28,59599,2025,11,2025-11-26,Mercredi,8,Tourcoing,Tourcoing - Gare,50.716812,3.166903,POINT (50.716812 3.166903)
comptage_abri_velo.34850,34850,H6,59009,2025,10,2025-10-05,Dimanche,29,Villeneuve-d'Ascq,Villeneuve d'Ascq - Les Prés Edgard Pisani,50.650048,3.125509,POINT (50.650048 3.125509)
comptage_abri_velo.34851,34851,H2,59350,2025,8,2025-08-08,Vendredi,3.5,Lille,Lille - C.H.U. Eurasanté,50.607865,3.040099,POINT (50.607865 3.040099)
comptage_abri_velo.34852,34852,H1,59017,2025,5,2025-05-22,Jeudi,32,Armentières,Armentières - Gare,50.680972,2.877374,POINT (50.680972 2.877374)
comptage_abri_velo.34853,34853,H6,59009,2025,12,2025-12-26,Vendredi,26,Villeneuve-d'Ascq,Villeneuve d'Ascq - Les Prés Edgard Pisani,50.650048,3.125509,POINT (50.650048 3.125509)
comptage_abri_velo.34854,34854,H5,59009,2025,4,2025-04-11,Vendredi,52.9,Villeneuve-d'Ascq,Villeneuve d'Ascq - 4 Cantons Stade Pierre Mauroy,50.605006,3.139401,POINT (50.605006 3.139401)
comptage_abri_velo.34855,34855,H1,59017,2025,8,2025-08-18,Lundi,23.78,Armentières,Armentières - Gare,50.680972,2.877374,POINT (50.680972 2.877374)
comptage_abri_velo.34856,34856,H5,59009,2025,4,2025-04-13,Dimanche,52,Villeneuve-d'Ascq,Villeneuve d'Ascq - 4 Cantons Stade Pierre Mauroy,50.605006,3.139401,POINT (50.605006 3.139401)
comptage_abri_velo.34857,34857,H3,59350,2025,4,2025-04-09,Mercredi,9.44,Lille,Lomme - Saint Philibert,50.653009,2.97502,POINT (50.653009 2.97502)
comptage_abri_velo.34858,34858,H5,59009,2025,6,2025-06-12,Jeudi,65.43,Villeneuve-d'Ascq,Villeneuve d'Ascq - 4 Cantons Stade Pierre Mauroy,50.605006,3.139401,POINT (50.605006 3.139401)
comptage_abri_velo.34859,34859,H1,59017,2025,4,2025-04-25,Vendredi,25,Armentières,Armentières - Gare,50.680972,2.877374,POINT (50.680972 2.877374)
comptage_abri_velo.34860,34860,A24,59512,2025,12,2025-12-24,Mercredi,11,Roubaix,Roubaix - Eurotéléport,50.691165,3.179592,POINT (50.691165 3.179592)
comptage_abri_velo.34861,34861,A6,59163,2025,6,2025-06-23,Lundi,15,Croix,Croix - Centre,50.674954,3.145916,POINT (50.674954 3.145916)
comptage_abri_velo.34862,34862,A22,59560,2025,4,2025-04-15,Mardi,2.5,Seclin,Seclin - Gare,50.547452,3.034268,POINT (50.547452 3.034268)
comptage_abri_velo.34863,34863,A10,59507,2025,12,2025-12-10,Mercredi,3,Ronchin,Ronchin - Mairie,50.605669,3.077856,POINT (50.605669 3.077856)
comptage_abri_velo.34864,34864,H5,59009,2025,8,2025-08-28,Jeudi,53.19,Villeneuve-d'Ascq,Villeneuve d'Ascq - 4 Cantons Stade Pierre Mauroy,50.605006,3.139401,POINT (50.605006 3.139401)
comptage_abri_velo.34865,34865,H5,59009,2025,6,2025-06-07,Samedi,58.09,Villeneuve-d'Ascq,Villeneuve d'Ascq - 4 Cantons Stade Pierre Mauroy,50.605006,3.139401,POINT (50.605006 3.139401)
comptage_abri_velo.34866,34866,H3,59350,2025,8,2025-08-22,Vendredi,7.67,Lille,Lomme - Saint Philibert,50.653009,2.97502,POINT (50.653009 2.97502)
comptage_abri_velo.34867,34867,A5,59350,2025,5,2025-05-22,Jeudi,17,Lille,Lomme - Maison des Enfants,50.646144,2.994472,POINT (50.646144 2.994472)
comptage_abri_velo.34868,34868,A22,59560,2025,6,2025-06-15,Dimanche,5.13,Seclin,Seclin - Gare,50.547452,3.034268,POINT (50.547452 3.034268)
comptage_abri_velo.34869,34869,H6,59009,2025,6,2025-06-23,Lundi,28,Villeneuve-d'Ascq,Villeneuve d'Ascq - Les Prés Edgard Pisani,50.650048,3.125509,POINT (50.650048 3.125509)
comptage_abri_velo.34870,34870,A22,59560,2025,11,2025-11-27,Jeudi,5,Seclin,Seclin - Gare,50.547452,3.034268,POINT (50.547452 3.034268)
comptage_abri_velo.34871,34871,H5,59009,2025,9,2025-09-08,Lundi,58.36,Villeneuve-d'Ascq,Villeneuve d'Ascq - 4 Cantons Stade Pierre Mauroy,50.605006,3.139401,POINT (50.605006 3.139401)
comptage_abri_velo.34872,34872,A26,59350,2025,6,2025-06-05,Jeudi,3,Lille,Lille - Porte de Douai,50.618012,3.071473,POINT (50.618012 3.071473)
comptage_abri_velo.34873,34873,A22,59560,2025,6,2025-06-18,Mercredi,5.67,Seclin,Seclin - Gare,50.547452,3.034268,POINT (50.547452 3.034268)
comptage_abri_velo.34874,34874,H6,59009,2025,7,2025-07-31,Jeudi,28.1,Villeneuve-d'Ascq,Villeneuve d'Ascq - Les Prés Edgard Pisani,50.650048,3.125509,POINT (50.650048 3.125509)
comptage_abri_velo.34875,34875,A5,59350,2025,8,2025-08-29,Vendredi,14,Lille,Lomme - Maison des Enfants,50.646144,2.994472,POINT (50.646144 2.994472)
comptage_abri_velo.34876,34876,H5,59009,2025,4,2025-04-26,Samedi,55.52,Villeneuve-d'Ascq,Villeneuve d'Ascq - 4 Cantons Stade Pierre Mauroy,50.605006,3.139401,POINT (50.605006 3.139401)
comptage_abri_velo.34877,34877,H5,59009,2025,8,2025-08-18,Lundi,58.62,Villeneuve-d'Ascq,Villeneuve d'Ascq - 4 Cantons Stade Pierre Mauroy,50.605006,3.139401,POINT (50.605006 3.139401)
comptage_abri_velo.34878,34878,H3,59350,2025,12,2025-12-08,Lundi,10.44,Lille,Lomme - Saint Philibert,50.653009,2.97502,POINT (50.653009 2.97502)
comptage_abri_velo.34879,34879,A4,59646,2025,12,2025-12-11,Jeudi,13,Wasquehal,Wasquehal - Pavé de Lille,50.664155,3.130022,POINT (50.664155 3.130022)
comptage_abri_velo.34880,34880,H1,59017,2025,8,2025-08-01,Vendredi,23.14,Armentières,Armentières - Gare,50.680972,2.877374,POINT (50.680972 2.877374)
comptage_abri_velo.34881,34881,H2,59350,2025,10,2025-10-09,Jeudi,7,Lille,Lille - C.H.U. Eurasanté,50.607865,3.040099,POINT (50.607865 3.040099)
comptage_abri_velo.34882,34882,H4,59524,2025,7,2025-07-19,Samedi,10.25,Sainghin-en-Weppes,Sainghin-en-Weppes - Don Sainghin,50.55142,2.914022,POINT (50.55142 2.914022)
comptage_abri_velo.34883,34883,H3,59350,2025,10,2025-10-07,Mardi,14.1,Lille,Lomme - Saint Philibert,50.653009,2.97502,POINT (50.653009 2.97502)
comptage_abri_velo.34884,34884,A28,59599,2025,8,2025-08-12,Mardi,4,Tourcoing,Tourcoing - Gare,50.716812,3.166903,POINT (50.716812 3.166903)
comptage_abri_velo.34885,34885,H2,59350,2025,11,2025-11-30,Dimanche,4,Lille,Lille - C.H.U. Eurasanté,50.607865,3.040099,POINT (50.607865 3.040099)
comptage_abri_velo.34886,34886,A22,59560,2025,9,2025-09-09,Mardi,7.67,Seclin,Seclin - Gare,50.547452,3.034268,POINT (50.547452 3.034268)
comptage_abri_velo.34887,34887,A10,59507,2025,11,2025-11-14,Vendredi,3,Ronchin,Ronchin - Mairie,50.605669,3.077856,POINT (50.605669 3.077856)
comptage_abri_velo.34888,34888,H6,59009,2025,12,2025-12-10,Mercredi,26.8,Villeneuve-d'Ascq,Villeneuve d'Ascq - Les Prés Edgard Pisani,50.650048,3.125509,POINT (50.650048 3.125509)
comptage_abri_velo.34889,34889,H5,59009,2025,7,2025-07-28,Lundi,50.9,Villeneuve-d'Ascq,Villeneuve d'Ascq - 4 Cantons Stade Pierre Mauroy,50.605006,3.139401,POINT (50.605006 3.139401)
comptage_abri_velo.34890,34890,H1,59017,2025,12,2025-12-04,Jeudi,21,Armentières,Armentières - Gare,50.680972,2.877374,POINT (50.680972 2.877374)
comptage_abri_velo.34891,34891,H3,59350,2025,11,2025-11-18,Mardi,15.55,Lille,Lomme - Saint Philibert,50.653009,2.97502,POINT (50.653009 2.97502)
comptage_abri_velo.34892,34892,A22,59560,2025,5,2025-05-22,Jeudi,5.86,Seclin,Seclin - Gare,50.547452,3.034268,POINT (50.547452 3.034268)
comptage_abri_velo.34893,34893,H5,59009,2025,12,2025-12-26,Vendredi,39.57,Villeneuve-d'Ascq,Villeneuve d'Ascq - 4 Cantons Stade Pierre Mauroy,50.605006,3.139401,POINT (50.605006 3.139401)
comptage_abri_velo.34894,34894,H5,59009,2025,10,2025-10-22,Mercredi,53.95,Villeneuve-d'Ascq,Villeneuve d'Ascq - 4 Cantons Stade Pierre Mauroy,50.605006,3.139401,POINT (50.605006 3.139401)
comptage_abri_velo.34895,34895,H5,59009,2025,11,2025-11-02,Dimanche,43.8,Villeneuve-d'Ascq,Villeneuve d'Ascq - 4 Cantons Stade Pierre Mauroy,50.605006,3.139401,POINT (50.605006 3.139401)
comptage_abri_velo.34896,34896,H1,59017,2025,11,2025-11-10,Lundi,35,Armentières,Armentières - Gare,50.680972,2.877374,POINT (50.680972 2.877374)
comptage_abri_velo.34897,34897,A4,59646,2025,6,2025-06-20,Vendredi,10,Wasquehal,Wasquehal - Pavé de Lille,50.664155,3.130022,POINT (50.664155 3.130022)
comptage_abri_velo.34898,34898,H2,59350,2025,10,2025-10-13,Lundi,8.78,Lille,Lille - C.H.U. Eurasanté,50.607865,3.040099,POINT (50.607865 3.040099)
comptage_abri_velo.34899,34899,A22,59560,2025,8,2025-08-07,Jeudi,3.38,Seclin,Seclin - Gare,50.547452,3.034268,POINT (50.547452 3.034268)
comptage_abri_velo.34900,34900,A15,59378,2025,10,2025-10-28,Mardi,8,Marcq-en-Barœul,Marcq-en-Baroeul - Croisé Laroche,50.665991,3.103728,POINT (50.665991 3.103728)
comptage_abri_velo.34901,34901,H3,59350,2025,7,2025-07-21,Lundi,7.29,Lille,Lomme - Saint Philibert,50.653009,2.97502,POINT (50.653009 2.97502)
comptage_abri_velo.34902,34902,A10,59507,2025,5,2025-05-07,Mercredi,6,Ronchin,Ronchin - Mairie,50.605669,3.077856,POINT (50.605669 3.077856)
comptage_abri_velo.34903,34903,A22,59560,2025,12,2025-12-26,Vendredi,7.57,Seclin,Seclin - Gare,50.547452,3.034268,POINT (50.547452 3.034268)
comptage_abri_velo.34904,34904,H6,59009,2025,6,2025-06-14,Samedi,25.11,Villeneuve-d'Ascq,Villeneuve d'Ascq - Les Prés Edgard Pisani,50.650048,3.125509,POINT (50.650048 3.125509)
comptage_abri_velo.34905,34905,A22,59560,2025,11,2025-11-30,Dimanche,3.63,Seclin,Seclin - Gare,50.547452,3.034268,POINT (50.547452 3.034268)
comptage_abri_velo.34906,34906,H4,59524,2025,9,2025-09-17,Mercredi,16.14,Sainghin-en-Weppes,Sainghin-en-Weppes - Don Sainghin,50.55142,2.914022,POINT (50.55142 2.914022)
comptage_abri_velo.34907,34907,A5,59350,2025,12,2025-12-10,Mercredi,17,Lille,Lomme - Maison des Enfants,50.646144,2.994472,POINT (50.646144 2.994472)
comptage_abri_velo.34908,34908,H3,59350,2025,9,2025-09-06,Samedi,12,Lille,Lomme - Saint Philibert,50.653009,2.97502,POINT (50.653009 2.97502)
comptage_abri_velo.34909,34909,H1,59017,2025,4,2025-04-07,Lundi,29.33,Armentières,Armentières - Gare,50.680972,2.877374,POINT (50.680972 2.877374)
comptage_abri_velo.34910,34910,H3,59350,2025,8,2025-08-08,Vendredi,5.86,Lille,Lomme - Saint Philibert,50.653009,2.97502,POINT (50.653009 2.97502)
comptage_abri_velo.34911,34911,H1,59017,2025,8,2025-08-14,Jeudi,24.78,Armentières,Armentières - Gare,50.680972,2.877374,POINT (50.680972 2.877374)
comptage_abri_velo.34912,34912,H4,59524,2025,5,2025-05-24,Samedi,6.63,Sainghin-en-Weppes,Sainghin-en-Weppes - Don Sainghin,50.55142,2.914022,POINT (50.55142 2.914022)
comptage_abri_velo.34913,34913,A22,59560,2025,4,2025-04-14,Lundi,2,Seclin,Seclin - Gare,50.547452,3.034268,POINT (50.547452 3.034268)
comptage_abri_velo.34914,34914,H6,59009,2025,5,2025-05-30,Vendredi,23.83,Villeneuve-d'Ascq,Villeneuve d'Ascq - Les Prés Edgard Pisani,50.650048,3.125509,POINT (50.650048 3.125509)
comptage_abri_velo.34915,34915,H5,59009,2025,4,2025-04-25,Vendredi,50.05,Villeneuve-d'Ascq,Villeneuve d'Ascq - 4 Cantons Stade Pierre Mauroy,50.605006,3.139401,POINT (50.605006 3.139401)
comptage_abri_velo.34916,34916,H3,59350,2025,8,2025-08-05,Mardi,8.57,Lille,Lomme - Saint Philibert,50.653009,2.97502,POINT (50.653009 2.97502)
comptage_abri_velo.34917,34917,A4,59646,2025,11,2025-11-14,Vendredi,10,Wasquehal,Wasquehal - Pavé de Lille,50.664155,3.130022,POINT (50.664155 3.130022)
comptage_abri_velo.34918,34918,H3,59350,2025,8,2025-08-26,Mardi,10.44,Lille,Lomme - Saint Philibert,50.653009,2.97502,POINT (50.653009 2.97502)
comptage_abri_velo.34919,34919,H4,59524,2025,5,2025-05-30,Vendredi,9,Sainghin-en-Weppes,Sainghin-en-Weppes - Don Sainghin,50.55142,2.914022,POINT (50.55142 2.914022)
comptage_abri_velo.34920,34920,H3,59350,2025,5,2025-05-05,Lundi,12.13,Lille,Lomme - Saint Philibert,50.653009,2.97502,POINT (50.653009 2.97502)
comptage_abri_velo.34921,34921,H4,59524,2025,8,2025-08-23,Samedi,8.75,Sainghin-en-Weppes,Sainghin-en-Weppes - Don Sainghin,50.55142,2.914022,POINT (50.55142 2.914022)
comptage_abri_velo.34922,34922,A20,59350,2025,12,2025-12-23,Mardi,31,Lille,Lille - Wazemmes,50.623358,3.051647,POINT (50.623358 3.051647)
comptage_abri_velo.34923,34923,H1,59017,2025,5,2025-05-11,Dimanche,24,Armentières,Armentières - Gare,50.680972,2.877374,POINT (50.680972 2.877374)
comptage_abri_velo.34924,34924,A3,59009,2025,6,2025-06-04,Mercredi,14,Villeneuve-d'Ascq,Villeneuve d'Ascq - Pont de Bois,50.624619,3.127947,POINT (50.624619 3.127947)
comptage_abri_velo.34925,34925,A4,59646,2025,12,2025-12-14,Dimanche,9,Wasquehal,Wasquehal - Pavé de Lille,50.664155,3.130022,POINT (50.664155 3.130022)
comptage_abri_velo.34926,34926,A5,59350,2025,7,2025-07-10,Jeudi,15,Lille,Lomme - Maison des Enfants,50.646144,2.994472,POINT (50.646144 2.994472)
comptage_abri_velo.34927,34927,H5,59009,2025,7,2025-07-24,Jeudi,52.76,Villeneuve-d'Ascq,Villeneuve d'Ascq - 4 Cantons Stade Pierre Mauroy,50.605006,3.139401,POINT (50.605006 3.139401)
comptage_abri_velo.34928,34928,A3,59009,2025,11,2025-11-27,Jeudi,16,Villeneuve-d'Ascq,Villeneuve d'Ascq - Pont de Bois,50.624619,3.127947,POINT (50.624619 3.127947)
comptage_abri_velo.34929,34929,H2,59350,2025,10,2025-10-31,Vendredi,5.1,Lille,Lille - C.H.U. Eurasanté,50.607865,3.040099,POINT (50.607865 3.040099)
comptage_abri_velo.34930,34930,A28,59599,2025,4,2025-04-22,Mardi,2,Tourcoing,Tourcoing - Gare,50.716812,3.166903,POINT (50.716812 3.166903)
comptage_abri_velo.34931,34931,H2,59350,2025,4,2025-04-04,Vendredi,6.1,Lille,Lille - C.H.U. Eurasanté,50.607865,3.040099,POINT (50.607865 3.040099)
comptage_abri_velo.34932,34932,H2,59350,2025,8,2025-08-27,Mercredi,6.22,Lille,Lille - C.H.U. Eurasanté,50.607865,3.040099,POINT (50.607865 3.040099)
comptage_abri_velo.34933,34933,H1,59017,2025,10,2025-10-15,Mercredi,46.4,Armentières,Armentières - Gare,50.680972,2.877374,POINT (50.680972 2.877374)
comptage_abri_velo.34934,34934,A23,59152,2025,5,2025-05-22,Jeudi,5,Comines,Comines - Centre,50.761928,3.011547,POINT (50.761928 3.011547)
comptage_abri_velo.34935,34935,H5,59009,2025,8,2025-08-04,Lundi,50.24,Villeneuve-d'Ascq,Villeneuve d'Ascq - 4 Cantons Stade Pierre Mauroy,50.605006,3.139401,POINT (50.605006 3.139401)
comptage_abri_velo.34936,34936,H1,59017,2025,5,2025-05-17,Samedi,22,Armentières,Armentières - Gare,50.680972,2.877374,POINT (50.680972 2.877374)
comptage_abri_velo.34937,34937,A22,59560,2025,6,2025-06-14,Samedi,3.88,Seclin,Seclin - Gare,50.547452,3.034268,POINT (50.547452 3.034268)
comptage_abri_velo.34938,34938,H3,59350,2025,5,2025-05-19,Lundi,8.5,Lille,Lomme - Saint Philibert,50.653009,2.97502,POINT (50.653009 2.97502)
comptage_abri_velo.34939,34939,A15,59378,2025,11,2025-11-26,Mercredi,9,Marcq-en-Barœul,Marcq-en-Baroeul - Croisé Laroche,50.665991,3.103728,POINT (50.665991 3.103728)
comptage_abri_velo.34940,34940,H6,59009,2025,4,2025-04-12,Samedi,28.45,Villeneuve-d'Ascq,Villeneuve d'Ascq - Les Prés Edgard Pisani,50.650048,3.125509,POINT (50.650048 3.125509)
comptage_abri_velo.34941,34941,A22,59560,2025,8,2025-08-26,Mardi,5.5,Seclin,Seclin - Gare,50.547452,3.034268,POINT (50.547452 3.034268)
comptage_abri_velo.34942,34942,H2,59350,2025,4,2025-04-07,Lundi,6.22,Lille,Lille - C.H.U. Eurasanté,50.607865,3.040099,POINT (50.607865 3.040099)
comptage_abri_velo.34943,34943,H6,59009,2025,10,2025-10-16,Jeudi,30.73,Villeneuve-d'Ascq,Villeneuve d'Ascq - Les Prés Edgard Pisani,50.650048,3.125509,POINT (50.650048 3.125509)
comptage_abri_velo.34944,34944,H5,59009,2025,5,2025-05-25,Dimanche,51.1,Villeneuve-d'Ascq,Villeneuve d'Ascq - 4 Cantons Stade Pierre Mauroy,50.605006,3.139401,POINT (50.605006 3.139401)
comptage_abri_velo.34945,34945,H4,59524,2025,4,2025-04-18,Vendredi,7.75,Sainghin-en-Weppes,Sainghin-en-Weppes - Don Sainghin,50.55142,2.914022,POINT (50.55142 2.914022)
comptage_abri_velo.34946,34946,A22,59560,2025,8,2025-08-09,Samedi,1.5,Seclin,Seclin - Gare,50.547452,3.034268,POINT (50.547452 3.034268)
comptage_abri_velo.34947,34947,A22,59560,2025,4,2025-04-13,Dimanche,3,Seclin,Seclin - Gare,50.547452,3.034268,POINT (50.547452 3.034268)
comptage_abri_velo.34948,34948,A2,59527,2025,5,2025-05-07,Mercredi,19,Saint-André-lez-Lille,St André - Mairie,50.660206,3.051002,POINT (50.660206 3.051002)
comptage_abri_velo.34949,34949,H5,59009,2025,10,2025-10-19,Dimanche,47.8,Villeneuve-d'Ascq,Villeneuve d'Ascq - 4 Cantons Stade Pierre Mauroy,50.605006,3.139401,POINT (50.605006 3.139401)
comptage_abri_velo.34950,34950,A22,59560,2025,6,2025-06-03,Mardi,5.38,Seclin,Seclin - Gare,50.547452,3.034268,POINT (50.547452 3.034268)
comptage_abri_velo.34951,34951,A22,59560,2025,12,2025-12-08,Lundi,8.29,Seclin,Seclin - Gare,50.547452,3.034268,POINT (50.547452 3.034268)
comptage_abri_velo.34952,34952,H1,59017,2025,10,2025-10-26,Dimanche,24.78,Armentières,Armentières - Gare,50.680972,2.877374,POINT (50.680972 2.877374)
comptage_abri_velo.34953,34953,A22,59560,2025,8,2025-08-02,Samedi,1,Seclin,Seclin - Gare,50.547452,3.034268,POINT (50.547452 3.034268)
comptage_abri_velo.34954,34954,H2,59350,2025,4,2025-04-18,Vendredi,5.22,Lille,Lille - C.H.U. Eurasanté,50.607865,3.040099,POINT (50.607865 3.040099)
comptage_abri_velo.34955,34955,H4,59524,2025,12,2025-12-23,Mardi,8,Sainghin-en-Weppes,Sainghin-en-Weppes - Don Sainghin,50.55142,2.914022,POINT (50.55142 2.914022)
comptage_abri_velo.34956,34956,H6,59009,2025,5,2025-05-18,Dimanche,26,Villeneuve-d'Ascq,Villeneuve d'Ascq - Les Prés Edgard Pisani,50.650048,3.125509,POINT (50.650048 3.125509)
comptage_abri_velo.34957,34957,H5,59009,2025,11,2025-11-03,Lundi,44.1,Villeneuve-d'Ascq,Villeneuve d'Ascq - 4 Cantons Stade Pierre Mauroy,50.605006,3.139401,POINT (50.605006 3.139401)
comptage_abri_velo.34958,34958,H1,59017,2025,12,2025-12-05,Vendredi,29.38,Armentières,Armentières - Gare,50.680972,2.877374,POINT (50.680972 2.877374)
comptage_abri_velo.34959,34959,A24,59512,2025,4,2025-04-10,Jeudi,8,Roubaix,Roubaix - Eurotéléport,50.691165,3.179592,POINT (50.691165 3.179592)
comptage_abri_velo.34960,34960,A11,59650,2025,11,2025-11-26,Mercredi,0,Wattrelos,Wattrelos - Centre,50.701454,3.214476,POINT (50.701454 3.214476)
comptage_abri_velo.34961,34961,H3,59350,2025,11,2025-11-13,Jeudi,12.44,Lille,Lomme - Saint Philibert,50.653009,2.97502,POINT (50.653009 2.97502)
comptage_abri_velo.34962,34962,H4,59524,2025,7,2025-07-22,Mardi,9.13,Sainghin-en-Weppes,Sainghin-en-Weppes - Don Sainghin,50.55142,2.914022,POINT (50.55142 2.914022)
comptage_abri_velo.34963,34963,A22,59560,2025,8,2025-08-19,Mardi,3.29,Seclin,Seclin - Gare,50.547452,3.034268,POINT (50.547452 3.034268)
comptage_abri_velo.34964,34964,H3,59350,2025,7,2025-07-29,Mardi,7.71,Lille,Lomme - Saint Philibert,50.653009,2.97502,POINT (50.653009 2.97502)
comptage_abri_velo.34965,34965,A24,59512,2025,9,2025-09-11,Jeudi,10,Roubaix,Roubaix - Eurotéléport,50.691165,3.179592,POINT (50.691165 3.179592)
comptage_abri_velo.34966,34966,H3,59350,2025,7,2025-07-18,Vendredi,6.83,Lille,Lomme - Saint Philibert,50.653009,2.97502,POINT (50.653009 2.97502)
comptage_abri_velo.34967,34967,H6,59009,2026,1,2026-01-20,Mardi,31,Villeneuve-d'Ascq,Villeneuve d'Ascq - Les Prés Edgard Pisani,50.650048,3.125509,POINT (50.650048 3.125509)
comptage_abri_velo.34968,34968,H3,59350,2026,2,2026-02-07,Samedi,5.2,Lille,Lomme - Saint Philibert,50.653009,2.97502,POINT (50.653009 2.97502)
comptage_abri_velo.34969,34969,A6,59163,2026,1,2026-01-15,Jeudi,15,Croix,Croix - Centre,50.674954,3.145916,POINT (50.674954 3.145916)
comptage_abri_velo.34970,34970,H3,59350,2026,1,2026-01-07,Mercredi,7.64,Lille,Lomme - Saint Philibert,50.653009,2.97502,POINT (50.653009 2.97502)
comptage_abri_velo.34971,34971,H2,59350,2026,1,2026-01-14,Mercredi,5.5,Lille,Lille - C.H.U. Eurasanté,50.607865,3.040099,POINT (50.607865 3.040099)
comptage_abri_velo.34972,34972,H5,59009,2026,1,2026-01-25,Dimanche,35,Villeneuve-d'Ascq,Villeneuve d'Ascq - 4 Cantons Stade Pierre Mauroy,50.605006,3.139401,POINT (50.605006 3.139401)
comptage_abri_velo.34973,34973,A16,59421,2026,1,2026-01-12,Lundi,10,Mouvaux,Mouvaux - 3 Suisses,50.69899,3.138302,POINT (50.69899 3.138302)
comptage_abri_velo.34974,34974,A3,59009,2026,2,2026-02-04,Mercredi,10,Villeneuve-d'Ascq,Villeneuve d'Ascq - Pont de Bois,50.624619,3.127947,POINT (50.624619 3.127947)
comptage_abri_velo.34975,34975,A22,59560,2026,2,2026-02-07,Samedi,6.5,Seclin,Seclin - Gare,50.547452,3.034268,POINT (50.547452 3.034268)
comptage_abri_velo.34976,34976,H2,59350,2026,1,2026-01-24,Samedi,5.3,Lille,Lille - C.H.U. Eurasanté,50.607865,3.040099,POINT (50.607865 3.040099)
comptage_abri_velo.34977,34977,H3,59350,2026,1,2026-01-12,Lundi,9.78,Lille,Lomme - Saint Philibert,50.653009,2.97502,POINT (50.653009 2.97502)
comptage_abri_velo.34978,34978,H3,59350,2026,1,2026-01-22,Jeudi,12.67,Lille,Lomme - Saint Philibert,50.653009,2.97502,POINT (50.653009 2.97502)
comptage_abri_velo.34979,34979,A25,59512,2026,2,2026-02-10,Mardi,4,Roubaix,Roubaix - Épeule Montesquieu,50.68397,3.162923,POINT (50.68397 3.162923)
comptage_abri_velo.34980,34980,H3,59350,2026,1,2026-01-20,Mardi,14,Lille,Lomme - Saint Philibert,50.653009,2.97502,POINT (50.653009 2.97502)
comptage_abri_velo.34981,34981,A7,59482,2026,2,2026-02-05,Jeudi,14,Quesnoy-sur-Deûle,Quesnoy-sur-Deûle  - Mairie,50.712951,3.000769,POINT (50.712951 3.000769)
comptage_abri_velo.34982,34982,A27,59350,2026,1,2026-01-19,Lundi,13,Lille,Hellemmes - Mairie,50.627533,3.109026,POINT (50.627533 3.109026)
comptage_abri_velo.34983,34983,H1,59017,2026,1,2026-01-21,Mercredi,22,Armentières,Armentières - Gare,50.680972,2.877374,POINT (50.680972 2.877374)
comptage_abri_velo.34984,34984,H4,59524,2026,1,2026-01-03,Samedi,5.29,Sainghin-en-Weppes,Sainghin-en-Weppes - Don Sainghin,50.55142,2.914022,POINT (50.55142 2.914022)
comptage_abri_velo.34985,34985,H1,59017,2026,2,2026-02-06,Vendredi,30.9,Armentières,Armentières - Gare,50.680972,2.877374,POINT (50.680972 2.877374)
comptage_abri_velo.34986,34986,H3,59350,2026,1,2026-01-03,Samedi,5.45,Lille,Lomme - Saint Philibert,50.653009,2.97502,POINT (50.653009 2.97502)
comptage_abri_velo.34987,34987,H2,59350,2026,1,2026-01-11,Dimanche,4,Lille,Lille - C.H.U. Eurasanté,50.607865,3.040099,POINT (50.607865 3.040099)
comptage_abri_velo.34988,34988,A20,59350,2026,1,2026-01-20,Mardi,11,Lille,Lille - Wazemmes,50.623358,3.051647,POINT (50.623358 3.051647)
comptage_abri_velo.34989,34989,H3,59350,2026,1,2026-01-14,Mercredi,10.75,Lille,Lomme - Saint Philibert,50.653009,2.97502,POINT (50.653009 2.97502)
comptage_abri_velo.34990,34990,A23,59152,2026,1,2026-01-20,Mardi,4,Comines,Comines - Centre,50.761928,3.011547,POINT (50.761928 3.011547)
comptage_abri_velo.34991,34991,H4,59524,2026,1,2026-01-13,Mardi,12.5,Sainghin-en-Weppes,Sainghin-en-Weppes - Don Sainghin,50.55142,2.914022,POINT (50.55142 2.914022)
comptage_abri_velo.34992,34992,A22,59560,2026,1,2026-01-30,Vendredi,5.5,Seclin,Seclin - Gare,50.547452,3.034268,POINT (50.547452 3.034268)
comptage_abri_velo.34993,34993,A20,59350,2026,1,2026-01-07,Mercredi,30,Lille,Lille - Wazemmes,50.623358,3.051647,POINT (50.623358 3.051647)
comptage_abri_velo.34994,34994,H6,59009,2026,2,2026-02-05,Jeudi,31.9,Villeneuve-d'Ascq,Villeneuve d'Ascq - Les Prés Edgard Pisani,50.650048,3.125509,POINT (50.650048 3.125509)
comptage_abri_velo.34995,34995,H6,59009,2026,1,2026-01-22,Jeudi,30.36,Villeneuve-d'Ascq,Villeneuve d'Ascq - Les Prés Edgard Pisani,50.650048,3.125509,POINT (50.650048 3.125509)
comptage_abri_velo.34996,34996,A1,59286,2026,1,2026-01-06,Mardi,6,Haubourdin,Haubourdin - Jardin Public,50.611361,2.988615,POINT (50.611361 2.988615)
comptage_abri_velo.34997,34997,H2,59350,2026,1,2026-01-04,Dimanche,4,Lille,Lille - C.H.U. Eurasanté,50.607865,3.040099,POINT (50.607865 3.040099)
comptage_abri_velo.34998,34998,A21,59360,2026,1,2026-01-07,Mercredi,6,Loos,Loos - Mairie,50.614588,3.012336,POINT (50.614588 3.012336)
comptage_abri_velo.34999,34999,A16,59421,2026,1,2026-01-06,Mardi,11,Mouvaux,Mouvaux - 3 Suisses,50.69899,3.138302,POINT (50.69899 3.138302)
comptage_abri_velo.35000,35000,A5,59350,2026,1,2026-01-19,Lundi,17,Lille,Lomme - Maison des Enfants,50.646144,2.994472,POINT (50.646144 2.994472)
comptage_abri_velo.35001,35001,H3,59350,2026,1,2026-01-30,Vendredi,11.8,Lille,Lomme - Saint Philibert,50.653009,2.97502,POINT (50.653009 2.97502)
comptage_abri_velo.35002,35002,H2,59350,2026,2,2026-02-02,Lundi,5.56,Lille,Lille - C.H.U. Eurasanté,50.607865,3.040099,POINT (50.607865 3.040099)
comptage_abri_velo.35003,35003,H4,59524,2026,1,2026-01-12,Lundi,11,Sainghin-en-Weppes,Sainghin-en-Weppes - Don Sainghin,50.55142,2.914022,POINT (50.55142 2.914022)
comptage_abri_velo.35004,35004,H5,59009,2026,1,2026-01-10,Samedi,41.18,Villeneuve-d'Ascq,Villeneuve d'Ascq - 4 Cantons Stade Pierre Mauroy,50.605006,3.139401,POINT (50.605006 3.139401)
comptage_abri_velo.35005,35005,H2,59350,2026,2,2026-02-10,Mardi,7.5,Lille,Lille - C.H.U. Eurasanté,50.607865,3.040099,POINT (50.607865 3.040099)
comptage_abri_velo.35006,35006,H2,59350,2026,1,2026-01-26,Lundi,6.22,Lille,Lille - C.H.U. Eurasanté,50.607865,3.040099,POINT (50.607865 3.040099)
comptage_abri_velo.35007,35007,A22,59560,2026,2,2026-02-09,Lundi,4.57,Seclin,Seclin - Gare,50.547452,3.034268,POINT (50.547452 3.034268)
comptage_abri_velo.35008,35008,A22,59560,2026,1,2026-01-16,Vendredi,7.63,Seclin,Seclin - Gare,50.547452,3.034268,POINT (50.547452 3.034268)
comptage_abri_velo.35009,35009,H5,59009,2026,2,2026-02-06,Vendredi,40.71,Villeneuve-d'Ascq,Villeneuve d'Ascq - 4 Cantons Stade Pierre Mauroy,50.605006,3.139401,POINT (50.605006 3.139401)
comptage_abri_velo.35010,35010,H2,59350,2026,1,2026-01-20,Mardi,8.1,Lille,Lille - C.H.U. Eurasanté,50.607865,3.040099,POINT (50.607865 3.040099)
comptage_abri_velo.35011,35011,H1,59017,2026,1,2026-01-13,Mardi,38.22,Armentières,Armentières - Gare,50.680972,2.877374,POINT (50.680972 2.877374)
comptage_abri_velo.35012,35012,H4,59524,2026,1,2026-01-30,Vendredi,14.43,Sainghin-en-Weppes,Sainghin-en-Weppes - Don Sainghin,50.55142,2.914022,POINT (50.55142 2.914022)
comptage_abri_velo.35013,35013,A22,59560,2026,1,2026-01-29,Jeudi,5.29,Seclin,Seclin - Gare,50.547452,3.034268,POINT (50.547452 3.034268)
comptage_abri_velo.35014,35014,A14,59599,2026,2,2026-02-04,Mercredi,10,Tourcoing,Tourcoing - Centre,50.720457,3.158724,POINT (50.720457 3.158724)
comptage_abri_velo.35015,35015,H6,59009,2026,2,2026-02-08,Dimanche,30,Villeneuve-d'Ascq,Villeneuve d'Ascq - Les Prés Edgard Pisani,50.650048,3.125509,POINT (50.650048 3.125509)
comptage_abri_velo.35016,35016,H4,59524,2026,2,2026-02-09,Lundi,10.25,Sainghin-en-Weppes,Sainghin-en-Weppes - Don Sainghin,50.55142,2.914022,POINT (50.55142 2.914022)
comptage_abri_velo.35017,35017,H4,59524,2026,2,2026-02-07,Samedi,3.88,Sainghin-en-Weppes,Sainghin-en-Weppes - Don Sainghin,50.55142,2.914022,POINT (50.55142 2.914022)
comptage_abri_velo.35018,35018,H1,59017,2026,1,2026-01-30,Vendredi,37.5,Armentières,Armentières - Gare,50.680972,2.877374,POINT (50.680972 2.877374)
comptage_abri_velo.35019,35019,A3,59009,2026,2,2026-02-02,Lundi,13,Villeneuve-d'Ascq,Villeneuve d'Ascq - Pont de Bois,50.624619,3.127947,POINT (50.624619 3.127947)
comptage_abri_velo.35020,35020,A22,59560,2026,1,2026-01-23,Vendredi,8.33,Seclin,Seclin - Gare,50.547452,3.034268,POINT (50.547452 3.034268)
comptage_abri_velo.35021,35021,A23,59152,2026,1,2026-01-07,Mercredi,4,Comines,Comines - Centre,50.761928,3.011547,POINT (50.761928 3.011547)
comptage_abri_velo.35022,35022,H5,59009,2026,1,2026-01-30,Vendredi,39.43,Villeneuve-d'Ascq,Villeneuve d'Ascq - 4 Cantons Stade Pierre Mauroy,50.605006,3.139401,POINT (50.605006 3.139401)
comptage_abri_velo.35023,35023,H6,59009,2026,1,2026-01-26,Lundi,29.78,Villeneuve-d'Ascq,Villeneuve d'Ascq - Les Prés Edgard Pisani,50.650048,3.125509,POINT (50.650048 3.125509)
comptage_abri_velo.35024,35024,H1,59017,2026,2,2026-02-04,Mercredi,31,Armentières,Armentières - Gare,50.680972,2.877374,POINT (50.680972 2.877374)
comptage_abri_velo.35025,35025,A22,59560,2026,1,2026-01-04,Dimanche,7,Seclin,Seclin - Gare,50.547452,3.034268,POINT (50.547452 3.034268)
comptage_abri_velo.35026,35026,H2,59350,2026,1,2026-01-27,Mardi,7.5,Lille,Lille - C.H.U. Eurasanté,50.607865,3.040099,POINT (50.607865 3.040099)
comptage_abri_velo.35027,35027,H2,59350,2026,1,2026-01-19,Lundi,7.33,Lille,Lille - C.H.U. Eurasanté,50.607865,3.040099,POINT (50.607865 3.040099)
comptage_abri_velo.35028,35028,A22,59560,2026,2,2026-02-08,Dimanche,4,Seclin,Seclin - Gare,50.547452,3.034268,POINT (50.547452 3.034268)
comptage_abri_velo.35029,35029,A1,59286,2026,2,2026-02-04,Mercredi,8,Haubourdin,Haubourdin - Jardin Public,50.611361,2.988615,POINT (50.611361 2.988615)
comptage_abri_velo.35030,35030,A15,59378,2026,2,2026-02-05,Jeudi,10,Marcq-en-Barœul,Marcq-en-Baroeul - Croisé Laroche,50.665991,3.103728,POINT (50.665991 3.103728)
comptage_abri_velo.35031,35031,A22,59560,2026,2,2026-02-03,Mardi,9.5,Seclin,Seclin - Gare,50.547452,3.034268,POINT (50.547452 3.034268)
comptage_abri_velo.35032,35032,H6,59009,2026,1,2026-01-18,Dimanche,27,Villeneuve-d'Ascq,Villeneuve d'Ascq - Les Prés Edgard Pisani,50.650048,3.125509,POINT (50.650048 3.125509)
comptage_abri_velo.35033,35033,H3,59350,2026,1,2026-01-21,Mercredi,12.91,Lille,Lomme - Saint Philibert,50.653009,2.97502,POINT (50.653009 2.97502)
comptage_abri_velo.35034,35034,H5,59009,2026,1,2026-01-06,Mardi,38.24,Villeneuve-d'Ascq,Villeneuve d'Ascq - 4 Cantons Stade Pierre Mauroy,50.605006,3.139401,POINT (50.605006 3.139401)
comptage_abri_velo.35035,35035,H6,59009,2026,1,2026-01-12,Lundi,25.89,Villeneuve-d'Ascq,Villeneuve d'Ascq - Les Prés Edgard Pisani,50.650048,3.125509,POINT (50.650048 3.125509)
comptage_abri_velo.35036,35036,A22,59560,2026,1,2026-01-10,Samedi,7,Seclin,Seclin - Gare,50.547452,3.034268,POINT (50.547452 3.034268)
comptage_abri_velo.35037,35037,A14,59599,2026,1,2026-01-19,Lundi,16,Tourcoing,Tourcoing - Centre,50.720457,3.158724,POINT (50.720457 3.158724)
comptage_abri_velo.35038,35038,H5,59009,2026,1,2026-01-05,Lundi,42.57,Villeneuve-d'Ascq,Villeneuve d'Ascq - 4 Cantons Stade Pierre Mauroy,50.605006,3.139401,POINT (50.605006 3.139401)
comptage_abri_velo.35039,35039,A22,59560,2026,2,2026-02-02,Lundi,9.13,Seclin,Seclin - Gare,50.547452,3.034268,POINT (50.547452 3.034268)
comptage_abri_velo.35040,35040,H1,59017,2026,1,2026-01-07,Mercredi,28.75,Armentières,Armentières - Gare,50.680972,2.877374,POINT (50.680972 2.877374)
comptage_abri_velo.35041,35041,A18,59410,2026,1,2026-01-06,Mardi,20,Mons-en-Barœul,Mons-en-Baroeul - Mairie,50.642837,3.1101,POINT (50.642837 3.1101)
comptage_abri_velo.35042,35042,H6,59009,2026,1,2026-01-24,Samedi,28.4,Villeneuve-d'Ascq,Villeneuve d'Ascq - Les Prés Edgard Pisani,50.650048,3.125509,POINT (50.650048 3.125509)
comptage_abri_velo.35043,35043,A27,59350,2026,2,2026-02-04,Mercredi,17,Lille,Hellemmes - Mairie,50.627533,3.109026,POINT (50.627533 3.109026)
comptage_abri_velo.35044,35044,A13,59299,2026,1,2026-01-20,Mardi,5,Hem,Hem - 3 Fermes,50.662576,3.200574,POINT (50.662576 3.200574)
comptage_abri_velo.35045,35045,H3,59350,2026,1,2026-01-23,Vendredi,11.2,Lille,Lomme - Saint Philibert,50.653009,2.97502,POINT (50.653009 2.97502)
comptage_abri_velo.35046,35046,A22,59560,2026,1,2026-01-12,Lundi,7.38,Seclin,Seclin - Gare,50.547452,3.034268,POINT (50.547452 3.034268)
comptage_abri_velo.35047,35047,H4,59524,2026,1,2026-01-21,Mercredi,11.63,Sainghin-en-Weppes,Sainghin-en-Weppes - Don Sainghin,50.55142,2.914022,POINT (50.55142 2.914022)
comptage_abri_velo.35048,35048,H3,59350,2026,1,2026-01-06,Mardi,7.89,Lille,Lomme - Saint Philibert,50.653009,2.97502,POINT (50.653009 2.97502)
comptage_abri_velo.35049,35049,H1,59017,2026,1,2026-01-15,Jeudi,34.9,Armentières,Armentières - Gare,50.680972,2.877374,POINT (50.680972 2.877374)
comptage_abri_velo.35050,35050,H1,59017,2026,1,2026-01-29,Jeudi,35.4,Armentières,Armentières - Gare,50.680972,2.877374,POINT (50.680972 2.877374)
comptage_abri_velo.35051,35051,H2,59350,2026,1,2026-01-25,Dimanche,5,Lille,Lille - C.H.U. Eurasanté,50.607865,3.040099,POINT (50.607865 3.040099)
comptage_abri_velo.35052,35052,H1,59017,2026,1,2026-01-26,Lundi,22,Armentières,Armentières - Gare,50.680972,2.877374,POINT (50.680972 2.877374)
comptage_abri_velo.35053,35053,H6,59009,2026,2,2026-02-10,Mardi,30.9,Villeneuve-d'Ascq,Villeneuve d'Ascq - Les Prés Edgard Pisani,50.650048,3.125509,POINT (50.650048 3.125509)
comptage_abri_velo.35054,35054,H2,59350,2026,1,2026-01-05,Lundi,4.78,Lille,Lille - C.H.U. Eurasanté,50.607865,3.040099,POINT (50.607865 3.040099)
comptage_abri_velo.35055,35055,H4,59524,2026,1,2026-01-02,Vendredi,6.38,Sainghin-en-Weppes,Sainghin-en-Weppes - Don Sainghin,50.55142,2.914022,POINT (50.55142 2.914022)
comptage_abri_velo.35056,35056,A28,59599,2026,2,2026-02-04,Mercredi,5,Tourcoing,Tourcoing - Gare,50.716812,3.166903,POINT (50.716812 3.166903)
comptage_abri_velo.35057,35057,A4,59646,2026,1,2026-01-20,Mardi,12,Wasquehal,Wasquehal - Pavé de Lille,50.664155,3.130022,POINT (50.664155 3.130022)
comptage_abri_velo.35058,35058,H4,59524,2026,1,2026-01-19,Lundi,13.63,Sainghin-en-Weppes,Sainghin-en-Weppes - Don Sainghin,50.55142,2.914022,POINT (50.55142 2.914022)
comptage_abri_velo.35059,35059,A22,59560,2026,1,2026-01-22,Jeudi,9.2,Seclin,Seclin - Gare,50.547452,3.034268,POINT (50.547452 3.034268)
comptage_abri_velo.35060,35060,H1,59017,2026,1,2026-01-18,Dimanche,25,Armentières,Armentières - Gare,50.680972,2.877374,POINT (50.680972 2.877374)
comptage_abri_velo.35061,35061,A26,59350,2026,1,2026-01-07,Mercredi,1,Lille,Lille - Porte de Douai,50.618012,3.071473,POINT (50.618012 3.071473)
comptage_abri_velo.35062,35062,A22,59560,2026,1,2026-01-14,Mercredi,8.38,Seclin,Seclin - Gare,50.547452,3.034268,POINT (50.547452 3.034268)
comptage_abri_velo.35063,35063,A1,59286,2026,1,2026-01-19,Lundi,6,Haubourdin,Haubourdin - Jardin Public,50.611361,2.988615,POINT (50.611361 2.988615)
comptage_abri_velo.35064,35064,H5,59009,2026,1,2026-01-27,Mardi,39,Villeneuve-d'Ascq,Villeneuve d'Ascq - 4 Cantons Stade Pierre Mauroy,50.605006,3.139401,POINT (50.605006 3.139401)
comptage_abri_velo.35065,35065,A2,59527,2026,1,2026-01-07,Mercredi,19,Saint-André-lez-Lille,St André - Mairie,50.660206,3.051002,POINT (50.660206 3.051002)
comptage_abri_velo.35066,35066,A6,59163,2026,1,2026-01-12,Lundi,22,Croix,Croix - Centre,50.674954,3.145916,POINT (50.674954 3.145916)
comptage_abri_velo.35067,35067,H1,59017,2026,1,2026-01-19,Lundi,36.89,Armentières,Armentières - Gare,50.680972,2.877374,POINT (50.680972 2.877374)
comptage_abri_velo.35068,35068,A18,59410,2026,2,2026-02-04,Mercredi,18,Mons-en-Barœul,Mons-en-Baroeul - Mairie,50.642837,3.1101,POINT (50.642837 3.1101)
comptage_abri_velo.35069,35069,A4,59646,2026,2,2026-02-05,Jeudi,12,Wasquehal,Wasquehal - Pavé de Lille,50.664155,3.130022,POINT (50.664155 3.130022)
comptage_abri_velo.35070,35070,A22,59560,2026,2,2026-02-05,Jeudi,7.13,Seclin,Seclin - Gare,50.547452,3.034268,POINT (50.547452 3.034268)
comptage_abri_velo.35071,35071,A22,59560,2026,2,2026-02-06,Vendredi,7.86,Seclin,Seclin - Gare,50.547452,3.034268,POINT (50.547452 3.034268)
comptage_abri_velo.35072,35072,A22,59560,2026,1,2026-01-13,Mardi,9.33,Seclin,Seclin - Gare,50.547452,3.034268,POINT (50.547452 3.034268)
comptage_abri_velo.35073,35073,H3,59350,2026,1,2026-01-02,Vendredi,7.22,Lille,Lomme - Saint Philibert,50.653009,2.97502,POINT (50.653009 2.97502)
comptage_abri_velo.35074,35074,H4,59524,2026,1,2026-01-16,Vendredi,12.25,Sainghin-en-Weppes,Sainghin-en-Weppes - Don Sainghin,50.55142,2.914022,POINT (50.55142 2.914022)
comptage_abri_velo.35075,35075,H3,59350,2026,1,2026-01-08,Jeudi,9.1,Lille,Lomme - Saint Philibert,50.653009,2.97502,POINT (50.653009 2.97502)
comptage_abri_velo.35076,35076,A22,59560,2026,1,2026-01-06,Mardi,6.33,Seclin,Seclin - Gare,50.547452,3.034268,POINT (50.547452 3.034268)
comptage_abri_velo.35077,35077,A24,59512,2026,2,2026-02-05,Jeudi,13,Roubaix,Roubaix - Eurotéléport,50.691165,3.179592,POINT (50.691165 3.179592)
comptage_abri_velo.35078,35078,H5,59009,2026,1,2026-01-28,Mercredi,32.52,Villeneuve-d'Ascq,Villeneuve d'Ascq - 4 Cantons Stade Pierre Mauroy,50.605006,3.139401,POINT (50.605006 3.139401)
comptage_abri_velo.35079,35079,H6,59009,2026,1,2026-01-21,Mercredi,28.67,Villeneuve-d'Ascq,Villeneuve d'Ascq - Les Prés Edgard Pisani,50.650048,3.125509,POINT (50.650048 3.125509)
comptage_abri_velo.35080,35080,A17,59279,2026,2,2026-02-05,Jeudi,5,Halluin,Halluin - Centre,50.780946,3.119719,POINT (50.780946 3.119719)
comptage_abri_velo.35081,35081,A22,59560,2026,1,2026-01-24,Samedi,7.43,Seclin,Seclin - Gare,50.547452,3.034268,POINT (50.547452 3.034268)
comptage_abri_velo.35082,35082,H6,59009,2026,1,2026-01-16,Vendredi,30.27,Villeneuve-d'Ascq,Villeneuve d'Ascq - Les Prés Edgard Pisani,50.650048,3.125509,POINT (50.650048 3.125509)
comptage_abri_velo.35083,35083,A4,59646,2026,1,2026-01-07,Mercredi,12,Wasquehal,Wasquehal - Pavé de Lille,50.664155,3.130022,POINT (50.664155 3.130022)
comptage_abri_velo.35084,35084,A28,59599,2026,1,2026-01-22,Jeudi,8,Tourcoing,Tourcoing - Gare,50.716812,3.166903,POINT (50.716812 3.166903)
comptage_abri_velo.35085,35085,A22,59560,2026,1,2026-01-18,Dimanche,8.5,Seclin,Seclin - Gare,50.547452,3.034268,POINT (50.547452 3.034268)
comptage_abri_velo.35086,35086,H1,59017,2026,1,2026-01-27,Mardi,29.5,Armentières,Armentières - Gare,50.680972,2.877374,POINT (50.680972 2.877374)
comptage_abri_velo.35087,35087,A21,59360,2026,2,2026-02-04,Mercredi,8,Loos,Loos - Mairie,50.614588,3.012336,POINT (50.614588 3.012336)
comptage_abri_velo.35088,35088,H5,59009,2026,1,2026-01-03,Samedi,40.59,Villeneuve-d'Ascq,Villeneuve d'Ascq - 4 Cantons Stade Pierre Mauroy,50.605006,3.139401,POINT (50.605006 3.139401)
comptage_abri_velo.35089,35089,A26,59350,2025,1,2025-01-15,Mercredi,3,Lille,Lille - Porte de Douai,50.618012,3.071473,POINT (50.618012 3.071473)
comptage_abri_velo.35090,35090,H3,59350,2026,1,2026-01-17,Samedi,5.89,Lille,Lomme - Saint Philibert,50.653009,2.97502,POINT (50.653009 2.97502)
comptage_abri_velo.35091,35091,H2,59350,2026,1,2026-01-28,Mercredi,5.67,Lille,Lille - C.H.U. Eurasanté,50.607865,3.040099,POINT (50.607865 3.040099)
comptage_abri_velo.35092,35092,H3,59350,2026,1,2026-01-09,Vendredi,9.11,Lille,Lomme - Saint Philibert,50.653009,2.97502,POINT (50.653009 2.97502)
comptage_abri_velo.35093,35093,H6,59009,2026,1,2026-01-23,Vendredi,29.56,Villeneuve-d'Ascq,Villeneuve d'Ascq - Les Prés Edgard Pisani,50.650048,3.125509,POINT (50.650048 3.125509)
comptage_abri_velo.35094,35094,A24,59512,2026,2,2026-02-06,Vendredi,12,Roubaix,Roubaix - Eurotéléport,50.691165,3.179592,POINT (50.691165 3.179592)
comptage_abri_velo.35095,35095,H6,59009,2026,1,2026-01-13,Mardi,29.3,Villeneuve-d'Ascq,Villeneuve d'Ascq - Les Prés Edgard Pisani,50.650048,3.125509,POINT (50.650048 3.125509)
comptage_abri_velo.35096,35096,A23,59152,2026,2,2026-02-05,Jeudi,5,Comines,Comines - Centre,50.761928,3.011547,POINT (50.761928 3.011547)
comptage_abri_velo.35097,35097,H5,59009,2026,1,2026-01-15,Jeudi,34.48,Villeneuve-d'Ascq,Villeneuve d'Ascq - 4 Cantons Stade Pierre Mauroy,50.605006,3.139401,POINT (50.605006 3.139401)
comptage_abri_velo.35098,35098,H4,59524,2026,2,2026-02-08,Dimanche,3,Sainghin-en-Weppes,Sainghin-en-Weppes - Don Sainghin,50.55142,2.914022,POINT (50.55142 2.914022)
comptage_abri_velo.35099,35099,H4,59524,2026,1,2026-01-20,Mardi,14.13,Sainghin-en-Weppes,Sainghin-en-Weppes - Don Sainghin,50.55142,2.914022,POINT (50.55142 2.914022)
comptage_abri_velo.35100,35100,H3,59350,2026,1,2026-01-05,Lundi,6.6,Lille,Lomme - Saint Philibert,50.653009,2.97502,POINT (50.653009 2.97502)
comptage_abri_velo.35101,35101,H4,59524,2026,1,2026-01-25,Dimanche,5.43,Sainghin-en-Weppes,Sainghin-en-Weppes - Don Sainghin,50.55142,2.914022,POINT (50.55142 2.914022)
comptage_abri_velo.35102,35102,H1,59017,2026,1,2026-01-02,Vendredi,26.89,Armentières,Armentières - Gare,50.680972,2.877374,POINT (50.680972 2.877374)
comptage_abri_velo.35103,35103,A25,59512,2026,1,2026-01-20,Mardi,5,Roubaix,Roubaix - Épeule Montesquieu,50.68397,3.162923,POINT (50.68397 3.162923)
comptage_abri_velo.35104,35104,H6,59009,2026,2,2026-02-06,Vendredi,30.4,Villeneuve-d'Ascq,Villeneuve d'Ascq - Les Prés Edgard Pisani,50.650048,3.125509,POINT (50.650048 3.125509)
comptage_abri_velo.35105,35105,H6,59009,2026,1,2026-01-05,Lundi,27.1,Villeneuve-d'Ascq,Villeneuve d'Ascq - Les Prés Edgard Pisani,50.650048,3.125509,POINT (50.650048 3.125509)
comptage_abri_velo.35106,35106,H5,59009,2026,1,2026-01-16,Vendredi,36.38,Villeneuve-d'Ascq,Villeneuve d'Ascq - 4 Cantons Stade Pierre Mauroy,50.605006,3.139401,POINT (50.605006 3.139401)
comptage_abri_velo.35107,35107,H1,59017,2026,1,2026-01-12,Lundi,37.5,Armentières,Armentières - Gare,50.680972,2.877374,POINT (50.680972 2.877374)
comptage_abri_velo.35108,35108,H5,59009,2026,1,2026-01-21,Mercredi,37.14,Villeneuve-d'Ascq,Villeneuve d'Ascq - 4 Cantons Stade Pierre Mauroy,50.605006,3.139401,POINT (50.605006 3.139401)
comptage_abri_velo.35109,35109,A22,59560,2026,2,2026-02-04,Mercredi,7.43,Seclin,Seclin - Gare,50.547452,3.034268,POINT (50.547452 3.034268)
comptage_abri_velo.35110,35110,A11,59650,2026,1,2026-01-07,Mercredi,1,Wattrelos,Wattrelos - Centre,50.701454,3.214476,POINT (50.701454 3.214476)
comptage_abri_velo.35111,35111,H4,59524,2026,2,2026-02-02,Lundi,16.5,Sainghin-en-Weppes,Sainghin-en-Weppes - Don Sainghin,50.55142,2.914022,POINT (50.55142 2.914022)
comptage_abri_velo.35112,35112,H1,59017,2026,2,2026-02-10,Mardi,40.67,Armentières,Armentières - Gare,50.680972,2.877374,POINT (50.680972 2.877374)
comptage_abri_velo.35113,35113,A15,59378,2026,1,2026-01-19,Lundi,10,Marcq-en-Barœul,Marcq-en-Baroeul - Croisé Laroche,50.665991,3.103728,POINT (50.665991 3.103728)
comptage_abri_velo.35114,35114,H5,59009,2026,2,2026-02-02,Lundi,41,Villeneuve-d'Ascq,Villeneuve d'Ascq - 4 Cantons Stade Pierre Mauroy,50.605006,3.139401,POINT (50.605006 3.139401)
comptage_abri_velo.35115,35115,H1,59017,2026,1,2026-01-23,Vendredi,30.67,Armentières,Armentières - Gare,50.680972,2.877374,POINT (50.680972 2.877374)
comptage_abri_velo.35116,35116,H1,59017,2026,1,2026-01-24,Samedi,24.33,Armentières,Armentières - Gare,50.680972,2.877374,POINT (50.680972 2.877374)
comptage_abri_velo.35117,35117,H5,59009,2026,1,2026-01-26,Lundi,38.29,Villeneuve-d'Ascq,Villeneuve d'Ascq - 4 Cantons Stade Pierre Mauroy,50.605006,3.139401,POINT (50.605006 3.139401)
comptage_abri_velo.35118,35118,H4,59524,2026,2,2026-02-06,Vendredi,9.5,Sainghin-en-Weppes,Sainghin-en-Weppes - Don Sainghin,50.55142,2.914022,POINT (50.55142 2.914022)
comptage_abri_velo.35119,35119,H4,59524,2026,1,2026-01-09,Vendredi,4,Sainghin-en-Weppes,Sainghin-en-Weppes - Don Sainghin,50.55142,2.914022,POINT (50.55142 2.914022)
comptage_abri_velo.35120,35120,H5,59009,2026,2,2026-02-07,Samedi,36.18,Villeneuve-d'Ascq,Villeneuve d'Ascq - 4 Cantons Stade Pierre Mauroy,50.605006,3.139401,POINT (50.605006 3.139401)
comptage_abri_velo.35121,35121,H4,59524,2026,1,2026-01-08,Jeudi,9,Sainghin-en-Weppes,Sainghin-en-Weppes - Don Sainghin,50.55142,2.914022,POINT (50.55142 2.914022)
comptage_abri_velo.35122,35122,A9,59648,2026,1,2026-01-07,Mercredi,7,Wattignies,Wattignies - Laënnec,50.589018,3.050619,POINT (50.589018 3.050619)
comptage_abri_velo.35123,35123,H3,59350,2026,1,2026-01-28,Mercredi,11.44,Lille,Lomme - Saint Philibert,50.653009,2.97502,POINT (50.653009 2.97502)
comptage_abri_velo.35124,35124,A29,59378,2026,1,2026-01-07,Mercredi,0,Marcq-en-Barœul,Marcq-en-Baroeul - Cerisaie,50.678116,3.111562,POINT (50.678116 3.111562)
comptage_abri_velo.35125,35125,A3,59009,2026,1,2026-01-19,Lundi,14,Villeneuve-d'Ascq,Villeneuve d'Ascq - Pont de Bois,50.624619,3.127947,POINT (50.624619 3.127947)
comptage_abri_velo.35126,35126,H3,59350,2026,1,2026-01-29,Jeudi,11.1,Lille,Lomme - Saint Philibert,50.653009,2.97502,POINT (50.653009 2.97502)
comptage_abri_velo.35127,35127,H1,59017,2026,1,2026-01-20,Mardi,38.8,Armentières,Armentières - Gare,50.680972,2.877374,POINT (50.680972 2.877374)
comptage_abri_velo.35128,35128,H6,59009,2026,1,2026-01-25,Dimanche,28,Villeneuve-d'Ascq,Villeneuve d'Ascq - Les Prés Edgard Pisani,50.650048,3.125509,POINT (50.650048 3.125509)
comptage_abri_velo.35129,35129,A10,59507,2026,2,2026-02-04,Mercredi,3,Ronchin,Ronchin - Mairie,50.605669,3.077856,POINT (50.605669 3.077856)
comptage_abri_velo.35130,35130,H5,59009,2026,1,2026-01-19,Lundi,37,Villeneuve-d'Ascq,Villeneuve d'Ascq - 4 Cantons Stade Pierre Mauroy,50.605006,3.139401,POINT (50.605006 3.139401)
comptage_abri_velo.35131,35131,H4,59524,2026,1,2026-01-14,Mercredi,12.5,Sainghin-en-Weppes,Sainghin-en-Weppes - Don Sainghin,50.55142,2.914022,POINT (50.55142 2.914022)
comptage_abri_velo.35132,35132,A8,59636,2026,1,2026-01-07,Mercredi,10,Wambrechies,Wambrechies - Mairie,50.686433,3.053429,POINT (50.686433 3.053429)
comptage_abri_velo.35133,35133,A19,59350,2026,2,2026-02-02,Lundi,38,Lille,Lille - Porte des Postes,50.617921,3.049909,POINT (50.617921 3.049909)
comptage_abri_velo.35134,35134,H6,59009,2026,2,2026-02-04,Mercredi,28.9,Villeneuve-d'Ascq,Villeneuve d'Ascq - Les Prés Edgard Pisani,50.650048,3.125509,POINT (50.650048 3.125509)
comptage_abri_velo.35135,35135,H3,59350,2026,1,2026-01-19,Lundi,11.22,Lille,Lomme - Saint Philibert,50.653009,2.97502,POINT (50.653009 2.97502)
comptage_abri_velo.35136,35136,H6,59009,2026,2,2026-02-02,Lundi,30.33,Villeneuve-d'Ascq,Villeneuve d'Ascq - Les Prés Edgard Pisani,50.650048,3.125509,POINT (50.650048 3.125509)
comptage_abri_velo.35137,35137,H6,59009,2026,1,2026-01-14,Mercredi,27.7,Villeneuve-d'Ascq,Villeneuve d'Ascq - Les Prés Edgard Pisani,50.650048,3.125509,POINT (50.650048 3.125509)
comptage_abri_velo.35138,35138,H6,59009,2026,1,2026-01-03,Samedi,27,Villeneuve-d'Ascq,Villeneuve d'Ascq - Les Prés Edgard Pisani,50.650048,3.125509,POINT (50.650048 3.125509)
comptage_abri_velo.35139,35139,H2,59350,2026,2,2026-02-08,Dimanche,4,Lille,Lille - C.H.U. Eurasanté,50.607865,3.040099,POINT (50.607865 3.040099)
comptage_abri_velo.35140,35140,A29,59378,2026,2,2026-02-05,Jeudi,0,Marcq-en-Barœul,Marcq-en-Baroeul - Cerisaie,50.678116,3.111562,POINT (50.678116 3.111562)
comptage_abri_velo.35141,35141,A22,59560,2026,1,2026-01-07,Mercredi,5.38,Seclin,Seclin - Gare,50.547452,3.034268,POINT (50.547452 3.034268)
comptage_abri_velo.35142,35142,H4,59524,2026,2,2026-02-10,Mardi,14.13,Sainghin-en-Weppes,Sainghin-en-Weppes - Don Sainghin,50.55142,2.914022,POINT (50.55142 2.914022)
comptage_abri_velo.35143,35143,H5,59009,2026,1,2026-01-09,Vendredi,40.24,Villeneuve-d'Ascq,Villeneuve d'Ascq - 4 Cantons Stade Pierre Mauroy,50.605006,3.139401,POINT (50.605006 3.139401)
comptage_abri_velo.35144,35144,H1,59017,2026,2,2026-02-05,Jeudi,37.13,Armentières,Armentières - Gare,50.680972,2.877374,POINT (50.680972 2.877374)
comptage_abri_velo.35145,35145,H1,59017,2026,1,2026-01-10,Samedi,26.67,Armentières,Armentières - Gare,50.680972,2.877374,POINT (50.680972 2.877374)
comptage_abri_velo.35146,35146,A6,59163,2026,1,2026-01-20,Mardi,17,Croix,Croix - Centre,50.674954,3.145916,POINT (50.674954 3.145916)
comptage_abri_velo.35147,35147,A5,59350,2026,1,2026-01-07,Mercredi,16,Lille,Lomme - Maison des Enfants,50.646144,2.994472,POINT (50.646144 2.994472)
comptage_abri_velo.35148,35148,H3,59350,2026,1,2026-01-26,Lundi,7.44,Lille,Lomme - Saint Philibert,50.653009,2.97502,POINT (50.653009 2.97502)
comptage_abri_velo.35149,35149,H3,59350,2026,1,2026-01-11,Dimanche,5,Lille,Lomme - Saint Philibert,50.653009,2.97502,POINT (50.653009 2.97502)
comptage_abri_velo.35150,35150,H4,59524,2026,1,2026-01-10,Samedi,4.38,Sainghin-en-Weppes,Sainghin-en-Weppes - Don Sainghin,50.55142,2.914022,POINT (50.55142 2.914022)
comptage_abri_velo.35151,35151,H3,59350,2026,1,2026-01-16,Vendredi,9.36,Lille,Lomme - Saint Philibert,50.653009,2.97502,POINT (50.653009 2.97502)
comptage_abri_velo.35152,35152,A12,59368,2026,2,2026-02-04,Mercredi,11,La Madeleine,La Madeleine - Romarin,50.645694,3.075042,POINT (50.645694 3.075042)
comptage_abri_velo.35153,35153,A22,59560,2026,1,2026-01-08,Jeudi,7.13,Seclin,Seclin - Gare,50.547452,3.034268,POINT (50.547452 3.034268)
comptage_abri_velo.35154,35154,H4,59524,2026,2,2026-02-05,Jeudi,13.75,Sainghin-en-Weppes,Sainghin-en-Weppes - Don Sainghin,50.55142,2.914022,POINT (50.55142 2.914022)
comptage_abri_velo.35155,35155,H4,59524,2026,1,2026-01-23,Vendredi,14.5,Sainghin-en-Weppes,Sainghin-en-Weppes - Don Sainghin,50.55142,2.914022,POINT (50.55142 2.914022)
comptage_abri_velo.35156,35156,H4,59524,2026,1,2026-01-24,Samedi,7.75,Sainghin-en-Weppes,Sainghin-en-Weppes - Don Sainghin,50.55142,2.914022,POINT (50.55142 2.914022)
comptage_abri_velo.35157,35157,A20,59350,2026,2,2026-02-04,Mercredi,32,Lille,Lille - Wazemmes,50.623358,3.051647,POINT (50.623358 3.051647)
comptage_abri_velo.35158,35158,A19,59350,2026,1,2026-01-07,Mercredi,32,Lille,Lille - Porte des Postes,50.617921,3.049909,POINT (50.617921 3.049909)
comptage_abri_velo.35159,35159,H2,59350,2026,1,2026-01-06,Mardi,4.9,Lille,Lille - C.H.U. Eurasanté,50.607865,3.040099,POINT (50.607865 3.040099)
comptage_abri_velo.35160,35160,H3,59350,2026,2,2026-02-04,Mercredi,11.89,Lille,Lomme - Saint Philibert,50.653009,2.97502,POINT (50.653009 2.97502)
comptage_abri_velo.35161,35161,A22,59560,2026,1,2026-01-05,Lundi,8.38,Seclin,Seclin - Gare,50.547452,3.034268,POINT (50.547452 3.034268)
comptage_abri_velo.35162,35162,H5,59009,2026,2,2026-02-08,Dimanche,35.95,Villeneuve-d'Ascq,Villeneuve d'Ascq - 4 Cantons Stade Pierre Mauroy,50.605006,3.139401,POINT (50.605006 3.139401)
comptage_abri_velo.35163,35163,A22,59560,2026,1,2026-01-19,Lundi,9.11,Seclin,Seclin - Gare,50.547452,3.034268,POINT (50.547452 3.034268)
comptage_abri_velo.35164,35164,H2,59350,2026,2,2026-02-03,Mardi,5.27,Lille,Lille - C.H.U. Eurasanté,50.607865,3.040099,POINT (50.607865 3.040099)
comptage_abri_velo.35165,35165,A8,59636,2026,2,2026-02-05,Jeudi,8,Wambrechies,Wambrechies - Mairie,50.686433,3.053429,POINT (50.686433 3.053429)
comptage_abri_velo.35166,35166,A17,59279,2026,1,2026-01-07,Mercredi,6,Halluin,Halluin - Centre,50.780946,3.119719,POINT (50.780946 3.119719)
comptage_abri_velo.35167,35167,H5,59009,2026,1,2026-01-04,Dimanche,43.05,Villeneuve-d'Ascq,Villeneuve d'Ascq - 4 Cantons Stade Pierre Mauroy,50.605006,3.139401,POINT (50.605006 3.139401)
comptage_abri_velo.35168,35168,H4,59524,2026,1,2026-01-11,Dimanche,1.57,Sainghin-en-Weppes,Sainghin-en-Weppes - Don Sainghin,50.55142,2.914022,POINT (50.55142 2.914022)
comptage_abri_velo.35169,35169,A27,59350,2025,2,2025-02-19,Mercredi,15,Lille,Hellemmes - Mairie,50.627533,3.109026,POINT (50.627533 3.109026)
comptage_abri_velo.35170,35170,H6,59009,2026,1,2026-01-31,Samedi,28,Villeneuve-d'Ascq,Villeneuve d'Ascq - Les Prés Edgard Pisani,50.650048,3.125509,POINT (50.650048 3.125509)
comptage_abri_velo.35171,35171,H5,59009,2026,1,2026-01-20,Mardi,38.71,Villeneuve-d'Ascq,Villeneuve d'Ascq - 4 Cantons Stade Pierre Mauroy,50.605006,3.139401,POINT (50.605006 3.139401)
comptage_abri_velo.35172,35172,A22,59560,2026,1,2026-01-26,Lundi,8,Seclin,Seclin - Gare,50.547452,3.034268,POINT (50.547452 3.034268)
comptage_abri_velo.35173,35173,H2,59350,2026,1,2026-01-18,Dimanche,5,Lille,Lille - C.H.U. Eurasanté,50.607865,3.040099,POINT (50.607865 3.040099)
comptage_abri_velo.35174,35174,H2,59350,2026,1,2026-01-22,Jeudi,7,Lille,Lille - C.H.U. Eurasanté,50.607865,3.040099,POINT (50.607865 3.040099)
comptage_abri_velo.35175,35175,H2,59350,2026,1,2026-01-03,Samedi,3.89,Lille,Lille - C.H.U. Eurasanté,50.607865,3.040099,POINT (50.607865 3.040099)
comptage_abri_velo.35176,35176,A4,59646,2026,2,2026-02-02,Lundi,11,Wasquehal,Wasquehal - Pavé de Lille,50.664155,3.130022,POINT (50.664155 3.130022)
comptage_abri_velo.35177,35177,H1,59017,2026,1,2026-01-17,Samedi,26,Armentières,Armentières - Gare,50.680972,2.877374,POINT (50.680972 2.877374)
comptage_abri_velo.35178,35178,H1,59017,2026,1,2026-01-28,Mercredi,32.2,Armentières,Armentières - Gare,50.680972,2.877374,POINT (50.680972 2.877374)
comptage_abri_velo.35179,35179,H1,59017,2026,1,2026-01-09,Vendredi,26,Armentières,Armentières - Gare,50.680972,2.877374,POINT (50.680972 2.877374)
comptage_abri_velo.35180,35180,H6,59009,2026,1,2026-01-15,Jeudi,27,Villeneuve-d'Ascq,Villeneuve d'Ascq - Les Prés Edgard Pisani,50.650048,3.125509,POINT (50.650048 3.125509)
comptage_abri_velo.35181,35181,H3,59350,2026,1,2026-01-13,Mardi,12.78,Lille,Lomme - Saint Philibert,50.653009,2.97502,POINT (50.653009 2.97502)
comptage_abri_velo.35182,35182,A12,59368,2026,1,2026-01-06,Mardi,12,La Madeleine,La Madeleine - Romarin,50.645694,3.075042,POINT (50.645694 3.075042)
comptage_abri_velo.35183,35183,H2,59350,2026,1,2026-01-21,Mercredi,6.4,Lille,Lille - C.H.U. Eurasanté,50.607865,3.040099,POINT (50.607865 3.040099)
comptage_abri_velo.35184,35184,A22,59560,2026,1,2026-01-11,Dimanche,9.38,Seclin,Seclin - Gare,50.547452,3.034268,POINT (50.547452 3.034268)
comptage_abri_velo.35185,35185,H4,59524,2026,2,2026-02-04,Mercredi,16.38,Sainghin-en-Weppes,Sainghin-en-Weppes - Don Sainghin,50.55142,2.914022,POINT (50.55142 2.914022)
comptage_abri_velo.35186,35186,A27,59350,2026,1,2026-01-06,Mardi,16,Lille,Hellemmes - Mairie,50.627533,3.109026,POINT (50.627533 3.109026)
comptage_abri_velo.35187,35187,H3,59350,2026,2,2026-02-06,Vendredi,10.7,Lille,Lomme - Saint Philibert,50.653009,2.97502,POINT (50.653009 2.97502)
comptage_abri_velo.35188,35188,H3,59350,2026,1,2026-01-15,Jeudi,11.6,Lille,Lomme - Saint Philibert,50.653009,2.97502,POINT (50.653009 2.97502)
comptage_abri_velo.35189,35189,H5,59009,2026,1,2026-01-22,Jeudi,38.67,Villeneuve-d'Ascq,Villeneuve d'Ascq - 4 Cantons Stade Pierre Mauroy,50.605006,3.139401,POINT (50.605006 3.139401)
comptage_abri_velo.35190,35190,H3,59350,2026,1,2026-01-10,Samedi,6.3,Lille,Lomme - Saint Philibert,50.653009,2.97502,POINT (50.653009 2.97502)
comptage_abri_velo.35191,35191,H3,59350,2026,2,2026-02-03,Mardi,11.7,Lille,Lomme - Saint Philibert,50.653009,2.97502,POINT (50.653009 2.97502)
comptage_abri_velo.35192,35192,H1,59017,2026,1,2026-01-06,Mardi,31.14,Armentières,Armentières - Gare,50.680972,2.877374,POINT (50.680972 2.877374)
comptage_abri_velo.35193,35193,A3,59009,2026,1,2026-01-06,Mardi,13,Villeneuve-d'Ascq,Villeneuve d'Ascq - Pont de Bois,50.624619,3.127947,POINT (50.624619 3.127947)
comptage_abri_velo.35194,35194,A22,59560,2026,1,2026-01-20,Mardi,10.75,Seclin,Seclin - Gare,50.547452,3.034268,POINT (50.547452 3.034268)
comptage_abri_velo.35195,35195,A22,59560,2026,1,2026-01-15,Jeudi,6.38,Seclin,Seclin - Gare,50.547452,3.034268,POINT (50.547452 3.034268)
comptage_abri_velo.35196,35196,A3,59009,2026,1,2026-01-16,Vendredi,12,Villeneuve-d'Ascq,Villeneuve d'Ascq - Pont de Bois,50.624619,3.127947,POINT (50.624619 3.127947)
comptage_abri_velo.35197,35197,A26,59350,2026,1,2026-01-20,Mardi,4,Lille,Lille - Porte de Douai,50.618012,3.071473,POINT (50.618012 3.071473)
comptage_abri_velo.35198,35198,A26,59350,2026,2,2026-02-04,Mercredi,11,Lille,Lille - Porte de Douai,50.618012,3.071473,POINT (50.618012 3.071473)
comptage_abri_velo.35199,35199,H4,59524,2026,1,2026-01-05,Lundi,11.5,Sainghin-en-Weppes,Sainghin-en-Weppes - Don Sainghin,50.55142,2.914022,POINT (50.55142 2.914022)
comptage_abri_velo.35200,35200,H2,59350,2026,1,2026-01-09,Vendredi,4.7,Lille,Lille - C.H.U. Eurasanté,50.607865,3.040099,POINT (50.607865 3.040099)
comptage_abri_velo.35201,35201,A22,59560,2026,1,2026-01-27,Mardi,6.71,Seclin,Seclin - Gare,50.547452,3.034268,POINT (50.547452 3.034268)
comptage_abri_velo.35202,35202,A11,59650,2026,2,2026-02-05,Jeudi,0,Wattrelos,Wattrelos - Centre,50.701454,3.214476,POINT (50.701454 3.214476)
comptage_abri_velo.35203,35203,H1,59017,2026,2,2026-02-07,Samedi,23,Armentières,Armentières - Gare,50.680972,2.877374,POINT (50.680972 2.877374)
comptage_abri_velo.35204,35204,A19,59350,2026,1,2026-01-20,Mardi,15,Lille,Lille - Porte des Postes,50.617921,3.049909,POINT (50.617921 3.049909)
comptage_abri_velo.35205,35205,A22,59560,2026,1,2026-01-03,Samedi,7.43,Seclin,Seclin - Gare,50.547452,3.034268,POINT (50.547452 3.034268)
comptage_abri_velo.35206,35206,A11,59650,2026,1,2026-01-20,Mardi,2,Wattrelos,Wattrelos - Centre,50.701454,3.214476,POINT (50.701454 3.214476)
comptage_abri_velo.35207,35207,H5,59009,2026,2,2026-02-10,Mardi,42.19,Villeneuve-d'Ascq,Villeneuve d'Ascq - 4 Cantons Stade Pierre Mauroy,50.605006,3.139401,POINT (50.605006 3.139401)
comptage_abri_velo.35208,35208,A22,59560,2026,1,2026-01-09,Vendredi,7.25,Seclin,Seclin - Gare,50.547452,3.034268,POINT (50.547452 3.034268)
comptage_abri_velo.35209,35209,A10,59507,2026,1,2026-01-07,Mercredi,4,Ronchin,Ronchin - Mairie,50.605669,3.077856,POINT (50.605669 3.077856)
comptage_abri_velo.35210,35210,H6,59009,2026,1,2026-01-06,Mardi,28.36,Villeneuve-d'Ascq,Villeneuve d'Ascq - Les Prés Edgard Pisani,50.650048,3.125509,POINT (50.650048 3.125509)
comptage_abri_velo.35211,35211,H4,59524,2026,1,2026-01-07,Mercredi,4.71,Sainghin-en-Weppes,Sainghin-en-Weppes - Don Sainghin,50.55142,2.914022,POINT (50.55142 2.914022)
comptage_abri_velo.35212,35212,H2,59350,2026,1,2026-01-02,Vendredi,3.67,Lille,Lille - C.H.U. Eurasanté,50.607865,3.040099,POINT (50.607865 3.040099)
comptage_abri_velo.35213,35213,A8,59636,2026,1,2026-01-19,Lundi,11,Wambrechies,Wambrechies - Mairie,50.686433,3.053429,POINT (50.686433 3.053429)
comptage_abri_velo.35214,35214,H6,59009,2026,1,2026-01-28,Mercredi,27.44,Villeneuve-d'Ascq,Villeneuve d'Ascq - Les Prés Edgard Pisani,50.650048,3.125509,POINT (50.650048 3.125509)
comptage_abri_velo.35215,35215,H1,59017,2026,1,2026-01-16,Vendredi,25,Armentières,Armentières - Gare,50.680972,2.877374,POINT (50.680972 2.877374)
comptage_abri_velo.35216,35216,H2,59350,2026,2,2026-02-09,Lundi,7.56,Lille,Lille - C.H.U. Eurasanté,50.607865,3.040099,POINT (50.607865 3.040099)
comptage_abri_velo.35217,35217,A13,59299,2026,1,2026-01-07,Mercredi,3,Hem,Hem - 3 Fermes,50.662576,3.200574,POINT (50.662576 3.200574)
comptage_abri_velo.35218,35218,A16,59421,2026,1,2026-01-20,Mardi,11,Mouvaux,Mouvaux - 3 Suisses,50.69899,3.138302,POINT (50.69899 3.138302)
comptage_abri_velo.35219,35219,A9,59648,2026,2,2026-02-04,Mercredi,7,Wattignies,Wattignies - Laënnec,50.589018,3.050619,POINT (50.589018 3.050619)
comptage_abri_velo.35220,35220,A3,59009,2026,1,2026-01-26,Lundi,12,Villeneuve-d'Ascq,Villeneuve d'Ascq - Pont de Bois,50.624619,3.127947,POINT (50.624619 3.127947)
comptage_abri_velo.35221,35221,H2,59350,2026,1,2026-01-12,Lundi,5.56,Lille,Lille - C.H.U. Eurasanté,50.607865,3.040099,POINT (50.607865 3.040099)
comptage_abri_velo.35222,35222,A12,59368,2026,1,2026-01-19,Lundi,9,La Madeleine,La Madeleine - Romarin,50.645694,3.075042,POINT (50.645694 3.075042)
comptage_abri_velo.35223,35223,H1,59017,2026,1,2026-01-08,Jeudi,32.8,Armentières,Armentières - Gare,50.680972,2.877374,POINT (50.680972 2.877374)
comptage_abri_velo.35224,35224,H5,59009,2026,1,2026-01-17,Samedi,34.45,Villeneuve-d'Ascq,Villeneuve d'Ascq - 4 Cantons Stade Pierre Mauroy,50.605006,3.139401,POINT (50.605006 3.139401)
comptage_abri_velo.35225,35225,H2,59350,2026,2,2026-02-04,Mercredi,3.5,Lille,Lille - C.H.U. Eurasanté,50.607865,3.040099,POINT (50.607865 3.040099)
comptage_abri_velo.35226,35226,H3,59350,2026,2,2026-02-02,Lundi,11.89,Lille,Lomme - Saint Philibert,50.653009,2.97502,POINT (50.653009 2.97502)
comptage_abri_velo.35227,35227,H5,59009,2026,1,2026-01-08,Jeudi,40.67,Villeneuve-d'Ascq,Villeneuve d'Ascq - 4 Cantons Stade Pierre Mauroy,50.605006,3.139401,POINT (50.605006 3.139401)
comptage_abri_velo.35228,35228,H2,59350,2026,2,2026-02-05,Jeudi,4.3,Lille,Lille - C.H.U. Eurasanté,50.607865,3.040099,POINT (50.607865 3.040099)
comptage_abri_velo.35229,35229,H4,59524,2026,1,2026-01-22,Jeudi,19.75,Sainghin-en-Weppes,Sainghin-en-Weppes - Don Sainghin,50.55142,2.914022,POINT (50.55142 2.914022)
comptage_abri_velo.35230,35230,A6,59163,2026,2,2026-02-05,Jeudi,18,Croix,Croix - Centre,50.674954,3.145916,POINT (50.674954 3.145916)
comptage_abri_velo.35231,35231,A28,59599,2026,2,2026-02-02,Lundi,2,Tourcoing,Tourcoing - Gare,50.716812,3.166903,POINT (50.716812 3.166903)
comptage_abri_velo.35232,35232,A7,59482,2026,1,2026-01-07,Mercredi,17,Quesnoy-sur-Deûle,Quesnoy-sur-Deûle  - Mairie,50.712951,3.000769,POINT (50.712951 3.000769)
comptage_abri_velo.35233,35233,A12,59368,2025,2,2025-02-12,Mercredi,10,La Madeleine,La Madeleine - Romarin,50.645694,3.075042,POINT (50.645694 3.075042)
comptage_abri_velo.35234,35234,H6,59009,2026,1,2026-01-29,Jeudi,31.2,Villeneuve-d'Ascq,Villeneuve d'Ascq - Les Prés Edgard Pisani,50.650048,3.125509,POINT (50.650048 3.125509)
comptage_abri_velo.35235,35235,H5,59009,2026,1,2026-01-13,Mardi,40.52,Villeneuve-d'Ascq,Villeneuve d'Ascq - 4 Cantons Stade Pierre Mauroy,50.605006,3.139401,POINT (50.605006 3.139401)
comptage_abri_velo.35236,35236,H1,59017,2026,1,2026-01-11,Dimanche,27.25,Armentières,Armentières - Gare,50.680972,2.877374,POINT (50.680972 2.877374)
comptage_abri_velo.35237,35237,A22,59560,2026,1,2026-01-17,Samedi,8.75,Seclin,Seclin - Gare,50.547452,3.034268,POINT (50.547452 3.034268)
comptage_abri_velo.35238,35238,A14,59599,2026,1,2026-01-07,Mercredi,19,Tourcoing,Tourcoing - Centre,50.720457,3.158724,POINT (50.720457 3.158724)
comptage_abri_velo.35239,35239,H1,59017,2026,2,2026-02-08,Dimanche,21,Armentières,Armentières - Gare,50.680972,2.877374,POINT (50.680972 2.877374)
comptage_abri_velo.35240,35240,H3,59350,2026,2,2026-02-10,Mardi,11.5,Lille,Lomme - Saint Philibert,50.653009,2.97502,POINT (50.653009 2.97502)
comptage_abri_velo.35241,35241,H3,59350,2026,1,2026-01-24,Samedi,6.45,Lille,Lomme - Saint Philibert,50.653009,2.97502,POINT (50.653009 2.97502)
comptage_abri_velo.35242,35242,H5,59009,2026,1,2026-01-02,Vendredi,41.1,Villeneuve-d'Ascq,Villeneuve d'Ascq - 4 Cantons Stade Pierre Mauroy,50.605006,3.139401,POINT (50.605006 3.139401)
comptage_abri_velo.35243,35243,H5,59009,2026,1,2026-01-18,Dimanche,34.25,Villeneuve-d'Ascq,Villeneuve d'Ascq - 4 Cantons Stade Pierre Mauroy,50.605006,3.139401,POINT (50.605006 3.139401)
comptage_abri_velo.35244,35244,H2,59350,2026,2,2026-02-07,Samedi,4.1,Lille,Lille - C.H.U. Eurasanté,50.607865,3.040099,POINT (50.607865 3.040099)
comptage_abri_velo.35245,35245,H6,59009,2026,1,2026-01-04,Dimanche,27,Villeneuve-d'Ascq,Villeneuve d'Ascq - Les Prés Edgard Pisani,50.650048,3.125509,POINT (50.650048 3.125509)
comptage_abri_velo.35246,35246,H2,59350,2026,1,2026-01-07,Mercredi,4,Lille,Lille - C.H.U. Eurasanté,50.607865,3.040099,POINT (50.607865 3.040099)
comptage_abri_velo.35247,35247,H4,59524,2026,1,2026-01-06,Mardi,7.43,Sainghin-en-Weppes,Sainghin-en-Weppes - Don Sainghin,50.55142,2.914022,POINT (50.55142 2.914022)
comptage_abri_velo.35248,35248,A24,59512,2026,1,2026-01-07,Mercredi,12,Roubaix,Roubaix - Eurotéléport,50.691165,3.179592,POINT (50.691165 3.179592)
comptage_abri_velo.35249,35249,H1,59017,2026,2,2026-02-02,Lundi,40,Armentières,Armentières - Gare,50.680972,2.877374,POINT (50.680972 2.877374)
comptage_abri_velo.35250,35250,H3,59350,2026,2,2026-02-05,Jeudi,12.78,Lille,Lomme - Saint Philibert,50.653009,2.97502,POINT (50.653009 2.97502)
comptage_abri_velo.35251,35251,H2,59350,2026,1,2026-01-10,Samedi,4.8,Lille,Lille - C.H.U. Eurasanté,50.607865,3.040099,POINT (50.607865 3.040099)
comptage_abri_velo.35252,35252,A18,59410,2026,1,2026-01-19,Lundi,18,Mons-en-Barœul,Mons-en-Baroeul - Mairie,50.642837,3.1101,POINT (50.642837 3.1101)
comptage_abri_velo.35253,35253,H2,59350,2026,1,2026-01-23,Vendredi,6.7,Lille,Lille - C.H.U. Eurasanté,50.607865,3.040099,POINT (50.607865 3.040099)
comptage_abri_velo.35254,35254,H6,59009,2026,1,2026-01-10,Samedi,27.6,Villeneuve-d'Ascq,Villeneuve d'Ascq - Les Prés Edgard Pisani,50.650048,3.125509,POINT (50.650048 3.125509)
comptage_abri_velo.35255,35255,H5,59009,2026,2,2026-02-09,Lundi,41.52,Villeneuve-d'Ascq,Villeneuve d'Ascq - 4 Cantons Stade Pierre Mauroy,50.605006,3.139401,POINT (50.605006 3.139401)
comptage_abri_velo.35256,35256,H4,59524,2026,1,2026-01-04,Dimanche,5.71,Sainghin-en-Weppes,Sainghin-en-Weppes - Don Sainghin,50.55142,2.914022,POINT (50.55142 2.914022)
comptage_abri_velo.35257,35257,H4,59524,2026,1,2026-01-28,Mercredi,13.13,Sainghin-en-Weppes,Sainghin-en-Weppes - Don Sainghin,50.55142,2.914022,POINT (50.55142 2.914022)
comptage_abri_velo.35258,35258,H6,59009,2026,1,2026-01-17,Samedi,27.22,Villeneuve-d'Ascq,Villeneuve d'Ascq - Les Prés Edgard Pisani,50.650048,3.125509,POINT (50.650048 3.125509)
comptage_abri_velo.35259,35259,H5,59009,2026,1,2026-01-31,Samedi,41.14,Villeneuve-d'Ascq,Villeneuve d'Ascq - 4 Cantons Stade Pierre Mauroy,50.605006,3.139401,POINT (50.605006 3.139401)
comptage_abri_velo.35260,35260,H3,59350,2026,1,2026-01-27,Mardi,8.4,Lille,Lomme - Saint Philibert,50.653009,2.97502,POINT (50.653009 2.97502)
comptage_abri_velo.35261,35261,A15,59378,2026,1,2026-01-07,Mercredi,9,Marcq-en-Barœul,Marcq-en-Baroeul - Croisé Laroche,50.665991,3.103728,POINT (50.665991 3.103728)
comptage_abri_velo.35262,35262,A16,59421,2026,2,2026-02-05,Jeudi,14,Mouvaux,Mouvaux - 3 Suisses,50.69899,3.138302,POINT (50.69899 3.138302)
comptage_abri_velo.35263,35263,H6,59009,2026,1,2026-01-02,Vendredi,28.67,Villeneuve-d'Ascq,Villeneuve d'Ascq - Les Prés Edgard Pisani,50.650048,3.125509,POINT (50.650048 3.125509)
comptage_abri_velo.35264,35264,A22,59560,2026,2,2026-02-10,Mardi,5.88,Seclin,Seclin - Gare,50.547452,3.034268,POINT (50.547452 3.034268)
comptage_abri_velo.35265,35265,H6,59009,2026,1,2026-01-11,Dimanche,28,Villeneuve-d'Ascq,Villeneuve d'Ascq - Les Prés Edgard Pisani,50.650048,3.125509,POINT (50.650048 3.125509)
comptage_abri_velo.35266,35266,H5,59009,2026,1,2026-01-07,Mercredi,40.71,Villeneuve-d'Ascq,Villeneuve d'Ascq - 4 Cantons Stade Pierre Mauroy,50.605006,3.139401,POINT (50.605006 3.139401)
comptage_abri_velo.35267,35267,H5,59009,2026,1,2026-01-12,Lundi,41.14,Villeneuve-d'Ascq,Villeneuve d'Ascq - 4 Cantons Stade Pierre Mauroy,50.605006,3.139401,POINT (50.605006 3.139401)
comptage_abri_velo.35268,35268,A19,59350,2026,1,2026-01-12,Lundi,34,Lille,Lille - Porte des Postes,50.617921,3.049909,POINT (50.617921 3.049909)
comptage_abri_velo.35269,35269,A29,59378,2026,1,2026-01-21,Mercredi,0,Marcq-en-Barœul,Marcq-en-Baroeul - Cerisaie,50.678116,3.111562,POINT (50.678116 3.111562)
comptage_abri_velo.35270,35270,A17,59279,2026,1,2026-01-20,Mardi,7,Halluin,Halluin - Centre,50.780946,3.119719,POINT (50.780946 3.119719)
comptage_abri_velo.35271,35271,A17,59279,2026,2,2026-02-07,Samedi,5,Halluin,Halluin - Centre,50.780946,3.119719,POINT (50.780946 3.119719)
comptage_abri_velo.35272,35272,A2,59527,2026,2,2026-02-04,Mercredi,18,Saint-André-lez-Lille,St André - Mairie,50.660206,3.051002,POINT (50.660206 3.051002)
comptage_abri_velo.35273,35273,H6,59009,2026,2,2026-02-03,Mardi,28.1,Villeneuve-d'Ascq,Villeneuve d'Ascq - Les Prés Edgard Pisani,50.650048,3.125509,POINT (50.650048 3.125509)
comptage_abri_velo.35274,35274,H1,59017,2026,1,2026-01-22,Jeudi,26,Armentières,Armentières - Gare,50.680972,2.877374,POINT (50.680972 2.877374)
comptage_abri_velo.35275,35275,A25,59512,2026,1,2026-01-07,Mercredi,4,Roubaix,Roubaix - Épeule Montesquieu,50.68397,3.162923,POINT (50.68397 3.162923)
comptage_abri_velo.35276,35276,A22,59560,2026,1,2026-01-21,Mercredi,7.13,Seclin,Seclin - Gare,50.547452,3.034268,POINT (50.547452 3.034268)
comptage_abri_velo.35277,35277,H5,59009,2026,2,2026-02-05,Jeudi,40,Villeneuve-d'Ascq,Villeneuve d'Ascq - 4 Cantons Stade Pierre Mauroy,50.605006,3.139401,POINT (50.605006 3.139401)
comptage_abri_velo.35278,35278,A5,59350,2026,2,2026-02-04,Mercredi,18,Lille,Lomme - Maison des Enfants,50.646144,2.994472,POINT (50.646144 2.994472)
comptage_abri_velo.35279,35279,H6,59009,2026,1,2026-01-30,Vendredi,29.9,Villeneuve-d'Ascq,Villeneuve d'Ascq - Les Prés Edgard Pisani,50.650048,3.125509,POINT (50.650048 3.125509)
comptage_abri_velo.35280,35280,H2,59350,2026,1,2026-01-16,Vendredi,6.91,Lille,Lille - C.H.U. Eurasanté,50.607865,3.040099,POINT (50.607865 3.040099)
comptage_abri_velo.35281,35281,H1,59017,2026,1,2026-01-05,Lundi,22,Armentières,Armentières - Gare,50.680972,2.877374,POINT (50.680972 2.877374)
comptage_abri_velo.35282,35282,H6,59009,2026,1,2026-01-19,Lundi,29.33,Villeneuve-d'Ascq,Villeneuve d'Ascq - Les Prés Edgard Pisani,50.650048,3.125509,POINT (50.650048 3.125509)
comptage_abri_velo.35283,35283,A20,59350,2026,1,2026-01-24,Samedi,28,Lille,Lille - Wazemmes,50.623358,3.051647,POINT (50.623358 3.051647)
comptage_abri_velo.35284,35284,H6,59009,2026,1,2026-01-09,Vendredi,27.11,Villeneuve-d'Ascq,Villeneuve d'Ascq - Les Prés Edgard Pisani,50.650048,3.125509,POINT (50.650048 3.125509)
comptage_abri_velo.35285,35285,H3,59350,2026,2,2026-02-09,Lundi,9.8,Lille,Lomme - Saint Philibert,50.653009,2.97502,POINT (50.653009 2.97502)
comptage_abri_velo.35286,35286,H5,59009,2026,1,2026-01-29,Jeudi,36.33,Villeneuve-d'Ascq,Villeneuve d'Ascq - 4 Cantons Stade Pierre Mauroy,50.605006,3.139401,POINT (50.605006 3.139401)
comptage_abri_velo.35287,35287,A6,59163,2026,2,2026-02-10,Mardi,18,Croix,Croix - Centre,50.674954,3.145916,POINT (50.674954 3.145916)
comptage_abri_velo.35288,35288,H2,59350,2026,1,2026-01-30,Vendredi,5.3,Lille,Lille - C.H.U. Eurasanté,50.607865,3.040099,POINT (50.607865 3.040099)
comptage_abri_velo.35289,35289,H5,59009,2026,1,2026-01-14,Mercredi,40.43,Villeneuve-d'Ascq,Villeneuve d'Ascq - 4 Cantons Stade Pierre Mauroy,50.605006,3.139401,POINT (50.605006 3.139401)
comptage_abri_velo.35290,35290,H5,59009,2026,2,2026-02-03,Mardi,38.29,Villeneuve-d'Ascq,Villeneuve d'Ascq - 4 Cantons Stade Pierre Mauroy,50.605006,3.139401,POINT (50.605006 3.139401)
comptage_abri_velo.35291,35291,H5,59009,2026,2,2026-02-04,Mercredi,40.29,Villeneuve-d'Ascq,Villeneuve d'Ascq - 4 Cantons Stade Pierre Mauroy,50.605006,3.139401,POINT (50.605006 3.139401)
comptage_abri_velo.35292,35292,H5,59009,2026,1,2026-01-23,Vendredi,39.81,Villeneuve-d'Ascq,Villeneuve d'Ascq - 4 Cantons Stade Pierre Mauroy,50.605006,3.139401,POINT (50.605006 3.139401)
comptage_abri_velo.35293,35293,H1,59017,2026,2,2026-02-09,Lundi,22,Armentières,Armentières - Gare,50.680972,2.877374,POINT (50.680972 2.877374)
comptage_abri_velo.35294,35294,A22,59560,2026,1,2026-01-28,Mercredi,7.86,Seclin,Seclin - Gare,50.547452,3.034268,POINT (50.547452 3.034268)
comptage_abri_velo.35295,35295,H5,59009,2026,1,2026-01-24,Samedi,36.68,Villeneuve-d'Ascq,Villeneuve d'Ascq - 4 Cantons Stade Pierre Mauroy,50.605006,3.139401,POINT (50.605006 3.139401)
comptage_abri_velo.35296,35296,H2,59350,2026,1,2026-01-15,Jeudi,6.9,Lille,Lille - C.H.U. Eurasanté,50.607865,3.040099,POINT (50.607865 3.040099)
comptage_abri_velo.35297,35297,A25,59512,2026,2,2026-02-05,Jeudi,4,Roubaix,Roubaix - Épeule Montesquieu,50.68397,3.162923,POINT (50.68397 3.162923)
comptage_abri_velo.35298,35298,A13,59299,2026,1,2026-01-14,Mercredi,3,Hem,Hem - 3 Fermes,50.662576,3.200574,POINT (50.662576 3.200574)
comptage_abri_velo.35299,35299,A24,59512,2026,1,2026-01-20,Mardi,6,Roubaix,Roubaix - Eurotéléport,50.691165,3.179592,POINT (50.691165 3.179592)
comptage_abri_velo.35300,35300,H4,59524,2026,1,2026-01-29,Jeudi,14.63,Sainghin-en-Weppes,Sainghin-en-Weppes - Don Sainghin,50.55142,2.914022,POINT (50.55142 2.914022)
comptage_abri_velo.35301,35301,A19,59350,2026,2,2026-02-04,Mercredi,31,Lille,Lille - Porte des Postes,50.617921,3.049909,POINT (50.617921 3.049909)
comptage_abri_velo.35302,35302,A21,59360,2026,1,2026-01-19,Lundi,7,Loos,Loos - Mairie,50.614588,3.012336,POINT (50.614588 3.012336)
comptage_abri_velo.35303,35303,A28,59599,2026,1,2026-01-06,Mardi,10,Tourcoing,Tourcoing - Gare,50.716812,3.166903,POINT (50.716812 3.166903)
comptage_abri_velo.35304,35304,H2,59350,2026,1,2026-01-08,Jeudi,4.6,Lille,Lille - C.H.U. Eurasanté,50.607865,3.040099,POINT (50.607865 3.040099)
comptage_abri_velo.35305,35305,H1,59017,2026,1,2026-01-25,Dimanche,23.33,Armentières,Armentières - Gare,50.680972,2.877374,POINT (50.680972 2.877374)
comptage_abri_velo.35306,35306,H2,59350,2026,2,2026-02-06,Vendredi,4.8,Lille,Lille - C.H.U. Eurasanté,50.607865,3.040099,POINT (50.607865 3.040099)
comptage_abri_velo.35307,35307,A22,59560,2026,1,2026-01-02,Vendredi,8.44,Seclin,Seclin - Gare,50.547452,3.034268,POINT (50.547452 3.034268)
comptage_abri_velo.35308,35308,H4,59524,2026,1,2026-01-15,Jeudi,14,Sainghin-en-Weppes,Sainghin-en-Weppes - Don Sainghin,50.55142,2.914022,POINT (50.55142 2.914022)
comptage_abri_velo.35309,35309,H4,59524,2026,1,2026-01-27,Mardi,12.88,Sainghin-en-Weppes,Sainghin-en-Weppes - Don Sainghin,50.55142,2.914022,POINT (50.55142 2.914022)
comptage_abri_velo.35310,35310,H4,59524,2026,1,2026-01-26,Lundi,16,Sainghin-en-Weppes,Sainghin-en-Weppes - Don Sainghin,50.55142,2.914022,POINT (50.55142 2.914022)
comptage_abri_velo.35311,35311,A6,59163,2026,1,2026-01-07,Mercredi,13,Croix,Croix - Centre,50.674954,3.145916,POINT (50.674954 3.145916)
comptage_abri_velo.35312,35312,A22,59560,2025,2,2025-02-19,Mercredi,7,Seclin,Seclin - Gare,50.547452,3.034268,POINT (50.547452 3.034268)
comptage_abri_velo.35313,35313,H6,59009,2026,1,2026-01-27,Mardi,28.91,Villeneuve-d'Ascq,Villeneuve d'Ascq - Les Prés Edgard Pisani,50.650048,3.125509,POINT (50.650048 3.125509)
comptage_abri_velo.35314,35314,A2,59527,2026,1,2026-01-19,Lundi,18,Saint-André-lez-Lille,St André - Mairie,50.660206,3.051002,POINT (50.660206 3.051002)
comptage_abri_velo.35315,35315,H4,59524,2026,1,2026-01-18,Dimanche,3.43,Sainghin-en-Weppes,Sainghin-en-Weppes - Don Sainghin,50.55142,2.914022,POINT (50.55142 2.914022)
comptage_abri_velo.35316,35316,H4,59524,2026,2,2026-02-03,Mardi,15.5,Sainghin-en-Weppes,Sainghin-en-Weppes - Don Sainghin,50.55142,2.914022,POINT (50.55142 2.914022)
comptage_abri_velo.35317,35317,H6,59009,2026,1,2026-01-07,Mercredi,28,Villeneuve-d'Ascq,Villeneuve d'Ascq - Les Prés Edgard Pisani,50.650048,3.125509,POINT (50.650048 3.125509)
comptage_abri_velo.35318,35318,H1,59017,2026,2,2026-02-03,Mardi,40,Armentières,Armentières - Gare,50.680972,2.877374,POINT (50.680972 2.877374)
comptage_abri_velo.35319,35319,A22,59560,2026,1,2026-01-25,Dimanche,6.86,Seclin,Seclin - Gare,50.547452,3.034268,POINT (50.547452 3.034268)
comptage_abri_velo.35320,35320,H6,59009,2026,1,2026-01-08,Jeudi,27.8,Villeneuve-d'Ascq,Villeneuve d'Ascq - Les Prés Edgard Pisani,50.650048,3.125509,POINT (50.650048 3.125509)
comptage_abri_velo.35321,35321,H5,59009,2026,1,2026-01-11,Dimanche,41.15,Villeneuve-d'Ascq,Villeneuve d'Ascq - 4 Cantons Stade Pierre Mauroy,50.605006,3.139401,POINT (50.605006 3.139401)
comptage_abri_velo.35322,35322,A25,59512,2026,1,2026-01-21,Mercredi,4,Roubaix,Roubaix - Épeule Montesquieu,50.68397,3.162923,POINT (50.68397 3.162923)
comptage_abri_velo.35323,35323,H6,59009,2026,2,2026-02-07,Samedi,32.5,Villeneuve-d'Ascq,Villeneuve d'Ascq - Les Prés Edgard Pisani,50.650048,3.125509,POINT (50.650048 3.125509)
comptage_abri_velo.35324,35324,H1,59017,2026,1,2026-01-14,Mercredi,30.43,Armentières,Armentières - Gare,50.680972,2.877374,POINT (50.680972 2.877374)
comptage_abri_velo.35325,35325,A10,59507,2026,1,2026-01-19,Lundi,3,Ronchin,Ronchin - Mairie,50.605669,3.077856,POINT (50.605669 3.077856)
comptage_abri_velo.35326,35326,A7,59482,2026,1,2026-01-20,Mardi,18,Quesnoy-sur-Deûle,Quesnoy-sur-Deûle  - Mairie,50.712951,3.000769,POINT (50.712951 3.000769)
comptage_abri_velo.35327,35327,A19,59350,2026,1,2026-01-30,Vendredi,38,Lille,Lille - Porte des Postes,50.617921,3.049909,POINT (50.617921 3.049909)
comptage_abri_velo.35328,35328,H2,59350,2026,1,2026-01-13,Mardi,7.5,Lille,Lille - C.H.U. Eurasanté,50.607865,3.040099,POINT (50.607865 3.040099)
comptage_abri_velo.35329,35329,H1,59017,2026,1,2026-01-04,Dimanche,22,Armentières,Armentières - Gare,50.680972,2.877374,POINT (50.680972 2.877374)
comptage_abri_velo.35330,35330,H1,59017,2026,1,2026-01-03,Samedi,23.29,Armentières,Armentières - Gare,50.680972,2.877374,POINT (50.680972 2.877374)
comptage_abri_velo.35331,35331,H2,59350,2026,1,2026-01-17,Samedi,5,Lille,Lille - C.H.U. Eurasanté,50.607865,3.040099,POINT (50.607865 3.040099)
comptage_abri_velo.35332,35332,H2,59350,2026,1,2026-01-29,Jeudi,5.3,Lille,Lille - C.H.U. Eurasanté,50.607865,3.040099,POINT (50.607865 3.040099)
comptage_abri_velo.35333,35333,A28,59599,2026,1,2026-01-19,Lundi,7,Tourcoing,Tourcoing - Gare,50.716812,3.166903,POINT (50.716812 3.166903)
comptage_abri_velo.35334,35334,H6,59009,2026,2,2026-02-09,Lundi,30.56,Villeneuve-d'Ascq,Villeneuve d'Ascq - Les Prés Edgard Pisani,50.650048,3.125509,POINT (50.650048 3.125509)
comptage_abri_velo.35335,35335,A9,59648,2026,1,2026-01-19,Lundi,8,Wattignies,Wattignies - Laënnec,50.589018,3.050619,POINT (50.589018 3.050619)
comptage_abri_velo.35336,35336,H4,59524,2026,1,2026-01-17,Samedi,4.13,Sainghin-en-Weppes,Sainghin-en-Weppes - Don Sainghin,50.55142,2.914022,POINT (50.55142 2.914022)
comptage_abri_velo.35337,35337,A13,59299,2026,2,2026-02-05,Jeudi,3,Hem,Hem - 3 Fermes,50.662576,3.200574,POINT (50.662576 3.200574)
comptage_abri_velo.33951,33951,H4,59524,2025,6,2025-06-27,Vendredi,12.2,Sainghin-en-Weppes,Sainghin-en-Weppes - Don Sainghin,50.55142,2.914022,POINT (50.55142 2.914022)
