stop_id,stop_code,stop_name,stop_lat,stop_lon,location_type,parent_station,wheelchair_boarding
S5154,5154,"Biste",43.655830665,4.000051225,1,,
899,29104,"Biste",43.65567445,3.99997857,0,S5154,1
922,29209,"Biste",43.65598688,4.00012388,0,S5154,1
S5155,5155,"Collège Le Bérange",43.66727823,4.02340227,1,,
906,29111,"Collège Le Bérange",43.66727823,4.02340227,0,S5155,1
S5156,5156,"Fenouillet",43.66431629,4.02193387,1,,
905,29110,"Fenouillet",43.66403813,4.02247676,0,S5156,1
915,29202,"Fenouillet",43.66459445,4.02139098,0,S5156,1
S5158,5158,"Gaston Baissette",43.66451683,4.01712848,1,,
916,29203,"Gaston Baissette",43.66451683,4.01712848,0,S5158,1
S5160,5160,"Le Grès",43.662650365,4.008479085,1,,
902,29107,"Le Grès",43.66256997,4.00873679,0,S5160,1
919,29206,"Le Grès",43.66273076,4.00822138,0,S5160,1
S5161,5161,"Le Levant",43.66168819,4.01807304,1,,
904,29109,"Le Levant",43.66168819,4.01807304,0,S5161,1
S5162,5162,"Mairie de Baillargues",43.661497075,4.01358452,1,,
903,29108,"Mairie de Baillargues",43.6611053,4.01391975,0,S5162,
918,29205,"Mairie de Baillargues",43.66188885,4.01324929,0,S5162,1
S5163,5163,"Paradis",43.66394323,4.01411461,1,,
917,29204,"Paradis",43.66394323,4.01411461,0,S5163,1
S5164,5164,"Paul Cézanne",43.659586205,4.006339905,1,,
901,29106,"Paul Cézanne",43.66008075,4.00691781,0,S5164,1
920,29207,"Paul Cézanne",43.65909166,4.005762,0,S5164,1
S5165,5165,"Treille",43.65668548,4.00234215,1,,
900,29105,"Treille",43.65664533,4.0023224,0,S5165,1
921,29208,"Treille",43.65672563,4.0023619,0,S5165,1
S5166,5166,"Le Créant",43.72794184,4.029487005,1,,
939,31106,"Le Créant",43.7279174,4.0293251,0,S5166,
945,31206,"Le Créant",43.72796628,4.02964891,0,S5166,
S5167,5167,"Le Ginestet",43.721879225,4.006775815,1,,
1304,27123,"Le Ginestet",43.7218297,4.00678056,0,S5167,1
1312,27223,"Le Ginestet",43.72192875,4.00677107,0,S5167,
S5168,5168,"Le Puits",43.72599359,4.02238725,1,,
1307,27216,"Le Puits",43.72599359,4.02238725,0,S5168,
1350,27125,"Le Puits",43.72599359,4.02238725,0,S5168,
S5169,5169,"Mairie de Beaulieu",43.728940995,4.0210424,1,,
1012,35109,"Mairie de Beaulieu",43.72896433,4.0209873,0,S5169,
1306,27215,"Mairie de Beaulieu",43.72891766,4.0210975,0,S5169,
S5170,5170,"Aube Rouge",43.63891032,3.9245285075,1,,
1030,35221,"Aube Rouge",43.63925432,3.92421314,0,S5170,
1216,42163,"Aube Rouge",43.63857054,3.92486256,0,S5170,1
1222,42207,"Aube Rouge",43.6385621,3.92482519,0,S5170,1
1360,35114,"Aube Rouge",43.63925432,3.92421314,0,S5170,
S5171,5171,"Balestrier",43.644288965,3.903524455,1,,
144,04169,"Balestrier",43.64426011,3.90334416,0,S5171,
146,04202,"Balestrier",43.64431782,3.90370475,0,S5171,
S5172,5172,"Buissonnets",43.645470075,3.907010845,1,,
143,04168,"Buissonnets",43.64549245,3.90701765,0,S5172,
147,04203,"Buissonnets",43.6454477,3.90700404,0,S5172,
S5173,5173,"Castelnau Zone d'Activités",43.636269405,3.926679995,1,,
594,20116,"Castelnau Zone d'Activités",43.63598875,3.92620182,0,S5173,1
626,20219,"Castelnau Zone d'Activités",43.63655006,3.92715817,0,S5173,
S5174,5174,"Castors",43.633013475,3.903982435,1,,
129,04127,"Castors",43.63283706,3.90374862,0,S5174,
1026,35214,"Castors",43.63318989,3.90421625,0,S5174,
S5175,5175,"Caylus",43.64504846,3.898246775,1,,
1058,36141,"Caylus",43.64531258,3.89832209,0,S5175,1
1095,36241,"Caylus",43.64478434,3.89817146,0,S5175,1
S5176,5176,"Centurions",43.63279339,3.91572226,1,,
1214,42157,"Centurions",43.63277982,3.91572807,0,S5176,1
1224,42213,"Centurions",43.63280696,3.91571645,0,S5176,1
S5177,5177,"Charles de Gaulle",43.62818731875,3.89743143375,1,,
419,10150,"Charles de Gaulle",43.62823785,3.89665467,0,S5177,1
454,10246,"Charles de Gaulle",43.62809514,3.89657651,0,S5177,1
1013,35110,"Charles de Gaulle",43.62838444,3.89771064,0,S5177,1
1024,35210,"Charles de Gaulle",43.62838444,3.89771064,0,S5177,1
1211,42151,"Charles de Gaulle",43.62860803,3.89779101,0,S5177,1
1227,42219,"Charles de Gaulle",43.62863552,3.89775464,0,S5177,1
1483,16301,"Charles de Gaulle",43.62734798,3.8978927,0,S5177,1
1488,16501,"Charles de Gaulle",43.62780515,3.89736066,0,S5177,1
S5178,5178,"Auguste Renoir",43.643646285,3.910953055,1,,
142,04167,"Auguste Renoir",43.6436098,3.91098919,0,S5178,
148,04204,"Auguste Renoir",43.64368277,3.91091692,0,S5178,
S5179,5179,"Chênes Kermès",43.63897727,3.90901087,1,,
138,04163,"Chênes Kermès",43.63902427,3.90917927,0,S5179,
152,04208,"Chênes Kermès",43.63893027,3.90884247,0,S5179,
S5180,5180,"Cimetière de Castelnau-le-Lez",43.63199134,3.89757409,1,,
155,04218,"Cimetière de Castelnau-le-Lez",43.63199134,3.89757409,0,S5180,
S5181,5181,"Clairval",43.63017014,3.90260486,1,,
1212,42153,"Clairval",43.63015657,3.90261068,0,S5181,1
1226,42217,"Clairval",43.63018371,3.90259904,0,S5181,1
S5182,5182,"Clinique du Parc",43.63535851,3.89098223,1,,
1015,35113,"Clinique du Parc",43.63535851,3.89098223,0,S5182,
S5183,5183,"Closerie des Guilhems",43.63460011,3.894959495,1,,
675,22102,"Closerie des Guilhems",43.63429208,3.89512437,0,S5183,
717,22219,"Closerie des Guilhems",43.63490814,3.89479462,0,S5183,
S5184,5184,"Collège Frédéric Bazille",43.634375615,3.90645199,1,,
1014,35112,"Collège Frédéric Bazille",43.63438784,3.90653897,0,S5184,
1025,35212,"Collège Frédéric Bazille",43.63436339,3.90636501,0,S5184,
S5185,5185,"Décurions",43.63589181,3.90945196,1,,
1018,35117,"Décurions",43.63595274,3.90958979,0,S5185,
1029,35217,"Décurions",43.63583088,3.90931413,0,S5185,
S5186,5186,"Georges Pompidou",43.649320265,3.921032665,1,,
1218,42167,"Georges Pompidou",43.64932449,3.92105135,0,S5186,1
1220,42203,"Georges Pompidou",43.64931604,3.92101398,0,S5186,1
S5187,5187,"Collège François Mitterrand",43.652303995,3.895083745,1,,
699,22163,"Collège François Mitterrand",43.65242745,3.89493854,0,S5187,1
725,22264,"Collège François Mitterrand",43.65218054,3.89522895,0,S5187,1
S5188,5188,"Substantion",43.639988915,3.894066775,1,,
676,22103,"Substantion",43.6399519,3.89414004,0,S5188,
716,22218,"Substantion",43.64002593,3.89399351,0,S5188,
S5189,5189,"La Galine",43.6314524,3.90903264,1,,
1213,42155,"La Galine",43.63143874,3.90904464,0,S5189,1
1225,42215,"La Galine",43.63146606,3.90902064,0,S5189,1
S5190,5190,"La Pompignane - Les Lacs",43.62523849,3.900167805,1,,
318,08121,"La Pompignane - Les Lacs",43.62579596,3.90078328,0,S5190,1
324,08203,"La Pompignane - Les Lacs",43.62468102,3.89955233,0,S5190,
S5191,5191,"Les Aires",43.64248001,3.8996187,1,,
145,04201,"Les Aires",43.64248001,3.8996187,0,S5191,
1361,35121,"Les Aires",43.64248001,3.8996187,0,S5191,
S5192,5192,"Mairie de Castelnau-le-Lez",43.63300911,3.89744101,1,,
128,04125,"Mairie de Castelnau-le-Lez",43.63300911,3.89744101,0,S5192,
S5194,5194,"Mas de Rochet",43.62563295,3.9061436,1,,
1333,08124,"Mas de Rochet",43.62588698,3.90567412,0,S5194,1
1484,16303,"Mas de Rochet",43.62537892,3.90661308,0,S5194,1
S5195,5195,"Acacias",43.64067161,3.91150235,1,,
139,04164,"Acacias",43.64070199,3.91126799,0,S5195,
151,04207,"Acacias",43.64064123,3.91173671,0,S5195,
S5196,5196,"Notre-Dame de Sablassou",43.6341014316667,3.92248556,1,,
668,21217,"Notre-Dame de Sablassou",43.63479521,3.92360643,0,S5196,1
669,21218,"Notre-Dame de Sablassou",43.63436348,3.92239382,0,S5196,1
1215,42159,"Notre-Dame de Sablassou",43.63422115,3.92229084,0,S5196,1
1223,42211,"Notre-Dame de Sablassou",43.63424848,3.92226685,0,S5196,1
1784,61108,"Notre-Dame de Sablassou",43.63371166,3.92209103,0,S5196,
1791,61208,"Notre-Dame de Sablassou",43.63326861,3.92226439,0,S5196,
S5197,5197,"Palais des Sports",43.64496758,3.91652324,1,,
1017,35116,"Palais des Sports",43.64499129,3.91674673,0,S5197,
1028,35216,"Palais des Sports",43.64494387,3.91629975,0,S5197,
S5198,5198,"Pioch Pelat",43.62624249,3.90223108,1,,
319,08122,"Pioch Pelat",43.62619416,3.90246489,0,S5198,
323,08202,"Pioch Pelat",43.62629082,3.90199727,0,S5198,
S5199,5199,"Place de la Liberté",43.632612465,3.8959573,1,,
674,22101,"Place de la Liberté",43.6327433,3.89592374,0,S5199,
718,22220,"Place de la Liberté",43.63248163,3.89599086,0,S5199,
S5200,5200,"Cimetière du Champ Juvénal",43.64402894,3.91029511,1,,
141,04166,"Cimetière du Champ Juvénal",43.64391607,3.91032914,0,S5200,
149,04205,"Cimetière du Champ Juvénal",43.64414181,3.91026108,0,S5200,
S5201,5201,"Place du Forum",43.644896865,3.924122455,1,,
131,04136,"Place du Forum",43.64498923,3.9242612,0,S5201,
168,04263,"Place du Forum",43.6448045,3.92398371,0,S5201,
S5202,5202,"Roger Salengro",43.63241106,3.89652114,1,,
127,04124,"Roger Salengro",43.63241106,3.89652114,0,S5202,1
S5203,5203,"Rose de France",43.632287765,3.90132622,1,,
1016,35115,"Rose de France",43.63228678,3.90139427,0,S5203,
1027,35215,"Rose de France",43.63228875,3.90125817,0,S5203,
S5204,5204,"Saint-Exupéry",43.641547675,3.92323088,1,,
130,04135,"Saint-Exupéry",43.64154291,3.92324932,0,S5204,
169,04264,"Saint-Exupéry",43.64155244,3.92321244,0,S5204,
S5205,5205,"Sapins",43.6369592,3.91023642,1,,
136,04161,"Sapins",43.63701366,3.91020079,0,S5205,
154,04210,"Sapins",43.63690474,3.91027205,0,S5205,
S5206,5206,"Sycomores",43.64196153,3.91058474,1,,
140,04165,"Sycomores",43.6420061,3.91061073,0,S5206,
150,04206,"Sycomores",43.64191696,3.91055875,0,S5206,
S5207,5207,"Thym",43.63788054,3.906220335,1,,
137,04162,"Thym",43.63797876,3.90626636,0,S5207,
153,04209,"Thym",43.63778232,3.90617431,0,S5207,
S5209,5209,"Aqueduc de Castries",43.67921121,3.98615906,1,,
1008,35104,"Aqueduc de Castries",43.67921457,3.98623348,0,S5209,
1019,35202,"Aqueduc de Castries",43.67920785,3.98608464,0,S5209,
1642,31120,"Aqueduc de Castries",43.67920785,3.98608464,0,S5209,
1646,31220,"Aqueduc de Castries",43.67921457,3.98623348,0,S5209,
S5210,5210,"Castries Centre",43.67513672,3.98303134,1,,
1007,35103,"Centre",43.67529603,3.98319696,0,S5210,
1647,31221,"Centre",43.67529603,3.98319696,0,S5210,
1653,31122,"Centre",43.67497741,3.98286572,0,S5210,
1654,35223,"Centre",43.67497741,3.98286572,0,S5210,
S5211,5211,"Collège Les Pins",43.68417058,3.99079948,1,,
1009,35106,"Collège Les Pins",43.68417058,3.99079948,0,S5211,
1023,35209,"Collège Les Pins",43.68417058,3.99079948,0,S5211,
1641,31119,"Collège Les Pins",43.68417058,3.99079948,0,S5211,
1645,31219,"Collège Les Pins",43.68417058,3.99079948,0,S5211,
S5212,5212,"Cap Alpha",43.65981497,3.90039679,1,,
683,22113,"Cap Alpha",43.65976094,3.90009193,0,S5212,1
711,22209,"Cap Alpha",43.659869,3.90070165,0,S5212,1
S5213,5213,"Château",43.6553366933333,3.89226505666667,1,,
679,22108,"Château",43.65465004,3.89166852,0,S5213,1
1062,36154,"Château",43.65632118,3.89298941,0,S5213,1
1099,36254,"Château",43.65503886,3.89213724,0,S5213,
S5214,5214,"Cimetière de Clapiers",43.65791632,3.89209183,1,,
681,22110,"Cimetière de Clapiers",43.65791632,3.89209183,0,S5214,1
S5215,5215,"Église",43.65764897,3.88942232,1,,
680,22109,"Église",43.65764897,3.88942232,0,S5215,
S5216,5216,"La Croisée",43.66005696,3.89826736,1,,
722,22238,"La Croisée",43.66005696,3.89826736,0,S5216,1
S5217,5217,"Leenhardt",43.65670647,3.8849267,1,,
714,22213,"Leenhardt",43.65670647,3.8849267,0,S5217,
S5218,5218,"Médiathèque Albert Camus",43.65556957,3.8814413,1,,
720,22227,"Médiathèque Albert Camus",43.65556957,3.8814413,0,S5218,1
S5219,5219,"Moulières",43.659934905,3.894258135,1,,
682,22111,"Moulières",43.65977191,3.89371503,0,S5219,1
712,22211,"Moulières",43.6600979,3.89480124,0,S5219,1
S5220,5220,"Olivette",43.65849619,3.88927202,1,,
713,22212,"Olivette",43.65849619,3.88927202,0,S5220,1
S5221,5221,"Pigeonniers",43.653801905,3.882780195,1,,
677,22106,"Pigeonniers",43.65355596,3.88394978,0,S5221,1
715,22215,"Pigeonniers",43.65404785,3.88161061,0,S5221,1
S5222,5222,"Stade Hélios Guijarro",43.65348982,3.88919775,1,,
678,22107,"Stade Hélios Guijarro",43.65348982,3.88919775,0,S5222,1
S5223,5223,"Hauts des Clavoux",43.54472306,3.70112681,1,,
1054,36135,"Hauts des Clavoux",43.54470169,3.7010398,0,S5223,
1068,36202,"Hauts des Clavoux",43.54474443,3.70121382,0,S5223,
S5224,5224,"La Vierge",43.546124105,3.70300154,1,,
1053,36134,"La Vierge",43.54609824,3.70291442,0,S5224,1
1069,36203,"La Vierge",43.54614997,3.70308866,0,S5224,
S5225,5225,"Les Clavoux",43.544001425,3.70239475,1,,
1067,36201,"Les Clavoux",43.54397556,3.70230763,0,S5225,
1362,36136,"Les Clavoux",43.54402729,3.70248187,0,S5225,
S5226,5226,"Mairie de Cournonsec",43.549658275,3.707139575,1,,
1051,36132,"Mairie de Cournonsec",43.54973314,3.70690656,0,S5226,1
1071,36205,"Mairie de Cournonsec",43.54958341,3.70737259,0,S5226,1
S5228,5228,"Tambourin",43.54854404,3.70498107,1,,
1052,36133,"Tambourin",43.5484995,3.70494911,0,S5228,1
1070,36204,"Tambourin",43.54858858,3.70501303,0,S5228,1
S5229,5229,"Barrys",43.55279629,3.709902905,1,,
1050,36131,"Barrys",43.55260907,3.709781,0,S5229,1
1072,36206,"Barrys",43.55298351,3.71002481,0,S5229,1
S5230,5230,"Beaulieu",43.56031264,3.72735771,1,,
1044,36124,"Beaulieu",43.56044203,3.72778113,0,S5230,1
1078,36213,"Beaulieu",43.56018325,3.72693429,0,S5230,1
S5231,5231,"Chanterelles",43.55982928,3.70819918,1,,
1057,36140,"Chanterelles",43.55982928,3.70819918,0,S5231,1
1094,36240,"Chanterelles",43.55982928,3.70819918,0,S5231,1
S5232,5232,"Taillade",43.55851576,3.71182636,1,,
1048,36129,"Taillade",43.55851576,3.71182636,0,S5232,1
1074,36209,"Taillade",43.55851576,3.71182636,0,S5232,1
S5233,5233,"Docteur Ombras",43.55490934,3.71267896,1,,
1049,36130,"Docteur Ombras",43.55490934,3.71267896,0,S5233,1
1075,36210,"Docteur Ombras",43.55490934,3.71267896,0,S5233,1
S5234,5234,"Les Grenaches",43.552929005,3.71888507,1,,
1046,36126,"Les Grenaches",43.55294296,3.71884833,0,S5234,1
1076,36211,"Les Grenaches",43.55291505,3.71892181,0,S5234,1
S5236,5236,"Eliette Bonnel",43.55545634,3.722283315,1,,
1045,36125,"Eliette Bonnel",43.55508579,3.72208894,0,S5236,1
1077,36212,"Eliette Bonnel",43.55582689,3.72247769,0,S5236,1
S5238,5238,"Arbousiers",43.65365118,3.94466572,1,,
602,20125,"Arbousiers",43.65448682,3.94469545,0,S5238,1
616,20209,"Arbousiers",43.65281554,3.94463599,0,S5238,1
S5239,5239,"Arènes du Crès",43.6429213,3.9367935,1,,
596,20118,"Arènes du Crès",43.64282932,3.93662999,0,S5239,
624,20217,"Arènes du Crès",43.64301328,3.93695701,0,S5239,
S5240,5240,"Baléares",43.65131852,3.943436175,1,,
601,20124,"Baléares",43.65132531,3.9432816,0,S5240,1
617,20210,"Baléares",43.65131173,3.94359075,0,S5240,1
S5241,5241,"Capri",43.64591425,3.938363,1,,
597,20119,"Capri",43.64584236,3.93836098,0,S5241,1
623,20216,"Capri",43.64598614,3.93836502,0,S5241,1
S5242,5242,"Chênes",43.6452039,3.941710395,1,,
598,20120,"Chênes",43.6452856,3.94196029,0,S5242,1
622,20215,"Chênes",43.6451222,3.9414605,0,S5242,1
S5243,5243,"Cimetière du Crès",43.65116596,3.940689445,1,,
600,20123,"Cimetière du Crès",43.65114707,3.94075082,0,S5243,1
618,20211,"Cimetière du Crès",43.65118485,3.94062807,0,S5243,1
S5244,5244,"Fernand Rouché",43.64743819,3.941389425,1,,
599,20121,"Fernand Rouché",43.64738748,3.94147466,0,S5244,1
621,20214,"Fernand Rouché",43.6474889,3.94130419,0,S5244,1
S5246,5246,"Jean Jaurès",43.656964895,3.94309364,1,,
603,20126,"Jean Jaurès",43.65734727,3.94337682,0,S5246,1
615,20208,"Jean Jaurès",43.65658252,3.94281046,0,S5246,1
S5249,5249,"Maumarin",43.66149513,3.943753635,1,,
930,30105,"Maumarin",43.6615584,3.94373065,0,S5249,1
931,30201,"Maumarin",43.66143186,3.94377662,0,S5249,1
S5250,5250,"Monteroni d'Arbia",43.660063285,3.936326795,1,,
928,30103,"Monteroni d'Arbia",43.66007704,3.93630861,0,S5250,1
932,30203,"Monteroni d'Arbia",43.66004953,3.93634498,0,S5250,1
S5252,5252,"Pointes",43.63886162,3.933492265,1,,
625,20218,"Pointes",43.63885886,3.93337459,0,S5252,1
1489,21100,"Pointes",43.63886438,3.93360994,0,S5252,
S5253,5253,"Rocailles",43.65696534,3.93577563,1,,
606,20129,"Rocailles",43.65690298,3.93573674,0,S5253,1
612,20205,"Rocailles",43.6570277,3.93581452,0,S5253,
S5254,5254,"Route de Nîmes",43.64170795,3.94254055,1,,
640,21102,"Route de Nîmes",43.64162689,3.94255065,0,S5254,1
667,21216,"Route de Nîmes",43.64178901,3.94253045,0,S5254,1
S5255,5255,"Sienne",43.66220298,3.940882005,1,,
929,30104,"Sienne",43.66217703,3.94081317,0,S5255,1
933,30204,"Sienne",43.66222893,3.94095084,0,S5255,1
S5256,5256,"Lavande",43.64972613,3.940178515,1,,
607,20136,"Lavande",43.64962563,3.94028712,0,S5256,1
619,20212,"Lavande",43.64982663,3.94006991,0,S5256,1
S5257,5257,"Albinoni",43.55790419,3.78716686,1,,
983,33104,"Albinoni",43.55793304,3.78669171,0,S5257,
998,33206,"Albinoni",43.55787534,3.78764201,0,S5257,
S5258,5258,"La Gardiole",43.55726094,3.78250922,1,,
985,33106,"La Gardiole",43.55742087,3.78264923,0,S5258,
996,33204,"La Gardiole",43.55710101,3.78236921,0,S5258,
S5259,5259,"Jeu de Ballon",43.55134791,3.77698969,1,,
986,33107,"Jeu de Ballon",43.55145869,3.77609645,0,S5259,
995,33203,"Jeu de Ballon",43.55123713,3.77788293,0,S5259,1
S5260,5260,"Le Hameau",43.54691879,3.77410374,1,,
988,33109,"Le Hameau",43.54691879,3.77410374,0,S5260,
S5261,5261,"Les Cousses",43.55799055,3.78910347,1,,
982,33103,"Les Cousses",43.55799055,3.78910347,0,S5261,
S5262,5262,"Les Cigales",43.54916836,3.77730555,1,,
987,33108,"Les Cigales",43.54912822,3.77761968,0,S5262,
994,33202,"Les Cigales",43.5492085,3.77699142,0,S5262,
S5264,5264,"Lou Paillas",43.54554174,3.77490946,1,,
979,33100,"Lou Paillas",43.54554174,3.77490946,0,S5264,1
1359,33117,"Lou Paillas",43.54554174,3.77490946,0,S5264,1
S5265,5265,"Paix",43.555313495,3.778906495,1,,
989,33110,"Paix",43.55544408,3.77922497,0,S5265,1
1002,33210,"Paix",43.55518291,3.77858802,0,S5265,1
S5266,5266,"Rouget de Lisle",43.55689759,3.7844715,1,,
984,33105,"Rouget de Lisle",43.55700267,3.78434438,0,S5266,
997,33205,"Rouget de Lisle",43.55679251,3.78459862,0,S5266,
S5267,5267,"Rome",43.643071975,3.824103335,1,,
782,24104,"Rome",43.64318524,3.8240382,0,S5267,1
806,24210,"Rome",43.64295871,3.82416847,0,S5267,1
S5268,5268,"Mairie de Grabels",43.646908645,3.80183289,1,,
786,24108,"Mairie de Grabels",43.64694102,3.80176563,0,S5268,1
802,24206,"Mairie de Grabels",43.64687627,3.80190015,0,S5268,1
S5269,5269,"Grabels Centre",43.6475765,3.799312135,1,,
787,24109,"Grabels Centre",43.64759606,3.79919503,0,S5269,1
801,24205,"Grabels Centre",43.64755694,3.79942924,0,S5269,
S5270,5270,"Garriguettes",43.646845485,3.80582995,1,,
785,24107,"Garriguettes",43.64686006,3.80574986,0,S5270,1
803,24207,"Garriguettes",43.64683091,3.80591004,0,S5270,1
S5271,5271,"Gaston Planté",43.646169325,3.830931005,1,,
797,24125,"Gaston Planté",43.64583805,3.83050761,0,S5271,
813,24225,"Gaston Planté",43.6465006,3.8313544,0,S5271,
S5272,5272,"Genêts",43.64594497,3.81156331,1,,
783,24105,"Genêts",43.64598235,3.81145905,0,S5272,
805,24209,"Genêts",43.64590759,3.81166757,0,S5272,1
S5273,5273,"La Valsière",43.65001137,3.83231296,1,,
790,24116,"La Valsière",43.65001137,3.83231296,0,S5273,1
1347,24216,"La Valsière",43.65001137,3.83231296,0,S5273,1
S5274,5274,"Le Pradas",43.66067158,3.79219946,1,,
798,24201,"Le Pradas",43.66067158,3.79219946,0,S5274,
1346,24127,"Le Pradas",43.66067158,3.79219946,0,S5274,
S5275,5275,"Le Rio",43.64654139,3.80803191,1,,
784,24106,"Le Rio",43.64661547,3.80787288,0,S5275,1
804,24208,"Le Rio",43.64646731,3.80819094,0,S5275,1
S5276,5276,"Les Terrasses",43.654331425,3.790366305,1,,
789,24112,"Les Terrasses",43.65416134,3.79031245,0,S5276,1
799,24202,"Les Terrasses",43.65450151,3.79042016,0,S5276,1
S5277,5277,"L'Île Bleue",43.648929975,3.831851315,1,,
791,24117,"L'Île Bleue",43.64893141,3.83109615,0,S5277,
808,24215,"L'Île Bleue",43.64892854,3.83260648,0,S5277,
S5278,5278,"Source de l'Avy",43.650461595,3.791351055,1,,
788,24110,"Source de l'Avy",43.65036832,3.79160248,0,S5278,
800,24204,"Source de l'Avy",43.65055487,3.79109963,0,S5278,1
S5280,5280,"Magnolias",43.65906276,3.91105014,1,,
702,22169,"Magnolias",43.659042,3.9112415,0,S5280,1
727,22269,"Magnolias",43.65908352,3.91085878,0,S5280,1
S5283,5283,"Cimetière de Jacou",43.65936526,3.908173275,1,,
685,22115,"Cimetière de Jacou",43.6592674,3.90872162,0,S5283,1
709,22207,"Cimetière de Jacou",43.65946312,3.90762493,0,S5283,1
S5285,5285,"Coeur de Ville",43.65954021,3.913762785,1,,
708,22206,"Coeur de Ville",43.65955378,3.91375697,0,S5285,
1493,22116,"Coeur de Ville",43.65952664,3.9137686,0,S5285,
S5286,5286,"Collège Pierre Mendès France",43.6674696033333,3.91303449666667,1,,
1572,39103,"Collège Pierre Mendès France",43.66759384,3.91355808,0,S5286,
1574,39203,"Collège Pierre Mendès France",43.66759384,3.91355808,0,S5286,
1628,36166,"Collège Pierre Mendès France",43.66722113,3.91198733,0,S5286,
S5287,5287,"De Bocaud",43.659652815,3.904150555,1,,
684,22114,"De Bocaud",43.6595987,3.90385188,0,S5287,1
710,22208,"De Bocaud",43.65970693,3.90444923,0,S5287,1
S5290,5290,"Hélios",43.66125331,3.918967765,1,,
706,22204,"Hélios",43.66131009,3.91908079,0,S5290,1
1495,22118,"Hélios",43.66119653,3.91885474,0,S5290,1
S5291,5291,"Jacou",43.65460066,3.91290609333333,1,,
696,22136,"Jacou",43.65463894,3.91295255,0,S5291,1
1219,42169,"Jacou",43.6545241,3.91281318,0,S5291,1
1343,22236,"Jacou",43.65463894,3.91295255,0,S5291,1
S5292,5292,"Jean Joubert",43.667241735,3.91551131,1,,
1126,39101,"Jean Joubert",43.66731873,3.91577971,0,S5292,1
1128,39201,"Jean Joubert",43.66716474,3.91524291,0,S5292,1
S5293,5293,"La Draye",43.6660283,3.919806065,1,,
1571,39100,"La Draye",43.66604718,3.91974467,0,S5293,1
1573,39200,"La Draye",43.66600942,3.91986746,0,S5293,
S5294,5294,"Lou Pradet",43.66211222,3.921709755,1,,
705,22203,"Lou Pradet",43.6621001,3.92161654,0,S5294,1
1496,22119,"Lou Pradet",43.66212434,3.92180297,0,S5294,1
S5295,5295,"Lucien Lambert",43.656944795,3.912341395,1,,
1127,39102,"Lucien Lambert",43.65701192,3.91236182,0,S5295,1
1129,39202,"Lucien Lambert",43.65687767,3.91232097,0,S5295,1
1612,39112,"Lucien Lambert",43.65701192,3.91236182,0,S5295,1
1613,39222,"Lucien Lambert",43.65687767,3.91232097,0,S5295,1
S5298,5298,"Le Pontil",43.662190915,3.92462207,1,,
704,22202,"Le Pontil",43.66222804,3.92454261,0,S5298,1
1497,22120,"Le Pontil",43.66215379,3.92470153,0,S5298,1
S5303,5303,"Tournesols",43.66034323,3.915722925,1,,
707,22205,"Tournesols",43.66034449,3.91563628,0,S5303,1
1494,22117,"Tournesols",43.66034197,3.91580957,0,S5303,1
S5304,5304,"Allée de l'Europe",43.61390835,3.810389675,1,,
829,25128,"Allée de l'Europe",43.61394955,3.81033506,0,S5304,1
850,25228,"Allée de l'Europe",43.61386715,3.81044429,0,S5304,1
S5305,5305,"Calade",43.627582265,3.799400265,1,,
823,25115,"Calade",43.62776864,3.7995783,0,S5305,
837,25203,"Calade",43.62739589,3.79922223,0,S5305,
S5306,5306,"Églantiers",43.607974605,3.813075835,1,,
817,25104,"Églantiers",43.60794467,3.81296372,0,S5306,
843,25214,"Églantiers",43.60800454,3.81318795,0,S5306,
S5307,5307,"Fontcaude",43.632253905,3.80194575,1,,
835,25201,"Fontcaude",43.63211562,3.80186794,0,S5307,
849,25226,"Fontcaude",43.63239219,3.80202356,0,S5307,
S5309,5309,"Hauts de Fontcaude",43.63208359,3.79958364,1,,
825,25118,"Hauts de Fontcaude",43.63204656,3.79966314,0,S5309,
847,25219,"Hauts de Fontcaude",43.63212062,3.79950414,0,S5309,
S5310,5310,"Hôtel de Ville de Juvignac",43.61382785,3.806725285,1,,
830,25129,"Hôtel de Ville de Juvignac",43.61385321,3.80684348,0,S5310,1
851,25229,"Hôtel de Ville de Juvignac",43.61380249,3.80660709,0,S5310,1
S5311,5311,"Juvignac",43.6175236,3.80995295333333,1,,
1249,43101,"Juvignac",43.61746828,3.81005464,0,S5311,1
1511,25136,"Juvignac",43.61759156,3.81024342,0,S5311,
1516,25236,"Juvignac",43.61751096,3.8095608,0,S5311,
S5312,5312,"La Bergerie",43.616752845,3.797180325,1,,
834,25133,"La Bergerie",43.61679861,3.79711963,0,S5312,1
855,25233,"La Bergerie",43.61670708,3.79724102,0,S5312,1
S5313,5313,"La Plaine",43.61183288,3.814592185,1,,
815,25102,"La Plaine",43.61178837,3.8145601,0,S5313,
845,25216,"La Plaine",43.61187739,3.81462427,0,S5313,
S5314,5314,"Le Labournas",43.6144149,3.80088806,1,,
831,25130,"Le Labournas",43.61448439,3.80073518,0,S5314,1
852,25230,"Le Labournas",43.61434541,3.80104094,0,S5314,
S5315,5315,"Le Martinet",43.63421962,3.803828,1,,
827,25125,"Le Martinet",43.63421962,3.803828,0,S5315,
1349,25134,"Le Martinet",43.63421962,3.803828,0,S5315,
S5316,5316,"Les Thermes",43.621928135,3.800041225,1,,
833,25132,"Les Thermes",43.6219189,3.80005955,0,S5316,
1513,25138,"Les Thermes",43.62193737,3.8000229,0,S5316,
S5317,5317,"Luminaire",43.6078311,3.81107415,1,,
818,25105,"Luminaire",43.60793672,3.81090986,0,S5317,
842,25213,"Luminaire",43.60772548,3.81123844,0,S5317,
S5318,5318,"Marjories",43.609669795,3.80741626,1,,
819,25106,"Marjories",43.60974861,3.80790079,0,S5318,
841,25212,"Marjories",43.60959098,3.80693173,0,S5318,
S5319,5319,"Mélanie",43.63032613,3.79825149,1,,
824,25116,"Mélanie",43.63051144,3.79817579,0,S5319,
836,25202,"Mélanie",43.63014082,3.79832719,0,S5319,
S5320,5320,"Récantou",43.61315885,3.815907055,1,,
814,25101,"Récantou",43.61317385,3.81579609,0,S5320,
846,25217,"Récantou",43.61314385,3.81601802,0,S5320,
S5321,5321,"Rivière",43.60956642,3.815659375,1,,
816,25103,"Rivière",43.60939296,3.81552498,0,S5321,
844,25215,"Rivière",43.60973988,3.81579377,0,S5321,
S5322,5322,"Portes du Soleil",43.61280425,3.80895073,1,,
821,25108,"Portes du Soleil",43.61286803,3.80921838,0,S5322,1
839,25210,"Portes du Soleil",43.61274047,3.80868308,0,S5322,1
S5323,5323,"Terres du Sud",43.619084085,3.79128815,1,,
853,25231,"Terres du Sud",43.61860814,3.79158537,0,S5323,1
1515,25225,"Terres du Sud",43.61956003,3.79099093,0,S5323,
S5324,5324,"Valat de la Fosse",43.61048588,3.80557529,1,,
820,25107,"Valat de la Fosse",43.61048097,3.80560609,0,S5324,
840,25211,"Valat de la Fosse",43.61049079,3.80554449,0,S5324,
S5325,5325,"Village",43.62456195,3.7997189,1,,
822,25114,"Village",43.62524712,3.79924145,0,S5325,
838,25204,"Village",43.62387678,3.80019635,0,S5325,
S5326,5326,"Soriech",43.582458375,3.9261041375,1,,
1269,43149,"Soriech",43.58264102,3.92575678,0,S5326,1
1278,43209,"Soriech",43.58266762,3.92578225,0,S5326,1
1534,28104,"Soriech",43.58226243,3.92643876,0,S5326,
1537,28215,"Soriech",43.58226243,3.92643876,0,S5326,
S5327,5327,"Lattes Centre",43.5707522866667,3.90513746,1,,
574,18125,"Lattes Centre",43.57078841,3.90512609,0,S5327,1
1298,43259,"Lattes Centre",43.57068004,3.9051602,0,S5327,1
1337,18228,"Lattes Centre",43.57078841,3.90512609,0,S5327,1
S5328,5328,"Céreirède",43.58134755,3.89822509,1,,
548,17102,"Céreirède",43.58125525,3.89808036,0,S5328,
559,17220,"Céreirède",43.58143985,3.89836982,0,S5328,
S5329,5329,"Chemin de Lattes",43.572707495,3.89643736,1,,
549,17103,"Chemin de Lattes",43.57234802,3.89611845,0,S5329,
558,17219,"Chemin de Lattes",43.57306697,3.89675627,0,S5329,
S5330,5330,"Cimetière Saint-Laurent",43.56852681,3.899902415,1,,
564,18101,"Cimetière Saint-Laurent",43.56852726,3.89987152,0,S5330,1
577,18208,"Cimetière Saint-Laurent",43.56852636,3.89993331,0,S5330,1
S5331,5331,"Cougourlude",43.5713374,3.91404308,1,,
1273,43161,"Cougourlude",43.57135088,3.91404345,0,S5331,1
1299,43261,"Cougourlude",43.57132392,3.91404271,0,S5331,1
S5332,5332,"Cyprès",43.55844585,3.87636968,1,,
567,18115,"Cyprès",43.55844585,3.87636968,0,S5332,
875,27201,"Cyprès",43.55844585,3.87636968,0,S5332,
S5333,5333,"Entreprises",43.56416184,3.879292745,1,,
572,18123,"Entreprises",43.56419382,3.87925652,0,S5333,1
578,18219,"Entreprises",43.56412986,3.87932897,0,S5333,1
872,27104,"Entreprises",43.56419382,3.87925652,0,S5333,1
876,27210,"Entreprises",43.56412986,3.87932897,0,S5333,1
S5334,5334,"Gramenet",43.54888214,3.89450214,1,,
556,17217,"Gramenet",43.54888214,3.89450214,0,S5334,
S5335,5335,"Mairie de Lattes",43.56862144,3.90423211,1,,
566,18103,"Mairie de Lattes",43.56843102,3.90403526,0,S5335,1
575,18206,"Mairie de Lattes",43.56881186,3.90442896,0,S5335,1
S5336,5336,"Manse",43.570988415,3.877776985,1,,
871,27103,"Manse",43.5709752,3.87775808,0,S5336,1
877,27211,"Manse",43.57100163,3.87779589,0,S5336,1
S5337,5337,"Collège Georges Brassens",43.56736022,3.90038357,1,,
565,18102,"Collège Georges Brassens",43.56736022,3.90038357,0,S5337,1
S5338,5338,"Montouzères",43.5684388,3.88414941,1,,
569,18119,"Montouzères",43.56824792,3.88366826,0,S5338,1
580,18223,"Montouzères",43.56862968,3.88463056,0,S5338,1
S5339,5339,"Montpellieret",43.560380995,3.877460145,1,,
568,18118,"Montpellieret",43.56038963,3.8774851,0,S5339,1
571,18122,"Montpellieret",43.56037236,3.87743519,0,S5339,1
579,18222,"Montpellieret",43.56038963,3.8774851,0,S5339,1
582,18226,"Montpellieret",43.56037236,3.87743519,0,S5339,1
S5340,5340,"Oasis Palavasienne",43.55525603,3.89290829,1,,
550,17104,"Oasis Palavasienne",43.5552107,3.89262277,0,S5340,
557,17218,"Oasis Palavasienne",43.55530136,3.89319381,0,S5340,
S5341,5341,"Saint-Pierre",43.572507845,3.89376129,1,,
570,18121,"Saint-Pierre",43.57261995,3.89346761,0,S5341,1
581,18224,"Saint-Pierre",43.57239574,3.89405497,0,S5341,1
S5342,5342,"Ancienne Gare",43.58934542,3.801068135,1,,
1113,38106,"Ancienne Gare",43.58933928,3.80085773,0,S5342,
1122,38206,"Ancienne Gare",43.58935156,3.80127854,0,S5342,
S5343,5343,"La Capoulière",43.58694569,3.809972605,1,,
1109,38102,"La Capoulière",43.58688896,3.80984747,0,S5343,1
1118,38202,"La Capoulière",43.58700242,3.81009774,0,S5343,1
S5344,5344,"La Croix",43.585236225,3.80777058,1,,
1110,38103,"La Croix",43.58525462,3.80774014,0,S5344,1
1119,38203,"La Croix",43.58521783,3.80780102,0,S5344,1
S5345,5345,"Les Serres",43.587157545,3.80265068,1,,
1887,38113,"Les Serres",43.58720256,3.80264565,0,S5345,
1888,38212,"Les Serres",43.58711253,3.80265571,0,S5345,
S5346,5346,"Mas de Lépôt",43.586453955,3.79818061,1,,
1114,38107,"Mas de Lépôt",43.58629496,3.79797249,0,S5346,
1123,38207,"Mas de Lépôt",43.58661295,3.79838873,0,S5346,
S5348,5348,"Camp du Soleil",43.7496008,3.96130753,1,,
1104,36259,"Camp du Soleil",43.7496008,3.96130753,0,S5348,1
S5351,5351,"Aqueduc",43.654214135,3.856201835,1,,
730,23104,"Aqueduc",43.65428197,3.85617269,0,S5351,
774,23224,"Aqueduc",43.6541463,3.85623098,0,S5351,
S5352,5352,"Baillarguet",43.67752903,3.86710367,1,,
741,23115,"Baillarguet",43.67777036,3.86720304,0,S5352,1
763,23213,"Baillarguet",43.6772877,3.8670043,0,S5352,1
1868,23161,"Baillarguet",43.67777036,3.86720304,0,S5352,
1874,23261,"Baillarguet",43.6772877,3.8670043,0,S5352,
S5353,5353,"Cambas",43.658690835,3.850445505,1,,
732,23106,"Cambas",43.65861289,3.85055488,0,S5353,1
772,23222,"Cambas",43.65876878,3.85033613,0,S5353,1
S5354,5354,"Chemin Neuf",43.66721153,3.85859134,1,,
737,23111,"Chemin Neuf",43.66702342,3.85854298,0,S5354,
767,23217,"Chemin Neuf",43.66739964,3.8586397,0,S5354,1
S5355,5355,"Cirad de Baillarguet",43.68428167,3.87654496,1,,
751,23125,"Cirad de Baillarguet",43.68428167,3.87654496,0,S5355,
780,23233,"Cirad de Baillarguet",43.68428167,3.87654496,0,S5355,
S5356,5356,"Distillerie",43.675120895,3.86733635,1,,
740,23114,"Distillerie",43.67506152,3.86740288,0,S5356,1
764,23214,"Distillerie",43.67518027,3.86726982,0,S5356,1
S5357,5357,"Font de Salomé",43.67835467,3.87323873,1,,
755,23133,"Font de Salomé",43.67854507,3.87344205,0,S5357,
781,23237,"Font de Salomé",43.67816427,3.87303541,0,S5357,
S5358,5358,"Font du Noyer",43.66592631,3.85247646,1,,
736,23110,"Font du Noyer",43.66591153,3.85256895,0,S5358,
768,23218,"Font du Noyer",43.66594109,3.85238397,0,S5358,
S5359,5359,"Fontaine des Chênes",43.66201615,3.84729548,1,,
734,23108,"Fontaine des Chênes",43.66220115,3.84724465,0,S5359,
770,23220,"Fontaine des Chênes",43.66183115,3.84734631,0,S5359,
S5360,5360,"La Grand Font",43.66885951,3.860629235,1,,
738,23112,"La Grand Font",43.66895702,3.86104673,0,S5360,
766,23216,"La Grand Font",43.668762,3.86021174,0,S5360,
S5361,5361,"La Lironde",43.660069515,3.84892802,1,,
733,23107,"La Lironde",43.6599825,3.84904335,0,S5361,
771,23221,"La Lironde",43.66015653,3.84881269,0,S5361,1
S5362,5362,"Mas de Gué",43.65737859,3.851710835,1,,
731,23105,"Mas de Gué",43.65750976,3.85165241,0,S5362,
773,23223,"Mas de Gué",43.65724742,3.85176926,0,S5362,
S5363,5363,"Picadous",43.66962815,3.86190683,1,,
739,23113,"Picadous",43.66940933,3.86212391,0,S5363,
765,23215,"Picadous",43.66984697,3.86168975,0,S5363,1
S5364,5364,"Picheyrou",43.65311966,3.860196635,1,,
729,23103,"Picheyrou",43.65313946,3.86006716,0,S5364,1
775,23225,"Picheyrou",43.65309986,3.86032611,0,S5364,1
S5365,5365,"Quatre Chemins",43.66505361,3.846087955,1,,
735,23109,"Quatre Chemins",43.66522376,3.84645778,0,S5365,
769,23219,"Quatre Chemins",43.66488346,3.84571813,0,S5365,
S5366,5366,"Rapatel",43.651550195,3.86439525,1,,
728,23102,"Rapatel",43.65159757,3.86422318,0,S5366,
776,23226,"Rapatel",43.65150282,3.86456732,0,S5366,
S5368,5368,"Aiguelongue",43.626246105,3.88338001,1,,
1209,42147,"Aiguelongue",43.62627307,3.88322295,0,S5368,1
1229,42223,"Aiguelongue",43.62630021,3.88321131,0,S5368,1
1851,15123,"Aiguelongue",43.6262822,3.88384198,0,S5368,
1853,15264,"Aiguelongue",43.62612894,3.8832438,0,S5368,
S5369,5369,"Aiguelongue (Jussieu)",43.63848466,3.88298433,1,,
481,11201,"Aiguelongue - Jussieu",43.63848466,3.88298433,0,S5369,
1841,13201,"Aiguelongue - Jussieu",43.63848466,3.88298433,0,S5369,
S5371,5371,"Alco",43.625723385,3.83993123,1,,
83,03135,"Alco",43.62560971,3.840349,0,S5371,1
90,03201,"Alco",43.62583706,3.83951346,0,S5371,1
S5373,5373,"Alpilles",43.629986475,3.8794002,1,,
473,11115,"Alpilles",43.63023193,3.87920881,0,S5373,1
487,11208,"Alpilles",43.62974102,3.87959159,0,S5373,1
S5374,5374,"Ambroise Paré",43.63790292,3.847468275,1,,
46,02125,"Ambroise Paré",43.63804826,3.84768255,0,S5374,1
1835,13126,"Ambroise Paré",43.63775758,3.847254,0,S5374,
S5376,5376,"André Malraux",43.619464315,3.900356205,1,,
352,09126,"André Malraux",43.61942703,3.90044799,0,S5376,
366,09202,"André Malraux",43.6195016,3.90026442,0,S5376,
S5377,5377,"Antennes",43.644728835,3.84211528,1,,
48,02127,"Antennes",43.64476201,3.84199236,0,S5377,1
57,02205,"Antennes",43.64469566,3.8422382,0,S5377,1
S5378,5378,"Antigone",43.60858596,3.88666595,1,,
1149,41139,"Antigone",43.60858561,3.88669068,0,S5378,1
1168,41217,"Antigone",43.60858631,3.88664122,0,S5378,1
S5380,5380,"Apollo",43.62192158,3.90883211,1,,
361,09145,"Apollo",43.62188186,3.90847215,0,S5380,1
1334,09142,"Apollo",43.6219613,3.90919207,0,S5380,1
S5381,5381,"Apothicaires",43.641648755,3.8350648,1,,
87,03139,"Apothicaires",43.64161418,3.83496486,0,S5381,1
117,03232,"Apothicaires",43.64168333,3.83516474,0,S5381,
S5382,5382,"Appel du 18 Juin",43.6367686,3.83041886,1,,
546,16202,"Appel du 18 Juin",43.6367686,3.83041886,0,S5382,1
S5383,5383,"Astruc",43.610262905,3.85493991,1,,
1257,43117,"Astruc",43.61024943,3.85493955,0,S5383,1
1290,43241,"Astruc",43.61027638,3.85494027,0,S5383,1
S5384,5384,"Benjamin Milhaud",43.612139885,3.8611451,1,,
346,09117,"Benjamin Milhaud",43.61211336,3.86111346,0,S5384,1
375,09211,"Benjamin Milhaud",43.61216641,3.86117674,0,S5384,1
S5385,5385,"Avenue de Toulouse",43.591576725,3.85791882,1,,
215,06106,"Avenue de Toulouse",43.59133204,3.85773915,0,S5385,1
236,06215,"Avenue de Toulouse",43.59182141,3.85809849,0,S5385,1
S5387,5387,"Beaux-Arts",43.61699137,3.88352225,1,,
1207,42143,"Beaux-Arts",43.61698212,3.88354056,0,S5387,1
1231,42227,"Beaux-Arts",43.61700062,3.88350394,0,S5387,1
S5389,5389,"Belvédère",43.617129325,3.842513825,1,,
338,09109,"Belvédère",43.61701371,3.84242416,0,S5389,1
383,09219,"Belvédère",43.61724494,3.84260349,0,S5389,1
S5390,5390,"Bengalis",43.628635425,3.883045595,1,,
396,10105,"Bengalis",43.62860512,3.88296433,0,S5390,1
439,10215,"Bengalis",43.62866573,3.88312686,0,S5390,1
S5392,5392,"Boulevard des Sports",43.61948062,3.88954782,1,,
313,08113,"Boulevard des Sports",43.61955292,3.88983439,0,S5392,1
330,08211,"Boulevard des Sports",43.61940832,3.88926125,0,S5392,1
S5395,5395,"Caducée",43.64344114,3.83319307,1,,
795,24123,"Caducée",43.64340019,3.83322913,0,S5395,1
811,24223,"Caducée",43.64348209,3.83315701,0,S5395,1
S5398,5398,"Carriéra",43.640816765,3.81909935,1,,
26,01143,"Carriéra",43.6408366,3.8189637,0,S5398,1
32,01208,"Carriéra",43.64079693,3.819235,0,S5398,1
S5399,5399,"Castelle",43.586630385,3.8720648,1,,
170,05102,"Castelle",43.58663321,3.87218236,0,S5399,1
199,05228,"Castelle",43.58662756,3.87194724,0,S5399,1
S5401,5401,"Celleneuve",43.6157954175,3.8258738475,1,,
405,10119,"Celleneuve",43.61610994,3.82588205,0,S5401,1
431,10201,"Celleneuve",43.6159487,3.82584072,0,S5401,1
1251,43105,"Celleneuve",43.61556126,3.82590486,0,S5401,1
1296,43253,"Celleneuve",43.61556177,3.82586776,0,S5401,1
S5402,5402,"Centrayrargues",43.59686638,3.8808066,1,,
517,12210,"Centrayrargues",43.59686638,3.8808066,0,S5402,1
S5403,5403,"Cervantès",43.62260847,3.85474219,1,,
249,07109,"Cervantès",43.62218618,3.85504652,0,S5403,1
294,07222,"Cervantès",43.62303076,3.85443786,0,S5403,1
S5404,5404,"Cévennes",43.622066595,3.846245,1,,
81,03130,"Cévennes",43.62210185,3.84629543,0,S5404,1
92,03203,"Cévennes",43.62203134,3.84619457,0,S5404,1
S5405,5405,"Chambéry",43.599097365,3.88948859,1,,
308,08105,"Chambéry",43.59929985,3.88916011,0,S5405,1
336,08220,"Chambéry",43.59889488,3.88981707,0,S5405,
S5406,5406,"Chantecler",43.632372095,3.878220775,1,,
474,11116,"Chantecler",43.63254742,3.87821932,0,S5406,1
486,11207,"Chantecler",43.63219677,3.87822223,0,S5406,1
S5409,5409,"Château d'Ô",43.631552576,3.842886754,1,,
89,03141,"Château d'Ô",43.63129118,3.84293679,0,S5409,1
245,07104,"Château d'Ô",43.63193679,3.84240925,0,S5409,1
300,07231,"Château d'Ô",43.63129118,3.84293679,0,S5409,1
1136,41113,"Château d'Ô",43.63162161,3.84309403,0,S5409,1
1181,41243,"Château d'Ô",43.63162212,3.84305691,0,S5409,1
S5411,5411,"Cimetière Saint-Étienne",43.61482496,3.93485568,1,,
1833,12138,"Cimetière Saint-Étienne",43.61482496,3.93485568,0,S5411,
S5413,5413,"Cinsaults",43.62056808,3.856964825,1,,
77,03124,"Cinsaults",43.62060446,3.85693486,0,S5413,1
96,03207,"Cinsaults",43.6205317,3.85699479,0,S5413,1
S5414,5414,"Cité de l'Arme",43.593462115,3.88940347,1,,
67,03108,"Cité de l'Arme",43.59327982,3.88957786,0,S5414,1
106,03220,"Cité de l'Arme",43.59364441,3.88922908,0,S5414,1
S5416,5416,"Cité Mion",43.600936575,3.884726605,1,,
71,03112,"Cité Mion",43.60134976,3.88475017,0,S5416,1
102,03216,"Cité Mion",43.60052339,3.88470304,0,S5416,1
S5417,5417,"Cité Roger",43.62043117,3.858390405,1,,
251,07111,"Cité Roger",43.62045158,3.85821771,0,S5417,1
292,07219,"Cité Roger",43.62041076,3.8585631,0,S5417,1
S5420,5420,"Clolus",43.628602545,3.881256355,1,,
472,11114,"Clolus",43.62876677,3.88108753,0,S5420,1
488,11209,"Clolus",43.62843832,3.88142518,0,S5420,1
S5422,5422,"Collège Camille Claudel",43.61643272,3.862082515,1,,
252,07113,"Collège Camille Claudel",43.61640628,3.86204469,0,S5422,
291,07218,"Collège Camille Claudel",43.61645916,3.86212034,0,S5422,1
S5423,5423,"Collège des Aiguerelles",43.597578825,3.892255175,1,,
307,08104,"Collège des Aiguerelles",43.59757344,3.89231688,0,S5423,
337,08221,"Collège des Aiguerelles",43.59758421,3.89219347,0,S5423,1
S5424,5424,"Collège Marcel Pagnol",43.596267185,3.8458726,1,,
1666,15116,"Collège Marcel Pagnol",43.5963045,3.84545304,0,S5424,
1669,15260,"Collège Marcel Pagnol",43.59622987,3.84629216,0,S5424,
S5425,5425,"Colverts",43.613751605,3.89815828,1,,
349,09123,"Colverts",43.6138412,3.89817929,0,S5425,1
369,09205,"Colverts",43.61366201,3.89813727,0,S5425,1
S5426,5426,"Comédie",43.60839211,3.879788195,1,,
1146,41133,"Comédie",43.60840585,3.87977001,0,S5426,1
1171,41223,"Comédie",43.60837837,3.87980638,0,S5426,1
S5427,5427,"Comté de Nice",43.63877674,3.811483355,1,,
19,01133,"Comté de Nice",43.63864239,3.81177696,0,S5427,1
28,01203,"Comté de Nice",43.63891109,3.81118975,0,S5427,1
S5428,5428,"Comté de Toulouse",43.636906435,3.819084465,1,,
15,01127,"Comté de Toulouse",43.63698443,3.81929691,0,S5428,1
34,01210,"Comté de Toulouse",43.63682844,3.81887202,0,S5428,1
S5430,5430,"Corse",43.64076861,3.811435785,1,,
18,01132,"Corse",43.6405385,3.81116989,0,S5430,1
29,01204,"Corse",43.64099872,3.81170168,0,S5430,1
S5431,5431,"Corum",43.614335335,3.88191916,1,,
1145,41131,"Corum",43.61420191,3.88181966,0,S5431,1
1172,41225,"Corum",43.61423821,3.8817959,0,S5431,1
1206,42141,"Corum",43.61446867,3.88202484,0,S5431,1
1232,42229,"Corum",43.61443255,3.88203624,0,S5431,1
S5433,5433,"Croix d'Argent",43.592409285,3.86645031,1,,
1195,42115,"Croix d'Argent",43.59241343,3.86647516,0,S5433,1
1243,42255,"Croix d'Argent",43.59240514,3.86642546,0,S5433,1
S5434,5434,"Croix de Lavit",43.63923615,3.83919772,1,,
796,24124,"Croix de Lavit",43.6391302,3.83905877,0,S5434,
812,24224,"Croix de Lavit",43.6393421,3.83933667,0,S5434,1
S5435,5435,"Croix des Rosiers",43.61077117,3.83069788,1,,
266,07128,"Croix des Rosiers",43.61065534,3.83094848,0,S5435,1
277,07203,"Croix des Rosiers",43.610887,3.83044728,0,S5435,1
S5436,5436,"Croix du Capitaine",43.60204833,3.86660945,1,,
287,07214,"Croix du Capitaine",43.60204833,3.86660945,0,S5436,1
S5437,5437,"Demeter",43.58327517,3.8722158,1,,
506,12131,"Demeter",43.58301889,3.87222128,0,S5437,1
524,12228,"Demeter",43.58353145,3.87221032,0,S5437,1
S5438,5438,"Descartes",43.59667439,3.88354737,1,,
518,12211,"Descartes",43.59667439,3.88354737,0,S5438,1
S5440,5440,"Max Rouquette - Assas",43.612434555,3.86797024,1,,
289,07216,"Max Rouquette - Assas",43.61249393,3.86790378,0,S5440,1
1671,06134,"Max Rouquette - Assas",43.61237518,3.8680367,0,S5440,
S5441,5441,"Du Guesclin",43.6071379,3.88326162,1,,
1148,41138,"Du Guesclin",43.60713305,3.88328623,0,S5441,1
1169,41218,"Du Guesclin",43.60714275,3.88323701,0,S5441,1
S5442,5442,"École d'Architecture",43.63774462,3.85908702,1,,
222,06119,"École d'Architecture",43.63774462,3.85908702,0,S5442,1
S5444,5444,"Érables",43.614953865,3.856976245,1,,
344,09115,"Érables",43.61497781,3.85687171,0,S5444,1
377,09213,"Érables",43.61492992,3.85708078,0,S5444,1
S5445,5445,"Ernest Renan",43.61545532,3.88532427,1,,
310,08110,"Ernest Renan",43.6154547,3.88536756,0,S5445,1
333,08214,"Ernest Renan",43.61545594,3.88528098,0,S5445,
S5446,5446,"Espérance",43.614251535,3.84968228,1,,
341,09112,"Espérance",43.61412028,3.85006855,0,S5446,1
380,09216,"Espérance",43.61438279,3.84929601,0,S5446,1
S5447,5447,"Estanove",43.600704585,3.849335895,1,,
1903,45113,"Estanove",43.60071815,3.84933007,0,S5447,
1916,45207,"Estanove",43.60069102,3.84934172,0,S5447,1
S5448,5448,"Estragon",43.61863273,3.887866655,1,,
312,08112,"Estragon",43.61869871,3.88796744,0,S5448,
331,08212,"Estragon",43.61856675,3.88776587,0,S5448,
S5449,5449,"Étoile",43.60516753,3.854816865,1,,
259,07120,"Étoile",43.60519034,3.85479273,0,S5449,1
284,07211,"Étoile",43.60514472,3.854841,0,S5449,1
S5450,5450,"Ettore Bugatti",43.577878025,3.86865803,1,,
1729,53108,"Ettore Bugatti",43.57788199,3.86869523,0,S5450,
1733,53208,"Ettore Bugatti",43.57787406,3.86862083,0,S5450,
S5451,5451,"Eugène Bataillon",43.631615805,3.860526405,1,,
219,06116,"Eugène Bataillon",43.63180133,3.86043853,0,S5451,1
1606,13229,"Eugène Bataillon",43.63143028,3.86061428,0,S5451,1
S5452,5452,"Eurêka",43.61945437,3.91435734,1,,
1782,61106,"Eurêka",43.61951134,3.91445791,0,S5452,
1789,61206,"Eurêka",43.6193974,3.91425677,0,S5452,
S5453,5453,"Euromédecine",43.639056212,3.828156562,1,,
54,02202,"Euromédecine",43.63886642,3.82757726,0,S5453,1
794,24122,"Euromédecine",43.63928021,3.82886302,0,S5453,
807,24211,"Euromédecine",43.63914439,3.82893374,0,S5453,
1134,41109,"Euromédecine",43.63898137,3.82771642,0,S5453,1
1183,41247,"Euromédecine",43.63900867,3.82769237,0,S5453,1
S5454,5454,"Évariste Galois",43.60915271,3.912464455,1,,
357,09139,"Évariste Galois",43.60926846,3.91223258,0,S5454,1
512,12205,"Évariste Galois",43.60903696,3.91269633,0,S5454,1
S5456,5456,"Fac de Pharmacie",43.62461162,3.86316105,1,,
401,10111,"Fac de Pharmacie",43.62459116,3.86301819,0,S5456,1
444,10224,"Fac de Pharmacie",43.62463208,3.86330391,0,S5456,1
S5457,5457,"Figairasse",43.607120475,3.850489305,1,,
260,07121,"Figairasse",43.60717526,3.8504289,0,S5457,
283,07210,"Figairasse",43.60706569,3.85054971,0,S5457,1
S5460,5460,"Font Trouvé",43.626943105,3.84788374,1,,
247,07107,"Font Trouvé",43.6269908,3.84768699,0,S5460,
297,07225,"Font Trouvé",43.62689541,3.84808049,0,S5460,
S5461,5461,"Foyer des Aubes",43.61847983,3.894754785,1,,
315,08118,"Foyer des Aubes",43.61845915,3.89463048,0,S5461,
327,08206,"Foyer des Aubes",43.61850051,3.89487909,0,S5461,
S5463,5463,"François Dezeuze",43.60863318,3.84613126,1,,
261,07122,"François Dezeuze",43.60866177,3.84569282,0,S5463,1
282,07209,"François Dezeuze",43.60860459,3.8465697,0,S5463,1
S5464,5464,"Françoise",43.62000294,3.891362475,1,,
329,08210,"Françoise",43.62006776,3.89154367,0,S5464,1
537,14110,"Françoise",43.61993812,3.89118128,0,S5464,1
S5465,5465,"Frédéric Bazille",43.60271354,3.88053167,1,,
547,16206,"Frédéric Bazille",43.60271354,3.88053167,0,S5465,1
S5466,5466,"Collège Gérard Philipe",43.597363925,3.88655942,1,,
69,03110,"Collège Gérard Philipe",43.59734956,3.88662088,0,S5466,1
104,03218,"Collège Gérard Philipe",43.59737829,3.88649796,0,S5466,1
S5468,5468,"Galéra",43.636696695,3.83659346,1,,
792,24118,"Galéra",43.6366839,3.83654361,0,S5468,1
809,24218,"Galéra",43.63670949,3.83664331,0,S5468,1
S5469,5469,"Gambetta",43.60501132,3.87447014,1,,
1921,45212,"Gambetta",43.60501132,3.87447014,0,S5469,1
S5470,5470,"Garcia Lorca",43.59121067375,3.89046778,1,,
66,03107,"Garcia Lorca",43.59115851,3.89018808,0,S5470,1
107,03221,"Garcia Lorca",43.59091695,3.89010731,0,S5470,1
1433,44105,"Garcia Lorca",43.59101501,3.89079021,0,S5470,1
1434,44106,"Garcia Lorca",43.59120862,3.89107994,0,S5470,1
1435,44201,"Garcia Lorca",43.59119029,3.89110418,0,S5470,1
1439,44205,"Garcia Lorca",43.59099669,3.89081445,0,S5470,1
1676,08135,"Garcia Lorca",43.59177418,3.88988325,0,S5470,
1677,08225,"Garcia Lorca",43.59142514,3.88977482,0,S5470,
S5471,5471,"Gardioles",43.62488899,3.85141819,1,,
248,07108,"Gardioles",43.62507668,3.85085391,0,S5471,1
295,07223,"Gardioles",43.6247013,3.85198247,0,S5471,1
S5472,5472,"Gare Saint-Roch",43.60577034,3.880193665,1,,
1147,41135,"Gare Saint-Roch",43.6057662,3.88016881,0,S5472,1
1170,41221,"Gare Saint-Roch",43.60577448,3.88021852,0,S5472,1
S5473,5473,"Garigliano",43.618685475,3.897327995,1,,
316,08119,"Garigliano",43.61878837,3.89736174,0,S5473,1
326,08205,"Garigliano",43.61858258,3.89729425,0,S5473,1
S5475,5475,"Gascogne",43.63447399,3.859928115,1,,
220,06117,"Gascogne",43.63420715,3.86004477,0,S5475,1
1605,13228,"Gascogne",43.63474083,3.85981146,0,S5475,1
S5476,5476,"Collège Les Escholiers",43.63304272,3.822554895,1,,
12,01124,"Collège Les Escholiers",43.63324415,3.82261583,0,S5476,1
37,01213,"Collège Les Escholiers",43.63284129,3.82249396,0,S5476,1
S5477,5477,"Georges Brassens",43.59578297,3.862446515,1,,
226,06126,"Georges Brassens",43.59569778,3.86243187,0,S5477,1
242,06226,"Georges Brassens",43.59586816,3.86246116,0,S5477,1
S5478,5478,"Georges Danton",43.599587135,3.84309053,1,,
120,04106,"Georges Danton",43.59971382,3.84335363,0,S5478,1
162,04235,"Georges Danton",43.59946045,3.84282743,0,S5478,
S5479,5479,"Georges Frêche - Hôtel de Ville",43.59945389,3.89501522,1,,
1267,43141,"Georges Frêche - Hôtel de Ville",43.59944023,3.89502722,0,S5479,1
1280,43217,"Georges Frêche - Hôtel de Ville",43.59946755,3.89500322,0,S5479,1
S5480,5480,"Georges Méliès",43.606735235,3.922870225,1,,
359,09141,"Georges Méliès",43.6066938,3.92293712,0,S5480,1
392,09241,"Georges Méliès",43.60677667,3.92280333,0,S5480,1
S5481,5481,"Glycines",43.6119354,3.86353371,1,,
347,09118,"Glycines",43.61187607,3.86391567,0,S5481,1
374,09210,"Glycines",43.61199473,3.86315175,0,S5481,1
S5482,5482,"Goélands",43.61637065,3.903234965,1,,
406,10122,"Goélands",43.61617691,3.90326677,0,S5482,1
446,10230,"Goélands",43.61656439,3.90320316,0,S5482,1
S5483,5483,"Cité Créative",43.60305623,3.86271499,1,,
286,07213,"Cité Créative",43.60305623,3.86271499,0,S5483,1
S5484,5484,"Grammont",43.61407824,3.930627925,1,,
508,12201,"Grammont",43.61414078,3.93065442,0,S5484,1
1832,12137,"Grammont",43.6140157,3.93060143,0,S5484,
S5485,5485,"Grèzes",43.60963982,3.82766812,1,,
267,07129,"Grèzes",43.60963982,3.82766812,0,S5485,
S5486,5486,"Guglielmo Marconi",43.611653285,3.912366415,1,,
407,10123,"Guglielmo Marconi",43.61139727,3.91235317,0,S5486,1
445,10229,"Guglielmo Marconi",43.6119093,3.91237966,0,S5486,1
S5487,5487,"Guillaume Janvier",43.59714202,3.863923825,1,,
1857,17136,"Guillaume Janvier",43.59716767,3.86401728,0,S5487,
1861,17236,"Guillaume Janvier",43.59711637,3.86383037,0,S5487,
S5488,5488,"Valencia",43.60926412,3.83274311,1,,
265,07127,"Valencia",43.60926412,3.83274311,0,S5488,1
S5489,5489,"Halles de la Paillade",43.62756962,3.8175179,1,,
1131,41103,"Halles de la Paillade",43.62756928,3.81754264,0,S5489,1
1186,41253,"Halles de la Paillade",43.62756996,3.81749316,0,S5489,1
S5490,5490,"Hauts de Massane",43.63620974,3.8226899125,1,,
13,01125,"Hauts de Massane",43.63614832,3.82258001,0,S5490,1
36,01212,"Hauts de Massane",43.63612746,3.82278989,0,S5490,1
1133,41107,"Hauts de Massane",43.63628125,3.82271962,0,S5490,1
1184,41249,"Hauts de Massane",43.63628193,3.82267013,0,S5490,1
S5491,5491,"Cité Mion - Bordes",43.60101369,3.88561934,1,,
334,08218,"Cité Mion - Bordes",43.60101369,3.88561934,0,S5491,
S5492,5492,"Henri Dunant",43.626838505,3.869068085,1,,
400,10110,"Henri Dunant",43.62687912,3.8690568,0,S5492,1
435,10210,"Henri Dunant",43.62679789,3.86907937,0,S5492,1
S5493,5493,"Henri Marès",43.62014547,3.854088945,1,,
78,03125,"Henri Marès",43.62017158,3.85382978,0,S5493,1
95,03206,"Henri Marès",43.62011936,3.85434811,0,S5493,1
S5494,5494,"Henri René",43.60310677,3.88195254,1,,
322,08132,"Henri René",43.60310677,3.88195254,0,S5494,1
S5495,5495,"Hippolyte Rech",43.619869525,3.86539158,1,,
185,05138,"Hippolyte Rech",43.62030057,3.86510614,0,S5495,1
205,05238,"Hippolyte Rech",43.61943848,3.86567702,0,S5495,1
S5496,5496,"Hôpital Lapeyronie",43.631668675,3.852600545,1,,
1138,41117,"Hôpital Lapeyronie",43.63165986,3.85258793,0,S5496,1
1179,41239,"Hôpital Lapeyronie",43.63167749,3.85261316,0,S5496,1
S5498,5498,"Hôtel du Département",43.6219009575,3.8350385875,1,,
268,07132,"Hôtel du Département",43.62183576,3.83503997,0,S5498,1
1253,43109,"Hôtel du Département",43.62195242,3.83505541,0,S5498,1
1294,43249,"Hôtel du Département",43.62197989,3.835019,0,S5498,1
1452,07143,"Hôtel du Département",43.62183576,3.83503997,0,S5498,1
S5500,5500,"Iris",43.59875025,3.885483755,1,,
70,03111,"Iris",43.59902143,3.88537978,0,S5500,
103,03217,"Iris",43.59847907,3.88558773,0,S5500,1
S5501,5501,"Irissou",43.594029575,3.85288829,1,,
555,17135,"Irissou",43.59401679,3.85283848,0,S5501,
563,17235,"Irissou",43.59404236,3.8529381,0,S5501,
S5502,5502,"Jacques Prévert",43.642314475,3.81410003,1,,
17,01131,"Jacques Prévert",43.64235924,3.81411357,0,S5502,1
30,01205,"Jacques Prévert",43.64226971,3.81408649,0,S5502,1
S5504,5504,"Jean Bart",43.62558389,3.83767525,1,,
270,07137,"Jean Bart",43.62558389,3.83767525,0,S5504,1
S5505,5505,"Jean Calvin",43.618623525,3.845925085,1,,
404,10114,"Jean Calvin",43.61866422,3.8459076,0,S5505,1
432,10205,"Jean Calvin",43.61858283,3.84594257,0,S5505,1
S5506,5506,"Jean Mermoz",43.61254775,3.88935934,1,,
126,04116,"Jean Mermoz",43.61254775,3.88935934,0,S5506,1
S5507,5507,"Jean Mirailhet",43.595319745,3.89119179,1,,
306,08103,"Tourmalines",43.59542095,3.89134297,0,S5507,1
408,10125,"Tourmalines",43.59521854,3.89104061,0,S5507,1
S5509,5509,"Jeu de Mail des Abbés",43.620417485,3.88407908,1,,
1208,42145,"Jeu de Mail des Abbés",43.62042612,3.88410406,0,S5509,1
1230,42225,"Jeu de Mail des Abbés",43.62040885,3.8840541,0,S5509,1
S5510,5510,"Jules Guesde",43.611384635,3.846729795,1,,
1256,43115,"Jules Guesde",43.61137133,3.84671707,0,S5510,1
1291,43243,"Jules Guesde",43.61139794,3.84674252,0,S5510,1
S5511,5511,"La Gaillarde",43.6162808,3.858187035,1,,
88,03140,"La Gaillarde",43.61626935,3.85772273,0,S5511,1
116,03231,"La Gaillarde",43.61629225,3.85865134,0,S5511,1
S5512,5512,"La Martelle",43.607352615,3.826643465,1,,
275,07201,"La Martelle",43.60741467,3.82670694,0,S5512,1
1377,07131,"La Martelle",43.60729056,3.82657999,0,S5512,1
S5513,5513,"La Pile",43.61731833,3.86811974,1,,
74,03119,"La Pile",43.61731833,3.86811974,0,S5513,
S5514,5514,"La Rauze",43.593529685,3.89595445,1,,
1266,43139,"La Rauze",43.59351171,3.89595396,0,S5514,1
1281,43219,"La Rauze",43.59354766,3.89595494,0,S5514,1
S5515,5515,"La Source",43.62136678,3.856423045,1,,
250,07110,"La Source",43.62108247,3.85682384,0,S5515,1
293,07221,"La Source",43.62165109,3.85602225,0,S5515,1
S5516,5516,"Lagoya",43.612159575,3.905983735,1,,
415,10146,"Lagoya",43.61219058,3.90601552,0,S5516,1
457,10249,"Lagoya",43.61212857,3.90595195,0,S5516,1
S5517,5517,"Las Cazes",43.61632218,3.84689126,1,,
340,09111,"Las Cazes",43.61610314,3.84712675,0,S5517,1
381,09217,"Las Cazes",43.61654122,3.84665577,0,S5517,1
S5518,5518,"Las Rébès",43.6207801,3.84921177,1,,
80,03129,"Las Rébès",43.62081112,3.84924353,0,S5518,1
93,03204,"Las Rébès",43.62074908,3.84918001,0,S5518,1
S5519,5519,"Las Sorbes",43.615220485,3.85495415,1,,
343,09114,"Las Sorbes",43.61516752,3.85488469,0,S5519,1
378,09214,"Las Sorbes",43.61527345,3.85502361,0,S5519,1
S5520,5520,"Lavalette",43.637735195,3.869311025,1,,
187,05161,"Lavalette",43.63779705,3.86938695,0,S5520,1
209,05284,"Lavalette",43.63767334,3.8692351,0,S5520,1
S5521,5521,"Lavandin",43.600094275,3.85343889,1,,
551,17131,"Lavandin",43.60005755,3.85349358,0,S5521,
1336,17231,"Lavandin",43.600131,3.8533842,0,S5521,
S5522,5522,"Le Grand M",43.5909052933333,3.85484196,1,,
214,06105,"Le Grand M",43.59098059,3.85460073,0,S5522,1
237,06216,"Le Grand M",43.59062958,3.85527163,0,S5522,1
452,10244,"Le Grand M",43.59110571,3.85465352,0,S5522,1
S5523,5523,"Lemasson",43.59364979,3.873113035,1,,
1197,42119,"Lemasson",43.59364098,3.87310043,0,S5523,1
1241,42251,"Lemasson",43.5936586,3.87312564,0,S5523,1
S5524,5524,"Léon Blum",43.6090545566667,3.89013867,1,,
387,09234,"Léon Blum",43.60930101,3.89008764,0,S5524,1
1150,41141,"Léon Blum",43.60891336,3.8901637,0,S5524,1
1167,41215,"Léon Blum",43.6089493,3.89016467,0,S5524,1
S5527,5527,"Les Arceaux",43.609947645,3.8620145,1,,
1258,43119,"Les Arceaux",43.60987406,3.86245174,0,S5527,1
1289,43239,"Les Arceaux",43.61002123,3.86157726,0,S5527,1
S5528,5528,"Les Aubes",43.6138069625,3.888530555,1,,
536,14109,"Les Aubes",43.61368693,3.88890776,0,S5528,1
539,14209,"Les Aubes",43.61359039,3.88874429,0,S5528,1
1205,42139,"Les Aubes",43.61399324,3.88823557,0,S5528,1
1233,42231,"Les Aubes",43.61395729,3.8882346,0,S5528,1
S5529,5529,"Les Bouisses",43.59867109,3.83536843333333,1,,
274,07165,"Les Bouisses",43.59862995,3.83530963,0,S5529,1
303,07261,"Les Bouisses",43.5986374,3.83542115,0,S5529,1
1470,15261,"Les Bouisses",43.59874592,3.83537452,0,S5529,1
S5530,5530,"Les Pins",43.590804915,3.87340758,1,,
172,05104,"Les Pins",43.59096561,3.87348611,0,S5530,
873,27114,"Les Pins",43.59064422,3.87332905,0,S5530,1
S5532,5532,"Louis Blanc - Agora de la Danse",43.61474441,3.87813478,1,,
1144,41129,"Louis Blanc - Agora de la Danse",43.61473093,3.87813442,0,S5532,1
1173,41227,"Louis Blanc - Agora de la Danse",43.61475789,3.87813514,0,S5532,1
S5533,5533,"Louis Lépine",43.61550055,3.91578242,1,,
355,09137,"Louis Lépine",43.61550055,3.91578242,0,S5533,1
S5534,5534,"Louis Ravaz",43.61987619,3.85181424,1,,
79,03126,"Louis Ravaz",43.62011202,3.85230618,0,S5534,1
85,03137,"Louis Ravaz",43.61970179,3.85142911,0,S5534,
94,03205,"Louis Ravaz",43.62002441,3.85214299,0,S5534,1
114,03229,"Louis Ravaz",43.61966654,3.85137868,0,S5534,1
S5535,5535,"Louvain",43.61339519,3.8588216,1,,
345,09116,"Louvain",43.61348749,3.85865084,0,S5535,1
376,09212,"Louvain",43.61330289,3.85899236,0,S5535,1
S5536,5536,"Lucullus",43.594773645,3.888530005,1,,
68,03109,"Lucullus",43.5948317,3.88855632,0,S5536,1
105,03219,"Lucullus",43.59471559,3.88850369,0,S5536,1
S5539,5539,"Lycée Jean Monnet",43.62396289,3.834637905,1,,
302,07237,"Lycée Jean Monnet",43.6239373,3.83453823,0,S5539,1
384,09226,"Lycée Jean Monnet",43.62398848,3.83473758,0,S5539,1
S5540,5540,"Lycée Jules Ferry",43.608687295,3.840955145,1,,
262,07124,"Lycée Jules Ferry",43.60870942,3.84098047,0,S5540,1
281,07207,"Lycée Jules Ferry",43.60866517,3.84092982,0,S5540,1
S5541,5541,"Lycée Léonard de Vinci - Pierresvives",43.625966,3.823998125,1,,
269,07136,"Lycée Léonard de Vinci - Pierresvives",43.62573175,3.82436328,0,S5541,1
301,07236,"Lycée Léonard de Vinci - Pierresvives",43.62620025,3.82363297,0,S5541,1
S5542,5542,"Maison des Sports",43.61838562,3.86447951,1,,
75,03120,"Maison des Sports",43.61841938,3.86463509,0,S5542,1
98,03210,"Maison des Sports",43.61835186,3.86432393,0,S5542,1
S5543,5543,"Major Flandre",43.626952605,3.87338408,1,,
399,10109,"Major Flandre",43.62708939,3.87261428,0,S5543,1
436,10211,"Major Flandre",43.62681582,3.87415388,0,S5543,1
S5544,5544,"Malbosc - Domaine d'Ô",43.63472618,3.833311225,1,,
793,24121,"Malbosc - Domaine d'Ô",43.6346915,3.83370639,0,S5544,
810,24220,"Malbosc - Domaine d'Ô",43.63497863,3.83309505,0,S5544,1
1135,41111,"Malbosc - Domaine d'Ô",43.63460848,3.83320912,0,S5544,1
1182,41245,"Malbosc - Domaine d'Ô",43.63462611,3.83323434,0,S5544,1
S5546,5546,"Maréchal Leclerc",43.594318885,3.88513482,1,,
494,12106,"Maréchal Leclerc",43.59432294,3.88516585,0,S5546,1
526,12231,"Maréchal Leclerc",43.59431483,3.88510379,0,S5546,1
S5547,5547,"Marie Caizergues",43.621260205,3.87541501,1,,
203,05234,"Marie Caizergues",43.62123307,3.87542665,0,S5547,1
479,11127,"Marie Caizergues",43.62128734,3.87540337,0,S5547,1
S5548,5548,"Marie Curie",43.61480082,3.83118066,1,,
10,01114,"Marie Curie",43.61484871,3.83129327,0,S5548,1
39,01224,"Marie Curie",43.61475293,3.83106805,0,S5548,1
S5549,5549,"Marie Durand",43.618352245,3.89799327,1,,
351,09125,"Marie Durand",43.61833716,3.89810422,0,S5549,1
367,09203,"Marie Durand",43.61836733,3.89788232,0,S5549,1
S5550,5550,"Martellière",43.606950095,3.837878445,1,,
263,07125,"Martellière",43.60671745,3.83747645,0,S5550,1
280,07206,"Martellière",43.60718274,3.83828044,0,S5550,1
S5551,5551,"Mas Argelliers",43.58666355,3.889262025,1,,
65,03106,"Mas Argelliers",43.58681832,3.88943937,0,S5551,1
108,03222,"Mas Argelliers",43.58650878,3.88908468,0,S5551,1
S5552,5552,"Mas de Bagnères",43.587421635,3.858377095,1,,
424,10155,"Mas de Bagnères",43.58732418,3.85827556,0,S5552,1
461,10253,"Mas de Bagnères",43.58751909,3.85847863,0,S5552,1
S5553,5553,"Mas de Bellevue",43.63681437,3.81266425,1,,
20,01134,"Mas de Bellevue",43.63650672,3.81281102,0,S5553,1
27,01202,"Mas de Bellevue",43.63712202,3.81251748,0,S5553,1
S5554,5554,"Mas de Merle",43.604401695,3.85749953,1,,
258,07119,"Mas de Merle",43.60448976,3.85731013,0,S5554,1
285,07212,"Mas de Merle",43.60431363,3.85768893,0,S5554,1
S5555,5555,"Mas Drevon",43.59577549,3.86806491,1,,
1196,42117,"Mas Drevon",43.59549475,3.8678935,0,S5555,1
1242,42253,"Mas Drevon",43.59551342,3.86784452,0,S5555,1
1858,17137,"Mas Drevon",43.59606974,3.86855209,0,S5555,
1862,17237,"Mas Drevon",43.59602405,3.86796953,0,S5555,
S5556,5556,"Mas Saint-Pierre",43.58211885,3.87987639,1,,
61,03102,"Mas Saint-Pierre",43.58211885,3.87987639,0,S5556,1
112,03226,"Mas Saint-Pierre",43.58211885,3.87987639,0,S5556,1
S5557,5557,"Maurice Chauvet",43.63871556,3.85652587,1,,
223,06120,"Maurice Chauvet",43.63871556,3.85652587,0,S5557,1
S5558,5558,"Maurice Chevalier",43.62841497,3.887457885,1,,
394,10103,"Maurice Chevalier",43.62858,3.88723341,0,S5558,1
441,10217,"Maurice Chevalier",43.62824994,3.88768236,0,S5558,1
S5559,5559,"Millénaire",43.6033696125,3.9100256375,1,,
410,10133,"Millénaire",43.60343975,3.90999355,0,S5559,1
449,10233,"Millénaire",43.60330262,3.91015059,0,S5559,1
1156,41153,"Millénaire",43.60335007,3.90997871,0,S5559,1
1161,41203,"Millénaire",43.60338601,3.9099797,0,S5559,1
S5560,5560,"Mondial 98",43.60277494,3.904080655,1,,
1155,41151,"Mondial 98",43.60276137,3.90408647,0,S5560,1
1162,41205,"Mondial 98",43.60278851,3.90407484,0,S5560,1
S5563,5563,"Mosson",43.61619786,3.819742266,1,,
828,25126,"Mosson",43.61615435,3.82003067,0,S5563,1
1130,41101,"Mosson",43.61628338,3.81979893,0,S5563,1
1250,43103,"Mosson",43.61624117,3.81959986,0,S5563,1
1297,43255,"Mosson",43.61626677,3.81969951,0,S5563,1
1348,25127,"Mosson",43.61604363,3.81958236,0,S5563,1
S5564,5564,"Moularès (Hôtel de Ville)",43.600614865,3.895547875,1,,
1153,41147,"Moularès (Hôtel de Ville)",43.60060165,3.89552896,0,S5564,1
1164,41209,"Moularès (Hôtel de Ville)",43.60062808,3.89556679,0,S5564,1
S5566,5566,"Mûriers",43.62619707,3.84916342,1,,
296,07224,"Mûriers",43.62619707,3.84916342,0,S5566,1
S5568,5568,"Nazareth",43.621680905,3.880277185,1,,
183,05134,"Nazareth",43.62170302,3.88030253,0,S5568,1
201,05232,"Nazareth",43.62165879,3.88025184,0,S5568,1
S5569,5569,"Nouveau Saint-Roch",43.59936681,3.87566651,1,,
1199,42123,"Nouveau Saint-Roch",43.59936646,3.87569124,0,S5569,1
1239,42247,"Nouveau Saint-Roch",43.59936716,3.87564178,0,S5569,1
S5570,5570,"Observatoire",43.606385465,3.87677107,1,,
1261,43125,"Observatoire",43.60637216,3.87675834,0,S5570,1
1286,43233,"Observatoire",43.60639877,3.8767838,0,S5570,1
S5571,5571,"Occitanie Hopitaux - Facultés",43.634610666,3.848448088,1,,
86,03138,"Occitanie Hôpitaux - Facultés",43.63479499,3.84825245,0,S5571,1
113,03228,"Occitanie Hôpitaux - Facultés",43.63435846,3.84861222,0,S5571,1
752,23130,"Occitanie Hôpitaux - Facultés",43.63462287,3.84834692,0,S5571,1
1137,41115,"Occitanie Hôpitaux - Facultés",43.63462978,3.84849563,0,S5571,1
1180,41241,"Occitanie Hôpitaux - Facultés",43.63464723,3.84853322,0,S5571,1
S5572,5572,"Odysseum",43.6040785225,3.919818165,1,,
1157,41155,"Odysseum",43.60380956,3.92038286,0,S5572,1
1160,41201,"Odysseum",43.603818,3.92042021,0,S5572,1
1616,09153,"Odysseum",43.60506031,3.91968764,0,S5572,
1617,09253,"Odysseum",43.60362622,3.91878195,0,S5572,
S5573,5573,"Ormeaux",43.60252455,3.833531505,1,,
272,07162,"Ormeaux",43.60203138,3.83376599,0,S5573,1
304,07262,"Ormeaux",43.60301772,3.83329702,0,S5573,
S5574,5574,"Oxford",43.627714855,3.822007865,1,,
1746,19104,"Oxford",43.62774326,3.82190341,0,S5574,
1749,19204,"Oxford",43.62768645,3.82211232,0,S5574,
S5575,5575,"Pablo Picasso",43.597775425,3.903547675,1,,
1268,43145,"Pablo Picasso",43.59774514,3.90346644,0,S5575,1
1279,43213,"Pablo Picasso",43.59780571,3.90362891,0,S5575,1
S5576,5576,"Max Rouquette - Saint Louis",43.61219869,3.86685039,1,,
254,07115,"Max Rouquette - Paladilhe",43.61205442,3.86719914,0,S5576,1
373,09209,"Max Rouquette - Saint-Louis",43.61234296,3.86650164,0,S5576,1
S5578,5578,"Palombes",43.619632655,3.89398191,1,,
314,08116,"Palombes",43.6195036,3.89389177,0,S5578,1
328,08208,"Palombes",43.61976171,3.89407205,0,S5578,
S5580,5580,"Parc de la Lironde",43.607950215,3.90675267,1,,
1477,16134,"Parc de la Lironde",43.60790924,3.90678866,0,S5580,1
1480,16234,"Parc de la Lironde",43.60799119,3.90671668,0,S5580,1
S5581,5581,"Parc Malbosc",43.62340226,3.83097263,1,,
385,09227,"Parc Malbosc",43.62340226,3.83097263,0,S5581,1
S5582,5582,"Estanove",43.60120323,3.84903366,1,,
210,06101,"Estanove",43.60116193,3.84909442,0,S5582,1
241,06221,"Estanove",43.60124453,3.8489729,0,S5582,1
S5583,5583,"Passerines",43.58854003,3.872425295,1,,
171,05103,"Passerines",43.58841898,3.87240349,0,S5583,
874,27115,"Passerines",43.58866108,3.8724471,0,S5583,1
S5584,5584,"Pastourelles",43.621848395,3.900854595,1,,
423,10154,"Pastourelles",43.62184312,3.9012195,0,S5584,1
460,10252,"Pastourelles",43.62185367,3.90048969,0,S5584,
S5586,5586,"Parc Font-Colombe",43.596375575,3.83711203,1,,
1116,38109,"Parc Font-Colombe",43.59635093,3.8369444,0,S5586,1
1125,38209,"Parc Font-Colombe",43.59640022,3.83727966,0,S5586,1
S5587,5587,"Paul Painlevé",43.610214075,3.899097745,1,,
348,09122,"Paul Painlevé",43.61030773,3.8988374,0,S5587,1
370,09206,"Paul Painlevé",43.61052608,3.89865779,0,S5587,1
1779,61103,"Paul Painlevé",43.61000946,3.89957157,0,S5587,
1786,61203,"Paul Painlevé",43.61001303,3.89932422,0,S5587,
S5588,5588,"Pergola",43.61785977,3.83943967,1,,
1254,43111,"Pergola",43.61747373,3.83972648,0,S5588,1
1293,43247,"Pergola",43.61824581,3.83915286,0,S5588,1
S5589,5589,"Petit Bard",43.614609405,3.835271085,1,,
9,01113,"Petit Bard",43.61463863,3.8354327,0,S5589,1
40,01225,"Petit Bard",43.61458018,3.83510947,0,S5589,
S5590,5590,"Peyrou - Arc de Triomphe",43.6118172725,3.871881935,1,,
1431,44103,"Peyrou - Arc de Triomphe",43.61165784,3.8723478,0,S5590,1
1437,44203,"Peyrou - Arc de Triomphe",43.61165854,3.87229833,0,S5590,1
1447,02220,"Peyrou - Arc de Triomphe",43.61194782,3.87155139,0,S5590,1
1450,06236,"Peyrou - Arc de Triomphe",43.61200489,3.87133022,0,S5590,1
S5591,5591,"Pic Saint-Loup",43.63924019,3.85437362,1,,
224,06121,"Pic Saint-Loup",43.63924019,3.85437362,0,S5591,1
S5592,5592,"Pierre Cardenal",43.63836513,3.818911915,1,,
25,01142,"Pierre Cardenal",43.63873222,3.81902047,0,S5592,1
33,01209,"Pierre Cardenal",43.63799804,3.81880336,0,S5592,1
S5594,5594,"Pierre de Coubertin",43.637806405,3.814738435,1,,
21,01135,"Pierre de Coubertin",43.63785465,3.81482633,0,S5594,1
24,01141,"Pierre de Coubertin",43.63775816,3.81465054,0,S5594,1
S5595,5595,"Pierre Laroque",43.621339895,3.90431174,1,,
427,10159,"Pierre Laroque",43.62150129,3.90434092,0,S5595,1
465,10259,"Pierre Laroque",43.6211785,3.90428256,0,S5595,1
S5597,5597,"Pierre Viala",43.617010685,3.85454391,1,,
84,03136,"Pierre Viala",43.61742572,3.85411568,0,S5597,
115,03230,"Pierre Viala",43.61659565,3.85497214,0,S5597,1
S5598,5598,"Pilory",43.619553255,3.83205364,1,,
1252,43107,"Pilory",43.61953952,3.83207184,0,S5598,1
1295,43251,"Pilory",43.61956699,3.83203544,0,S5598,1
S5599,5599,"Pinsons",43.617069965,3.886197075,1,,
311,08111,"Pinsons",43.61695447,3.88610114,0,S5599,
332,08213,"Pinsons",43.61718546,3.88629301,0,S5599,
S5600,5600,"Pinville",43.61397539,3.905371665,1,,
416,10147,"Pinville",43.61403701,3.90453199,0,S5600,1
456,10248,"Pinville",43.61389323,3.90452805,0,S5600,1
1780,61104,"Pinville",43.61401082,3.90633773,0,S5600,
1787,61204,"Pinville",43.6139605,3.90608889,0,S5600,
S5601,5601,"Pioch de Boutonnet",43.63389396,3.87740783,1,,
475,11117,"Pioch de Boutonnet",43.63387986,3.87745077,0,S5601,
485,11206,"Pioch de Boutonnet",43.63390806,3.87736489,0,S5601,
S5603,5603,"Albert 1er - Saint-Charles",43.616509605,3.874117735,1,,
1143,41127,"Albert 1er - Saint-Charles",43.61649639,3.87409882,0,S5603,1
1174,41229,"Albert 1er - Saint-Charles",43.61652282,3.87413665,0,S5603,1
S5604,5604,"Place Carnot",43.6035434166667,3.88410860666667,1,,
321,08131,"Place Carnot",43.60323356,3.88377445,0,S5604,
1201,42129,"Place Carnot",43.60368513,3.88425677,0,S5604,1
1237,42241,"Place Carnot",43.60371156,3.8842946,0,S5604,1
S5605,5605,"Place de France",43.603761216,3.915571742,1,,
362,09146,"Place de France",43.60368041,3.9150722,0,S5605,1
1158,41161,"Place de France",43.6037244,3.91575381,0,S5605,1
1187,41261,"Place de France",43.60376052,3.91574244,0,S5605,1
1474,09247,"Place de France",43.60368059,3.91505984,0,S5605,1
1588,50106,"Place de France",43.60396016,3.91623042,0,S5605,1
S5606,5606,"Place de l'Europe",43.60750344625,3.89381363125,1,,
365,09149,"Place de l'Europe",43.60818988,3.89421432,0,S5606,1
386,09232,"Place de l'Europe",43.60751664,3.89414647,0,S5606,1
1151,41143,"Place de l'Europe",43.60735738,3.89396893,0,S5606,1
1166,41213,"Place de l'Europe",43.60735809,3.89391946,0,S5606,1
1475,09249,"Place de l'Europe",43.60818988,3.89421432,0,S5606,1
1776,16137,"Place de l'Europe",43.60741023,3.8940446,0,S5606,
1777,61101,"Place de l'Europe",43.60701555,3.89273484,0,S5606,
1804,61201,"Place de l'Europe",43.60698992,3.89326611,0,S5606,
S5608,5608,"Place d'Italie",43.64184266,3.81836469,1,,
16,01130,"Place d'Italie",43.64181528,3.81839493,0,S5608,1
31,01206,"Place d'Italie",43.64187004,3.81833445,0,S5608,1
S5609,5609,"Place du 8 Mai 1945",43.6012703025,3.86822766,1,,
1826,11138,"Place du 8 Mai 1945",43.60130283,3.86846975,0,S5609,
1830,11238,"Place du 8 Mai 1945",43.60124186,3.86833204,0,S5609,
1900,45110,"Place du 8 Mai 1945",43.601282,3.86803624,0,S5609,
1919,45210,"Place du 8 Mai 1945",43.60125452,3.86807261,0,S5609,1
S5610,5610,"Plan Cabanes",43.60855799,3.868113755,1,,
1259,43121,"Plan Cabanes",43.6085446,3.86810721,0,S5610,1
1288,43237,"Plan Cabanes",43.60857138,3.8681203,0,S5610,1
S5611,5611,"Plan des 4 Seigneurs",43.64420664,3.86112245,1,,
1894,45104,"Plan des 4 Seigneurs",43.64421589,3.86110413,0,S5611,
1926,45217,"Plan des 4 Seigneurs",43.64419739,3.86114077,0,S5611,1
S5612,5612,"Pléiade",43.62848701,3.84579593,1,,
246,07106,"Pléiade",43.62851967,3.84571016,0,S5612,1
298,07226,"Pléiade",43.62845435,3.8458817,0,S5612,1
S5613,5613,"Pompignane",43.6125887,3.894952895,1,,
1204,42137,"Pompignane",43.61258385,3.89497751,0,S5613,1
1234,42233,"Pompignane",43.61259355,3.89492828,0,S5613,1
S5614,5614,"Port Marianne",43.6020368866667,3.89989776666667,1,,
1154,41149,"Port Marianne",43.60167163,3.8998754,0,S5614,1
1163,41207,"Port Marianne",43.60152637,3.89935187,0,S5614,1
1486,16401,"Port Marianne",43.60291266,3.90046603,0,S5614,1
S5616,5616,"Pous de la Sers",43.619204985,3.861519295,1,,
76,03121,"Pous de la Sers",43.61911465,3.86186954,0,S5616,1
97,03209,"Pous de la Sers",43.61929532,3.86116905,0,S5616,1
S5618,5618,"Puccini",43.594965465,3.854100525,1,,
554,17134,"Puccini",43.59494387,3.85403811,0,S5618,
562,17234,"Puccini",43.59498706,3.85416294,0,S5618,
S5619,5619,"Puech Villa",43.639904465,3.829553955,1,,
50,02129,"Puech Villa",43.64009082,3.8294041,0,S5619,1
55,02203,"Puech Villa",43.63971811,3.82970381,0,S5619,1
S5620,5620,"Raimbaud d'Orange",43.63746292,3.821116505,1,,
14,01126,"Raimbaud d'Orange",43.63749429,3.8207955,0,S5620,1
35,01211,"Raimbaud d'Orange",43.63743155,3.82143751,0,S5620,1
S5621,5621,"Razeteurs",43.59557912,3.88407432,1,,
519,12212,"Razeteurs",43.59557912,3.88407432,0,S5621,
S5622,5622,"Renaudel",43.61462255,3.82813844,1,,
11,01115,"Renaudel",43.61464095,3.82810799,0,S5622,1
38,01223,"Renaudel",43.61460415,3.82816889,0,S5622,1
S5623,5623,"René Bougnol",43.63647685,3.87404888,1,,
477,11120,"René Bougnol",43.63646981,3.87422817,0,S5623,1
483,11203,"René Bougnol",43.63648389,3.87386959,0,S5623,1
S5625,5625,"Restanque",43.590363775,3.885114215,1,,
1264,43135,"Restanque",43.59035038,3.88510767,0,S5625,1
1283,43223,"Restanque",43.59037717,3.88512076,0,S5625,1
S5626,5626,"Rièges",43.61965914,3.849336755,1,,
403,10113,"Rièges",43.6197217,3.84936316,0,S5626,1
433,10206,"Rièges",43.61959658,3.84931035,0,S5626,1
S5627,5627,"Rives du Lez",43.604228985,3.894904245,1,,
1152,41145,"Rives du Lez",43.60422476,3.89488557,0,S5627,1
1165,41211,"Rives du Lez",43.60423321,3.89492292,0,S5627,1
S5628,5628,"Ronceray",43.59384411,3.860329205,1,,
216,06107,"Ronceray",43.59376773,3.86032717,0,S5628,1
235,06214,"Ronceray",43.59392049,3.86033124,0,S5628,1
S5629,5629,"Rondelet",43.6033524271429,3.87543987,1,,
196,05212,"Rondelet",43.60408893,3.87485354,0,S5629,1
1200,42125,"Rondelet",43.60309184,3.87606375,0,S5629,1
1238,42245,"Rondelet",43.60311863,3.87607684,0,S5629,1
1363,36137,"Rondelet",43.60387378,3.87481064,0,S5629,
1570,38237,"Rondelet",43.60279263,3.87497946,0,S5629,
1663,11135,"Rondelet",43.60326046,3.87558584,0,S5629,
1860,17140,"Rondelet",43.60324072,3.87570902,0,S5629,
S5630,5630,"Roqueturière",43.630111585,3.885746505,1,,
395,10104,"Roqueturière",43.63036506,3.88562343,0,S5630,1
440,10216,"Roqueturière",43.62985811,3.88586958,0,S5630,1
S5632,5632,"Route de Ganges",43.642919055,3.845224225,1,,
47,02126,"Route de Ganges",43.64298991,3.84530037,0,S5632,1
58,02206,"Route de Ganges",43.6428482,3.84514808,0,S5632,
S5633,5633,"Sabines",43.5837803125,3.860175275,1,,
421,10152,"Sabines",43.58369842,3.86040496,0,S5633,1
1193,42111,"Sabines",43.5838004,3.86018509,0,S5633,1
1245,42259,"Sabines",43.58378295,3.86014752,0,S5633,1
1615,53101,"Sabines",43.58383948,3.85996353,0,S5633,
S5634,5634,"Saint-Clément",43.617731755,3.84444143,1,,
339,09110,"Saint-Clément",43.61772337,3.8443979,0,S5634,1
382,09218,"Saint-Clément",43.61774014,3.84448496,0,S5634,1
S5635,5635,"Saint-Cléophas",43.5948868375,3.8757313725,1,,
525,12230,"Saint-Cléophas",43.59465527,3.8757375,0,S5635,1
1198,42121,"Saint-Cléophas",43.59490354,3.8759792,0,S5635,1
1240,42249,"Saint-Cléophas",43.59492204,3.87594259,0,S5635,1
1819,10160,"Saint-Cléophas",43.5950665,3.8752662,0,S5635,
S5636,5636,"Gambetta - Chaptal",43.605921785,3.873344125,1,,
1260,43123,"Gambetta",43.60555717,3.87401473,0,S5636,1
1287,43235,"Gambetta",43.6062864,3.87267352,0,S5636,1
S5637,5637,"Saint-Éloi - Docteur Pezet",43.6267990866667,3.866241245,1,,
411,10136,"Saint-Éloi",43.62626984,3.86573617,0,S5637,1
443,10223,"Saint-Éloi",43.62640564,3.86694024,0,S5637,1
1140,41121,"Saint-Éloi",43.62699843,3.86570618,0,S5637,1
1177,41235,"Saint-Éloi",43.62701588,3.86574377,0,S5637,1
1898,45108,"Saint-Eloi - Docteur Pezet",43.62711025,3.86669923,0,S5637,
1922,45213,"Saint-Eloi - Docteur Pezet",43.62699448,3.86662188,0,S5637,1
S5638,5638,"Saint-Gabriel",43.61456306,3.852152755,1,,
342,09113,"Saint-Gabriel",43.61460807,3.85246946,0,S5638,1
379,09215,"Saint-Gabriel",43.61451805,3.85183605,0,S5638,1
S5639,5639,"Saint-Guilhem - Courreau",43.60798915,3.8736781,1,,
1432,44104,"Saint-Guilhem - Courreau",43.60799787,3.87369689,0,S5639,1
1438,44204,"Saint-Guilhem - Courreau",43.60798043,3.87365931,0,S5639,1
S5641,5641,"Saint-Jean",43.61556012,3.897737535,1,,
350,09124,"Saint-Jean",43.61551906,3.89777972,0,S5641,1
368,09204,"Saint-Jean",43.61560118,3.89769535,0,S5641,1
S5642,5642,"Saint-Lazare",43.6268706683333,3.88878552666667,1,,
420,10151,"Saint-Lazare",43.62733215,3.88899402,0,S5642,1
453,10245,"Saint-Lazare",43.62713339,3.88906287,0,S5642,1
1210,42149,"Saint-Lazare",43.62675212,3.88869361,0,S5642,1
1228,42221,"Saint-Lazare",43.62677944,3.8886696,0,S5642,1
1850,15122,"Saint-Lazare",43.6265439,3.88816818,0,S5642,
1854,15265,"Saint-Lazare",43.62668301,3.88912488,0,S5642,
S5643,5643,"Saint-Martin - Le Jam",43.59217106,3.880370505,1,,
1263,43133,"Saint-Martin",43.59216225,3.8803579,0,S5643,1
1284,43225,"Saint-Martin",43.59217987,3.88038311,0,S5643,1
S5644,5644,"Saint-Maur",43.621039445,3.893989335,1,,
535,14106,"Saint-Maur",43.621014,3.89388346,0,S5644,
538,14111,"Saint-Maur",43.62106489,3.89409521,0,S5644,1
S5646,5646,"Saint-Paul",43.6306804,3.82110108,1,,
1132,41105,"Saint-Paul",43.63066692,3.82110073,0,S5646,1
1185,41251,"Saint-Paul",43.63069388,3.82110143,0,S5646,1
S5647,5647,"Saint-Priest",43.634818815,3.843642525,1,,
244,07101,"Saint-Priest",43.63516419,3.84369496,0,S5647,1
299,07228,"Saint-Priest",43.63447344,3.84359009,0,S5647,1
S5648,5648,"Saint-Jaumes",43.6152104,3.86969648,1,,
73,03118,"Saint-Jaumes",43.6152104,3.86969648,0,S5648,1
S5649,5649,"Sainte-Catherine",43.626333525,3.876461315,1,,
398,10108,"Sainte-Catherine",43.62638806,3.87641947,0,S5649,1
437,10212,"Sainte-Catherine",43.62627899,3.87650316,0,S5649,1
S5650,5650,"Sainte-Geneviève",43.623240985,3.84422182,1,,
82,03131,"Sainte-Geneviève",43.62344697,3.84395501,0,S5650,1
91,03202,"Sainte-Geneviève",43.623035,3.84448863,0,S5650,1
S5651,5651,"Sainte-Odile",43.622700135,3.873090225,1,,
202,05233,"Sainte-Odile",43.62262252,3.87317476,0,S5651,1
480,11128,"Sainte-Odile",43.62277775,3.87300569,0,S5651,1
S5652,5652,"Sainte-Thérèse",43.614197255,3.865375875,1,,
253,07114,"Sainte-Thérèse",43.61427626,3.8651924,0,S5652,
290,07217,"Sainte-Thérèse",43.61411825,3.86555935,0,S5652,1
S5653,5653,"Petit Vichy",43.62385233,3.89873146,1,,
317,08120,"Petit Vichy",43.62388298,3.89878799,0,S5653,1
325,08204,"Petit Vichy",43.62382168,3.89867493,0,S5653,1
S5654,5654,"Samuel Morse",43.6067497,3.913270365,1,,
358,09140,"Samuel Morse",43.60638856,3.91306864,0,S5654,1
391,09239,"Samuel Morse",43.60711084,3.91347209,0,S5654,1
S5655,5655,"Saporta",43.583796895,3.887625985,1,,
64,03105,"Saporta",43.58461457,3.88827886,0,S5655,1
1827,11139,"Saporta",43.58297922,3.88697311,0,S5655,
S5656,5656,"Semard",43.6194078775,3.9037915875,1,,
353,09129,"Semard",43.6191463,3.90307599,0,S5656,1
354,09132,"Semard",43.61916699,3.90350965,0,S5656,1
417,10148,"Semard",43.6196406,3.90432697,0,S5656,1
455,10247,"Semard",43.61967762,3.90425374,0,S5656,1
S5657,5657,"Soleiado",43.600493555,3.88678658,1,,
309,08106,"Soleiado",43.6006681,3.88652536,0,S5657,1
335,08219,"Soleiado",43.60031901,3.8870478,0,S5657,
S5658,5658,"Sophie Germain",43.60505589,3.83542253,1,,
271,07161,"Sophie Germain",43.60503886,3.83535404,0,S5658,
305,07263,"Sophie Germain",43.60507292,3.83549102,0,S5658,
S5659,5659,"Stade de la Mosson",43.62126521,3.817385375,1,,
1159,41163,"Stade de la Mosson",43.62126945,3.81740405,0,S5659,1
1188,41263,"Stade de la Mosson",43.62126097,3.8173667,0,S5659,1
S5660,5660,"Stade Philippidès",43.618997735,3.869507345,1,,
1142,41125,"Stade Philippidès",43.618998,3.86948879,0,S5660,1
1175,41231,"Stade Philippidès",43.61899747,3.8695259,0,S5660,1
S5661,5661,"TaM",43.581424975,3.87019992,1,,
505,12130,"TaM",43.58140974,3.87032317,0,S5661,1
523,12227,"TaM",43.58144021,3.87007667,0,S5661,1
S5662,5662,"Tonnelles",43.6135848283333,3.83892714833333,1,,
8,01112,"Tonnelles",43.61408176,3.83799164,0,S5662,1
41,01226,"Tonnelles",43.61390758,3.83823451,0,S5662,1
409,10129,"Tonnelles",43.61312583,3.83885734,0,S5662,1
447,10231,"Tonnelles",43.61338231,3.83916103,0,S5662,1
1255,43113,"Tonnelles",43.61349227,3.83965883,0,S5662,1
1292,43245,"Tonnelles",43.61351922,3.83965954,0,S5662,1
S5663,5663,"Tournezy",43.57912723,3.87785425,1,,
60,03101,"Tournezy",43.57912723,3.87785425,0,S5663,1
S5664,5664,"Tourterelles",43.625786785,3.878556595,1,,
397,10107,"Tourterelles",43.62584537,3.8785458,0,S5664,1
438,10213,"Tourterelles",43.6257282,3.87856739,0,S5664,1
S5665,5665,"Université Montpellier - Triolet",43.6291673375,3.8613954675,1,,
218,06115,"Université Montpellier - Triolet",43.62917183,3.86139559,0,S5665,1
1139,41119,"Université Montpellier - Triolet",43.62914191,3.86160518,0,S5665,1
1178,41237,"Université Montpellier - Triolet",43.62916023,3.86158092,0,S5665,1
1607,13230,"Université Montpellier - Triolet",43.62919538,3.86100018,0,S5665,
S5667,5667,"Val d'Aurelle",43.642756905,3.83618943,1,,
49,02128,"Val d'Aurelle",43.64273363,3.83592267,0,S5667,1
56,02204,"Val d'Aurelle",43.64278018,3.83645619,0,S5667,1
S5668,5668,"Vauguières",43.60447763,3.90692939,1,,
413,10144,"Vauguières",43.60450854,3.90696735,0,S5668,1
459,10251,"Vauguières",43.60444672,3.90689143,0,S5668,1
S5672,5672,"Villeneuve d'Angoulême",43.588783935,3.86567923,1,,
1194,42113,"Villeneuve d'Angoulême",43.58878367,3.86569777,0,S5672,1
1244,42257,"Villeneuve d'Angoulême",43.5887842,3.86566069,0,S5672,1
S5674,5674,"Vivaldi",43.597050395,3.856066935,1,,
553,17133,"Vivaldi",43.59699207,3.8560592,0,S5674,1
561,17233,"Vivaldi",43.59710872,3.85607467,0,S5674,1
S5675,5675,"Voie Domitienne",43.622448355,3.86005905,1,,
402,10112,"Voie Domitienne",43.62225614,3.85966412,0,S5675,1
434,10207,"Voie Domitienne",43.62264057,3.86045398,0,S5675,1
S5676,5676,"Volta Fizeau",43.61391632,3.9134558,1,,
356,09138,"Volta Fizeau",43.61385621,3.91326236,0,S5676,1
389,09236,"Volta Fizeau",43.61397643,3.91364924,0,S5676,1
S5677,5677,"Voltaire",43.60371444,3.889113075,1,,
1202,42131,"Voltaire",43.60369638,3.88911877,0,S5677,1
1236,42239,"Voltaire",43.6037325,3.88910738,0,S5677,1
S5678,5678,"Winston Churchill",43.599079645,3.8559168,1,,
552,17132,"Winston Churchill",43.598963,3.85590133,0,S5678,
560,17232,"Winston Churchill",43.59919629,3.85593227,0,S5678,1
S5679,5679,"Yves du Manoir",43.59506479,3.849897785,1,,
1904,45114,"Yves du Manoir",43.59505615,3.84987282,0,S5679,
1915,45206,"Yves du Manoir",43.59507343,3.84992275,0,S5679,1
S5680,5680,"Zénith",43.61266086,3.930118205,1,,
1831,12136,"Zénith",43.61268205,3.93020541,0,S5680,
1834,12236,"Zénith",43.61263967,3.930031,0,S5680,
S5682,5682,"Bonadona",43.555122395,3.96633128,1,,
884,28116,"Bonadona",43.55557829,3.96590548,0,S5682,
889,28203,"Bonadona",43.5546665,3.96675708,0,S5682,
S5683,5683,"Cabanes de Pérols",43.55153356,3.968849245,1,,
885,28117,"Cabanes de Pérols",43.5523371,3.96861881,0,S5683,
888,28202,"Cabanes de Pérols",43.55073002,3.96907968,0,S5683,
S5684,5684,"Croix du Languedoc",43.566732515,3.948933815,1,,
879,28111,"Croix du Languedoc",43.56669254,3.94890178,0,S5684,
894,28208,"Croix du Languedoc",43.56677249,3.94896585,0,S5684,
S5685,5685,"EcoPôle",43.578066215,3.935150865,1,,
1270,43151,"EcoPôle",43.57805292,3.93513813,0,S5685,1
1277,43207,"EcoPôle",43.57807951,3.9351636,0,S5685,1
S5686,5686,"Lauriers",43.5688782,3.945501685,1,,
878,28110,"Lauriers",43.56869967,3.9457192,0,S5686,
895,28209,"Lauriers",43.56905673,3.94528417,0,S5686,
S5687,5687,"Parc Expo",43.5728214625,3.9451088375,1,,
886,28125,"Parc Expo",43.57273122,3.94422535,0,S5687,1
896,28225,"Parc Expo",43.57279576,3.94472173,0,S5687,1
1271,43153,"Parc Expo",43.57287054,3.9457377,0,S5687,1
1276,43205,"Parc Expo",43.57288833,3.94575057,0,S5687,1
S5688,5688,"Pérols Centre",43.565415335,3.95736508,1,,
1272,43155,"Pérols Centre",43.56539801,3.95732132,0,S5688,1
1275,43203,"Pérols Centre",43.56543266,3.95740884,0,S5688,1
S5689,5689,"Pérols Étang de l'Or",43.5575958333333,3.96345781,1,,
1274,43201,"Pérols Étang de l'Or",43.55789507,3.9636847,0,S5689,1
1535,28109,"Pérols Étang de l'Or",43.5573778,3.9634104,0,S5689,1
1536,28210,"Pérols Étang de l'Or",43.55751463,3.96327833,0,S5689,1
S5690,5690,"Pérols Sud",43.55949343,3.958717645,1,,
882,28114,"Pérols Sud",43.55930542,3.95896572,0,S5690,
891,28205,"Pérols Sud",43.55968144,3.95846957,0,S5690,
S5691,5691,"Plein Sud",43.571569615,3.942542095,1,,
887,28126,"Plein Sud",43.57146555,3.94228571,0,S5691,
897,28226,"Plein Sud",43.57167368,3.94279848,0,S5691,1
S5693,5693,"Jacques Brel",43.561165995,3.95238027,1,,
881,28113,"Jacques Brel",43.56112931,3.95242868,0,S5693,1
892,28206,"Jacques Brel",43.56120268,3.95233186,0,S5693,1
S5694,5694,"René Drap",43.58445466,3.757302375,1,,
1039,36119,"René Drap",43.58444681,3.75721562,0,S5694,1
1083,36218,"René Drap",43.58446251,3.75738913,0,S5694,1
S5695,5695,"Cimetière de Pignan",43.58594126,3.76693574,1,,
1035,36115,"Cimetière de Pignan",43.58612548,3.76694035,0,S5695,1
1087,36222,"Cimetière de Pignan",43.58575704,3.76693113,0,S5695,1
S5696,5696,"Gaston Defferre",43.583917015,3.75305982,1,,
1040,36120,"Gaston Defferre",43.58397927,3.75311083,0,S5696,
1082,36217,"Gaston Defferre",43.58385476,3.75300881,0,S5696,
S5697,5697,"Jean Moulin",43.58231498,3.75217925,1,,
1041,36121,"Jean Moulin",43.58244496,3.7522072,0,S5697,
1081,36216,"Jean Moulin",43.582185,3.7521513,0,S5697,1
S5698,5698,"La Bornière",43.5793834966667,3.75420046333333,1,,
1043,36123,"La Bornière",43.57945455,3.75403736,0,S5698,
1079,36214,"La Bornière",43.5796104,3.75380629,0,S5698,
1575,43180,"La Bornière",43.57908554,3.75475774,0,S5698,1
S5699,5699,"Le Temple",43.58532712,3.76272816,1,,
1037,36117,"Le Temple",43.58539787,3.76281649,0,S5699,1
1085,36220,"Le Temple",43.58525637,3.76263983,0,S5699,
S5700,5700,"Violettes",43.587122635,3.76596978,1,,
1036,36116,"Violettes",43.58722377,3.76613926,0,S5700,1
1086,36221,"Violettes",43.5870215,3.7658003,0,S5700,1
S5701,5701,"Marcellin Albert",43.58109809,3.751060955,1,,
1042,36122,"Marcellin Albert",43.58100163,3.75121932,0,S5701,
1080,36215,"Marcellin Albert",43.58119455,3.75090259,0,S5701,
S5702,5702,"Médiathèque La Gare",43.58560545,3.76070701,1,,
1038,36118,"Médiathèque La Gare",43.58560545,3.76070701,0,S5702,
S5703,5703,"Saint-Martin de Vignogoul",43.58565771,3.790227115,1,,
1115,38108,"Saint-Martin de Vignogoul",43.58561111,3.7900157,0,S5703,1
1124,38208,"Saint-Martin de Vignogoul",43.58570431,3.79043853,0,S5703,1
S5704,5704,"Square Tribes",43.58380897,3.75992029,1,,
1084,36219,"Square Tribes",43.58380897,3.75992029,0,S5704,
S5706,5706,"Coste Rousse",43.694704655,3.870922295,1,,
754,23132,"Coste Rousse",43.69484772,3.87065975,0,S5706,1
777,23230,"Coste Rousse",43.69456159,3.87118484,0,S5706,1
S5707,5707,"Ducque",43.697099585,3.869084705,1,,
753,23131,"Ducque",43.6970152,3.86933026,0,S5707,
778,23231,"Ducque",43.69718397,3.86883915,0,S5707,
S5708,5708,"Frayssinet",43.69680567,3.862838015,1,,
747,23121,"Frayssinet",43.69671122,3.86284168,0,S5708,
757,23206,"Frayssinet",43.69690012,3.86283435,0,S5708,1
S5710,5710,"Mairie de Prades-le-Lez",43.69727398,3.86437463,1,,
748,23122,"Mairie de Prades-le-Lez",43.69721159,3.86497392,0,S5710,
756,23201,"Mairie de Prades-le-Lez",43.69733637,3.86377534,0,S5710,1
S5711,5711,"Mandarine",43.694252755,3.862497125,1,,
745,23119,"Mandarine",43.69425249,3.8625157,0,S5711,
759,23208,"Mandarine",43.69425302,3.86247855,0,S5711,
S5712,5712,"Moulin Neuf",43.69152029,3.862777145,1,,
744,23118,"Moulin Neuf",43.69184796,3.86281069,0,S5712,
760,23210,"Moulin Neuf",43.69119262,3.8627436,0,S5712,
S5713,5713,"Pendances",43.68441524,3.863615305,1,,
742,23116,"Pendances",43.6844104,3.86363995,0,S5713,
762,23212,"Pendances",43.68442008,3.86359066,0,S5713,1
S5714,5714,"Pont Vert",43.686394115,3.86386029,1,,
743,23117,"Pont Vert",43.68646575,3.86388079,0,S5714,1
761,23211,"Pont Vert",43.68632248,3.86383979,0,S5714,1
1870,23163,"Pont Vert",43.68646575,3.86388079,0,S5714,
1876,23263,"Pont Vert",43.68632248,3.86383979,0,S5714,
S5715,5715,"Le Mas",43.72164594,4.03595715,1,,
938,31105,"Le Mas",43.72183388,4.03601234,0,S5715,
944,31205,"Le Mas",43.721458,4.03590196,0,S5715,
S5716,5716,"Mairie de Restinclières",43.723804285,4.038500935,1,,
1011,35108,"Mairie de Restinclières",43.72380761,4.03857542,0,S5716,1
1021,35207,"Mairie de Restinclières",43.72380096,4.03842645,0,S5716,
S5717,5717,"Micocoulier",43.666835315,4.03046713,1,,
910,29127,"Micocoulier",43.6667899,4.03049674,0,S5717,1
926,29222,"Micocoulier",43.66688073,4.03043752,0,S5717,1
S5720,5720,"Sophoras",43.668428685,4.0265945,1,,
909,29126,"Sophoras",43.66838786,4.02661806,0,S5720,1
927,29223,"Sophoras",43.66846951,4.02657094,0,S5720,1
S5721,5721,"Versant",43.66514011,4.03738311,1,,
1542,29134,"Versant",43.6650647,4.03731894,0,S5721,
1547,29230,"Versant",43.66521552,4.03744728,0,S5721,
S5722,5722,"Les Mazes",43.72780379,3.98358534,1,,
1065,36157,"Les Mazes",43.72780379,3.98358534,0,S5722,
S5723,5723,"Lilas",43.72801293,3.964380705,1,,
1059,36151,"Lilas",43.72796375,3.96406315,0,S5723,
1097,36251,"Lilas",43.72806211,3.96469826,0,S5723,
S5724,5724,"Romarins",43.72950097,3.9694569,1,,
1061,36153,"Romarins",43.72951005,3.96945096,0,S5724,
1100,36255,"Romarins",43.72949189,3.96946284,0,S5724,
S5725,5725,"Mas de Bizard",43.72638281,3.98006055,1,,
1066,36158,"Mas de Bizard",43.72638281,3.98006055,0,S5725,
S5726,5726,"Route de Teyran",43.73413451,3.97935408,1,,
1101,36256,"Route de Teyran",43.73413451,3.97935408,0,S5726,
S5727,5727,"Stade de Saint-Drézéry",43.73345709,3.98015291,1,,
1060,36152,"Stade de Saint-Drézéry",43.73345709,3.98015291,0,S5727,
S5728,5728,"Tilleuls",43.697137195,4.03251942,1,,
1010,35107,"Tilleuls",43.6972514,4.0326901,0,S5728,1
1022,35208,"Tilleuls",43.69702299,4.03234874,0,S5728,1
S5729,5729,"Les Mazets",43.6992866,4.019503665,1,,
934,31101,"Les Mazets",43.69928249,4.01947876,0,S5729,
940,31201,"Les Mazets",43.69929071,4.01952857,0,S5729,
S5730,5730,"Les Mourguettes",43.69741077,4.02536526,1,,
936,31103,"Les Mourguettes",43.69733801,4.02541887,0,S5730,
942,31203,"Les Mourguettes",43.69748353,4.02531165,0,S5730,
S5731,5731,"Les Pérouses",43.698561915,4.02389994,1,,
935,31102,"Les Pérouses",43.6986323,4.02370995,0,S5731,
941,31202,"Les Pérouses",43.69849153,4.02408993,0,S5731,
S5732,5732,"Poste",43.696879525,4.030312285,1,,
937,31104,"Poste",43.69687813,4.03011398,0,S5732,
943,31204,"Poste",43.69688092,4.03051059,0,S5732,
S5733,5733,"Justin Bec",43.625726975,3.768736525,1,,
1324,40107,"Justin Bec",43.62607436,3.76829973,0,S5733,
1329,40207,"Justin Bec",43.62537959,3.76917332,0,S5733,
S5734,5734,"Bel Horizon",43.612603785,3.776078365,1,,
1321,40104,"Bel Horizon",43.61261162,3.77616517,0,S5734,
1407,40204,"Bel Horizon",43.61259595,3.77599156,0,S5734,
S5736,5736,"Dame d'Orcas",43.615706505,3.779689025,1,,
1323,40106,"Dame d'Orcas",43.61688155,3.77887116,0,S5736,
1328,40206,"Dame d'Orcas",43.61453146,3.78050689,0,S5736,1
S5737,5737,"Cabrides",43.60906466,3.78865768,1,,
1318,40101,"Cabrides",43.60906466,3.78865768,0,S5737,
1326,40201,"Cabrides",43.60906466,3.78865768,0,S5737,
S5738,5738,"La Regnague",43.608908895,3.79655915,1,,
1055,36138,"La Regnague",43.6088144,3.79590104,0,S5738,
1093,36238,"La Regnague",43.60900339,3.79721726,0,S5738,
S5739,5739,"Le Réservoir",43.614806095,3.776424625,1,,
1408,40205,"Le Réservoir",43.61482081,3.7763322,0,S5739,
1440,40112,"Le Réservoir",43.61479138,3.77651705,0,S5739,
S5740,5740,"Le Saint-Georges",43.61060526,3.78437904,1,,
1319,40102,"Le Saint-Georges",43.61060526,3.78437904,0,S5740,
1327,40202,"Le Saint-Georges",43.61060526,3.78437904,0,S5740,
S5741,5741,"Stade de l'Occitanie",43.6073016366667,3.78493862,1,,
1056,36139,"Stade de l'Occitanie",43.60720277,3.78471343,0,S5741,1
1092,36237,"Stade de l'Occitanie",43.60749937,3.785389,0,S5741,1
1465,40113,"Stade de l'Occitanie",43.60720277,3.78471343,0,S5741,1
S5742,5742,"Mijoulan",43.62929937,3.76914789,1,,
1325,40108,"Mijoulan",43.62929937,3.76914789,0,S5742,
1366,40208,"Mijoulan",43.62929937,3.76914789,0,S5742,
S5743,5743,"Allée du Bois",43.582445255,3.82483789,1,,
587,20102,"Allée du Bois",43.58243305,3.82474483,0,S5743,
633,20235,"Allée du Bois",43.58245746,3.82493095,0,S5743,
S5744,5744,"Roudères",43.57345756,3.827330145,1,,
863,26111,"Roudères",43.57343561,3.82729248,0,S5744,1
868,26209,"Roudères",43.57347951,3.82736781,0,S5744,1
S5746,5746,"Château du Terral",43.583144925,3.830488865,1,,
586,20101,"Château du Terral",43.58317188,3.83048957,0,S5746,1
634,20236,"Château du Terral",43.58311797,3.83048816,0,S5746,
S5747,5747,"Collège Louis Germain",43.579598745,3.82330466,1,,
1553,32152,"Collège Louis Germain",43.57993734,3.823196,0,S5747,1
1559,32252,"Collège Louis Germain",43.57926015,3.82341332,0,S5747,1
S5750,5750,"Jasses",43.57081297,3.828108075,1,,
856,26101,"Jasses",43.57093135,3.82767226,0,S5750,
867,26208,"Jasses",43.57069459,3.82854389,0,S5750,
S5751,5751,"La Condamine",43.57180155,3.844330265,1,,
1191,42105,"La Condamine",43.5720021,3.84445301,0,S5751,1
1247,42265,"La Condamine",43.571601,3.84420752,0,S5751,1
S5752,5752,"La Lauze",43.561834705,3.8467437,1,,
860,26108,"La Lauze",43.5618665,3.84671982,0,S5752,
1340,20243,"La Lauze",43.56180291,3.84676758,0,S5752,
S5755,5755,"Louise Michel",43.58101331,3.83382133,1,,
610,20140,"Louise Michel",43.58101331,3.83382133,0,S5755,1
636,20240,"Louise Michel",43.58101331,3.83382133,0,S5755,1
S5756,5756,"Marquerose",43.58369661,3.826663575,1,,
611,20141,"Marquerose",43.58371899,3.82667034,0,S5756,1
637,20241,"Marquerose",43.58367423,3.82665681,0,S5756,1
S5757,5757,"Mas de Magret",43.56730248,3.82812157,1,,
861,26109,"Mas de Magret",43.56730248,3.82812157,0,S5757,
870,26211,"Mas de Magret",43.56730248,3.82812157,0,S5757,
S5758,5758,"Puits de Gaud",43.575140435,3.825562655,1,,
592,20107,"Puits de Gaud",43.57508524,3.82565395,0,S5758,
628,20230,"Puits de Gaud",43.57519563,3.82547136,0,S5758,
S5759,5759,"Saint-Hubéry",43.57381759,3.819778915,1,,
591,20106,"Saint-Hubéry",43.57377274,3.81977157,0,S5759,
629,20231,"Saint-Hubéry",43.57386244,3.81978626,0,S5759,
S5760,5760,"Saint-Jean de Védas Centre",43.5749465866667,3.83049303333333,1,,
609,20139,"Saint-Jean de Védas Centre",43.57495671,3.83041087,0,S5760,1
635,20239,"Saint-Jean de Védas Centre",43.57495671,3.83041087,0,S5760,1
1189,42101,"Saint-Jean de Védas Centre",43.57492634,3.83065736,0,S5760,1
S5761,5761,"Saint-Jean le Sec",43.5709291775,3.8380606075,1,,
608,20138,"Saint-Jean le Sec",43.57099248,3.83819518,0,S5761,1
638,20242,"Saint-Jean le Sec",43.57099248,3.83819518,0,S5761,1
1190,42103,"Saint-Jean le Sec",43.57083451,3.83791903,0,S5761,1
1248,42267,"Saint-Jean le Sec",43.57089724,3.83793304,0,S5761,1
S5762,5762,"Sigaliès",43.57110552,3.813013735,1,,
980,33101,"Sigaliès",43.57095664,3.81272553,0,S5762,
1001,33209,"Sigaliès",43.5712544,3.81330194,0,S5762,
S5765,5765,"Val des Garrigues",43.5666827,3.82678261,1,,
862,26110,"Val des Garrigues",43.5666827,3.82678261,0,S5765,
869,26210,"Val des Garrigues",43.5666827,3.82678261,0,S5765,
S5766,5766,"Victoire 2",43.57519402,3.84987247,1,,
1192,42107,"Victoire 2",43.57518028,3.84989065,0,S5766,1
1246,42263,"Victoire 2",43.57520776,3.84985429,0,S5766,1
S5767,5767,"Aires",43.57246251,3.772996645,1,,
992,33113,"Aires",43.57249903,3.77295429,0,S5767,
1005,33213,"Aires",43.57242599,3.773039,0,S5767,
S5768,5768,"Barils",43.571736635,3.773503855,1,,
991,33112,"Barils",43.57172732,3.77352835,0,S5768,
1004,33212,"Barils",43.57174595,3.77347936,0,S5768,
S5770,5770,"La Vialette",43.568765265,3.77421421,1,,
1031,36111,"La Vialette",43.56886885,3.77419827,0,S5770,
1091,36226,"La Vialette",43.56866168,3.77423015,0,S5770,
S5773,5773,"Mairie de Saussan",43.57080295,3.773752375,1,,
990,33111,"Mairie de Saussan",43.57105089,3.77369679,0,S5773,
1003,33211,"Mairie de Saussan",43.57055501,3.77380796,0,S5773,1
S5775,5775,"Coopérative",43.714862305,4.0026658,1,,
1303,27122,"Coopérative",43.71516166,4.00307739,0,S5775,
1311,27222,"Coopérative",43.71456295,4.00225421,0,S5775,
S5776,5776,"Lahntal",43.71640983,4.004638525,1,,
1305,27124,"Lahntal",43.71654626,4.00482845,0,S5776,
1313,27224,"Lahntal",43.7162734,4.0044486,0,S5776,
S5777,5777,"Les Garrigues",43.70610407,4.005675575,1,,
1300,27119,"Les Garrigues",43.70628571,4.00555696,0,S5777,
1308,27219,"Les Garrigues",43.70592243,4.00579419,0,S5777,
S5778,5778,"Courtines",43.70952412,4.005441035,1,,
1301,27120,"Courtines",43.70942584,4.00540098,0,S5778,
1309,27220,"Courtines",43.7096224,4.00548109,0,S5778,
S5779,5779,"Mairie de Sussargues",43.71249704,4.005050845,1,,
1302,27121,"Mairie de Sussargues",43.7125241,4.00504544,0,S5779,1
1310,27221,"Mairie de Sussargues",43.71246998,4.00505625,0,S5779,
S5780,5780,"Albert Dubout",43.662034815,3.974932165,1,,
652,21120,"Albert Dubout",43.6618095,3.97496904,0,S5780,
670,21223,"Albert Dubout",43.66226013,3.97489529,0,S5780,
S5781,5781,"Arènes Roger Itier",43.655264995,3.967500475,1,,
644,21107,"Arènes Roger Itier",43.65523373,3.9674872,0,S5781,
663,21211,"Arènes Roger Itier",43.65529626,3.96751375,0,S5781,
S5782,5782,"Châtaigniers",43.649130115,3.956362,1,,
641,21104,"Châtaigniers",43.64927478,3.95660753,0,S5782,1
666,21214,"Châtaigniers",43.64898545,3.95611647,0,S5782,1
S5783,5783,"Devèzes",43.662827505,3.97036672,1,,
647,21110,"Devèzes",43.66288424,3.9704798,0,S5783,
659,21207,"Devèzes",43.66277077,3.97025364,0,S5783,1
S5785,5785,"Frédéric Mistral",43.663918675,3.974311315,1,,
648,21111,"Frédéric Mistral",43.66381421,3.97438262,0,S5785,
658,21206,"Frédéric Mistral",43.66402314,3.97424001,0,S5785,1
S5786,5786,"Gustave Courbet",43.65817003,3.97605332,1,,
650,21115,"Gustave Courbet",43.65814345,3.97602779,0,S5786,
656,21202,"Gustave Courbet",43.65819661,3.97607885,0,S5786,
S5787,5787,"La Fontaine",43.657595705,3.962867855,1,,
655,21123,"La Fontaine",43.65773078,3.96285313,0,S5787,1
673,21226,"La Fontaine",43.65746063,3.96288258,0,S5787,
S5789,5789,"Monnaie",43.66119263,3.969979375,1,,
646,21109,"Monnaie",43.66108433,3.97000723,0,S5789,1
660,21208,"Monnaie",43.66130093,3.96995152,0,S5789,1
S5790,5790,"Parc Gouneaud",43.654153785,3.96397703,1,,
643,21106,"Parc Gouneaud",43.6541272,3.96395151,0,S5790,1
664,21212,"Parc Gouneaud",43.65418037,3.96400255,0,S5790,1
S5791,5791,"Parc Vendargues",43.660714665,3.97543295,1,,
649,21112,"Parc Vendargues",43.66079629,3.97538576,0,S5791,
657,21205,"Parc Vendargues",43.66063304,3.97548014,0,S5791,
S5792,5792,"Paul Gauguin",43.65550288,3.97556191,1,,
651,21119,"Paul Gauguin",43.65532774,3.97555069,0,S5792,
1341,21124,"Paul Gauguin",43.65567802,3.97557313,0,S5792,
S5793,5793,"Balances",43.65796572,3.96845063,1,,
645,21108,"Balances",43.65830243,3.96847883,0,S5793,
662,21210,"Balances",43.65762901,3.96842243,0,S5793,
S5795,5795,"Bigos",43.65524411,3.94999156,1,,
653,21121,"Bigos",43.65524411,3.94999156,0,S5795,1
671,21224,"Bigos",43.65524411,3.94999156,0,S5795,1
S5796,5796,"Marbrerie",43.653858385,3.9557966,1,,
654,21122,"Marbrerie",43.65381406,3.95605536,0,S5796,1
672,21225,"Marbrerie",43.65390271,3.95553784,0,S5796,1
1712,21131,"Marbrerie",43.65390271,3.95553784,0,S5796,
1713,21231,"Marbrerie",43.65381406,3.95605536,0,S5796,
S5797,5797,"Arnel",43.537844205,3.86929703,1,,
946,32101,"Arnel",43.53782737,3.86921626,0,S5797,1
972,32212,"Arnel",43.53786104,3.8693778,0,S5797,1
S5798,5798,"Mélias",43.53697439,3.85737469,1,,
955,32111,"Mélias",43.53707903,3.8572848,0,S5798,1
964,32203,"Mélias",43.53686975,3.85746458,0,S5798,1
S5799,5799,"Mairie Villeneuve-lès-Maguelone",43.53327971,3.86153289,1,,
974,32214,"Mairie Villeneuve-lès-Maguelone",43.53327971,3.86153289,0,S5799,1
S5800,5800,"Chapitre",43.5330555,3.864677535,1,,
971,32211,"Chapitre",43.53323626,3.86460823,0,S5800,1
1471,32116,"Chapitre",43.53287474,3.86474684,0,S5800,1
S5802,5802,"Font Majour",43.53506205,3.85944286,1,,
973,32213,"Font Majour",43.53506205,3.85944286,0,S5802,1
S5803,5803,"Les Moures",43.524451955,3.859018355,1,,
978,32221,"Les Moures",43.52430357,3.85934177,0,S5803,1
1580,44155,"Les Moures",43.52460034,3.85869494,0,S5803,1
S5805,5805,"Maison d'Arrêt",43.546286975,3.82868569,1,,
963,32202,"Maison d'Arrêt",43.54613575,3.82857052,0,S5805,
1723,32122,"Maison d'Arrêt",43.5464382,3.82880086,0,S5805,
S5806,5806,"Myosotis",43.52827049,3.8648771,1,,
970,32210,"Myosotis",43.52813789,3.86471913,0,S5806,1
1583,44158,"Myosotis",43.52840309,3.86503507,0,S5806,1
S5807,5807,"Oliviers de Bohême",43.527086395,3.862158455,1,,
969,32209,"Oliviers de Bohême",43.5270447,3.86256503,0,S5807,1
1582,44157,"Oliviers de Bohême",43.52712809,3.86175188,0,S5807,1
S5808,5808,"Pèlerine",43.52643171,3.85503131,1,,
977,32220,"Pèlerine",43.52637684,3.8550978,0,S5808,1
1579,44154,"Pèlerine",43.52648658,3.85496482,0,S5808,1
S5809,5809,"Pilou",43.529834105,3.86586401,1,,
975,32215,"Pilou",43.52985622,3.86588931,0,S5809,1
1585,44160,"Pilou",43.52981199,3.86583871,0,S5809,1
S5811,5811,"Collège des Salins",43.53322099,3.85548954,1,,
965,32204,"Collège des Salins",43.53322099,3.85548954,0,S5811,1
S5812,5812,"Tadornes",43.52616339,3.861318485,1,,
968,32208,"Tadornes",43.52627052,3.86137076,0,S5812,1
1581,44156,"Tadornes",43.52605626,3.86126621,0,S5812,1
S5813,5813,"Vignes Vierges",43.532000715,3.8527699,1,,
966,32205,"Vignes Vierges",43.53200996,3.85275161,0,S5813,1
1578,44153,"Vignes Vierges",43.53199147,3.85278819,0,S5813,1
S5814,5814,"Pierre Doumergue",43.649563755,3.79394044,1,,
1330,24126,"Pierre Doumergue",43.64945949,3.79434014,0,S5814,
1331,24226,"Pierre Doumergue",43.64966802,3.79354074,0,S5814,
S5815,5815,"Combe Chaude",43.653943325,3.935257605,1,,
1354,30111,"Combe Chaude",43.6536486,3.93512553,0,S5815,1
1358,30211,"Combe Chaude",43.65423805,3.93538968,0,S5815,1
S5816,5816,"Méditerranée",43.64520657,3.934845825,1,,
1352,30108,"Méditerranée",43.6451389,3.9348625,0,S5816,1
1357,30208,"Méditerranée",43.64527424,3.93482915,0,S5816,1
S5817,5817,"Sauvagine",43.66235594,3.93662015,1,,
1338,20134,"Sauvagine",43.66235594,3.93662015,0,S5817,1
1356,30207,"Sauvagine",43.66235594,3.93662015,0,S5817,1
S5818,5818,"Via Domitia",43.6466184475,3.9299363775,1,,
1217,42165,"Via Domitia",43.64674609,3.92950973,0,S5818,1
1221,42205,"Via Domitia",43.64671142,3.9294221,0,S5818,1
1353,30110,"Via Domitia",43.64650814,3.93040684,0,S5818,1
1355,30205,"Via Domitia",43.64650814,3.93040684,0,S5818,1
S5827,5827,"Gare Saint-Roch - Pont de Sète",43.6040234275,3.8785073375,1,,
4,00021,"Gare Saint-Roch - Pont de Sète",43.60417707,3.87813418,0,S5827,1
1406,00011,"Gare Saint-Roch - Pont de Sète",43.60375772,3.87917437,0,S5827,1
1674,00023,"Gare Saint-Roch - Pont de Sète",43.60403752,3.87846442,0,S5827,
1675,00024,"Gare Saint-Roch - Pont de Sète",43.6041214,3.87825638,0,S5827,
S5828,5828,"Bellevue",43.607625625,3.741387825,1,,
1412,42184,"Bellevue",43.60753865,3.7415094,0,S5828,
1420,42284,"Bellevue",43.6077126,3.74126625,0,S5828,
S5829,5829,"Chemin des Pins",43.608332695,3.76292513,1,,
1410,42181,"Chemin des Pins",43.60834167,3.76258514,0,S5829,
1418,42281,"Chemin des Pins",43.60832372,3.76326512,0,S5829,
S5830,5830,"Clos des Pins",43.60321086,3.73938664,1,,
1416,42191,"Clos des Pins",43.60273217,3.73921407,0,S5830,
1424,42291,"Clos des Pins",43.60368955,3.73955921,0,S5830,
S5831,5831,"Fontaine Romaine",43.606163155,3.73631694,1,,
1415,42190,"Fontaine Romaine",43.60608693,3.7363027,0,S5831,
1423,42290,"Fontaine Romaine",43.60623938,3.73633118,0,S5831,
S5832,5832,"La Rouvière Longue",43.60079576,3.73463925,1,,
1414,42188,"La Rouvière Longue",43.60079576,3.73463925,0,S5832,1
S5833,5833,"Les Clauzes",43.60634053,3.74343453,1,,
1411,42183,"Les Clauzes",43.60644275,3.74352364,0,S5833,
1419,42283,"Les Clauzes",43.60623831,3.74334542,0,S5833,
S5834,5834,"Mas de Garenc",43.60848349,3.73796969,1,,
1413,42185,"Mas de Garenc",43.60851045,3.73797035,0,S5834,
1421,42285,"Mas de Garenc",43.60845653,3.73796903,0,S5834,
S5835,5835,"Les Alicantes",43.613231725,3.785942675,1,,
1409,42180,"Les Alicantes",43.61300874,3.78614735,0,S5835,
1417,42280,"Les Alicantes",43.61345471,3.785738,0,S5835,
S5836,5836,"Les Jardins",43.60971731,3.7828843,1,,
1425,40111,"Les Jardins",43.60971731,3.7828843,0,S5836,
1426,40211,"Les Jardins",43.60971731,3.7828843,0,S5836,
S5837,5837,"Albert 1er - Jardin des Plantes",43.6151526525,3.8734501775,1,,
1430,44102,"Albert 1er - Jardin des Plantes",43.61477524,3.87375554,0,S5837,1
1436,44202,"Albert 1er - Jardin des Plantes",43.61478476,3.87371868,0,S5837,1
1451,06237,"Albert 1er - Jardin des Plantes",43.61548355,3.87325492,0,S5837,
1655,06133,"Albert 1er - Jardin des Plantes",43.61556706,3.87307157,0,S5837,
S5838,5838,"Pérols Centre - Bazille",43.562806615,3.950572325,1,,
880,28112,"Pérols Centre - Bazille",43.56279406,3.95051016,0,S5838,1
893,28207,"Pérols Centre - Bazille",43.56281917,3.95063449,0,S5838,1
S5842,5842,"Auguste Broussonnet",43.61670106,3.86981073,1,,
1449,06235,"Auguste Broussonnet",43.61670106,3.86981073,0,S5842,
S5844,5844,"Gare Sud de France",43.596779065,3.92210832,1,,
1805,41169,"Gare Sud de France",43.59704195,3.92211252,0,S5844,1
1806,41269,"Gare Sud de France",43.59705938,3.92215012,0,S5844,
1849,15121,"Gare Sud de France",43.59624383,3.92197905,0,S5844,
1856,15267,"Gare Sud de France",43.5967711,3.92219159,0,S5844,
S5845,5845,"Le Salaison",43.68160808,3.921972665,1,,
1458,36162,"Le Salaison",43.68156909,3.92187248,0,S5845,
1459,36262,"Le Salaison",43.68164707,3.92207285,0,S5845,
S5847,5847,"Saint-Estève",43.58592943,3.7719006,1,,
1463,38110,"Saint-Estève",43.58598497,3.77211841,0,S5847,1
1464,38210,"Saint-Estève",43.58587389,3.77168279,0,S5847,1
S5849,5849,"Jardins d'Hélios",43.5667421,3.72962188,1,,
1466,38124,"Jardins d'Hélios",43.56691145,3.72938494,0,S5849,1
1467,38224,"Jardins d'Hélios",43.56657275,3.72985882,0,S5849,1
S5852,5852,"Gare de Baillargues",43.6533549625,4.0078601325,1,,
1538,29100,"Gare de Baillargues",43.65329024,4.00768489,0,S5852,
1543,29200,"Gare de Baillargues",43.65329024,4.00768489,0,S5852,
1618,21130,"Gare de Baillargues",43.6534629,4.00814808,0,S5852,1
1619,21230,"Gare de Baillargues",43.65337647,4.00792267,0,S5852,1
S5853,5853,"Espace Gare",43.674123545,3.98875555,1,,
1521,27101,"Espace Gare",43.67409109,3.98852546,0,S5853,
1529,27204,"Espace Gare",43.674156,3.98898564,0,S5853,
S5854,5854,"Cousteliers",43.67005429,3.97610989,1,,
1548,31100,"Cousteliers",43.67005429,3.97610989,0,S5854,
1549,31200,"Cousteliers",43.67005429,3.97610989,0,S5854,
S5855,5855,"Chêne Liège",43.659881225,3.89611411,1,,
1564,36163,"Chêne Liège",43.65991619,3.89618317,0,S5855,1
1567,36263,"Chêne Liège",43.65984626,3.89604505,0,S5855,1
S5856,5856,"Collège Ray Charles",43.559642765,3.790239385,1,,
1551,32117,"Collège Ray Charles",43.55919254,3.78996218,0,S5856,1
1557,32217,"Collège Ray Charles",43.56009299,3.79051659,0,S5856,1
S5858,5858,"Écureuils",43.663808725,3.908629995,1,,
1566,36165,"Écureuils",43.66371446,3.9089308,0,S5858,1
1569,36265,"Écureuils",43.66390299,3.90832919,0,S5858,1
S5860,5860,"Pinède",43.66398524,3.90513642,1,,
1565,36164,"Pinède",43.66394589,3.90537063,0,S5860,1
1568,36264,"Pinède",43.66402459,3.90490221,0,S5860,1
S5861,5861,"Courpouyran",43.62080166,3.787898075,1,,
1510,25123,"Courpouyran",43.62075149,3.78795248,0,S5861,
1514,25223,"Courpouyran",43.62085183,3.78784367,0,S5861,
S5864,5864,"Saturne",43.619637415,3.80390507,1,,
1512,25137,"Saturne",43.61961785,3.80402212,0,S5864,
1517,25237,"Saturne",43.61965698,3.80378802,0,S5864,
S5867,5867,"Camp du Soleil",43.74927083,3.95932612,1,,
1527,27156,"Camp du Soleil",43.74927083,3.95932612,0,S5867,
S5868,5868,"Stade de Montaud",43.75182138,3.95650882,1,,
1441,36261,"Stade de Montaud",43.75182138,3.95650882,0,S5868,1
S5870,5870,"Olympe",43.676215215,3.85569774,1,,
1519,26214,"Olympe",43.67672724,3.85508586,0,S5870,1
1879,26117,"Olympe",43.67570319,3.85630962,0,S5870,
S5871,5871,"Léon Cazal",43.60567607,3.9033252,1,,
1478,16135,"Léon Cazal",43.60565917,3.90325051,0,S5871,1
1481,16235,"Léon Cazal",43.60569297,3.90339989,0,S5871,1
S5874,5874,"Pont Juvénal",43.60621844,3.89814412,1,,
1479,16136,"Pont Juvénal",43.60621844,3.89814412,0,S5874,1
S5876,5876,"Walhalla",43.618045195,3.91666946,1,,
1473,09152,"Walhalla",43.61800241,3.91682914,0,S5876,1
1775,14223,"Walhalla",43.61808798,3.91650978,0,S5876,
S5877,5877,"Cigale",43.688137715,3.867716575,1,,
1500,23137,"Cigale",43.68812838,3.8677411,0,S5877,1
1506,23147,"Cigale",43.68814705,3.86769205,0,S5877,1
S5878,5878,"Gaspard Monge",43.69382819,3.872503255,1,,
1503,23140,"Gaspard Monge",43.69389647,3.87244314,0,S5878,1
1509,23150,"Gaspard Monge",43.69375991,3.87256337,0,S5878,1
S5879,5879,"Les Baronnes",43.691040365,3.87129455,1,,
1502,23139,"Les Baronnes",43.69107103,3.87135113,0,S5879,1
1508,23149,"Les Baronnes",43.6910097,3.87123797,0,S5879,1
S5880,5880,"Nouau",43.686592285,3.865426565,1,,
1499,23136,"Nouau",43.68656022,3.86546907,0,S5880,1
1505,23146,"Nouau",43.68662435,3.86538406,0,S5880,1
S5881,5881,"Olympe de Gouges",43.68959207,3.869768875,1,,
1501,23138,"Olympe de Gouges",43.68958282,3.86978721,0,S5881,1
1507,23148,"Olympe de Gouges",43.68960132,3.86975054,0,S5881,1
S5882,5882,"Paris",43.66826585,4.040715005,1,,
1541,29133,"Paris",43.66816963,4.04054493,0,S5882,1
1544,29225,"Paris",43.66836207,4.04088508,0,S5882,1
S5883,5883,"Piscine Héraclès",43.669722195,4.03729054,1,,
1540,29132,"Piscine Héraclès",43.66972132,4.03734625,0,S5883,1
1545,29226,"Piscine Héraclès",43.66972307,4.03723483,0,S5883,1
S5884,5884,"Sainte-Colombe",43.668199835,4.03432846,1,,
1539,29131,"Sainte-Colombe",43.66825611,4.03446637,0,S5884,1
1546,29228,"Sainte-Colombe",43.66814356,4.03419055,0,S5884,1
S5885,5885,"Grives",43.72645073,3.97497947,1,,
1522,27126,"Grives",43.72645073,3.97497947,0,S5885,
S5886,5886,"Jean Vilar",43.577296365,3.828932595,1,,
1552,32151,"Jean Vilar",43.57732392,3.82889004,0,S5886,1
1558,32251,"Jean Vilar",43.57726881,3.82897515,0,S5886,1
S5888,5888,"Oliviers",43.58929314,3.828899595,1,,
1554,32155,"Oliviers",43.58924346,3.82891685,0,S5888,
1560,32255,"Oliviers",43.58934282,3.82888234,0,S5888,
S5889,5889,"Les Arbousiers",43.714906225,3.99834115,1,,
1531,27227,"Les Arbousiers",43.71488404,3.99832191,0,S5889,
1650,27133,"Les Arbousiers",43.71492841,3.99836039,0,S5889,
S5890,5890,"Les Carrières",43.70139222,4.00805952,1,,
1524,27128,"Les Carrières",43.70156497,4.00793446,0,S5890,
1532,27228,"Les Carrières",43.70121947,4.00818458,0,S5890,
S5891,5891,"Jean-Marcel Castet",43.6530609366667,3.96151906666667,1,,
1490,21220,"Jean-Marcel Castet",43.65333826,3.96200985,0,S5891,1
1491,21222,"Jean-Marcel Castet",43.65254721,3.96140539,0,S5891,1
1492,21227,"Jean-Marcel Castet",43.65329734,3.96114196,0,S5891,1
S5892,5892,"Domenoves",43.530118615,3.853331575,1,,
1584,44159,"Domenoves",43.52995099,3.85342597,0,S5892,1
1587,44259,"Domenoves",43.53028624,3.85323718,0,S5892,1
S5893,5893,"Figuière",43.53477843,3.85596335,1,,
1577,44152,"Figuière",43.53477843,3.85596335,0,S5893,1
S5894,5894,"Gare de Villeneuve-lès-Maguelone",43.54394054,3.850361575,1,,
1576,44151,"Gare Villeneuve-lès-Maguelone",43.54388109,3.85043415,0,S5894,
1586,44251,"Gare Villeneuve-lès-Maguelone",43.54399999,3.850289,0,S5894,
S5897,5897,"Pont de Villeneuve",43.553602895,3.84561167,1,,
1550,32100,"Pont de Villeneuve",43.553648,3.8456005,0,S5897,1
1556,32200,"Pont de Villeneuve",43.55355779,3.84562284,0,S5897,1
S5902,5902,"École de Chimie",43.634301445,3.865152915,1,,
1597,13119,"École de Chimie",43.6343219,3.8652958,0,S5902,
1603,13226,"École de Chimie",43.63428099,3.86501003,0,S5902,
S5903,5903,"Paul Parguel",43.636657865,3.859974005,1,,
1601,13218,"Paul Parguel",43.63684191,3.85999129,0,S5903,
1604,13227,"Paul Parguel",43.63647382,3.85995672,0,S5903,
S5904,5904,"Jean Ferrat",43.58892721,3.768859365,1,,
1610,34105,"Jean Ferrat",43.58894208,3.76875462,0,S5904,1
1611,34205,"Jean Ferrat",43.58891234,3.76896411,0,S5904,1
S5905,5905,"Saint-Jean de Védas Centre - Ortet",43.57567105,3.830108065,1,,
1562,33118,"St Jean de Védas Centre - Ortet",43.57568379,3.82983638,0,S5905,1
1563,33218,"St Jean de Védas Centre - Ortet",43.57565831,3.83037975,0,S5905,1
S5906,5906,"Etienne Méhul",43.578644675,3.859886905,1,,
1623,53103,"Étienne Méhul",43.57839289,3.85989256,0,S5906,
1624,53203,"Étienne Méhul",43.57889646,3.85988125,0,S5906,
S5907,5907,"Mas Crespy",43.529896755,3.84927954,1,,
1621,44161,"Mas Crespy",43.52995473,3.84931196,0,S5907,
1622,44261,"Mas Crespy",43.52983878,3.84924712,0,S5907,
S5908,5908,"Raymond Recouly",43.57583367,3.860016005,1,,
1728,53107,"Raymond Recouly",43.57576671,3.85998331,0,S5908,
1732,53207,"Raymond Recouly",43.57590063,3.8600487,0,S5908,
S5909,5909,"Baumes",43.65742657,3.863654815,1,,
1633,23157,"Baumes",43.65770162,3.86359407,0,S5909,1
1635,23257,"Baumes",43.65715152,3.86371556,0,S5909,1
S5910,5910,"Moulin Boudet",43.65455719,3.864723365,1,,
1632,23156,"Moulin Boudet",43.65479189,3.86465536,0,S5910,1
1634,23256,"Moulin Boudet",43.65432249,3.86479137,0,S5910,1
S5911,5911,"Villemagne",43.688586055,3.99953201,1,,
1636,27118,"Villemagne",43.68853071,3.99962332,0,S5911,1
1637,27218,"Villemagne",43.6886414,3.9994407,0,S5911,1
1640,31118,"Villemagne",43.6886414,3.9994407,0,S5911,1
1644,31218,"Villemagne",43.68853071,3.99962332,0,S5911,1
S5915,5915,"La Boissière",43.691271875,3.92907423,1,,
1638,27132,"La Boissière",43.69106746,3.92891365,0,S5915,
1639,27232,"La Boissière",43.69147629,3.92923481,0,S5915,
S5916,5916,"Roularel",43.662259825,3.86293587,1,,
1648,23158,"Roularel",43.66250246,3.86294236,0,S5916,1
1649,23258,"Roularel",43.66201719,3.86292938,0,S5916,1
S5917,5917,"Gare Saint-Roch - République",43.60523805,3.87969681,1,,
1262,43127,"Gare Saint-Roch - République",43.60525135,3.87970954,0,S5917,1
1285,43231,"Gare Saint-Roch - République",43.60522475,3.87968408,0,S5917,1
S5918,5918,"Rives du Lez - Consuls de Mer",43.6040132,3.893970545,1,,
1203,42133,"Rives du Lez - Consuls de Mer",43.60399514,3.89397624,0,S5918,1
1235,42237,"Rives du Lez - Consuls de Mer",43.60403126,3.89396485,0,S5918,1
S5920,5920,"Alexandre Yersin",43.6038151,3.83284164,1,,
1658,07152,"Alexandre Yersin",43.60379653,3.83288445,0,S5920,
1829,11141,"Alexandre Yersin",43.60383367,3.83279883,0,S5920,
S5921,5921,"Bugarel",43.592388475,3.852925135,1,,
1667,15117,"Bugarel",43.59236264,3.85284406,0,S5921,
1668,15259,"Bugarel",43.59241431,3.85300621,0,S5921,
S5922,5922,"Ernest Michel",43.59948947,3.87367828,1,,
1662,11134,"Ernest Michel",43.59942702,3.8739611,0,S5922,
1665,11234,"Ernest Michel",43.59955192,3.87339546,0,S5922,
S5923,5923,"Mourèze",43.60736086,3.83223552,1,,
1657,07151,"Mourèze",43.6074096,3.83228628,0,S5923,
1659,07251,"Mourèze",43.60731212,3.83218476,0,S5923,
S5924,5924,"Les Saliniers",43.60418518,3.74465561,1,,
1672,42382,"Les Saliniers",43.60419979,3.74456938,0,S5924,
1673,42482,"Les Saliniers",43.60417057,3.74474184,0,S5924,
S5926,5926,"Centrayrargues",43.59660454,3.88088611,1,,
1678,08226,"Centrayrargues",43.59660454,3.88088611,0,S5926,
S5930,5930,"Boutonnet - Cité des Arts",43.622095565,3.8683344625,1,,
1141,41123,"Boutonnet - Cité des Arts",43.62259556,3.86810038,0,S5930,1
1176,41233,"Boutonnet - Cité des Arts",43.62260385,3.8681501,0,S5930,1
1821,10166,"Boutonnet - Cité des Arts",43.62154171,3.86824536,0,S5930,
1824,10266,"Boutonnet - Cité des Arts",43.62164114,3.86884201,0,S5930,
S5937,5937,"Becquerel",43.61774289,3.91366662,1,,
1719,09255,"Becquerel",43.61774289,3.91366662,0,S5937,
S5938,5938,"Louis Lépine",43.61575306,3.91572754,1,,
1774,14222,"Louis Lépine",43.61575306,3.91572754,0,S5938,
S5939,5939,"Georges Onslow",43.572639925,3.861470195,1,,
1727,53106,"Georges Onslow",43.5725618,3.86159175,0,S5939,
1731,53206,"Georges Onslow",43.57271805,3.86134864,0,S5939,
S5940,5940,"Pont de Guerre",43.57394239,3.867266665,1,,
1726,53105,"Pont de Guerre",43.57393755,3.86729126,0,S5940,
1730,53205,"Pont de Guerre",43.57394723,3.86724207,0,S5940,
S5941,5941,"Charles Martel",43.55057786,3.835286165,1,,
1724,32123,"Charles Martel",43.55055522,3.83529793,0,S5941,
1725,32223,"Charles Martel",43.5506005,3.8352744,0,S5941,
S5942,5942,"Portalière des Masques",43.61725226,3.86643516,1,,
1734,07166,"Portalière des Masques",43.61725226,3.86643516,0,S5942,
S5943,5943,"Pic Saint-Loup",43.63915038,3.85340573,1,,
1736,23159,"Pic Saint-Loup",43.63914398,3.85354172,0,S5943,
1737,23259,"Pic Saint-Loup",43.63915678,3.85326974,0,S5943,
S5948,5948,"Fesquet",43.65314463,3.88127662,1,,
1752,22170,"Fesquet",43.65314463,3.88127662,0,S5948,
S5949,5949,"Collège les Garrigues",43.64308353,3.816700965,1,,
1747,19105,"Collège Les Garrigues",43.64300298,3.81634607,0,S5949,
1750,19205,"Collège Les Garrigues",43.64316408,3.81705586,0,S5949,
S5950,5950,"Uppsala",43.629740695,3.822431845,1,,
1745,19103,"Uppsala",43.62968754,3.82237477,0,S5950,
1748,19203,"Uppsala",43.62979385,3.82248892,0,S5950,
S5952,5952,"Dévézou",43.67399852,3.85798586,1,,
1755,26215,"Dévézou",43.67399852,3.85798586,0,S5952,
S5953,5953,"Stade Rolland Gamet",43.64905698,3.932836525,1,,
1757,30112,"Stade Rolland Gamet",43.64907128,3.93278121,0,S5953,
1758,30113,"Stade Rolland Gamet",43.64904268,3.93289184,0,S5953,
1759,30212,"Stade Rolland Gamet",43.64907128,3.93278121,0,S5953,
1760,30213,"Stade Rolland Gamet",43.64904268,3.93289184,0,S5953,
S5954,5954,"Marcel Dassault",43.56263216,3.84144923,1,,
1761,32157,"Marcel Dassault",43.56273393,3.84124176,0,S5954,
1762,32257,"Marcel Dassault",43.56253039,3.8416567,0,S5954,
S5955,5955,"Stédo",43.56024424,3.79530416,1,,
1763,33120,"Stédo",43.56027602,3.795614,0,S5955,
1764,33219,"Stédo",43.56021246,3.79499432,0,S5955,
S5956,5956,"Becquerel",43.61842025,3.91406892,1,,
1771,14121,"Becquerel",43.61842025,3.91406892,0,S5956,
S5957,5957,"Amandiers",43.609875825,3.801173795,1,,
1766,42193,"Amandiers",43.60987683,3.80109959,0,S5957,
1767,42293,"Amandiers",43.60987482,3.801248,0,S5957,
S5958,5958,"Alfred Nobel",43.61600677,3.91003657,1,,
1781,61105,"Alfred Nobel",43.61605017,3.91014294,0,S5958,
1788,61205,"Alfred Nobel",43.61596337,3.9099302,0,S5958,
S5959,5959,"Jules Isaac",43.62214345,3.89816498,1,,
1770,14120,"Jules Isaac",43.62212036,3.89820766,0,S5959,
1772,14220,"Jules Isaac",43.62216654,3.8981223,0,S5959,
S5960,5960,"Pont Juvénal",43.606236945,3.89810751,1,,
1778,61102,"Pont Juvénal",43.60617297,3.89817999,0,S5960,
1785,61202,"Pont Juvénal",43.60630092,3.89803503,0,S5960,
S5961,5961,"Pont Juvénal - Platon",43.60653515,3.89862289,1,,
1773,14221,"Pont Juvénal - Platon",43.60653515,3.89862289,0,S5961,
S5962,5962,"Verchant",43.623095675,3.918331315,1,,
1783,61107,"Verchant",43.62314815,3.91843177,0,S5962,
1790,61207,"Verchant",43.6230432,3.91823086,0,S5962,
S5963,5963,"Alouettes",43.61397693,3.81129465,1,,
1800,34106,"Alouettes",43.61402745,3.81121553,0,S5963,
1801,34206,"Alouettes",43.61392641,3.81137377,0,S5963,
S5965,5965,"Parc Montcalm",43.59999468,3.85988711,1,,
1797,11236,"Parc Montcalm",43.59999468,3.85988711,0,S5965,
S5966,5966,"Chamberte - Les Roses",43.6028499766667,3.85522536,1,,
1798,11237,"Chamberte - Les Roses",43.60330554,3.85649926,0,S5966,
1902,45112,"Chamberte - Les Roses",43.60264034,3.85457652,0,S5966,
1917,45208,"Chamberte - Les Roses",43.60260405,3.8546003,0,S5966,1
S5973,5973,"Clinique du Parc",43.63535851,3.89098223,1,,
1883,35230,"Clinique du Parc",43.63535851,3.89098223,0,S5973,
S5974,5974,"Clapiers",43.65354756,3.872796294,1,,
1865,23151,"Clapiers",43.65350788,3.87280513,0,S5974,
1866,23152,"Clapiers",43.65350788,3.87280513,0,S5974,
1871,23251,"Clapiers",43.65350788,3.87280513,0,S5974,
1872,23252,"Clapiers",43.65350788,3.87280513,0,S5974,
1891,45101,"Clapiers",43.65370628,3.87276095,0,S5974,1
S5975,5975,"Devois",43.73107986,3.97386024,1,,
1884,36267,"Devois",43.73107986,3.97386024,0,S5975,
S5977,5977,"Dévézou",43.67418034,3.85784207,1,,
1878,26116,"Dévézou",43.67418034,3.85784207,0,S5977,
S5978,5978,"Distillerie",43.675120895,3.86733635,1,,
1867,23160,"Distillerie",43.67506152,3.86740288,0,S5978,
1873,23260,"Distillerie",43.67518027,3.86726982,0,S5978,
S5979,5979,"Montferrier-sur-Lez",43.651343416,3.86732401,1,,
1864,22171,"Montferrier-sur-Lez",43.65128743,3.86708727,0,S5979,
1877,26112,"Montferrier-sur-Lez",43.65128743,3.86708727,0,S5979,
1880,26216,"Montferrier-sur-Lez",43.65135816,3.86780726,0,S5979,
1892,45102,"Montferrier-sur-Lez",43.65141009,3.86731342,0,S5979,
1928,45219,"Montferrier-sur-Lez",43.65137397,3.86732483,0,S5979,1
S5980,5980,"Agropolis",43.645962205,3.86858484,1,,
1893,45103,"Agropolis",43.64596247,3.86856628,0,S5980,
1927,45218,"Agropolis",43.64596194,3.8686034,0,S5980,1
S5981,5981,"Cimetière Saint-Lazare",43.62585691,3.88968408,1,,
1822,10264,"Cimetière Saint-Lazare",43.62585691,3.88968408,0,S5981,
S5982,5982,"Cité Créative - Parc Montcalm",43.601663715,3.86201599,1,,
1901,45111,"Cité Créative - Parc Montcalm",43.6016816,3.86202265,0,S5982,
1918,45209,"Cité Créative - Parc Montcalm",43.60164583,3.86200933,0,S5982,1
S5983,5983,"CNRS - Zoo de Lunaret",43.638215275,3.8658766,1,,
1895,45105,"CNRS - Zoo de Lunaret",43.63820655,3.8658578,0,S5983,
1925,45216,"CNRS - Zoo de Lunaret",43.638224,3.8658954,0,S5983,1
S5984,5984,"Ecole d'Architecture",43.63778207,3.859620275,1,,
1839,13134,"École d'Architecture",43.63741206,3.85972181,0,S5984,
1845,13234,"École d'Architecture",43.63815208,3.85951874,0,S5984,
S5985,5985,"Grèzes",43.61054927,3.82821148,1,,
1828,11140,"Grèzes",43.61054927,3.82821148,0,S5985,
S5986,5986,"Jean Baumel",43.64065736,3.857165545,1,,
1840,13135,"Jean Baumel",43.64066539,3.85723384,0,S5986,
1846,13235,"Jean Baumel",43.64064933,3.85709725,0,S5986,
S5987,5987,"Jean Rostand",43.636011305,3.87928449,1,,
1836,13131,"Jean Rostand",43.63598514,3.87922808,0,S5987,
1842,13231,"Jean Rostand",43.63603747,3.8793409,0,S5987,
S5988,5988,"Lycée Pierre Mendès France",43.599155145,3.9202291,1,,
1847,15119,"Lycée Pierre Mendès France",43.59939005,3.92014902,0,S5988,
1855,15266,"Lycée Pierre Mendès France",43.59892024,3.92030918,0,S5988,
S5989,5989,"Montasinos",43.62231328,3.88320853,1,,
1820,10165,"Montasinos",43.62235416,3.8831787,0,S5989,
1823,10265,"Montasinos",43.6222724,3.88323836,0,S5989,
S5990,5990,"Ovalie",43.59140579,3.847667415,1,,
1905,45115,"Ovalie",43.59141936,3.84766159,0,S5990,
1914,45205,"Ovalie",43.59139222,3.84767324,0,S5990,1
S5991,5991,"Parc Bagatelle",43.593643165,3.842259745,1,,
1906,45116,"Parc Bagatelle",43.59366105,3.8422664,0,S5991,
1913,45204,"Parc Bagatelle",43.59362528,3.84225309,0,S5991,1
S5992,5992,"Parc Clémenceau",43.603324275,3.872043385,1,,
1899,45109,"Parc Clémenceau",43.60352234,3.87233942,0,S5992,
1920,45211,"Parc Clémenceau",43.60312621,3.87174735,0,S5992,1
S5993,5993,"Parc des Bouisses",43.592717565,3.8292642175,1,,
1881,32158,"Parc des Bouisses",43.59246898,3.82903819,0,S5993,
1882,32258,"Parc des Bouisses",43.5923347,3.82899758,0,S5993,
1908,45118,"Parc des Bouisses",43.59304694,3.82949854,0,S5993,
1911,45202,"Parc des Bouisses",43.59301964,3.82952256,0,S5993,1
S5994,5994,"Parc Font-Colombe",43.59543125,3.83714289,1,,
1907,45117,"Parc Font-Colombe",43.59544905,3.83715573,0,S5994,
1912,45203,"Parc Font-Colombe",43.59541345,3.83713005,0,S5994,1
S5995,5995,"Pénélope",43.60221736,3.915532785,1,,
1848,15120,"Pénélope",43.60228988,3.91549149,0,S5995,
1852,15263,"Pénélope",43.60214484,3.91557408,0,S5995,
S5996,5996,"Pierre Galen",43.59842676,3.86525078,1,,
1825,11137,"Pierre Galen",43.59842676,3.86525078,0,S5996,
S5997,5997,"Pôle Chimie Balard",43.63436429,3.867862135,1,,
1838,13133,"Pôle Chimie Balard",43.63471652,3.86790562,0,S5997,
1844,13233,"Pôle Chimie Balard",43.63474716,3.86764651,0,S5997,
1896,45106,"Pôle Chimie Balard",43.63399709,3.86792346,0,S5997,
1924,45215,"Pôle Chimie Balard",43.63399639,3.86797295,0,S5997,1
S5998,5998,"Stade Sabathé",43.597503885,3.870433575,1,,
1859,17138,"Stade Sabathé",43.59744565,3.87041964,0,S5998,
1863,17238,"Stade Sabathé",43.59756212,3.87044751,0,S5998,
S5999,5999,"Université Paul Valéry",43.62997699,3.869628795,1,,
1897,45107,"Université Paul Valéry",43.62997276,3.86961012,0,S5999,
1923,45214,"Université Paul Valéry",43.62998122,3.86964747,0,S5999,1
S6000,6000,"Zoo",43.63906102,3.8731282,1,,
1837,13132,"Zoo",43.63906437,3.87320875,0,S6000,
1843,13232,"Zoo",43.63905767,3.87304765,0,S6000,
S6001,6001,"Pendances",43.68441524,3.863615305,1,,
1869,23162,"Pendances",43.6844104,3.86363995,0,S6001,
1875,23262,"Pendances",43.68442008,3.86359066,0,S6001,
S6002,6002,"Grés de Montpellier",43.59288874,3.823198995,1,,
1885,38111,"Grés de Montpellier",43.5926972,3.82290954,0,S6002,
1890,38214,"Grés de Montpellier",43.59295899,3.82282978,0,S6002,
1909,45119,"Grés de Montpellier",43.59296744,3.82352262,0,S6002,
1910,45201,"Grés de Montpellier",43.59293133,3.82353404,0,S6002,1
S6003,6003,"Boirargues",43.58539693,3.920200305,1,,
1929,43147,"Boirargues",43.58538354,3.92019375,0,S6003,1
1930,43211,"Boirargues",43.58541032,3.92020686,0,S6003,1
