id_local,code_com,coordonneesxy,capacite,capacite_cargo,type_accroche,mobilier,mobilier_complement,acces,gratuit,protection,couverture,date_maj,materiaux,coloris,nom_comm
2583,34057,"[3.924278630750278,43.64459514550213]",2,,CADRE ET ROUE,ARCEAU,ARCEAU VELOS,LIBRE ACCES,,,,,,,Castelnau-le-Lez
2584,34057,"[3.9241604630047457,43.64495763650969]",2,,CADRE ET ROUE,ARCEAU,ARCEAU VELOS,LIBRE ACCES,,,,,,,Castelnau-le-Lez
2585,34057,"[3.925211591305631,43.63655808871646]",6,,CADRE ET ROUE,ARCEAU,ARCEAU VELOS,LIBRE ACCES,,,,,,,Castelnau-le-Lez
2586,34057,"[3.925651770153622,43.636283708772794]",6,,CADRE ET ROUE,ARCEAU,ARCEAU VELOS,LIBRE ACCES,,,,,,,Castelnau-le-Lez
2589,34057,"[3.9174265989361046,43.65303522074852]",3,,CADRE ET ROUE,ARCEAU,ARCEAU VELOS,LIBRE ACCES,,,,,,,Castelnau-le-Lez
2564,34172,"[3.8749540330500345,43.6037422770302]",8,,CADRE ET ROUE,ARCEAU,ARCEAU VELOS,LIBRE ACCES,,,,,,,Montpellier
2566,34057,"[3.9152697315685385,43.63619587891201]",26,,CADRE ET ROUE,ARCEAU,ARCEAU VELOS,LIBRE ACCES,,,,,,,Castelnau-le-Lez
2541,34057,"[3.9161906037967618,43.633199642290705]",4,,CADRE ET ROUE,ARCEAU,ARCEAU VELOS,LIBRE ACCES,,,,,,,Castelnau-le-Lez
2565,34172,"[3.898435973984613,43.59983401404352]",4,,CADRE ET ROUE,ARCEAU,ARCEAU VELOS,LIBRE ACCES,,,,,,,Montpellier
2567,34057,"[3.9162634910408585,43.64502665978515]",4,,ROUE,RATELIER,PINCE-ROUE,LIBRE ACCES,,,,,,,Castelnau-le-Lez
2569,34057,"[3.9146958185934784,43.6450533100767]",4,,ROUE,RATELIER,PINCE-ROUE,LIBRE ACCES,,,,,,,Castelnau-le-Lez
2594,34090,"[3.935994047106067,43.64275164115215]",5,,CADRE ET ROUE,ARCEAU,ARCEAU VELOS,LIBRE ACCES,,,,,,,Le Crès
2595,34090,"[3.935996809254074,43.643037475736946]",3,,CADRE ET ROUE,ARCEAU,ARCEAU VELOS,LIBRE ACCES,,,,,,,Le Crès
2572,34057,"[3.9102785301175365,43.64474194509911]",6,,CADRE ET ROUE,ARCEAU,ARCEAU VELOS,LIBRE ACCES,,,,,,,Castelnau-le-Lez
2573,34057,"[3.9206132603432637,43.64947798287117]",6,,CADRE ET ROUE,ARCEAU,ARCEAU VELOS,LIBRE ACCES,,,,,,,Castelnau-le-Lez
2596,34090,"[3.934225351664444,43.640052802586034]",3,,CADRE ET ROUE,ARCEAU,ARCEAU VELOS,LIBRE ACCES,,,,,,,Le Crès
1051,34172,"[3.9070003088715133,43.60413774427872]",2,,CADRE ET ROUE,ARCEAU,ARCEAU VELOS,LIBRE ACCES,,,,,INOX,,Montpellier
1481,34172,"[3.912455243748822,43.611134387407176]",2,,CADRE ET ROUE,ARCEAU,ARCEAU VELOS,LIBRE ACCES,,,false,,INOX,,Montpellier
1050,34172,"[3.893637391712803,43.602512853442725]",2,,CADRE ET ROUE,ARCEAU,ARCEAU VELOS,LIBRE ACCES,,,,,INOX,,Montpellier
874,34169,"[3.855107139384921,43.667665608087674]",3,,CADRE ET ROUE,ARCEAU,ARCEAU VELOS,LIBRE ACCES,,,,,,,Montferrier-sur-Lez
297,34172,"[3.872667799999999,43.61104620002313]",7,,CADRE ET ROUE,ARCEAU,ARCEAU VELOS,LIBRE ACCES,,,false,,INOX,,Montpellier
2543,34057,"[3.907990937254803,43.633514676673634]",4,,CADRE ET ROUE,ARCEAU,ARCEAU VELOS,LIBRE ACCES,,,,,,,Castelnau-le-Lez
1312,34307,"[4.0041655319135225,43.712978089663174]",2,,CADRE ET ROUE,ARCEAU,ARCEAU VELOS,LIBRE ACCES,,,false,,INOX,marron,Sussargues
107,34172,"[3.898711599999999,43.604107900023145]",6,,CADRE ET ROUE,ARCEAU,ARCEAU VELOS,LIBRE ACCES,,,false,,INOX,marron,Montpellier
1649,34172,"[3.866690542796124,43.61253987441222]",2,,CADRE ET ROUE,ARCEAU,ARCEAU VELOS,LIBRE ACCES,true,,false,,INOX,,Montpellier
1552,34172,"[3.8697861772180118,43.61530170877167]",4,,CADRE ET ROUE,ARCEAU,ARCEAU VELOS,LIBRE ACCES,,,false,,INOX,,Montpellier
2409,34172,"[3.854262221959515,43.60345693028218]",2,,CADRE ET ROUE,ARCEAU,ARCEAU VELOS,LIBRE ACCES,,,,,,,Montpellier
2571,34057,"[3.913042212652509,43.64421937243331]",6,,CADRE ET ROUE,ARCEAU,ARCEAU VELOS,LIBRE ACCES,,,,,,,Castelnau-le-Lez
2591,34090,"[3.9354259653322607,43.64237185883071]",7,,CADRE ET ROUE,ARCEAU,ARCEAU VELOS,LIBRE ACCES,,,,,,,Le Crès
2592,34090,"[3.9358402875335776,43.64320204654763]",7,,CADRE ET ROUE,ARCEAU,ARCEAU VELOS,LIBRE ACCES,,,,,,,Le Crès
2593,34090,"[3.9355824870527583,43.64228923920073]",6,,CADRE ET ROUE,ARCEAU,ARCEAU VELOS,LIBRE ACCES,,,,,,,Le Crès
2597,34090,"[3.9402684711496554,43.64750571301465]",2,,CADRE ET ROUE,ARCEAU,ARCEAU VELOS,LIBRE ACCES,,,,,,,Le Crès
2598,34090,"[3.938494251412018,43.64631148397404]",2,,CADRE ET ROUE,ARCEAU,ARCEAU VELOS,LIBRE ACCES,,,,,,,Le Crès
1230,34172,"[3.884827852683522,43.59561549787866]",6,,ROUE,RATELIER,PINCE-ROUE,LIBRE ACCES,,,true,,,,Montpellier
78,34172,"[3.8392332999999996,43.613424000023144]",5,,CADRE ET ROUE,ARCEAU,ARCEAU VELOS,LIBRE ACCES,,,false,,INOX,,Montpellier
392,34172,"[3.8817353157666212,43.61326998999151]",8,,CADRE ET ROUE,ARCEAU,ARCEAU VELOS,LIBRE ACCES,,,false,,INOX,,Montpellier
1741,34172,"[3.8992138161794814,43.603634742464344]",5,,CADRE ET ROUE,ARCEAU,ARCEAU VELOS,LIBRE ACCES,true,,,,,,Montpellier
407,34172,"[3.8572238796103893,43.61468355663582]",5,,CADRE ET ROUE,ARCEAU,ARCEAU VELOS,LIBRE ACCES,,,false,,INOX,,Montpellier
2274,34172,"[3.871755252589795,43.60345234057755]",1,1,CADRE ET ROUE,ARCEAU,ARCEAU VELOS,LIBRE ACCES,,,,,,,Montpellier
1147,34172,"[3.8938076658832133,43.61889540644344]",5,,CADRE ET ROUE,ARCEAU,ARCEAU VELOS,LIBRE ACCES,,,false,,INOX,,Montpellier
409,34172,"[3.86851963625047,43.60023272715201]",7,,CADRE ET ROUE,ARCEAU,ARCEAU VELOS,LIBRE ACCES,,,false,,INOX,,Montpellier
1248,34172,"[3.842982329017743,43.59090100461392]",4,,CADRE ET ROUE,ARCEAU,ARCEAU VELOS,LIBRE ACCES,,,false,,INOX,,Montpellier
872,34172,"[3.8114849175752794,43.63961816500211]",3,,CADRE ET ROUE,ARCEAU,ARCEAU VELOS,LIBRE ACCES,,,,,INOX,,Montpellier
2089,34172,"[3.902711441309459,43.59816689007674]",4,,CADRE ET ROUE,ARCEAU,ARCEAU VELOS,LIBRE ACCES,true,,,,,,Montpellier
1513,34172,"[3.87140279294451,43.63165159237831]",2,,CADRE ET ROUE,ARCEAU,ARCEAU VELOS,LIBRE ACCES,,,false,,INOX,,Montpellier
1973,34172,"[3.8720207323854647,43.61595268425224]",4,,CADRE ET ROUE,ARCEAU,ARCEAU VELOS,LIBRE ACCES,true,,,,,,Montpellier
1968,34172,"[3.8954338312105516,43.606743074937064]",3,,CADRE ET ROUE,ARCEAU,ARCEAU VELOS,LIBRE ACCES,true,,,,,,Montpellier
1288,34172,"[3.8738704,43.609422200023104]",3,,CADRE ET ROUE,ARCEAU,ARCEAU VELOS,LIBRE ACCES,,,,,INOX,,Montpellier
166,34172,"[3.873680399999999,43.612794000023115]",1,,CADRE ET ROUE,ARCEAU,ARCEAU VELOS,LIBRE ACCES,,,false,,INOX,,Montpellier
1718,34198,"[3.95173389024656,43.56225371085504]",7,,CADRE ET ROUE,ARCEAU,ARCEAU VELOS,LIBRE ACCES,true,,,,,,Pérols
1596,34172,"[3.879504193137789,43.59205460514566]",5,,CADRE ET ROUE,ARCEAU,ARCEAU VELOS,LIBRE ACCES,,,,,,,Montpellier
275,34172,"[3.8726051688462855,43.6093002587663]",5,,CADRE ET ROUE,ARCEAU,ARCEAU VELOS,LIBRE ACCES,,,false,,INOX,,Montpellier
494,34172,"[3.8687883964936653,43.606864563358755]",3,,CADRE ET ROUE,ARCEAU,ARCEAU VELOS,LIBRE ACCES,,,false,,INOX,,Montpellier
732,34172,"[3.9134341999999993,43.60076300002314]",5,,CADRE ET ROUE,ARCEAU,ARCEAU VELOS,LIBRE ACCES,,,,,INOX,,Montpellier
1012,34172,"[3.8907139145456044,43.606401222471085]",3,,CADRE ET ROUE,ARCEAU,ARCEAU VELOS,LIBRE ACCES,,,,,INOX,,Montpellier
350,34172,"[3.9028495,43.60227880002315]",5,,CADRE ET ROUE,ARCEAU,ARCEAU VELOS,LIBRE ACCES,,,false,,INOX,,Montpellier
907,34172,"[3.871366171402617,43.60948964770467]",5,,CADRE ET ROUE,ARCEAU,ARCEAU VELOS,LIBRE ACCES,,,,,,,Montpellier
1385,34172,"[3.8393508537261933,43.59641830403554]",4,,CADRE ET ROUE,ARCEAU,ARCEAU VELOS,LIBRE ACCES,,,false,,INOX,,Montpellier
787,34172,"[3.8392767000000005,43.63943910002306]",2,,CADRE ET ROUE,ARCEAU,ARCEAU VELOS,LIBRE ACCES,,,,,INOX,,Montpellier
237,34172,"[3.8918017,43.609980900023125]",5,,CADRE ET ROUE,ARCEAU,ARCEAU VELOS,LIBRE ACCES,,,,,INOX,,Montpellier
276,34172,"[3.8738265655125974,43.615693087521905]",2,,CADRE ET ROUE,ARCEAU,ARCEAU VELOS,LIBRE ACCES,,,false,,INOX,,Montpellier
1198,34172,"[3.8543628123106672,43.61168095962321]",3,,CADRE ET ROUE,ARCEAU,ARCEAU VELOS,LIBRE ACCES,,,false,,INOX,,Montpellier
783,34172,"[3.9038901999999993,43.607658800023145]",4,,CADRE ET ROUE,ARCEAU,ARCEAU VELOS,LIBRE ACCES,,,false,,INOX,,Montpellier
547,34172,"[3.8932016448676947,43.6173859141302]",2,,CADRE ET ROUE,ARCEAU,ARCEAU VELOS,LIBRE ACCES,,,,,INOX,,Montpellier
1273,34057,"[3.915191470708302,43.635864921499696]",2,,CADRE ET ROUE,ARCEAU,ARCEAU VELOS,LIBRE ACCES,,,,,,,Castelnau-le-Lez
2520,34172,"[3.831760092481566,43.6178864360172]",2,,CADRE ET ROUE,ARCEAU,ARCEAU VELOS,LIBRE ACCES,,,,,,,Montpellier
443,34172,"[3.8841613238237263,43.60522104341]",4,,CADRE ET ROUE,ARCEAU,ARCEAU VELOS,LIBRE ACCES,,,false,,INOX,,Montpellier
2223,34172,"[3.8918095376277333,43.5937499483053]",5,,CADRE ET ROUE,ARCEAU,ARCEAU VELOS,LIBRE ACCES,true,,,,,,Montpellier
224,34172,"[3.8687431999999995,43.60318060002315]",7,,CADRE ET ROUE,ARCEAU,ARCEAU VELOS,LIBRE ACCES,,,,,INOX,,Montpellier
1835,34172,"[3.8283879673396557,43.614572537577956]",10,,CADRE ET ROUE,ARCEAU,ARCEAU VELOS,LIBRE ACCES,true,,,,,,Montpellier
2531,34057,"[3.916587928036456,43.61975568204149]",6,,CADRE ET ROUE,ARCEAU,ARCEAU VELOS,LIBRE ACCES,,,,,,,Castelnau-le-Lez
1518,34172,"[3.8510127612274525,43.589245242843155]",2,,CADRE ET ROUE,ARCEAU,ARCEAU VELOS,LIBRE ACCES,,,false,,INOX,,Montpellier
1346,34172,"[3.855309559142487,43.62222694683461]",3,,CADRE ET ROUE,ARCEAU,ARCEAU VELOS,LIBRE ACCES,,,false,,INOX,,Montpellier
807,34172,"[3.8600346,43.600614500023156]",4,,CADRE ET ROUE,ARCEAU,ARCEAU VELOS,LIBRE ACCES,,,,,INOX,gris,Montpellier
2271,34172,"[3.8733534524230886,43.604272602832786]",4,,CADRE ET ROUE,ARCEAU,ARCEAU VELOS,LIBRE ACCES,,,,,,,Montpellier
1186,34172,"[3.9100670447947707,43.603244141440484]",6,,CADRE ET ROUE,ARCEAU,ARCEAU VELOS,LIBRE ACCES,,,false,,INOX,,Montpellier
80,34172,"[3.8273523999999997,43.63879440002305]",7,,CADRE ET ROUE,ARCEAU,ARCEAU VELOS,LIBRE ACCES,,,,,INOX,,Montpellier
1453,34172,"[3.8654265000010994,43.59666561174449]",4,,CADRE ET ROUE,ARCEAU,ARCEAU VELOS,LIBRE ACCES,,,false,,INOX,,Montpellier
1918,34172,"[3.8683942937363565,43.64447385312513]",4,,CADRE ET ROUE,ARCEAU,ARCEAU VELOS,LIBRE ACCES,true,,,,,,Montpellier
2347,34172,"[3.923547448238327,43.59566611993089]",20,,CADRE ET ROUE,ARCEAU,ARCEAU VELOS,LIBRE ACCES,true,,,,,,Montpellier
199,34172,"[3.9016362115767897,43.601740816736715]",4,,CADRE ET ROUE,ARCEAU,ARCEAU VELOS,LIBRE ACCES,,,false,,INOX,,Montpellier
402,34172,"[3.886127099999999,43.61289410002313]",20,,CADRE ET ROUE,ARCEAU,ARCEAU VELOS,LIBRE ACCES,,,,,,,Montpellier
2275,34172,"[3.8706142215369925,43.602592211572535]",6,,CADRE ET ROUE,ARCEAU,ARCEAU VELOS,LIBRE ACCES,,,,,,,Montpellier
1,34172,"[3.8825564,43.62619850002311]",3,,CADRE ET ROUE,ARCEAU,ARCEAU VELOS,LIBRE ACCES,,,false,,INOX,,Montpellier
988,34172,"[3.835241083674216,43.63557494619625]",20,,CADRE ET ROUE,ARCEAU,ARCEAU VELOS,LIBRE ACCES,,,,,INOX,,Montpellier
2251,34172,"[3.8821152447638614,43.6140850975796]",6,,CADRE ET ROUE,ARCEAU,ARCEAU VELOS,LIBRE ACCES,,,,,,,Montpellier
2492,34172,"[3.823120760666142,43.632396000336136]",4,,CADRE ET ROUE,ARCEAU,ARCEAU VELOS,LIBRE ACCES,,,,,,,Montpellier
1995,34172,"[3.8831833300252945,43.605737160619796]",1,,CADRE ET ROUE,ARCEAU,ARCEAU VELOS,LIBRE ACCES,true,,,,,,Montpellier
1837,34172,"[3.892640205833152,43.6070473757641]",8,,CADRE ET ROUE,ARCEAU,ARCEAU VELOS,LIBRE ACCES,true,,,,,,Montpellier
2239,34172,"[3.8691462512960846,43.601880427470135]",4,,CADRE ET ROUE,ARCEAU,ARCEAU VELOS,LIBRE ACCES,,,,,,,Montpellier
1283,34172,"[3.8673908673177717,43.60830410713007]",2,,CADRE ET ROUE,ARCEAU,ARCEAU VELOS,LIBRE ACCES,,,false,,INOX,,Montpellier
631,34172,"[3.8816079022169254,43.618452541161574]",2,,CADRE ET ROUE,ARCEAU,ARCEAU VELOS,LIBRE ACCES,,,,,INOX,,Montpellier
174,34172,"[3.876191110313718,43.613128373648706]",5,,CADRE ET ROUE,ARCEAU,ARCEAU VELOS,LIBRE ACCES,,,false,,INOX,,Montpellier
2533,34057,"[3.9166321350540194,43.619141679170106]",6,,CADRE ET ROUE,ARCEAU,ARCEAU VELOS,LIBRE ACCES,,,,,,,Castelnau-le-Lez
2558,34057,"[3.899526475348311,43.63219578427457]",12,,ROUE,RATELIER,PINCE-ROUE,LIBRE ACCES,,,,,,,Castelnau-le-Lez
1446,34172,"[3.870380400001305,43.59474019093527]",4,,CADRE ET ROUE,ARCEAU,ARCEAU VELOS,LIBRE ACCES,true,,false,,INOX,,Montpellier
2152,34172,"[3.8702427664258328,43.61562677522166]",2,,CADRE ET ROUE,ARCEAU,ARCEAU VELOS,LIBRE ACCES,true,,,,,,Montpellier
2547,34057,"[3.899641462546883,43.62749141044805]",18,,CADRE ET ROUE,ARCEAU,ARCEAU VELOS,LIBRE ACCES,,,,,,,Castelnau-le-Lez
2548,34057,"[3.89774274154562,43.62892559780276]",5,,CADRE ET ROUE,ARCEAU,ARCEAU VELOS,LIBRE ACCES,,,,,,,Castelnau-le-Lez
2065,34172,"[3.8721336577120478,43.605622094327884]",5,,CADRE ET ROUE,ARCEAU,ARCEAU VELOS,LIBRE ACCES,true,,,,,,Montpellier
89,34172,"[3.863694199999999,43.61157090002313]",2,,CADRE ET ROUE,ARCEAU,ARCEAU VELOS,LIBRE ACCES,,,false,,INOX,,Montpellier
803,34120,"[3.912415038703623,43.659515846238115]",12,,ROUE,RATELIER,PINCE-ROUE,LIBRE ACCES,,,,,,,Jacou
1591,34120,"[3.911129070586665,43.66127048914635]",5,,CADRE ET ROUE,ARCEAU,ARCEAU VELOS,LIBRE ACCES,,,,,,,Jacou
2406,34172,"[3.881617017035783,43.60694944829642]",4,,CADRE ET ROUE,ARCEAU,ARCEAU VELOS,LIBRE ACCES,,,,,,,Montpellier
1421,34172,"[3.898323081250618,43.60590931835771]",3,,CADRE ET ROUE,ARCEAU,ARCEAU VELOS,LIBRE ACCES,,,false,,INOX,,Montpellier
1601,34172,"[3.8811836022097705,43.61710770370252]",2,,CADRE ET ROUE,ARCEAU,ARCEAU VELOS,LIBRE ACCES,,,false,,INOX,,Montpellier
279,34172,"[3.8738499000975084,43.61515968907322]",3,,CADRE ET ROUE,ARCEAU,ARCEAU VELOS,LIBRE ACCES,,,false,,INOX,,Montpellier
1895,34172,"[3.819004043845323,43.63824522789832]",5,,CADRE ET ROUE,ARCEAU,ARCEAU VELOS,LIBRE ACCES,,,,,,,Montpellier
2112,34172,"[3.8328748534482764,43.61461656261396]",5,,CADRE ET ROUE,ARCEAU,ARCEAU VELOS,LIBRE ACCES,true,,,,,,Montpellier
234,34172,"[3.870166788245115,43.605111050731765]",5,,CADRE ET ROUE,ARCEAU,ARCEAU VELOS,LIBRE ACCES,,,false,,INOX,,Montpellier
983,34123,"[3.80965096030521,43.61837869021983]",4,,CADRE ET ROUE,ARCEAU,ARCEAU VELOS,LIBRE ACCES,,,,,INOX,,Juvignac
1456,34172,"[3.8747170846828984,43.604011014731945]",4,,CADRE ET ROUE,ARCEAU,ARCEAU VELOS,LIBRE ACCES,,,false,,INOX,,Montpellier
1447,34172,"[3.870429400001307,43.595634976830645]",4,,CADRE ET ROUE,ARCEAU,ARCEAU VELOS,LIBRE ACCES,true,,false,,INOX,,Montpellier
71,34129,"[3.9049316999999997,43.57022550002324]",5,,CADRE ET ROUE,ARCEAU,ARCEAU VELOS,LIBRE ACCES,,,,,INOX,,Lattes
2325,34172,"[3.8705109161286733,43.61539854882522]",1,,CADRE ET ROUE,ARCEAU,ARCEAU VELOS,LIBRE ACCES,true,,,,,,Montpellier
2337,34172,"[3.8358631156030807,43.59656393360699]",3,,CADRE ET ROUE,ARCEAU,ARCEAU VELOS,LIBRE ACCES,true,,,,,,Montpellier
1081,34172,"[3.856074169349908,43.61667525039592]",1,,CADRE ET ROUE,ARCEAU,ARCEAU VELOS,LIBRE ACCES,,,,,INOX,,Montpellier
161,34172,"[3.905137999999999,43.59885060002316]",4,,CADRE ET ROUE,ARCEAU,ARCEAU VELOS,LIBRE ACCES,,,,,INOX,,Montpellier
2206,34172,"[3.879642986605603,43.62159671606056]",4,,CADRE ET ROUE,ARCEAU,ARCEAU VELOS,LIBRE ACCES,true,,,,,,Montpellier
2207,34172,"[3.877506309018779,43.6251373208241]",2,,CADRE ET ROUE,ARCEAU,ARCEAU VELOS,LIBRE ACCES,,,,,,,Montpellier
699,34172,"[3.868365276834069,43.62165329371883]",8,,CADRE ET ROUE,ARCEAU,ARCEAU VELOS,LIBRE ACCES,,,,,INOX,,Montpellier
1215,34172,"[3.8920806492486086,43.59397589391448]",3,,CADRE ET ROUE,ARCEAU,ARCEAU VELOS,LIBRE ACCES,,,false,,INOX,,Montpellier
215,34172,"[3.8619407000000003,43.61189410002313]",4,,CADRE ET ROUE,ARCEAU,ARCEAU VELOS,LIBRE ACCES,,,false,,INOX,,Montpellier
248,34172,"[3.8714644324162464,43.60661940478922]",4,,CADRE ET ROUE,ARCEAU,ARCEAU VELOS,LIBRE ACCES,,,false,,INOX,,Montpellier
1955,34172,"[3.8140523757589984,43.62548824774097]",2,,CADRE ET ROUE,ARCEAU,ARCEAU VELOS,LIBRE ACCES,true,,,,,,Montpellier
959,34172,"[3.8794508712253757,43.61720606132275]",2,,CADRE ET ROUE,ARCEAU,ARCEAU VELOS,LIBRE ACCES,,,,,INOX,,Montpellier
31,34172,"[3.8520716565715714,43.640869797401145]",15,,CADRE ET ROUE,ARCEAU,ARCEAU VELOS,LIBRE ACCES,,,,,,,Montpellier
138,34172,"[3.86890956186189,43.60439879054824]",11,,CADRE ET ROUE,ARCEAU,ARCEAU VELOS,LIBRE ACCES,,,false,,INOX,,Montpellier
2532,34057,"[3.918340420518384,43.62154462115148]",6,,CADRE ET ROUE,ARCEAU,ARCEAU VELOS,LIBRE ACCES,,,,,,,Castelnau-le-Lez
1204,34090,"[3.930728029383016,43.64691184344062]",7,,CADRE ET ROUE,ARCEAU,ARCEAU VELOS,LIBRE ACCES,,,false,,INOX,,Le Crès
2550,34057,"[3.8948504656755953,43.629191283029094]",5,,CADRE ET ROUE,ARCEAU,ARCEAU VELOS,LIBRE ACCES,,,,,,,Castelnau-le-Lez
1965,34172,"[3.8946450625946043,43.60798012755644]",3,,CADRE ET ROUE,ARCEAU,ARCEAU VELOS,LIBRE ACCES,true,,,,,,Montpellier
884,34172,"[3.8863308980383464,43.62550324919875]",2,,CADRE ET ROUE,ARCEAU,ARCEAU VELOS,LIBRE ACCES,,,,,INOX,,Montpellier
1226,34172,"[3.879834151774336,43.58618916632826]",7,,CADRE ET ROUE,ARCEAU,ARCEAU VELOS,LIBRE ACCES,,,true,,,,Montpellier
1251,34172,"[3.8505655404932413,43.592298156597145]",14,,CADRE ET ROUE,ARCEAU,ARCEAU VELOS,LIBRE ACCES,,,false,,INOX,,Montpellier
364,34172,"[3.8671726755598956,43.60711320639642]",2,,CADRE ET ROUE,ARCEAU,ARCEAU VELOS,LIBRE ACCES,,,false,,INOX,,Montpellier
1580,34129,"[3.9017239925441007,43.568299446523085]",1,,CADRE ET ROUE,ARCEAU,ARCEAU VELOS,LIBRE ACCES,,,false,,,,Lattes
2105,34057,"[3.895916859410357,43.63241939798922]",5,,CADRE ET ROUE,POTELET,BOLLARD,LIBRE ACCES,true,,,,,,Castelnau-le-Lez
861,34022,"[4.008791199999999,43.654279200023026]",10,,CADRE ET ROUE,ARCEAU,ARCEAU VELOS,LIBRE ACCES,,,false,,,,Baillargues
820,34172,"[3.867079655245778,43.60807812327299]",4,,CADRE ET ROUE,ARCEAU,ARCEAU VELOS,LIBRE ACCES,,,false,,INOX,,Montpellier
2108,34172,"[3.8633902514560483,43.60842895477595]",2,,CADRE ET ROUE,ARCEAU,ARCEAU VELOS,LIBRE ACCES,true,,,,,,Montpellier
1984,34172,"[3.8815784405760754,43.603773257287614]",3,1,CADRE ET ROUE,ARCEAU,ARCEAU VELOS,LIBRE ACCES,true,,,,,,Montpellier
800,34172,"[3.902683285478491,43.59711360616292]",2,,CADRE ET ROUE,ARCEAU,ARCEAU VELOS,LIBRE ACCES,,,,,INOX,,Montpellier
1235,34172,"[3.8598245246367293,43.58374566067771]",9,,CADRE ET ROUE,ARCEAU,ARCEAU VELOS,LIBRE ACCES,,,false,,INOX,,Montpellier
310,34172,"[3.875129337298419,43.609479706472825]",2,,CADRE ET ROUE,ARCEAU,ARCEAU VELOS,LIBRE ACCES,,,false,,INOX,,Montpellier
493,34172,"[3.860199399999999,43.60656210002313]",3,,CADRE ET ROUE,ARCEAU,ARCEAU VELOS,LIBRE ACCES,,,false,,INOX,,Montpellier
503,34172,"[3.8864225921071007,43.615694295825406]",4,,CADRE ET ROUE,ARCEAU,ARCEAU VELOS,LIBRE ACCES,,,,,INOX,,Montpellier
2500,34172,"[3.823064830695231,43.625328902006196]",5,,ROUE,RATELIER,PINCE-ROUE,LIBRE ACCES,,,,,,,Montpellier
1097,34172,"[3.8601260532632677,43.58149268122707]",5,,CADRE ET ROUE,ARCEAU,ARCEAU VELOS,LIBRE ACCES,,,,,INOX,,Montpellier
802,34172,"[3.9027988999999996,43.60751260002315]",2,,CADRE ET ROUE,ARCEAU,ARCEAU VELOS,LIBRE ACCES,,,,,INOX,,Montpellier
1343,34172,"[3.8480285111092076,43.62152792365662]",3,,CADRE ET ROUE,ARCEAU,ARCEAU VELOS,LIBRE ACCES,,,false,,INOX,,Montpellier
323,34172,"[3.836553650377959,43.61664190418417]",4,,CADRE ET ROUE,ARCEAU,ARCEAU VELOS,LIBRE ACCES,,,false,,INOX,,Montpellier
317,34172,"[3.8814935860156523,43.61327358004823]",8,,CADRE ET ROUE,ARCEAU,ARCEAU VELOS,LIBRE ACCES,,,false,,INOX,,Montpellier
817,34172,"[3.8669567231398085,43.60886253657129]",4,,CADRE ET ROUE,ARCEAU,ARCEAU VELOS,LIBRE ACCES,,,false,,INOX,,Montpellier
1310,34244,"[4.0323855,43.663448900022985]",5,,CADRE ET ROUE,ARCEAU,ARCEAU VELOS,LIBRE ACCES,,,,,,,Saint-Brès
2405,34172,"[3.832640275252201,43.61305516803981]",5,,CADRE ET ROUE,ARCEAU,ARCEAU VELOS,LIBRE ACCES,,,,,,,Montpellier
18,34172,"[3.876487192331475,43.61042090688088]",10,,CADRE ET ROUE,ARCEAU,ARCEAU VELOS,LIBRE ACCES,,,false,,INOX,,Montpellier
1181,34172,"[3.8924522367633805,43.60723102728168]",8,,CADRE ET ROUE,ARCEAU,ARCEAU VELOS,LIBRE ACCES,,,false,,INOX,,Montpellier
1910,34172,"[3.8693350713803873,43.62891589681215]",8,,CADRE ET ROUE,ARCEAU,ARCEAU VELOS,LIBRE ACCES,true,,,,,,Montpellier
1347,34172,"[3.8573451429562304,43.62079482917724]",3,,CADRE ET ROUE,ARCEAU,ARCEAU VELOS,LIBRE ACCES,,,false,,INOX,,Montpellier
709,34172,"[3.8727532881982616,43.6184745012528]",2,,CADRE ET ROUE,ARCEAU,ARCEAU VELOS,LIBRE ACCES,,,,,INOX,,Montpellier
1717,34129,"[3.905065871952516,43.569713584912876]",3,,CADRE ET ROUE,ARCEAU,ARCEAU VELOS,LIBRE ACCES,true,,,,,,Lattes
355,34172,"[3.8429423222598262,43.6318661932243]",8,,CADRE ET ROUE,ARCEAU,ARCEAU VELOS,LIBRE ACCES,,,true,,INOX,,Montpellier
263,34337,"[3.8618253460311096,43.53327689120736]",3,,CADRE ET ROUE,ARCEAU,ARCEAU VELOS,LIBRE ACCES,,,,,,,Villeneuve-lès-Maguelone
122,34172,"[3.8905098000000002,43.609231800023146]",11,,CADRE ET ROUE,ARCEAU,ARCEAU VELOS,LIBRE ACCES,,,false,,INOX,,Montpellier
2149,34172,"[3.8697068084570057,43.61440451358057]",3,,CADRE ET ROUE,ARCEAU,ARCEAU VELOS,LIBRE ACCES,true,,,,,,Montpellier
1190,34172,"[3.8472773887395197,43.621712712537274]",7,,CADRE ET ROUE,ARCEAU,ARCEAU VELOS,LIBRE ACCES,,,false,,INOX,,Montpellier
1323,34172,"[3.8702711115404798,43.59717496808065]",4,,CADRE ET ROUE,ARCEAU,ARCEAU VELOS,LIBRE ACCES,,,false,,INOX,,Montpellier
897,34172,"[3.9357096132976697,43.61504558126051]",3,,CADRE ET ROUE,ARCEAU,ARCEAU VELOS,LIBRE ACCES,,,,,INOX,,Montpellier
536,34172,"[3.8844975999999987,43.60485330002315]",4,,CADRE ET ROUE,ARCEAU,ARCEAU VELOS,LIBRE ACCES,,,false,,INOX,,Montpellier
96,34172,"[3.9004456999999997,43.600605600023165]",6,,CADRE ET ROUE,ARCEAU,ARCEAU VELOS,LIBRE ACCES,,,false,,INOX,,Montpellier
450,34077,"[3.8907675000000004,43.65410550002303]",3,,CADRE ET ROUE,ARCEAU,ARCEAU VELOS,LIBRE ACCES,,,false,,,,Clapiers
574,34172,"[3.8818221999999993,43.615804900023114]",6,,CADRE ET ROUE,ARCEAU,ARCEAU VELOS,LIBRE ACCES,,,,,INOX,,Montpellier
156,34172,"[3.8868070390815808,43.608851004850735]",8,,CADRE ET ROUE,ARCEAU,ARCEAU VELOS,LIBRE ACCES,,,false,,INOX,,Montpellier
2394,34172,"[3.8878723332318263,43.59550025693078]",4,,CADRE ET ROUE,ARCEAU,ARCEAU VELOS,LIBRE ACCES,,,,,,,Montpellier
1593,34120,"[3.904064370945339,43.65922506623796]",2,,CADRE ET ROUE,ARCEAU,ARCEAU VELOS,LIBRE ACCES,,,false,,,,Jacou
1094,34172,"[3.8649468305408767,43.59890503706613]",2,,CADRE ET ROUE,ARCEAU,ARCEAU VELOS,LIBRE ACCES,,,,,INOX,,Montpellier
2088,34172,"[3.8697821405457082,43.61006944540815]",2,,CADRE ET ROUE,ARCEAU,ARCEAU VELOS,LIBRE ACCES,true,,,,,,Montpellier
2043,34077,"[3.8879569594697063,43.654175213027266]",8,,CADRE ET ROUE,ARCEAU,ARCEAU VELOS,LIBRE ACCES,true,,,,,,Clapiers
997,34172,"[3.873422110190784,43.60816513722982]",4,,CADRE ET ROUE,ARCEAU,ARCEAU VELOS,LIBRE ACCES,,,,,INOX,,Montpellier
1210,34172,"[3.8725921236030194,43.588088220769194]",4,,CADRE ET ROUE,ARCEAU,ARCEAU VELOS,LIBRE ACCES,,,false,,INOX,,Montpellier
1357,34172,"[3.862198386488084,43.602276555310816]",20,,CADRE ET ROUE,ARCEAU,ARCEAU VELOS,LIBRE ACCES,,,false,,INOX,gris,Montpellier
1107,34172,"[3.866455544185566,43.612016794114915]",3,,CADRE ET ROUE,ARCEAU,ARCEAU VELOS,LIBRE ACCES,,,false,,INOX,,Montpellier
21,34172,"[3.8330880999999994,43.63445690002308]",5,,CADRE ET ROUE,ARCEAU,ARCEAU VELOS,LIBRE ACCES,,,false,,INOX,marron,Montpellier
158,34172,"[3.886296136059162,43.60844652269392]",9,,CADRE ET ROUE,ARCEAU,ARCEAU VELOS,LIBRE ACCES,,,false,,INOX,,Montpellier
759,34172,"[3.858729362845676,43.61435449652302]",2,,CADRE ET ROUE,ARCEAU,ARCEAU VELOS,LIBRE ACCES,,,,,INOX,,Montpellier
642,34172,"[3.8824382575503016,43.61718021782507]",2,,CADRE ET ROUE,ARCEAU,ARCEAU VELOS,LIBRE ACCES,,,,,INOX,,Montpellier
1410,34172,"[3.9051972548443667,43.59874001722848]",4,,CADRE ET ROUE,ARCEAU,ARCEAU VELOS,LIBRE ACCES,,,false,,INOX,,Montpellier
686,34249,"[3.9783533,43.73289490002281]",4,,CADRE ET ROUE,ARCEAU,ARCEAU VELOS,LIBRE ACCES,,,false,,,,Saint-Drézéry
2209,34172,"[3.8805548254062776,43.618200850250254]",2,,CADRE ET ROUE,ARCEAU,ARCEAU VELOS,LIBRE ACCES,,,,,,,Montpellier
120,34172,"[3.8910589771370137,43.608194547270486]",21,,CADRE ET ROUE,ARCEAU,ARCEAU VELOS,LIBRE ACCES,,,false,,INOX,,Montpellier
1099,34172,"[3.8805537906955805,43.61390902098431]",3,,CADRE ET ROUE,ARCEAU,ARCEAU VELOS,LIBRE ACCES,,,false,,INOX,,Montpellier
925,34172,"[3.9016206868831156,43.597594432616205]",3,,CADRE ET ROUE,ARCEAU,ARCEAU VELOS,LIBRE ACCES,,,,,INOX,,Montpellier
1971,34172,"[3.887106370019309,43.606092495591405]",2,,CADRE ET ROUE,ARCEAU,ARCEAU VELOS,LIBRE ACCES,true,,,,,,Montpellier
766,34172,"[3.8907033,43.60502130002315]",2,,CADRE ET ROUE,ARCEAU,ARCEAU VELOS,LIBRE ACCES,,,,,INOX,,Montpellier
837,34172,"[3.8841107169127183,43.60170700194589]",2,,CADRE ET ROUE,ARCEAU,ARCEAU VELOS,LIBRE ACCES,,,,,INOX,,Montpellier
2156,34172,"[3.8615560468505583,43.619829216832336]",2,,CADRE ET ROUE,ARCEAU,ARCEAU VELOS,LIBRE ACCES,true,,,,,,Montpellier
408,34172,"[3.833551868225044,43.64325103676958]",2,,CADRE ET ROUE,ARCEAU,ARCEAU VELOS,LIBRE ACCES,,,false,,INOX,,Montpellier
1036,34172,"[3.8789460682408428,43.60358883222058]",28,,CADRE ET ROUE,ARCEAU,ARCEAU VELOS,LIBRE ACCES,true,,,,INOX,,Montpellier
1262,34129,"[3.9002939,43.56979680002322]",4,,CADRE ET ROUE,ARCEAU,ARCEAU VELOS,LIBRE ACCES,,,false,,,,Lattes
893,34172,"[3.845427420201145,43.61238983612282]",4,,CADRE ET ROUE,ARCEAU,ARCEAU VELOS,LIBRE ACCES,,,,,INOX,,Montpellier
2498,34172,"[3.8208710304077873,43.62474868264158]",5,,CADRE ET ROUE,ARCEAU,ARCEAU VELOS,LIBRE ACCES,,,,,,,Montpellier
2354,34172,"[3.8388351121477173,43.61757673109519]",1,1,CADRE ET ROUE,ARCEAU,ARCEAU VELOS,LIBRE ACCES,true,,,,,,Montpellier
1004,34172,"[3.883018705134035,43.603133571233144]",1,1,CADRE ET ROUE,ARCEAU VELO GRANDE TAILLE,ARCEAU VELOS,LIBRE ACCES,,,,,INOX,,Montpellier
1673,34172,"[3.860316948806814,43.61245067973961]",3,,CADRE ET ROUE,ARCEAU,ARCEAU VELOS,LIBRE ACCES,true,,,,inox,,Montpellier
266,34077,"[3.8877599,43.65715640002302]",3,,ROUE,RATELIER,PINCE-ROUE,LIBRE ACCES,,,,,,marron,Clapiers
2241,34172,"[3.870232660006223,43.60240721586438]",4,,CADRE ET ROUE,ARCEAU,ARCEAU VELOS,LIBRE ACCES,,,,,,,Montpellier
1434,34172,"[3.908371849999999,43.60061136471274]",2,,CADRE ET ROUE,ARCEAU,ARCEAU VELOS,LIBRE ACCES,,,false,,INOX,,Montpellier
614,34172,"[3.885702217917622,43.59561303511989]",10,,ROUE,RATELIER,PINCE-ROUE,LIBRE ACCES,,,false,,,,Montpellier
1915,34077,"[3.8729328870357667,43.65403060869961]",8,,CADRE ET ROUE,ARCEAU,ARCEAU VELOS,LIBRE ACCES,true,,,,,,Clapiers
410,34172,"[3.86903931568327,43.600342311413335]",4,,CADRE ET ROUE,ARCEAU,ARCEAU VELOS,LIBRE ACCES,,,false,,INOX,gris,Montpellier
2230,34172,"[3.8695839658439737,43.60211580615214]",7,,CADRE ET ROUE,ARCEAU,ARCEAU VELOS,LIBRE ACCES,,,,,,,Montpellier
1684,34172,"[3.9053751824874117,43.599561847132]",2,,CADRE ET ROUE,ARCEAU,ARCEAU VELOS,LIBRE ACCES,true,,false,,,,Montpellier
482,34172,"[3.8922088143124616,43.606163953864]",5,,CADRE ET ROUE,ARCEAU,ARCEAU VELOS,LIBRE ACCES,,,false,,INOX,,Montpellier
2561,34057,"[3.90059245987596,43.63265367318728]",3,,CADRE ET ROUE,ARCEAU,ARCEAU VELOS,LIBRE ACCES,,,,,,,Castelnau-le-Lez
1465,34172,"[3.891723500000001,43.616836401700006]",5,,CADRE ET ROUE,ARCEAU,ARCEAU VELOS,LIBRE ACCES,,,false,,,,Montpellier
1712,34172,"[3.8626566031138636,43.61165538446472]",2,0,CADRE ET ROUE,ARCEAU,ARCEAU VELOS,LIBRE ACCES,true,,,,,,Montpellier
1240,34172,"[3.856901377324166,43.58456662493234]",4,,CADRE ET ROUE,ARCEAU,ARCEAU VELOS,LIBRE ACCES,,,false,,INOX,,Montpellier
2563,34217,"[3.862131253964434,43.69380507114001]",4,,CADRE ET ROUE,ARCEAU,ARCEAU VELOS,LIBRE ACCES,,,,,,,Prades-le-Lez
2361,34172,"[3.8358436802281815,43.615397175532806]",3,,CADRE ET ROUE,ARCEAU,ARCEAU VELOS,LIBRE ACCES,true,,,,,,Montpellier
1978,34172,"[3.892401409353044,43.60676312726044]",4,,CADRE ET ROUE,RATELIER,ARCEAU VELOS,LIBRE ACCES,true,,,,,,Montpellier
1467,34172,"[3.873885543296832,43.638164510083335]",5,,CADRE ET ROUE,ARCEAU,ARCEAU VELOS,LIBRE ACCES,,,false,,INOX,,Montpellier
2555,34057,"[3.8995129715136048,43.63247004415874]",2,,CADRE ET ROUE,ARCEAU,ARCEAU VELOS,LIBRE ACCES,,,,,,,Castelnau-le-Lez
2556,34057,"[3.899099672330141,43.63235631235003]",2,,CADRE ET ROUE,ARCEAU,ARCEAU VELOS,LIBRE ACCES,,,,,,,Castelnau-le-Lez
2557,34057,"[3.89885455726985,43.63240666239606]",1,,CADRE ET ROUE,ARCEAU,ARCEAU VELOS,LIBRE ACCES,,,,,,,Castelnau-le-Lez
740,34123,"[3.800528799999999,43.62082830002311]",6,,CADRE ET ROUE,ARCEAU,ARCEAU VELOS,LIBRE ACCES,,,false,,,,Juvignac
1253,34129,"[3.901071699999999,43.57308150002322]",2,,CADRE ET ROUE,ARCEAU,ARCEAU VELOS,LIBRE ACCES,,,false,,INOX,,Lattes
502,34172,"[3.893049866782159,43.623352565193194]",2,,CADRE ET ROUE,ARCEAU,ARCEAU VELOS,LIBRE ACCES,,,,,INOX,,Montpellier
1056,34172,"[3.9037471512554043,43.60584797609688]",2,,CADRE ET ROUE,ARCEAU,ARCEAU VELOS,LIBRE ACCES,,,,,INOX,,Montpellier
1630,34172,"[3.9292690611392844,43.612692610398135]",5,,CADRE ET ROUE,ARCEAU,ARCEAU VELOS,LIBRE ACCES,,,false,,,,Montpellier
315,34172,"[3.8783228999999992,43.61264090002314]",8,,CADRE,AUTRE,LISSE VELOS,LIBRE ACCES,,,false,,,,Montpellier
2261,34172,"[3.8875031895161074,43.62102012041823]",4,,CADRE ET ROUE,ARCEAU,ARCEAU VELOS,LIBRE ACCES,,,,,,,Montpellier
714,34057,"[3.913423662998719,43.651026924263036]",5,,CADRE ET ROUE,ARCEAU,ARCEAU VELOS,LIBRE ACCES,,,,,INOX,,Castelnau-le-Lez
202,34172,"[3.8653485179305096,43.62734495532764]",11,,CADRE ET ROUE,ARCEAU,ARCEAU VELOS,LIBRE ACCES,,,false,,INOX,,Montpellier
704,34172,"[3.867462547238625,43.622815338277704]",2,,CADRE ET ROUE,ARCEAU,ARCEAU VELOS,LIBRE ACCES,,,false,,INOX,,Montpellier
2519,34172,"[3.831728431836606,43.61784449557553]",2,,CADRE ET ROUE,ARCEAU,ARCEAU VELOS,LIBRE ACCES,,,,,,,Montpellier
1194,34172,"[3.8741173724497244,43.617677390973945]",2,,CADRE ET ROUE,ARCEAU,ARCEAU VELOS,LIBRE ACCES,,,false,,INOX,,Montpellier
1909,34172,"[3.870335534425252,43.63049509913565]",10,,CADRE ET ROUE,ARCEAU,ARCEAU VELOS,LIBRE ACCES,true,,,,,,Montpellier
2331,34172,"[3.851245491129083,43.601084668897386]",4,,CADRE ET ROUE,ARCEAU,ARCEAU VELOS,LIBRE ACCES,,,,,,,Montpellier
660,34172,"[3.8394344999999994,43.63961030002305]",3,,CADRE ET ROUE,ARCEAU,ARCEAU VELOS,LIBRE ACCES,,,false,,INOX,,Montpellier
834,34172,"[3.8787357142131182,43.601995707242594]",4,,CADRE ET ROUE,ARCEAU,ARCEAU VELOS,LIBRE ACCES,,,,,INOX,,Montpellier
826,34172,"[3.8795236272343776,43.601063356895175]",2,,CADRE ET ROUE,ARCEAU,ARCEAU VELOS,LIBRE ACCES,,,,,INOX,,Montpellier
154,34172,"[3.8800431711699344,43.60802135358833]",10,,CADRE ET ROUE,ARCEAU,ARCEAU VELOS,LIBRE ACCES,,,false,,INOX,,Montpellier
1449,34172,"[3.8689810995805822,43.595849930094204]",4,,CADRE ET ROUE,ARCEAU,ARCEAU VELOS,LIBRE ACCES,,,false,,INOX,,Montpellier
809,34172,"[3.869613299999999,43.60007340002315]",2,,CADRE ET ROUE,ARCEAU,ARCEAU VELOS,LIBRE ACCES,,,,,INOX,,Montpellier
357,34172,"[3.8747121999999994,43.61247680002313]",3,,CADRE ET ROUE,ARCEAU,ARCEAU VELOS,LIBRE ACCES,,,false,,INOX,,Montpellier
1969,34172,"[3.8957365957202947,43.60710972732516]",4,,CADRE ET ROUE,ARCEAU,ARCEAU VELOS,LIBRE ACCES,true,,,,,,Montpellier
471,34172,"[3.8699185864773678,43.596941986681564]",4,,CADRE ET ROUE,ARCEAU,ARCEAU VELOS,LIBRE ACCES,,,false,,INOX,,Montpellier
314,34172,"[3.872854939579274,43.608830796467736]",5,,CADRE ET ROUE,ARCEAU,ARCEAU VELOS,LIBRE ACCES,,,false,,INOX,,Montpellier
14,34172,"[3.877710405703531,43.61472819466611]",7,,CADRE ET ROUE,ARCEAU,ARCEAU VELOS,LIBRE ACCES,,,false,,INOX,,Montpellier
433,34172,"[3.8712207597911172,43.60388295244354]",2,,CADRE ET ROUE,ARCEAU,ARCEAU VELOS,LIBRE ACCES,,,false,,INOX,,Montpellier
552,34172,"[3.882545256141215,43.60340069047491]",6,,CADRE ET ROUE,ARCEAU,ARCEAU VELOS,LIBRE ACCES,,,false,,INOX,,Montpellier
1007,34172,"[3.891429129756744,43.605771975891834]",3,,CADRE ET ROUE,ARCEAU,ARCEAU VELOS,LIBRE ACCES,,,,,INOX,,Montpellier
1039,34172,"[3.90400813218356,43.596754434487934]",2,,CADRE ET ROUE,ARCEAU,ARCEAU VELOS,LIBRE ACCES,,,,,INOX,,Montpellier
1003,34172,"[3.8461036544952827,43.591018897722726]",4,,CADRE ET ROUE,ARCEAU,ARCEAU VELOS,LIBRE ACCES,,,,,INOX,,Montpellier
550,34172,"[3.881309599999999,43.606535200023146]",8,,CADRE ET ROUE,ARCEAU,ARCEAU VELOS,LIBRE ACCES,,,false,,INOX,,Montpellier
233,34172,"[3.894462999999999,43.59880450002317]",2,,CADRE ET ROUE,ARCEAU,ARCEAU VELOS,LIBRE ACCES,,,,,INOX,,Montpellier
532,34172,"[3.8635261999999995,43.622970700023096]",2,,CADRE ET ROUE,ARCEAU,ARCEAU VELOS,LIBRE ACCES,,,,,INOX,,Montpellier
702,34172,"[3.8683169954180254,43.62257581271883]",8,,CADRE ET ROUE,ARCEAU,ARCEAU VELOS,LIBRE ACCES,,,true,,INOX,,Montpellier
2273,34172,"[3.871835415455161,43.60338450038072]",9,,CADRE ET ROUE,ARCEAU,ARCEAU VELOS,LIBRE ACCES,,,,,,,Montpellier
1182,34172,"[3.8911554272745352,43.607273480386795]",5,,CADRE ET ROUE,ARCEAU,ARCEAU VELOS,LIBRE ACCES,,,false,,INOX,,Montpellier
124,34172,"[3.8993788,43.60186420002315]",5,,CADRE ET ROUE,ARCEAU,ARCEAU VELOS,LIBRE ACCES,,,false,,INOX,,Montpellier
2363,34172,"[3.83781691938004,43.61746973208216]",2,,CADRE ET ROUE,ARCEAU,ARCEAU VELOS,LIBRE ACCES,true,,,,,,Montpellier
1879,34172,"[3.8743208400552382,43.61334381794483]",5,0,CADRE ET ROUE,ARCEAU,ARCEAU VELOS,LIBRE ACCES,,,,,,,Montpellier
735,34129,"[3.924401899999999,43.58728390002319]",5,,CADRE ET ROUE,ARCEAU,ARCEAU VELOS,LIBRE ACCES,,,false,,INOX,rouge,Lattes
1516,34172,"[3.8538695206971294,43.58618453342868]",2,,CADRE ET ROUE,ARCEAU,ARCEAU VELOS,LIBRE ACCES,,,false,,INOX,,Montpellier
886,34172,"[3.862817899999999,43.59899420002315]",2,,CADRE ET ROUE,ARCEAU,ARCEAU VELOS,LIBRE ACCES,,,,,INOX,,Montpellier
1259,34129,"[3.898671899999999,43.57298650002321]",3,,CADRE ET ROUE,ARCEAU,ARCEAU VELOS,LIBRE ACCES,,,false,,,,Lattes
2293,34172,"[3.8714374356141197,43.6028166786087]",4,,CADRE ET ROUE,ARCEAU,ARCEAU VELOS,LIBRE ACCES,,,,,,,Montpellier
480,34172,"[3.8992294999999997,43.6210973000231]",8,,CADRE ET ROUE,ARCEAU,ARCEAU VELOS,LIBRE ACCES,,,false,,INOX,,Montpellier
729,34172,"[3.819591250768203,43.63308062536007]",5,,CADRE ET ROUE,ARCEAU,ARCEAU VELOS,LIBRE ACCES,,,false,,INOX,,Montpellier
1203,34090,"[3.930682334554301,43.647010269695485]",5,,CADRE ET ROUE,ARCEAU,ARCEAU VELOS,LIBRE ACCES,,,false,,INOX,,Le Crès
193,34172,"[3.888410688551156,43.61409630884859]",10,,CADRE ET ROUE,ARCEAU,ARCEAU VELOS,LIBRE ACCES,,,false,,INOX,,Montpellier
2253,34172,"[3.8769404225126856,43.613251599051296]",3,,CADRE ET ROUE,ARCEAU,ARCEAU VELOS,LIBRE ACCES,,,,,,,Montpellier
1303,34270,"[3.8303997570746677,43.58462917172218]",4,,CADRE ET ROUE,ARCEAU,ARCEAU VELOS,LIBRE ACCES,,,false,,INOX,,Saint-Jean-de-Védas
181,34172,"[3.8733215000000003,43.60930840002315]",5,,CADRE ET ROUE,ARCEAU,ARCEAU VELOS,LIBRE ACCES,,,false,,INOX,,Montpellier
102,34172,"[3.9001325,43.60208600002316]",5,,CADRE ET ROUE,ARCEAU,ARCEAU VELOS,LIBRE ACCES,,,false,,INOX,,Montpellier
931,34172,"[3.9038123699585574,43.598869670300864]",10,,CADRE ET ROUE,ARCEAU,ARCEAU VELOS,LIBRE ACCES,,,,,INOX,,Montpellier
1553,34172,"[3.8700717467738315,43.61504924768066]",4,,CADRE ET ROUE,ARCEAU,ARCEAU VELOS,LIBRE ACCES,,,false,,INOX,,Montpellier
1970,34172,"[3.888868344492143,43.60551041970371]",1,,CADRE ET ROUE,ARCEAU,ARCEAU VELOS,LIBRE ACCES,true,,,,,,Montpellier
1679,34172,"[3.866585664149905,43.61098854676247]",4,,CADRE ET ROUE,ARCEAU,ARCEAU VELOS,LIBRE ACCES,true,,false,,,,Montpellier
1046,34172,"[3.9077216913706083,43.60164639448454]",2,,CADRE ET ROUE,ARCEAU,ARCEAU VELOS,LIBRE ACCES,,,false,,INOX,,Montpellier
2538,34057,"[3.9166062423722985,43.619829288815154]",4,,CADRE ET ROUE,ARCEAU,ARCEAU VELOS,LIBRE ACCES,,,,,,,Castelnau-le-Lez
2351,34172,"[3.921212995218178,43.597851127080304]",3,,CADRE ET ROUE,ARCEAU,ARCEAU VELOS,LIBRE ACCES,,,,,,,Montpellier
2352,34172,"[3.8773291475377643,43.61079711496516]",20,,CADRE ET ROUE,ARCEAU,ARCEAU VELOS,LIBRE ACCES,,,,,,,Montpellier
477,34172,"[3.8938760999999995,43.618703800023106]",4,,CADRE ET ROUE,ARCEAU,ARCEAU VELOS,LIBRE ACCES,,,false,,INOX,,Montpellier
298,34172,"[3.8776777,43.609843100023134]",6,,CADRE ET ROUE,ARCEAU,ARCEAU VELOS,LIBRE ACCES,,,false,,INOX,,Montpellier
1600,34172,"[3.875593558783398,43.60731557177616]",4,,CADRE ET ROUE,ARCEAU,ARCEAU VELOS,LIBRE ACCES,,,false,,INOX,,Montpellier
1486,34172,"[3.8950112249999744,43.602038763727805]",6,,CADRE ET ROUE,ARCEAU,ARCEAU VELOS,LIBRE ACCES,,,false,,INOX,,Montpellier
1954,34172,"[3.814053653246379,43.62555205396788]",4,,CADRE ET ROUE,ARCEAU,ARCEAU VELOS,LIBRE ACCES,true,,,,,,Montpellier
1528,34172,"[3.85615594283811,43.61346048635326]",2,,CADRE ET ROUE,ARCEAU,ARCEAU VELOS,LIBRE ACCES,,,false,,INOX,,Montpellier
896,34172,"[3.930495528775917,43.61232306083518]",20,5,CADRE ET ROUE,ARCEAU,ARCEAU VELOS,LIBRE ACCES,,,,,INOX,,Montpellier
755,34172,"[3.8794450246807215,43.61568442387576]",2,,CADRE ET ROUE,ARCEAU,ARCEAU VELOS,LIBRE ACCES,,,,,INOX,,Montpellier
1902,34172,"[3.890649166545337,43.607194785241326]",7,,CADRE ET ROUE,ARCEAU,ARCEAU VELOS,LIBRE ACCES,true,,,,,,Montpellier
2121,34172,"[3.857963458450351,43.60601408525738]",8,,CADRE ET ROUE,ARCEAU,ARCEAU VELOS,LIBRE ACCES,true,,,,,,Montpellier
1432,34172,"[3.907604337499998,43.60187352024203]",2,,CADRE ET ROUE,ARCEAU,ARCEAU VELOS,LIBRE ACCES,,,false,,INOX,,Montpellier
1305,34077,"[3.88452826049639,43.66864758986533]",4,,CADRE ET ROUE,ARCEAU,ARCEAU VELOS,LIBRE ACCES,,,,,,,Clapiers
2116,34172,"[3.861492526562179,43.61710811841201]",4,,CADRE ET ROUE,ARCEAU,ARCEAU VELOS,LIBRE ACCES,true,,,,,,Montpellier
804,34057,"[3.9079140574685765,43.632073268410984]",2,,CADRE ET ROUE,ARCEAU,ARCEAU VELOS,LIBRE ACCES,,,,,INOX,,Castelnau-le-Lez
2196,34172,"[3.8760475322455097,43.61641547386985]",5,,CADRE ET ROUE,ARCEAU,ARCEAU VELOS,LIBRE ACCES,true,,,,,,Montpellier
178,34172,"[3.8820205676571105,43.614018684840445]",18,,CADRE ET ROUE,ARCEAU,ARCEAU VELOS,LIBRE ACCES,,,false,,,,Montpellier
2101,34172,"[3.864963120424592,43.61188654246319]",2,,CADRE ET ROUE,ARCEAU,ARCEAU VELOS,LIBRE ACCES,true,,,,,,Montpellier
2509,34172,"[3.816201610480164,43.62051891752662]",9,4,CADRE ET ROUE,ARCEAU,ARCEAU VELOS,LIBRE ACCES,,,,,,,Montpellier
2012,34172,"[3.87626725542687,43.602333475779645]",3,,CADRE ET ROUE,ARCEAU,ARCEAU VELOS,LIBRE ACCES,true,,,,,,Montpellier
1861,34129,"[3.879945642006589,43.56059107808231]",6,,CADRE ET ROUE,ARCEAU,ARCEAU VELOS,LIBRE ACCES,,,,,,,Lattes
813,34172,"[3.882594338747683,43.60222977221008]",2,,CADRE ET ROUE,ARCEAU,ARCEAU VELOS,LIBRE ACCES,,,,,INOX,,Montpellier
1083,34172,"[3.857613353164262,43.615170521387235]",2,,CADRE ET ROUE,ARCEAU,ARCEAU VELOS,LIBRE ACCES,,,,,INOX,,Montpellier
989,34172,"[3.8352275632413075,43.63513069075649]",10,,CADRE ET ROUE,ARCEAU,ARCEAU VELOS,LIBRE ACCES,,,,,INOX,,Montpellier
162,34172,"[3.888993504397311,43.60854905499995]",5,,CADRE ET ROUE,ARCEAU,ARCEAU VELOS,LIBRE ACCES,,,false,,INOX,,Montpellier
1468,34172,"[3.8640996840766437,43.611959485469455]",5,,CADRE ET ROUE,ARCEAU,ARCEAU VELOS,LIBRE ACCES,,,false,,INOX,,Montpellier
1622,34172,"[3.9232182983274626,43.599026065641915]",4,,CADRE ET ROUE,ARCEAU,ARCEAU VELOS,LIBRE ACCES,,,false,,INOX,,Montpellier
1358,34202,"[3.763601297904772,43.582872613636546]",1,,CADRE ET ROUE,ARCEAU,ARCEAU VELOS,LIBRE ACCES,,,false,,INOX,marron,Pignan
1731,34172,"[3.8603331723711,43.631686657246014]",10,,CADRE ET ROUE,ARCEAU,ARCEAU VELOS,LIBRE ACCES,true,,,,,,Montpellier
318,34172,"[3.9024582538977244,43.599760751203924]",4,,CADRE ET ROUE,ARCEAU,ARCEAU VELOS,LIBRE ACCES,,,false,,INOX,,Montpellier
2559,34057,"[3.899626731090835,43.632205854314066]",6,,ROUE,RATELIER,PINCE-ROUE,LIBRE ACCES,,,,,,,Castelnau-le-Lez
2560,34057,"[3.89957517099468,43.63236045882599]",6,,ROUE,RATELIER,PINCE-ROUE,LIBRE ACCES,,,,,,,Castelnau-le-Lez
518,34057,"[3.899051437794832,43.63286246659803]",1,,CADRE ET ROUE,ARCEAU,ARCEAU VELOS,LIBRE ACCES,,,false,,INOX,,Castelnau-le-Lez
127,34172,"[3.8885568999999998,43.60379460002316]",5,,CADRE ET ROUE,ARCEAU,ARCEAU VELOS,LIBRE ACCES,,,false,,INOX,,Montpellier
368,34172,"[3.8673812624837223,43.60642926432638]",3,,CADRE ET ROUE,ARCEAU,ARCEAU VELOS,LIBRE ACCES,,,false,,INOX,,Montpellier
2213,34172,"[3.8828699905881203,43.617617500076996]",15,,ROUE,RATELIER,PINCE-ROUE,LIBRE ACCES,,,,,,,Montpellier
1143,34172,"[3.840506254032413,43.59390038258794]",7,,CADRE ET ROUE,ARCEAU,ARCEAU VELOS,LIBRE ACCES,,,false,,INOX,,Montpellier
1071,34172,"[3.912592757332044,43.60671311890084]",2,,CADRE ET ROUE,ARCEAU,ARCEAU VELOS,LIBRE ACCES,,,,,INOX,,Montpellier
1367,34172,"[3.8524983978872624,43.600478581183]",2,,CADRE ET ROUE,ARCEAU,ARCEAU VELOS,LIBRE ACCES,,,false,,INOX,,Montpellier
267,34172,"[3.8391743959596782,43.617958268750826]",5,,CADRE ET ROUE,ARCEAU,ARCEAU VELOS,LIBRE ACCES,,,false,,INOX,,Montpellier
1289,34172,"[3.885062121602918,43.59051891740063]",5,,CADRE ET ROUE,ARCEAU,ARCEAU VELOS,LIBRE ACCES,,,false,,INOX,,Montpellier
849,34172,"[3.8904775560338676,43.6079347619188]",12,,CADRE ET ROUE,ARCEAU,ARCEAU VELOS,LIBRE ACCES,,,false,,INOX,,Montpellier
1777,34172,"[3.8187681066507504,43.626885118774744]",9,,CADRE ET ROUE,ARCEAU,ARCEAU VELOS,LIBRE ACCES,true,,,,,,Montpellier
1015,34057,"[3.895216706041138,43.633073648436906]",3,,CADRE ET ROUE,ARCEAU,ARCEAU VELOS,LIBRE ACCES,,,,,INOX,,Castelnau-le-Lez
146,34172,"[3.8708824999999996,43.60832390002315]",5,,CADRE ET ROUE,ARCEAU,ARCEAU VELOS,LIBRE ACCES,,,false,,INOX,,Montpellier
1131,34172,"[3.8387778560362023,43.59775697436547]",5,,CADRE ET ROUE,ARCEAU,ARCEAU VELOS,LIBRE ACCES,,,false,,,,Montpellier
1061,34172,"[3.906987237498444,43.6091147766708]",2,,CADRE ET ROUE,ARCEAU,ARCEAU VELOS,LIBRE ACCES,,,false,,INOX,,Montpellier
320,34172,"[3.884275545911993,43.609043707960325]",5,,CADRE ET ROUE,ARCEAU,ARCEAU VELOS,LIBRE ACCES,,,,,,,Montpellier
506,34172,"[3.8904545164889304,43.61680738418541]",2,,CADRE ET ROUE,ARCEAU,ARCEAU VELOS,LIBRE ACCES,,,,,INOX,,Montpellier
1058,34172,"[3.90782226873827,43.60528041556827]",2,,CADRE ET ROUE,ARCEAU,ARCEAU VELOS,LIBRE ACCES,,,false,,INOX,,Montpellier
601,34172,"[3.8835880328831247,43.60688058287842]",2,,CADRE ET ROUE,ARCEAU,ARCEAU VELOS,LIBRE ACCES,,,,,INOX,,Montpellier
2327,34172,"[3.8712154427415806,43.61594130503948]",2,,CADRE ET ROUE,ARCEAU,ARCEAU VELOS,LIBRE ACCES,true,,,,,,Montpellier
1275,34172,"[3.8299190334799076,43.61475821345095]",3,,CADRE ET ROUE,ARCEAU,ARCEAU VELOS,LIBRE ACCES,,,false,,INOX,,Montpellier
1325,34172,"[3.874037994671932,43.595832209421246]",2,,CADRE ET ROUE,ARCEAU,ARCEAU VELOS,LIBRE ACCES,,,false,,INOX,,Montpellier
559,34172,"[3.8730476999999994,43.60851640002314]",7,,CADRE ET ROUE,ARCEAU,ARCEAU VELOS,LIBRE ACCES,,,false,,INOX,,Montpellier
990,34172,"[3.856351211598454,43.630385808454115]",2,,CADRE ET ROUE,ARCEAU,ARCEAU VELOS,LIBRE ACCES,,,,,INOX,,Montpellier
525,34057,"[3.9063736995959433,43.63418105808158]",3,,CADRE ET ROUE,ARCEAU,ARCEAU VELOS,LIBRE ACCES,,,false,,INOX,,Castelnau-le-Lez
359,34198,"[3.935256800459546,43.57781675156033]",8,,CADRE ET ROUE,ARCEAU,ARCEAU VELOS,LIBRE ACCES,,,,,INOX,,Pérols
2514,34172,"[3.828479514753542,43.61704721841245]",2,,CADRE ET ROUE,ARCEAU,ARCEAU VELOS,LIBRE ACCES,,,,,,,Montpellier
1276,34172,"[3.83033356093594,43.61470943769316]",4,,CADRE ET ROUE,ARCEAU,ARCEAU VELOS,LIBRE ACCES,,,false,,INOX,,Montpellier
2131,34172,"[3.865561388863553,43.619647331242035]",8,,CADRE ET ROUE,ARCEAU,ARCEAU VELOS,LIBRE ACCES,true,,,,,,Montpellier
941,34172,"[3.9021815357041634,43.59929110025473]",4,,CADRE ET ROUE,ARCEAU,ARCEAU VELOS,LIBRE ACCES,,,,,INOX,,Montpellier
1212,34172,"[3.8907123894098428,43.602321712180526]",2,,CADRE ET ROUE,ARCEAU,ARCEAU VELOS,LIBRE ACCES,,,false,,INOX,,Montpellier
2534,34057,"[3.9162247989636247,43.619834317846106]",5,,CADRE ET ROUE,ARCEAU,ARCEAU VELOS,LIBRE ACCES,,,,,,,Castelnau-le-Lez
182,34172,"[3.874400899999999,43.60798140002315]",6,,CADRE ET ROUE,ARCEAU,ARCEAU VELOS,LIBRE ACCES,,,false,,INOX,,Montpellier
2294,34327,"[3.969836388441092,43.656754870375]",3,,CADRE ET ROUE,ARCEAU,ARCEAU VELOS,LIBRE ACCES,,,,,,,Vendargues
786,34172,"[3.8345860576557103,43.62144943794766]",16,,CADRE ET ROUE,ARCEAU,ARCEAU VELOS,LIBRE ACCES,,,false,,INOX,,Montpellier
669,34172,"[3.8804798234777462,43.60393978205953]",2,,CADRE ET ROUE,ARCEAU,ARCEAU VELOS,LIBRE ACCES,,,,,INOX,,Montpellier
125,34172,"[3.8805072075227143,43.611210612439145]",5,,CADRE ET ROUE,ARCEAU,ARCEAU VELOS,LIBRE ACCES,,,false,,INOX,,Montpellier
1502,34172,"[3.9171910380617647,43.6179877208441]",2,,CADRE ET ROUE,ARCEAU,ARCEAU VELOS,LIBRE ACCES,,,false,,INOX,,Montpellier
985,34172,"[3.8416051514450147,43.632202828268326]",12,,ROUE,RATELIER,PINCE-ROUE,LIBRE ACCES,,,,,,,Montpellier
910,34172,"[3.8625125788092953,43.61207609135907]",5,,CADRE ET ROUE,ARCEAU,ARCEAU VELOS,LIBRE ACCES,,,,,INOX,,Montpellier
598,34172,"[3.891838957638563,43.617886424753245]",4,,CADRE ET ROUE,ARCEAU,ARCEAU VELOS,LIBRE ACCES,,,,,INOX,,Montpellier
513,34172,"[3.889819056563404,43.620425451856]",4,,CADRE ET ROUE,ARCEAU,ARCEAU VELOS,LIBRE ACCES,,,,,INOX,,Montpellier
627,34172,"[3.8725112264842494,43.61879372399136]",4,,CADRE ET ROUE,ARCEAU,ARCEAU VELOS,LIBRE ACCES,,,false,,INOX,,Montpellier
476,34120,"[3.911944899999999,43.661044400023]",4,,CADRE ET ROUE,ARCEAU,ARCEAU VELOS,LIBRE ACCES,,,,,,,Jacou
1457,34172,"[3.8485649000004005,43.60953464118162]",6,,CADRE ET ROUE,ARCEAU,ARCEAU VELOS,LIBRE ACCES,,,false,,INOX,,Montpellier
2222,34172,"[3.83018173384776,43.635681308100104]",10,,CADRE ET ROUE,ARCEAU,ARCEAU VELOS,LIBRE ACCES,,,,,,,Montpellier
2128,34172,"[3.86596167720306,43.619012506930275]",4,,CADRE ET ROUE,ARCEAU,ARCEAU VELOS,LIBRE ACCES,true,,,,,,Montpellier
2026,34172,"[3.877823875232025,43.60651568790035]",10,,CADRE ET ROUE,ARCEAU,ARCEAU VELOS,LIBRE ACCES,true,,,,,,Montpellier
1124,34172,"[3.9084834107355264,43.61366252748569]",9,,CADRE ET ROUE,ARCEAU,ARCEAU VELOS,LIBRE ACCES,,,false,,INOX,,Montpellier
2297,34172,"[3.8609728760642725,43.629776832351205]",6,,CADRE ET ROUE,ARCEAU,ARCEAU VELOS,LIBRE ACCES,,,,,,,Montpellier
1031,34172,"[3.8751229000015037,43.61264098310035]",3,,CADRE ET ROUE,ARCEAU,ARCEAU VELOS,LIBRE ACCES,,,,,INOX,,Montpellier
707,34172,"[3.8657759026375214,43.61268327581834]",2,,CADRE ET ROUE,ARCEAU,ARCEAU VELOS,LIBRE ACCES,,,false,,INOX,,Montpellier
2039,34077,"[3.8918334150108107,43.659563992047104]",3,,CADRE ET ROUE,ARCEAU,ARCEAU VELOS,LIBRE ACCES,true,,,,,,Clapiers
371,34172,"[3.871617899999998,43.610197200023116]",4,,CADRE ET ROUE,ARCEAU,ARCEAU VELOS,LIBRE ACCES,,,false,,INOX,,Montpellier
1975,34172,"[3.875605574642938,43.62739863538285]",1,1,CADRE ET ROUE,ARCEAU,ARCEAU VELOS,LIBRE ACCES,true,,,,,,Montpellier
223,34172,"[3.8675895545511145,43.60342743649477]",3,,CADRE ET ROUE,ARCEAU,ARCEAU VELOS,LIBRE ACCES,,,false,,INOX,,Montpellier
2501,34172,"[3.8231774052736314,43.6246032573562]",5,,CADRE ET ROUE,ARCEAU,ARCEAU VELOS,LIBRE ACCES,,,,,,,Montpellier
1923,34172,"[3.86809570367229,43.6336281585925]",5,,CADRE ET ROUE,ARCEAU,ARCEAU VELOS,LIBRE ACCES,true,,,,,,Montpellier
42,34172,"[3.88823923754261,43.626731201932344]",8,,CADRE ET ROUE,ARCEAU,ARCEAU VELOS,LIBRE ACCES,,,,,INOX,,Montpellier
141,34172,"[3.8706615175143155,43.6071321239916]",9,,CADRE ET ROUE,ARCEAU,ARCEAU VELOS,LIBRE ACCES,,,false,,INOX,,Montpellier
316,34172,"[3.8783634000000005,43.61266220002314]",6,,CADRE,AUTRE,LISSE VELOS,LIBRE ACCES,,,false,,,,Montpellier
570,34172,"[3.9351201000000002,43.61385680002312]",9,,CADRE ET ROUE,ARCEAU,ARCEAU VELOS,LIBRE ACCES,,,,,INOX,,Montpellier
712,34172,"[3.890657132179898,43.59023523363791]",4,,CADRE ET ROUE,ARCEAU,ARCEAU VELOS,LIBRE ACCES,,,,,INOX,,Montpellier
390,34172,"[3.8883565440525882,43.623196736458596]",5,,CADRE ET ROUE,ARCEAU,ARCEAU VELOS,LIBRE ACCES,,,false,,INOX,,Montpellier
490,34172,"[3.8910844879318134,43.619071987112854]",4,,CADRE ET ROUE,ARCEAU,ARCEAU VELOS,LIBRE ACCES,,,false,,INOX,,Montpellier
376,34172,"[3.872876416408922,43.607689259732915]",5,,CADRE ET ROUE,ARCEAU,ARCEAU VELOS,LIBRE ACCES,,,false,,INOX,,Montpellier
551,34172,"[3.8816824,43.606064200023134]",5,,CADRE ET ROUE,ARCEAU,ARCEAU VELOS,LIBRE ACCES,,,false,,INOX,,Montpellier
478,34172,"[3.878423384211054,43.605648805111095]",10,,CADRE ET ROUE,ARCEAU,ARCEAU VELOS,LIBRE ACCES,,,false,,INOX,,Montpellier
829,34172,"[3.8801377695370673,43.60226973039211]",4,,CADRE ET ROUE,ARCEAU,ARCEAU VELOS,LIBRE ACCES,,,,,INOX,,Montpellier
1009,34172,"[3.89223629960148,43.60547826984312]",5,,CADRE ET ROUE,ARCEAU,ARCEAU VELOS,LIBRE ACCES,,,,,INOX,,Montpellier
1243,34172,"[3.868567753991183,43.59197651948243]",5,,CADRE ET ROUE,ARCEAU,ARCEAU VELOS,LIBRE ACCES,,,false,,INOX,,Montpellier
1045,34172,"[3.908150078912835,43.60105501211569]",2,,CADRE ET ROUE,ARCEAU,ARCEAU VELOS,LIBRE ACCES,,,,,INOX,,Montpellier
2028,34172,"[3.882057478685725,43.606157082058324]",2,,CADRE ET ROUE,ARCEAU,ARCEAU VELOS,LIBRE ACCES,true,,,,,,Montpellier
1271,34057,"[3.897749288859418,43.62871944658386]",10,,CADRE ET ROUE,ARCEAU,ARCEAU VELOS,LIBRE ACCES,,,,,,,Castelnau-le-Lez
400,34172,"[3.902920246552142,43.5964670460504]",5,,CADRE ET ROUE,ARCEAU,ARCEAU VELOS,LIBRE ACCES,,,,,INOX,,Montpellier
929,34172,"[3.9001715480170547,43.597066554408755]",3,,CADRE ET ROUE,ARCEAU,ARCEAU VELOS,LIBRE ACCES,,,,,INOX,,Montpellier
2484,34172,"[3.814469750542565,43.638148242266034]",10,,ROUE,RATELIER,PINCE-ROUE,LIBRE ACCES,,,,,,,Montpellier
2005,34172,"[3.881037718942565,43.604383502466526]",4,,CADRE ET ROUE,ARCEAU,ARCEAU VELOS,LIBRE ACCES,true,,,,,,Montpellier
1057,34172,"[3.9068823905783927,43.606076505594]",2,,CADRE ET ROUE,ARCEAU,ARCEAU VELOS,LIBRE ACCES,,,false,,INOX,,Montpellier
700,34172,"[3.868353760166022,43.62195342658417]",6,,CADRE ET ROUE,ARCEAU,ARCEAU VELOS,LIBRE ACCES,,,,,INOX,,Montpellier
283,34129,"[3.8992687999999993,43.56617530002323]",20,,CADRE ET ROUE,ARCEAU,ARCEAU VELOS,LIBRE ACCES,,,false,,INOX,,Lattes
641,34172,"[3.8910044999999998,43.61053810002313]",10,,CADRE ET ROUE,AUTRE,BOLLARD,LIBRE ACCES,,,false,,INOX,,Montpellier
1523,34172,"[3.848523889907473,43.59060811310411]",2,,CADRE ET ROUE,ARCEAU,ARCEAU VELOS,LIBRE ACCES,,,false,,INOX,,Montpellier
593,34057,"[3.898034506216719,43.6283438704193]",8,,CADRE ET ROUE,ARCEAU,ARCEAU VELOS,LIBRE ACCES,,,false,,INOX,,Castelnau-le-Lez
1524,34172,"[3.8472476032104126,43.590649972693804]",2,,CADRE ET ROUE,ARCEAU,ARCEAU VELOS,LIBRE ACCES,,,false,,INOX,,Montpellier
2259,34172,"[3.8771246192184283,43.61014581514013]",26,,CADRE ET ROUE,ARCEAU,ARCEAU VELOS,LIBRE ACCES,,,,,,,Montpellier
1991,34172,"[3.8865233861523687,43.60550228148054]",1,,CADRE ET ROUE,ARCEAU,ARCEAU VELOS,LIBRE ACCES,true,,,,,,Montpellier
1420,34172,"[3.8989538687506298,43.60377377162343]",5,,CADRE ET ROUE,AUTRE,RACK VELOS,LIBRE ACCES,,,false,,INOX,,Montpellier
609,34172,"[3.872928917879546,43.608534835761915]",6,,CADRE ET ROUE,ARCEAU,ARCEAU VELOS,LIBRE ACCES,,,false,,INOX,,Montpellier
1667,34172,"[3.851917250791555,43.64085285086857]",15,,CADRE ET ROUE,ARCEAU,ARCEAU VELOS,LIBRE ACCES,true,,false,,,,Montpellier
1008,34172,"[3.8918225743544306,43.60563393422755]",3,,CADRE ET ROUE,ARCEAU,ARCEAU VELOS,LIBRE ACCES,,,,,INOX,,Montpellier
1519,34172,"[3.8528022662514605,43.58961030588395]",2,,CADRE ET ROUE,ARCEAU,ARCEAU VELOS,LIBRE ACCES,,,false,,INOX,,Montpellier
244,34172,"[3.869116099999999,43.61059020002313]",5,,CADRE ET ROUE,ARCEAU,ARCEAU VELOS,LIBRE ACCES,,,false,,INOX,,Montpellier
808,34172,"[3.8366272444023113,43.62382330500307]",12,,CADRE ET ROUE,ARCEAU,ARCEAU VELOS,LIBRE ACCES,,,false,,,,Montpellier
608,34172,"[3.8750559369191113,43.60686079603197]",4,,CADRE ET ROUE,ARCEAU,ARCEAU VELOS,LIBRE ACCES,,,false,,INOX,,Montpellier
62,34172,"[3.8573135590887206,43.582607926026036]",3,,CADRE ET ROUE,ARCEAU,ARCEAU VELOS,LIBRE ACCES,,,false,,INOX,,Montpellier
1463,34129,"[3.9252218,43.590280493020984]",6,,CADRE ET ROUE,ARCEAU,ARCEAU VELOS,LIBRE ACCES,,,,,,,Lattes
1466,34172,"[3.873849697520748,43.63821250282108]",7,,CADRE ET ROUE,ARCEAU,ARCEAU VELOS,LIBRE ACCES,,,false,,INOX,,Montpellier
20,34172,"[3.8931212,43.60867790002315]",50,,CADRE ET ROUE,ARCEAU,ARCEAU VELOS,LIBRE ACCES,,,false,,INOX,,Montpellier
679,34116,"[3.8016644405851987,43.647593060009505]",6,,CADRE ET ROUE,ARCEAU,ARCEAU VELOS,LIBRE ACCES,,,false,,,,Grabels
1535,34172,"[3.8982610451612234,43.618586437536294]",6,,CADRE ET ROUE,ARCEAU,ARCEAU VELOS,LIBRE ACCES,,,false,,INOX,,Montpellier
2063,34172,"[3.8704159017263056,43.60325454140018]",1,,CADRE ET ROUE,ARCEAU,ARCEAU VELOS,LIBRE ACCES,true,,,,,,Montpellier
749,34172,"[3.8776719000000006,43.61781560002311]",2,,CADRE ET ROUE,ARCEAU,ARCEAU VELOS,LIBRE ACCES,,,,,INOX,,Montpellier
791,34172,"[3.831527371745063,43.63428962593336]",4,,CADRE ET ROUE,ARCEAU,ARCEAU VELOS,LIBRE ACCES,,,false,,INOX,,Montpellier
1263,34057,"[3.8960446000000006,43.63316460002306]",2,,CADRE ET ROUE,ARCEAU,ARCEAU VELOS,LIBRE ACCES,,,false,,INOX,,Castelnau-le-Lez
2521,34172,"[3.8323602974743056,43.619537208072444]",8,,CADRE ET ROUE,ARCEAU,ARCEAU VELOS,LIBRE ACCES,,,,,,,Montpellier
1961,34172,"[3.894223012700495,43.60720589949505]",4,,CADRE ET ROUE,ARCEAU,ARCEAU VELOS,LIBRE ACCES,true,,,,,,Montpellier
1238,34172,"[3.8685097753112982,43.58992321423624]",8,,CADRE ET ROUE,ARCEAU,ARCEAU VELOS,LIBRE ACCES,,,false,,INOX,,Montpellier
2499,34172,"[3.822967572386001,43.62557447724159]",5,,CADRE ET ROUE,ARCEAU,ARCEAU VELOS,LIBRE ACCES,,,,,,,Montpellier
799,34172,"[3.9029765159337275,43.59699593331659]",4,,CADRE ET ROUE,ARCEAU,ARCEAU VELOS,LIBRE ACCES,,,,,INOX,,Montpellier
423,34172,"[3.874038939512076,43.60180897951671]",6,,CADRE ET ROUE,ARCEAU,ARCEAU VELOS,LIBRE ACCES,,,false,,INOX,,Montpellier
1617,34172,"[3.923399193875909,43.59541532378865]",15,,CADRE ET ROUE,ARCEAU,ARCEAU VELOS,LIBRE ACCES,,,false,,,,Montpellier
701,34172,"[3.8683590999999993,43.6219141000231]",6,,CADRE ET ROUE,ARCEAU,ARCEAU VELOS,LIBRE ACCES,,,,,INOX,,Montpellier
189,34172,"[3.8839041,43.6172620000231]",8,,CADRE ET ROUE,ARCEAU,ARCEAU VELOS,LIBRE ACCES,,,false,,INOX,,Montpellier
957,34172,"[3.8800493692313793,43.6144918452887]",3,,CADRE ET ROUE,ARCEAU,ARCEAU VELOS,LIBRE ACCES,,,,,INOX,,Montpellier
103,34172,"[3.9001749999999995,43.602168000023156]",5,,CADRE ET ROUE,ARCEAU,ARCEAU VELOS,LIBRE ACCES,,,false,,INOX,,Montpellier
1676,34172,"[3.851829530706721,43.59221071162192]",5,,CADRE ET ROUE,ARCEAU,ARCEAU VELOS,LIBRE ACCES,true,,false,,,,Montpellier
611,34172,"[3.886945316966933,43.61486828684654]",3,,CADRE ET ROUE,ARCEAU,ARCEAU VELOS,LIBRE ACCES,,,false,,INOX,,Montpellier
1154,34172,"[3.8890193340382027,43.604207954616776]",3,,CADRE ET ROUE,ARCEAU,ARCEAU VELOS,LIBRE ACCES,,,true,,INOX,,Montpellier
2045,34172,"[3.8731815223010404,43.60473009863888]",2,,CADRE ET ROUE,ARCEAU,ARCEAU VELOS,LIBRE ACCES,true,,,,,,Montpellier
208,34172,"[3.8801655155069823,43.61666596233698]",4,,CADRE ET ROUE,ARCEAU,ARCEAU VELOS,LIBRE ACCES,,,,,INOX,marron,Montpellier
81,34057,"[3.924571259933124,43.63927564250699]",10,,CADRE ET ROUE,ARCEAU,ARCEAU VELOS,LIBRE ACCES,,,false,,INOX,,Castelnau-le-Lez
2480,34172,"[3.8736860018099635,43.63133617963837]",2,,CADRE ET ROUE,ARCEAU,ARCEAU VELOS,LIBRE ACCES,,,,,,,Montpellier
1843,34172,"[3.921581418372542,43.59573903490713]",21,,CADRE ET ROUE,ARCEAU,ARCEAU VELOS,LIBRE ACCES,true,,false,,,,Montpellier
681,34095,"[3.7775200999999994,43.550193300023274]",6,,ROUE,RATELIER,PINCE-ROUE,LIBRE ACCES,,,,,,rouge,Fabrègues
492,34172,"[3.8608888712216745,43.607944605097]",5,,CADRE ET ROUE,ARCEAU,ARCEAU VELOS,LIBRE ACCES,,,false,,INOX,,Montpellier
781,34172,"[3.8839093999999994,43.58751780002318]",6,,CADRE ET ROUE,ARCEAU,ARCEAU VELOS,LIBRE ACCES,,,,,INOX,,Montpellier
769,34129,"[3.877862758399008,43.561188294802385]",2,,CADRE ET ROUE,ARCEAU,ARCEAU VELOS,LIBRE ACCES,,,false,,,,Lattes
1726,34172,"[3.9036797727379877,43.59604207898646]",7,1,CADRE ET ROUE,ARCEAU,ARCEAU VELOS,LIBRE ACCES,true,,,,,,Montpellier
1461,34172,"[3.866277000001136,43.59827109589409]",2,,CADRE ET ROUE,ARCEAU,ARCEAU VELOS,LIBRE ACCES,,,false,,INOX,,Montpellier
1356,34172,"[3.8619037894336357,43.602373220763184]",15,,CADRE ET ROUE,ARCEAU,ARCEAU VELOS,LIBRE ACCES,,,false,,INOX,gris,Montpellier
379,34172,"[3.8785418226744937,43.604604092102356]",9,,CADRE ET ROUE,ARCEAU,ARCEAU VELOS,LIBRE ACCES,,,false,,INOX,,Montpellier
1460,34172,"[3.8663522961439476,43.616029533641814]",3,,CADRE ET ROUE,ARCEAU,ARCEAU VELOS,LIBRE ACCES,,,false,,INOX,,Montpellier
731,34172,"[3.9141982,43.60086620002316]",5,,CADRE ET ROUE,ARCEAU,ARCEAU VELOS,LIBRE ACCES,,,,,INOX,,Montpellier
1990,34172,"[3.88420156546381,43.60461242559565]",2,,CADRE ET ROUE,ARCEAU,ARCEAU VELOS,LIBRE ACCES,true,,,,,,Montpellier
2199,34172,"[3.8797152192880238,43.60646510163598]",3,,CADRE ET ROUE,ARCEAU,ARCEAU VELOS,LIBRE ACCES,,,,,,,Montpellier
2515,34172,"[3.8284841096342936,43.61703252619052]",4,,ROUE,RATELIER,PINCE-ROUE,LIBRE ACCES,,,,,,,Montpellier
2535,34057,"[3.907489492293349,43.625149311197006]",5,,CADRE ET ROUE,ARCEAU,ARCEAU VELOS,LIBRE ACCES,,,,,,,Castelnau-le-Lez
1618,34172,"[3.9234325787044733,43.5973189176504]",10,,CADRE ET ROUE,ARCEAU,ARCEAU VELOS,LIBRE ACCES,,,true,,,,Montpellier
1255,34129,"[3.9002977999999984,43.57203490002322]",2,,CADRE ET ROUE,ARCEAU,ARCEAU VELOS,LIBRE ACCES,,,false,,,,Lattes
10,34172,"[3.8740630505008435,43.615208007264584]",3,,CADRE ET ROUE,ARCEAU,ARCEAU VELOS,LIBRE ACCES,,,false,,INOX,,Montpellier
823,34172,"[3.8806511999999995,43.60726770002315]",2,,CADRE ET ROUE,ARCEAU,ARCEAU VELOS,LIBRE ACCES,,,,,INOX,,Montpellier
1723,34198,"[3.9502607462486625,43.572980890039275]",10,,CADRE ET ROUE,RATELIER,RACK VELOS,LIBRE ACCES,true,,,,,,Pérols
1006,34172,"[3.888750496281072,43.60541329087853]",3,,CADRE ET ROUE,ARCEAU,ARCEAU VELOS,LIBRE ACCES,,,,,INOX,,Montpellier
303,34172,"[3.828990599999999,43.6179296000231]",5,,CADRE ET ROUE,ARCEAU,ARCEAU VELOS,LIBRE ACCES,,,false,,INOX,,Montpellier
695,34172,"[3.8679153999999984,43.62256940002311]",5,,CADRE ET ROUE,ARCEAU,ARCEAU VELOS,LIBRE ACCES,,,,,INOX,,Montpellier
1538,34172,"[3.8814950103072303,43.609128346728696]",10,,CADRE ET ROUE,ARCEAU,ARCEAU VELOS,LIBRE ACCES,,,false,,INOX,,Montpellier
2264,34172,"[3.876422354658461,43.59996630724084]",8,,CADRE ET ROUE,ARCEAU,ARCEAU VELOS,LIBRE ACCES,,,,,,,Montpellier
168,34172,"[3.8740416999999994,43.61272750002313]",4,,CADRE ET ROUE,ARCEAU,ARCEAU VELOS,LIBRE ACCES,,,false,,INOX,,Montpellier
558,34172,"[3.8597666572984886,43.60521856162554]",6,,CADRE ET ROUE,ARCEAU,ARCEAU VELOS,LIBRE ACCES,,,false,,INOX,,Montpellier
61,34172,"[3.857243584819898,43.5825738926167]",7,,CADRE ET ROUE,ARCEAU,ARCEAU VELOS,LIBRE ACCES,,,false,,INOX,,Montpellier
1085,34172,"[3.860199103209115,43.615187848345506]",2,,CADRE ET ROUE,ARCEAU,ARCEAU VELOS,LIBRE ACCES,,,,,INOX,,Montpellier
1690,34172,"[3.8382051799471673,43.61733723958173]",6,,CADRE ET ROUE,ARCEAU,ARCEAU VELOS,LIBRE ACCES,true,,,,,,Montpellier
247,34172,"[3.870680814367195,43.607325545366905]",5,,CADRE ET ROUE,ARCEAU,ARCEAU VELOS,LIBRE ACCES,,,false,,INOX,,Montpellier
253,34172,"[3.8482344157632102,43.610772200085606]",4,,CADRE ET ROUE,ARCEAU,ARCEAU VELOS,LIBRE ACCES,,,false,,INOX,,Montpellier
2153,34172,"[3.8692150449233944,43.618477265095564]",15,,ROUE,RATELIER,ABRI VELOS,LIBRE ACCES,true,,,,,,Montpellier
565,34172,"[3.875614876814546,43.610217555481356]",1,,CADRE ET ROUE,ARCEAU,ARCEAU VELOS,LIBRE ACCES,,,false,,INOX,,Montpellier
2227,34172,"[3.8675158776002725,43.600858996898864]",5,,CADRE ET ROUE,ARCEAU,ARCEAU VELOS,LIBRE ACCES,,,,,,,Montpellier
2228,34172,"[3.8680005838885045,43.60090325438687]",10,,CADRE ET ROUE,ARCEAU,ARCEAU VELOS,LIBRE ACCES,,,,,,,Montpellier
853,34172,"[3.870025439432942,43.596715624633006]",4,,CADRE ET ROUE,ARCEAU,ARCEAU VELOS,LIBRE ACCES,,,false,,INOX,,Montpellier
374,34172,"[3.8702120403221527,43.608440528581234]",4,,CADRE ET ROUE,ARCEAU,ARCEAU VELOS,LIBRE ACCES,,,false,,INOX,,Montpellier
711,34172,"[3.8652728689655196,43.60669501004078]",4,,CADRE ET ROUE,ARCEAU,ARCEAU VELOS,LIBRE ACCES,,,,,INOX,,Montpellier
579,34172,"[3.861519046666076,43.6170272055416]",7,,CADRE ET ROUE,ARCEAU,ARCEAU VELOS,LIBRE ACCES,,,,,INOX,,Montpellier
960,34172,"[3.879767927922125,43.61778005215474]",2,,CADRE ET ROUE,ARCEAU,ARCEAU VELOS,LIBRE ACCES,,,,,INOX,,Montpellier
971,34172,"[3.8705072284237745,43.6100677330782]",5,,CADRE ET ROUE,ARCEAU,ARCEAU VELOS,LIBRE ACCES,,,,,INOX,,Montpellier
1200,34172,"[3.8532432658249363,43.611113526008474]",4,,CADRE ET ROUE,ARCEAU,ARCEAU VELOS,LIBRE ACCES,,,false,,INOX,,Montpellier
220,34172,"[3.8655049999999993,43.60952130002312]",5,,CADRE ET ROUE,ARCEAU,ARCEAU VELOS,LIBRE ACCES,,,false,,INOX,,Montpellier
257,34202,"[3.7616856,43.58199930002319]",6,,ROUE,RATELIER,PINCE-ROUE,LIBRE ACCES,,,false,,,,Pignan
1509,34172,"[3.8703925217748596,43.628006481809365]",2,,CADRE ET ROUE,ARCEAU,ARCEAU VELOS,LIBRE ACCES,,,false,,INOX,,Montpellier
1844,34172,"[3.922045015218437,43.59737297488304]",5,,CADRE ET ROUE,ARCEAU,ARCEAU VELOS,LIBRE ACCES,true,,,,,,Montpellier
1390,34172,"[3.8990865290709738,43.601144235412704]",3,,CADRE ET ROUE,ARCEAU,ARCEAU VELOS,LIBRE ACCES,,,false,,INOX,,Montpellier
567,34172,"[3.889881,43.61346100002312]",2,,CADRE ET ROUE,ARCEAU,ARCEAU VELOS,LIBRE ACCES,,,,,INOX,,Montpellier
1336,34172,"[3.85691980236104,43.614943991710746]",3,,CADRE ET ROUE,ARCEAU,ARCEAU VELOS,LIBRE ACCES,,,false,,INOX,,Montpellier
1988,34172,"[3.888299200951588,43.604442885695526]",2,,CADRE ET ROUE,ARCEAU,ARCEAU VELOS,LIBRE ACCES,true,,,,,,Montpellier
1090,34172,"[3.8656248607263235,43.61688922751676]",2,,CADRE ET ROUE,ARCEAU,ARCEAU VELOS,LIBRE ACCES,,,,,INOX,,Montpellier
923,34088,"[3.7192498456347836,43.55837430583507]",4,,CADRE ET ROUE,ARCEAU,ARCEAU VELOS,LIBRE ACCES,,,,,INOX,,Cournonterral
484,34172,"[3.8752681681440797,43.59292738057525]",3,,CADRE ET ROUE,ARCEAU,ARCEAU VELOS,LIBRE ACCES,,,false,,INOX,,Montpellier
1084,34172,"[3.85920422045424,43.61580060794672]",2,,CADRE ET ROUE,ARCEAU,ARCEAU VELOS,LIBRE ACCES,,,,,INOX,,Montpellier
2102,34172,"[3.862969838239246,43.61100608257787]",1,,CADRE ET ROUE,ARCEAU,ARCEAU VELOS,LIBRE ACCES,true,,,,,,Montpellier
1408,34172,"[3.909995823763434,43.60248991572474]",5,,CADRE ET ROUE,ARCEAU,ARCEAU VELOS,LIBRE ACCES,,,false,,INOX,,Montpellier
1115,34172,"[3.866782715364838,43.61185727588371]",10,,CADRE ET ROUE,ARCEAU,ARCEAU VELOS,LIBRE ACCES,,,false,,INOX,,Montpellier
841,34172,"[3.86835265138054,43.605083753677505]",2,,CADRE ET ROUE,ARCEAU,ARCEAU VELOS,LIBRE ACCES,,,,,INOX,,Montpellier
500,34172,"[3.890352121829754,43.61419766146295]",4,,CADRE ET ROUE,ARCEAU,ARCEAU VELOS,LIBRE ACCES,,,false,,INOX,,Montpellier
1329,34172,"[3.863875374652756,43.59989748458695]",2,,CADRE ET ROUE,ARCEAU,ARCEAU VELOS,LIBRE ACCES,,,false,,INOX,,Montpellier
362,34172,"[3.8670293607346795,43.60735157396343]",11,,CADRE ET ROUE,ARCEAU,ARCEAU VELOS,LIBRE ACCES,,,false,,INOX,,Montpellier
1121,34172,"[3.8845002110051685,43.595492167732814]",5,,CADRE ET ROUE,ARCEAU,ARCEAU VELOS,LIBRE ACCES,,,false,,INOX,,Montpellier
1313,34249,"[3.9751099532114025,43.72647314748816]",5,,CADRE ET ROUE,ARCEAU,ARCEAU VELOS,LIBRE ACCES,,,false,,,,Saint-Drézéry
1290,34172,"[3.9116160999999994,43.605245500023145]",4,,CADRE ET ROUE,ARCEAU,ARCEAU VELOS,LIBRE ACCES,,,false,,INOX,gris,Montpellier
293,34172,"[3.8520285999999992,43.59026180002318]",6,,CADRE ET ROUE,ARCEAU,ARCEAU VELOS,LIBRE ACCES,,,,,INOX,,Montpellier
1391,34172,"[3.9024609402765895,43.59886316970521]",4,,CADRE ET ROUE,ARCEAU,ARCEAU VELOS,LIBRE ACCES,,,false,,INOX,,Montpellier
566,34172,"[3.8662536999999997,43.60004790002316]",2,,CADRE ET ROUE,ARCEAU,ARCEAU VELOS,LIBRE ACCES,,,,,INOX,,Montpellier
1088,34172,"[3.860961745625555,43.616246870745435]",2,,CADRE ET ROUE,ARCEAU,ARCEAU VELOS,LIBRE ACCES,,,,,INOX,,Montpellier
369,34172,"[3.8673003818397897,43.606436114060166]",1,,CADRE ET ROUE,ARCEAU,ARCEAU VELOS,LIBRE ACCES,,,false,,INOX,,Montpellier
831,34172,"[3.880880410713148,43.60115939080753]",3,,CADRE ET ROUE,ARCEAU,ARCEAU VELOS,LIBRE ACCES,,,,,INOX,,Montpellier
1272,34057,"[3.914288299999999,43.63821100002306]",7,,CADRE ET ROUE,ARCEAU,ARCEAU VELOS,LIBRE ACCES,,,,,,,Castelnau-le-Lez
1423,34172,"[3.8976037000006047,43.607794752077375]",8,,CADRE ET ROUE,ARCEAU,ARCEAU VELOS,LIBRE ACCES,,,false,,INOX,,Montpellier
1236,34172,"[3.8650443829504812,43.590185311401235]",2,,CADRE ET ROUE,ARCEAU,ARCEAU VELOS,LIBRE ACCES,,,false,,INOX,,Montpellier
386,34172,"[3.9235120442114804,43.59545538714031]",15,,CADRE ET ROUE,ARCEAU,ARCEAU VELOS,LIBRE ACCES,,,false,,,,Montpellier
389,34172,"[3.8875762999999997,43.62150020002312]",3,,CADRE ET ROUE,ARCEAU,ARCEAU VELOS,LIBRE ACCES,,,false,,INOX,,Montpellier
782,34172,"[3.8822874484663865,43.61510350508096]",5,,CADRE ET ROUE,ARCEAU,ARCEAU VELOS,LIBRE ACCES,,,,,INOX,,Montpellier
1459,34172,"[3.86610620000113,43.616063906000555]",4,,CADRE ET ROUE,ARCEAU,ARCEAU VELOS,LIBRE ACCES,,,false,,INOX,,Montpellier
529,34172,"[3.863998297522099,43.615218020181956]",4,,CADRE ET ROUE,ARCEAU,ARCEAU VELOS,LIBRE ACCES,,,,,INOX,,Montpellier
1191,34172,"[3.8467733360505263,43.62184253529904]",7,,CADRE ET ROUE,ARCEAU,ARCEAU VELOS,LIBRE ACCES,,,false,,INOX,,Montpellier
838,34172,"[3.870150854309504,43.60295904804491]",2,,CADRE ET ROUE,ARCEAU,ARCEAU VELOS,LIBRE ACCES,,,,,INOX,,Montpellier
1489,34172,"[3.8569082765172413,43.61513128134688]",5,,CADRE ET ROUE,ARCEAU,ARCEAU VELOS,LIBRE ACCES,,,false,,INOX,,Montpellier
937,34172,"[3.8990146542217015,43.6040554033267]",10,,CADRE ET ROUE,AUTRE,BOLLARD,LIBRE ACCES,,,false,,,,Montpellier
674,34172,"[3.8686550999999993,43.59821140002317]",2,,CADRE ET ROUE,ARCEAU,ARCEAU VELOS,LIBRE ACCES,,,false,,INOX,,Montpellier
313,34172,"[3.8731108999999995,43.61102300002314]",15,,CADRE ET ROUE,ARCEAU,ARCEAU VELOS,LIBRE ACCES,,,false,,INOX,,Montpellier
543,34095,"[3.7768048999999992,43.55074840002329]",3,,CADRE ET ROUE,ARCEAU,ARCEAU VELOS,LIBRE ACCES,,,false,,INOX,,Fabrègues
1349,34172,"[3.8632937348795524,43.61859817014474]",3,,CADRE ET ROUE,ARCEAU,ARCEAU VELOS,LIBRE ACCES,,,false,,INOX,,Montpellier
1964,34172,"[3.8935992794858216,43.60698008109993]",6,0,CADRE ET ROUE,ARCEAU,ARCEAU VELOS,LIBRE ACCES,true,,,,,,Montpellier
1628,34172,"[3.9246945124993986,43.59496809279517]",46,,CADRE ET ROUE,ARCEAU,ARCEAU VELOS,LIBRE ACCES,,,true,,,,Montpellier
2395,34172,"[3.85643630599637,43.615609675935765]",5,,ROUE,RATELIER,PINCE-ROUE,LIBRE ACCES,,,,,,,Montpellier
468,34172,"[3.8653125683778016,43.62719241343325]",5,,CADRE ET ROUE,ARCEAU,ARCEAU VELOS,LIBRE ACCES,,,false,,INOX,,Montpellier
2554,34057,"[3.8977476520309677,43.63299753184288]",7,,CADRE ET ROUE,ARCEAU,ARCEAU VELOS,LIBRE ACCES,,,,,,,Castelnau-le-Lez
1982,34172,"[3.8807280818785075,43.60357545793187]",3,3,CADRE ET ROUE,ARCEAU,ARCEAU VELOS,LIBRE ACCES,true,,,,,,Montpellier
2478,34172,"[3.8680390972175656,43.63439890633015]",8,,CADRE ET ROUE,ARCEAU,ARCEAU VELOS,LIBRE ACCES,,,,,,,Montpellier
188,34172,"[3.881186257608385,43.61610263590988]",4,,CADRE ET ROUE,ARCEAU,ARCEAU VELOS,LIBRE ACCES,,,,,,,Montpellier
597,34172,"[3.8916547609328136,43.61793834249058]",4,,CADRE ET ROUE,ARCEAU,ARCEAU VELOS,LIBRE ACCES,,,,,INOX,,Montpellier
164,34172,"[3.8736351000000004,43.611511500023134]",4,,CADRE ET ROUE,ARCEAU,ARCEAU VELOS,LIBRE ACCES,,,false,,INOX,,Montpellier
1014,34172,"[3.8786592498785466,43.60744729672502]",4,,CADRE ET ROUE,ARCEAU,ARCEAU VELOS,LIBRE ACCES,,,,,INOX,,Montpellier
1493,34172,"[3.912447368404212,43.616041185926136]",2,,CADRE ET ROUE,ARCEAU,ARCEAU VELOS,LIBRE ACCES,,,false,,INOX,,Montpellier
560,34172,"[3.877015841390737,43.6060908572923]",6,,CADRE ET ROUE,ARCEAU,ARCEAU VELOS,LIBRE ACCES,,,false,,INOX,,Montpellier
705,34172,"[3.866902881466413,43.62206453308203]",2,,CADRE ET ROUE,ARCEAU,ARCEAU VELOS,LIBRE ACCES,,,,,INOX,,Montpellier
995,34172,"[3.859385196743488,43.63386175583722]",4,,CADRE ET ROUE,ARCEAU,ARCEAU VELOS,LIBRE ACCES,,,,,INOX,,Montpellier
2336,34172,"[3.8721960342737156,43.60813037608031]",3,,CADRE ET ROUE,ARCEAU,ARCEAU VELOS,LIBRE ACCES,true,,,,,,Montpellier
2524,34172,"[3.8284044851351013,43.613636769618545]",3,,CADRE ET ROUE,ARCEAU,ARCEAU VELOS,LIBRE ACCES,,,,,,,Montpellier
1692,34172,"[3.8384833810025762,43.6171239260385]",6,1,CADRE ET ROUE,ARCEAU,ARCEAU VELOS,LIBRE ACCES,true,,,,,,Montpellier
1359,34202,"[3.7612364660809536,43.58183165630421]",6,,CADRE ET ROUE,ARCEAU,ARCEAU VELOS,LIBRE ACCES,,,false,,,,Pignan
2522,34172,"[3.8312844249725897,43.61132349833755]",3,,CADRE ET ROUE,ARCEAU,ARCEAU VELOS,LIBRE ACCES,,,,,,,Montpellier
394,34172,"[3.8783288972805843,43.610710224072406]",2,,CADRE ET ROUE,ARCEAU,ARCEAU VELOS,LIBRE ACCES,,,false,,INOX,,Montpellier
1473,34172,"[3.906759649998429,43.60777422402489]",2,,CADRE ET ROUE,ARCEAU,ARCEAU VELOS,LIBRE ACCES,,,false,,INOX,,Montpellier
1184,34172,"[3.8952862256179084,43.59069884282678]",8,,CADRE ET ROUE,ARCEAU,ARCEAU VELOS,LIBRE ACCES,,,false,,INOX,,Montpellier
268,34172,"[3.8470630999999993,43.61114580002313]",8,,CADRE ET ROUE,ARCEAU,ARCEAU VELOS,LIBRE ACCES,,,false,,INOX,,Montpellier
2216,34172,"[3.8844243847308815,43.62145570923681]",3,,CADRE ET ROUE,ARCEAU,ARCEAU VELOS,LIBRE ACCES,true,,,,,,Montpellier
845,34172,"[3.9202255725812627,43.59941438126409]",5,,CADRE ET ROUE,ARCEAU,ARCEAU VELOS,LIBRE ACCES,,,,,INOX,noir,Montpellier
1064,34172,"[3.9106974625008633,43.60517514361943]",2,,CADRE ET ROUE,ARCEAU,ARCEAU VELOS,LIBRE ACCES,,,,,INOX,,Montpellier
1585,34337,"[3.859699557750629,43.53365637535893]",6,,ROUE,RATELIER,PINCE-ROUE,LIBRE ACCES,,,,,,,Villeneuve-lès-Maguelone
381,34172,"[3.8828939,43.60352580002315]",1,,CADRE ET ROUE,ARCEAU,ARCEAU VELOS,LIBRE ACCES,,,false,,INOX,,Montpellier
1298,34270,"[3.8379339659301954,43.57096909566086]",20,,CADRE ET ROUE,ARCEAU,ARCEAU VELOS,LIBRE ACCES,,,false,,INOX,,Saint-Jean-de-Védas
1939,34172,"[3.8661815259033454,43.62650902365528]",4,,CADRE ET ROUE,ARCEAU,ARCEAU VELOS,LIBRE ACCES,true,,,,,,Montpellier
776,34172,"[3.8740761302027344,43.61783305793839]",4,,CADRE ET ROUE,ARCEAU,ARCEAU VELOS,LIBRE ACCES,,,false,,INOX,,Montpellier
772,34129,"[3.904366899999998,43.572516400023204]",6,,ROUE,RATELIER,PINCE-ROUE,LIBRE ACCES,,,,,,vert,Lattes
761,34172,"[3.864496496616794,43.61403499856378]",2,,CADRE ET ROUE,ARCEAU,ARCEAU VELOS,LIBRE ACCES,,,,,INOX,,Montpellier
68,34172,"[3.9126616000000003,43.607463500023144]",5,,CADRE ET ROUE,ARCEAU,ARCEAU VELOS,LIBRE ACCES,,,,,ANCIEN,gris,Montpellier
491,34172,"[3.8913089623172197,43.61902007035437]",5,,CADRE ET ROUE,ARCEAU,ARCEAU VELOS,LIBRE ACCES,,,false,,INOX,,Montpellier
1920,34172,"[3.8614398121100537,43.64458929199804]",5,,CADRE ET ROUE,ARCEAU,ARCEAU VELOS,LIBRE ACCES,true,,,,,,Montpellier
212,34172,"[3.8695553,43.619290000023106]",5,,CADRE ET ROUE,ARCEAU,ARCEAU VELOS,LIBRE ACCES,,,false,,INOX,,Montpellier
846,34172,"[3.9077505,43.59961400002317]",4,,CADRE ET ROUE,ARCEAU,ARCEAU VELOS,LIBRE ACCES,,,false,,INOX,,Montpellier
1267,34057,"[3.9005325999999996,43.632743900023065]",2,,CADRE ET ROUE,ARCEAU,ARCEAU VELOS,LIBRE ACCES,,,false,,INOX,,Castelnau-le-Lez
967,34172,"[3.8703617602015497,43.64474994578344]",3,,CADRE ET ROUE,ARCEAU,ARCEAU VELOS,LIBRE ACCES,,,,,INOX,,Montpellier
1281,34172,"[3.8766109098873875,43.60228347290992]",3,,CADRE ET ROUE,ARCEAU,ARCEAU VELOS,LIBRE ACCES,,,false,,INOX,,Montpellier
1714,34172,"[3.8782220780487804,43.614012148582226]",4,,CADRE ET ROUE,ARCEAU,ARCEAU VELOS,LIBRE ACCES,true,,,,,,Montpellier
1174,34172,"[3.8831373754436656,43.59106281289672]",2,,CADRE ET ROUE,ARCEAU,ARCEAU VELOS,LIBRE ACCES,,,false,,INOX,,Montpellier
594,34057,"[3.916214956373014,43.64528658655881]",6,,CADRE ET ROUE,ARCEAU,ARCEAU VELOS,LIBRE ACCES,,,false,,INOX,,Castelnau-le-Lez
309,34172,"[3.8741244508064865,43.60903186384524]",1,,CADRE ET ROUE,ARCEAU,ARCEAU VELOS,LIBRE ACCES,,,false,,INOX,,Montpellier
1541,34172,"[3.880513205747385,43.6085997316143]",15,,CADRE ET ROUE,ARCEAU,ARCEAU VELOS,LIBRE ACCES,,,false,,INOX,,Montpellier
1496,34022,"[4.0130130974274385,43.66083731385393]",6,,ROUE,RATELIER,PINCE-ROUE,LIBRE ACCES,,,false,,,,Baillargues
17,34172,"[3.8755021999999992,43.59922360002317]",10,,CADRE ET ROUE,ARCEAU,ARCEAU VELOS,LIBRE ACCES,,,false,,INOX,,Montpellier
169,34172,"[3.8742493999999996,43.61268670002312]",4,,CADRE ET ROUE,ARCEAU,ARCEAU VELOS,LIBRE ACCES,,,false,,INOX,,Montpellier
1093,34172,"[3.8641630207101305,43.598191736233986]",2,,CADRE ET ROUE,ARCEAU,ARCEAU VELOS,LIBRE ACCES,,,,,INOX,,Montpellier
537,34172,"[3.8287944000000005,43.614509800023136]",5,,CADRE ET ROUE,ARCEAU,ARCEAU VELOS,LIBRE ACCES,,,false,,INOX,,Montpellier
254,34327,"[3.9718472627243635,43.65436534014662]",12,,ROUE,RATELIER,PINCE-ROUE,LIBRE ACCES,,,,,,,Vendargues
287,34172,"[3.9020041000000005,43.597924800023165]",3,,CADRE ET ROUE,ARCEAU,ARCEAU VELOS,LIBRE ACCES,,,,,INOX,,Montpellier
1136,34172,"[3.8179584480296,43.64189914404611]",8,,CADRE ET ROUE,ARCEAU,ARCEAU VELOS,LIBRE ACCES,,,false,,INOX,,Montpellier
1994,34172,"[3.8830632148268527,43.605479323320004]",2,,CADRE ET ROUE,ARCEAU,ARCEAU VELOS,LIBRE ACCES,true,,,,,,Montpellier
281,34172,"[3.8996617776908065,43.59742649433463]",3,,CADRE ET ROUE,ARCEAU,ARCEAU VELOS,LIBRE ACCES,,,false,,INOX,,Montpellier
265,34077,"[3.8863270999999995,43.65737990002304]",4,,CADRE ET ROUE,ARCEAU,ARCEAU VELOS,LIBRE ACCES,,,,,,,Clapiers
720,34172,"[3.8638284133869236,43.63389948886741]",10,,CADRE ET ROUE,ARCEAU,ARCEAU VELOS,LIBRE ACCES,,,,,INOX,,Montpellier
973,34172,"[3.8562991579317374,43.61543532877461]",2,,CADRE ET ROUE,ARCEAU,ARCEAU VELOS,LIBRE ACCES,,,,,INOX,,Montpellier
1042,34172,"[3.907270827308671,43.6000591097641]",2,,CADRE ET ROUE,ARCEAU,ARCEAU VELOS,LIBRE ACCES,,,,,INOX,,Montpellier
969,34172,"[3.8695681107897313,43.61864199022549]",5,,CADRE ET ROUE,ARCEAU,ARCEAU VELOS,LIBRE ACCES,,,,,INOX,,Montpellier
295,34172,"[3.9021443000000002,43.602108300023154]",5,,CADRE ET ROUE,ARCEAU,ARCEAU VELOS,LIBRE ACCES,,,,,INOX,,Montpellier
2330,34172,"[3.852025480645206,43.59280729964175]",26,,CADRE ET ROUE,ARCEAU,ARCEAU VELOS,LIBRE ACCES,true,,,,,,Montpellier
1260,34129,"[3.8999189999999992,43.57309880002322]",1,,CADRE ET ROUE,ARCEAU,ARCEAU VELOS,LIBRE ACCES,,,false,,,,Lattes
584,34172,"[3.9015475,43.596844200023156]",6,,CADRE ET ROUE,ARCEAU,ARCEAU VELOS,LIBRE ACCES,,,false,,,,Montpellier
713,34172,"[3.8907104000000006,43.59068790002318]",3,,CADRE ET ROUE,ARCEAU,ARCEAU VELOS,LIBRE ACCES,,,,,INOX,,Montpellier
264,34077,"[3.885979509756838,43.65715578942572]",3,,CADRE ET ROUE,ARCEAU,ARCEAU VELOS,LIBRE ACCES,,,,,,,Clapiers
708,34172,"[3.864898570771871,43.61279592292329]",3,,CADRE ET ROUE,ARCEAU,ARCEAU VELOS,LIBRE ACCES,,,false,,INOX,,Montpellier
586,34057,"[3.895577,43.633240800023074]",3,,CADRE ET ROUE,ARCEAU,ARCEAU VELOS,LIBRE ACCES,,,false,,INOX,,Castelnau-le-Lez
2510,34172,"[3.815822532818208,43.621631570751624]",4,4,CADRE ET ROUE,ARCEAU,ARCEAU VELOS,LIBRE ACCES,,,,,,,Montpellier
385,34172,"[3.8629708329252894,43.61803380875746]",4,,CADRE ET ROUE,ARCEAU,ARCEAU VELOS,LIBRE ACCES,,,false,,INOX,,Montpellier
1038,34172,"[3.904620266852263,43.59584393724455]",2,,CADRE ET ROUE,ARCEAU,ARCEAU VELOS,LIBRE ACCES,,,,,INOX,,Montpellier
1914,34172,"[3.9029203064888827,43.59692469544581]",2,2,CADRE ET ROUE,ARCEAU,ARCEAU VELOS,LIBRE ACCES,,,,,,,Montpellier
521,34172,"[3.8880129365573493,43.60341084539786]",4,,CADRE ET ROUE,ARCEAU,ARCEAU VELOS,LIBRE ACCES,,,false,,INOX,,Montpellier
6,34172,"[3.8836628224944625,43.609082056265066]",15,,CADRE ET ROUE,ARCEAU,ARCEAU VELOS,LIBRE ACCES,,,,,INOX,,Montpellier
1155,34172,"[3.8700919470436164,43.59671642027233]",6,,CADRE ET ROUE,ARCEAU,ARCEAU VELOS,LIBRE ACCES,,,false,,INOX,,Montpellier
822,34172,"[3.8778693757228404,43.603673934571184]",3,,CADRE ET ROUE,ARCEAU,ARCEAU VELOS,LIBRE ACCES,,,,,INOX,,Montpellier
934,34172,"[3.8779690652403285,43.60357889808623]",3,,CADRE ET ROUE,ARCEAU,ARCEAU VELOS,LIBRE ACCES,,,,,INOX,,Montpellier
921,34172,"[3.8782902858196664,43.6165986521678]",6,,CADRE ET ROUE,ARCEAU,ARCEAU VELOS,LIBRE ACCES,,,,,INOX,,Montpellier
595,34057,"[3.922050037665579,43.64219155645092]",6,,CADRE ET ROUE,ARCEAU,ARCEAU VELOS,LIBRE ACCES,,,false,,INOX,,Castelnau-le-Lez
403,34172,"[3.8487649819848984,43.63917277463966]",33,,CADRE ET ROUE,ARCEAU,ARCEAU VELOS,LIBRE ACCES,,,false,,,,Montpellier
1514,34172,"[3.874579308421457,43.63270973435562]",2,,CADRE ET ROUE,ARCEAU,ARCEAU VELOS,LIBRE ACCES,,,false,,INOX,,Montpellier
1066,34172,"[3.9108689892052144,43.60602767759082]",2,,CADRE ET ROUE,ARCEAU,ARCEAU VELOS,LIBRE ACCES,,,,,INOX,,Montpellier
241,34172,"[3.8781403,43.60514720002315]",6,,CADRE ET ROUE,ARCEAU,ARCEAU VELOS,LIBRE ACCES,,,false,,INOX,,Montpellier
2353,34172,"[3.8385948145585607,43.6162887765177]",4,,CADRE ET ROUE,ARCEAU,ARCEAU VELOS,LIBRE ACCES,true,,,,,,Montpellier
372,34172,"[3.8714002264105942,43.608300925072854]",5,,CADRE ET ROUE,ARCEAU,ARCEAU VELOS,LIBRE ACCES,,,false,,INOX,,Montpellier
2023,34172,"[3.848889221426716,43.609684438854984]",19,,CADRE ET ROUE,ARCEAU,ARCEAU VELOS,LIBRE ACCES,true,,,,,,Montpellier
1306,34217,"[3.863078072130669,43.6995209446972]",4,,CADRE ET ROUE,ARCEAU,ARCEAU VELOS,LIBRE ACCES,,,false,,,,Prades-le-Lez
1483,34172,"[3.890931687497316,43.60458352012639]",4,,CADRE ET ROUE,ARCEAU,ARCEAU VELOS,LIBRE ACCES,,,false,,INOX,,Montpellier
1396,34172,"[3.904200549951105,43.59634165620709]",5,,CADRE ET ROUE,ARCEAU,ARCEAU VELOS,LIBRE ACCES,,,false,,INOX,,Montpellier
981,34123,"[3.8108529267909192,43.61763772453646]",4,,CADRE ET ROUE,ARCEAU,ARCEAU VELOS,LIBRE ACCES,,,,,INOX,,Juvignac
2034,34172,"[3.8763395074624416,43.60590294412137]",5,,CADRE ET ROUE,ARCEAU,ARCEAU VELOS,LIBRE ACCES,,,,,,,Montpellier
2002,34172,"[3.8823876430508792,43.603280155823384]",1,,CADRE ET ROUE,ARCEAU,ARCEAU VELOS,LIBRE ACCES,true,,,,,,Montpellier
992,34172,"[3.8583481795392816,43.631836101482484]",3,,CADRE ET ROUE,ARCEAU,ARCEAU VELOS,LIBRE ACCES,,,,,INOX,,Montpellier
511,34172,"[3.903161299999999,43.598958800023134]",3,,CADRE ET ROUE,ARCEAU,ARCEAU VELOS,LIBRE ACCES,,,,,INOX,,Montpellier
2290,34172,"[3.851996514418793,43.5924410986914]",8,,CADRE ET ROUE,ARCEAU,ARCEAU VELOS,LIBRE ACCES,,,,,,,Montpellier
2211,34172,"[3.8788563477991262,43.614661897073944]",4,,CADRE ET ROUE,ARCEAU,ARCEAU VELOS,LIBRE ACCES,true,,,,,,Montpellier
592,34057,"[3.8975148131840442,43.63247063651135]",2,,CADRE ET ROUE,ARCEAU,ARCEAU VELOS,LIBRE ACCES,,,false,,INOX,,Castelnau-le-Lez
1332,34172,"[3.8552068330028777,43.586613707122815]",3,,CADRE ET ROUE,ARCEAU,ARCEAU VELOS,LIBRE ACCES,,,false,,INOX,,Montpellier
1653,34172,"[3.8755030581211725,43.60524007671327]",4,,CADRE ET ROUE,ARCEAU,ARCEAU VELOS,LIBRE ACCES,true,,,,inox,,Montpellier
270,34077,"[3.8812862,43.654420800023026]",3,,CADRE ET ROUE,ARCEAU,ARCEAU VELOS,LIBRE ACCES,,,false,,,,Clapiers
416,34172,"[3.8732358196974594,43.60204920081839]",2,,CADRE ET ROUE,ARCEAU,ARCEAU VELOS,LIBRE ACCES,,,false,,INOX,,Montpellier
833,34172,"[3.878337184788852,43.60134036464276]",3,,CADRE ET ROUE,ARCEAU,ARCEAU VELOS,LIBRE ACCES,,,,,INOX,,Montpellier
192,34172,"[3.883851499999999,43.615701400023106]",1,,CADRE ET ROUE,ARCEAU,ARCEAU VELOS,LIBRE ACCES,,,,,INOX,,Montpellier
2042,34077,"[3.884410172570041,43.656500263914374]",5,,CADRE ET ROUE,ARCEAU,ARCEAU VELOS,LIBRE ACCES,true,,,,,,Clapiers
104,34172,"[3.9003183,43.602391600023154]",10,,CADRE ET ROUE,ARCEAU,ARCEAU VELOS,LIBRE ACCES,,,false,,INOX,,Montpellier
2103,34172,"[3.8641901426915655,43.61119640478278]",2,,CADRE ET ROUE,ARCEAU,ARCEAU VELOS,LIBRE ACCES,true,,,,,,Montpellier
645,34172,"[3.8964501683379926,43.60507259556491]",3,,CADRE ET ROUE,ARCEAU,ARCEAU VELOS,LIBRE ACCES,,,,,INOX,,Montpellier
2434,34172,"[3.8281077958614618,43.63873514677217]",14,,CADRE ET ROUE,ARCEAU,ABRI VELOS,LIBRE ACCES,,,,,,,Montpellier
1522,34172,"[3.8498241000831994,43.59041514870402]",2,,CADRE ET ROUE,ARCEAU,ARCEAU VELOS,LIBRE ACCES,,,false,,INOX,,Montpellier
903,34172,"[3.877967554506408,43.61255699803694]",3,,CADRE,AUTRE,LISSE VELOS,LIBRE ACCES,,,,,,,Montpellier
1503,34172,"[3.8647056005789593,43.6085814047217]",2,,CADRE ET ROUE,ARCEAU,ARCEAU VELOS,LIBRE ACCES,,,false,,INOX,,Montpellier
1021,34057,"[3.8955232021682793,43.63255534287397]",3,,CADRE ET ROUE,ARCEAU,ARCEAU VELOS,LIBRE ACCES,,,,,INOX,,Castelnau-le-Lez
648,34129,"[3.903703759030036,43.56878545833885]",5,,CADRE ET ROUE,ARCEAU,ARCEAU VELOS,LIBRE ACCES,,,false,,INOX,,Lattes
2425,34172,"[3.8323149506443293,43.596857307800356]",2,,CADRE ET ROUE,ARCEAU,ARCEAU VELOS,LIBRE ACCES,,,,,,,Montpellier
1254,34129,"[3.899099099999999,43.572012400023205]",1,,CADRE ET ROUE,ARCEAU,ARCEAU VELOS,LIBRE ACCES,,,false,,,,Lattes
501,34172,"[3.8902199913928306,43.618071337037854]",2,,CADRE ET ROUE,ARCEAU,ARCEAU VELOS,LIBRE ACCES,,,,,INOX,,Montpellier
1429,34172,"[3.910070612500853,43.6080336702019]",5,,CADRE ET ROUE,ARCEAU,ARCEAU VELOS,LIBRE ACCES,,,false,,INOX,,Montpellier
1594,34172,"[3.862049448744076,43.617310262971806]",4,,CADRE ET ROUE,ARCEAU,ARCEAU VELOS,LIBRE ACCES,,,,,INOX,,Montpellier
2076,34172,"[3.8918753269673694,43.607034435297294]",4,,CADRE ET ROUE,ARCEAU,ARCEAU VELOS,LIBRE ACCES,true,,,,,,Montpellier
2476,34172,"[3.8628074061981366,43.63518153487148]",10,,CADRE ET ROUE,ARCEAU,ARCEAU VELOS,LIBRE ACCES,,,,,,,Montpellier
173,34172,"[3.876754752233293,43.61366341544799]",18,,CADRE ET ROUE,ARCEAU,ARCEAU VELOS,LIBRE ACCES,,,false,,ANCIEN,,Montpellier
1413,34172,"[3.9104890385559727,43.60028852036076]",5,,CADRE ET ROUE,ARCEAU,ARCEAU VELOS,LIBRE ACCES,,,false,,INOX,,Montpellier
887,34172,"[3.8962469999999985,43.60621750002315]",4,,CADRE ET ROUE,ARCEAU,ARCEAU VELOS,LIBRE ACCES,,,,,INOX,,Montpellier
2332,34172,"[3.8513852830645665,43.60113394087598]",3,,CADRE ET ROUE,ARCEAU,ARCEAU VELOS,LIBRE ACCES,true,,,,,,Montpellier
1582,34337,"[3.863072897373816,43.53044220265683]",2,,CADRE ET ROUE,ARCEAU,ARCEAU VELOS,LIBRE ACCES,,,,,,,Villeneuve-lès-Maguelone
842,34172,"[3.869662725447795,43.60579693549812]",5,,CADRE ET ROUE,ARCEAU,ARCEAU VELOS,LIBRE ACCES,,,,,INOX,,Montpellier
505,34172,"[3.8880184717717703,43.61746734933841]",4,,CADRE ET ROUE,ARCEAU,ARCEAU VELOS,LIBRE ACCES,,,,,INOX,,Montpellier
238,34172,"[3.8846188999999995,43.60949200002313]",2,,CADRE ET ROUE,ARCEAU,ARCEAU VELOS,LIBRE ACCES,,,,,ANCIEN,,Montpellier
746,34172,"[3.8706943628511423,43.622148958038245]",3,,CADRE ET ROUE,ARCEAU,ARCEAU VELOS,LIBRE ACCES,,,false,,INOX,,Montpellier
413,34172,"[3.8768707999999994,43.61304160002315]",3,,CADRE ET ROUE,ARCEAU,ARCEAU VELOS,LIBRE ACCES,,,false,,INOX,,Montpellier
1185,34172,"[3.864251127116139,43.60858255020363]",7,,CADRE ET ROUE,ARCEAU,ARCEAU VELOS,LIBRE ACCES,,,false,,INOX,,Montpellier
922,34172,"[3.8785230705279723,43.616643670337616]",5,,CADRE ET ROUE,ARCEAU,ARCEAU VELOS,LIBRE ACCES,,,,,INOX,,Montpellier
1395,34172,"[3.9010840489807546,43.60046859358281]",6,,ROUE,RATELIER,PINCE-ROUE,LIBRE ACCES,,,false,,,,Montpellier
821,34172,"[3.8778277622086605,43.60390341229395]",6,,CADRE ET ROUE,ARCEAU,ARCEAU VELOS,LIBRE ACCES,,,,,INOX,,Montpellier
2225,34337,"[3.862425796556128,43.52839012468364]",26,,ROUE,RATELIER,PINCE-ROUE,LIBRE ACCES,,,,,,,Villeneuve-lès-Maguelone
2057,34172,"[3.8685776696420167,43.60234554292005]",2,,CADRE ET ROUE,ARCEAU,ARCEAU VELOS,LIBRE ACCES,true,,,,,,Montpellier
2235,34172,"[3.8737376408834994,43.60428948497466]",9,,CADRE ET ROUE,ARCEAU,ARCEAU VELOS,LIBRE ACCES,,,,,,,Montpellier
2518,34172,"[3.8298015110939825,43.61551504825109]",3,,CADRE ET ROUE,ARCEAU,ARCEAU VELOS,LIBRE ACCES,,,,,,,Montpellier
70,34172,"[3.894163499999999,43.599000100023154]",10,,CADRE ET ROUE,ARCEAU,ARCEAU VELOS,LIBRE ACCES,,,false,,INOX,,Montpellier
898,34172,"[3.887761951289233,43.603633707276984]",6,,CADRE ET ROUE,ARCEAU,ARCEAU VELOS,LIBRE ACCES,,,,,,,Montpellier
1144,34172,"[3.8305220475804758,43.61301695289432]",5,,ROUE,RATELIER,PINCE-ROUE,LIBRE ACCES,,,,,,,Montpellier
1784,34172,"[3.8206234173895393,43.62648451968624]",3,,CADRE ET ROUE,ARCEAU,ARCEAU VELOS,LIBRE ACCES,true,,,,,,Montpellier
496,34270,"[3.8370656999999997,43.574668500023215]",5,,CADRE ET ROUE,ARCEAU,ARCEAU VELOS,LIBRE ACCES,,,,,,marron,Saint-Jean-de-Védas
148,34172,"[3.869518099999999,43.61642010002312]",2,,CADRE ET ROUE,ARCEAU,ARCEAU VELOS,LIBRE ACCES,,,,,,,Montpellier
2475,34172,"[3.8673144151110743,43.6368332367903]",2,,CADRE ET ROUE,ARCEAU,ARCEAU VELOS,LIBRE ACCES,,,,,,,Montpellier
1440,34172,"[3.857575144360014,43.60508677209685]",8,,CADRE ET ROUE,ARCEAU,ARCEAU VELOS,LIBRE ACCES,,,false,,INOX,,Montpellier
1173,34172,"[3.8830791219569147,43.59096911218508]",7,,CADRE ET ROUE,ARCEAU,ARCEAU VELOS,LIBRE ACCES,,,false,,INOX,,Montpellier
1993,34172,"[3.883866218463099,43.605228990500684]",5,,CADRE ET ROUE,ARCEAU,ARCEAU VELOS,LIBRE ACCES,true,,,,,,Montpellier
2237,34172,"[3.867602996306704,43.60109787337492]",2,,CADRE ET ROUE,ARCEAU,ARCEAU VELOS,LIBRE ACCES,,,,,,,Montpellier
970,34172,"[3.8700913515433535,43.61241253162195]",8,,CADRE ET ROUE,ARCEAU,ARCEAU VELOS,LIBRE ACCES,,,,,INOX,,Montpellier
1224,34172,"[3.8813184898382542,43.58402032853948]",6,,CADRE ET ROUE,ARCEAU,ARCEAU VELOS,LIBRE ACCES,,,false,,INOX,,Montpellier
915,34172,"[3.8727881297843987,43.612886021201106]",4,,CADRE ET ROUE,ARCEAU,ARCEAU VELOS,LIBRE ACCES,,,,,INOX,,Montpellier
564,34172,"[3.8489220054048854,43.63429447464942]",17,,CADRE ET ROUE,ARCEAU,ARCEAU VELOS,LIBRE ACCES,,,false,,INOX,,Montpellier
1076,34172,"[3.857961709776806,43.61261215736016]",2,,CADRE ET ROUE,ARCEAU,ARCEAU VELOS,LIBRE ACCES,,,,,INOX,,Montpellier
539,34172,"[3.8842578,43.60329800002315]",3,,CADRE ET ROUE,ARCEAU,ARCEAU VELOS,LIBRE ACCES,,,false,,INOX,,Montpellier
2517,34090,"[3.9334599716359313,43.654294955939136]",5,,CADRE ET ROUE,ARCEAU,ARCEAU VELOS,LIBRE ACCES,,,,,,,Le Crès
2298,34270,"[3.8300662785299657,43.575541308336575]",20,,CADRE ET ROUE,ARCEAU,ARCEAU VELOS,LIBRE ACCES,,,,,,,Saint-Jean-de-Védas
1382,34172,"[3.8363089058252995,43.64053982681132]",4,,CADRE ET ROUE,ARCEAU,ARCEAU VELOS,LIBRE ACCES,,,false,,INOX,,Montpellier
76,34198,"[3.9572906999999993,43.56504130002326]",6,,CADRE ET ROUE,ARCEAU,ARCEAU VELOS,LIBRE ACCES,,,,,INOX,,Pérols
2245,34057,"[3.8994413117643627,43.63290450389616]",15,,ROUE,RATELIER,PINCE-ROUE,LIBRE ACCES,,,true,,,,Castelnau-le-Lez
546,34172,"[3.9026549999999998,43.59859460002316]",4,,CADRE ET ROUE,ARCEAU,ARCEAU VELOS,LIBRE ACCES,,,false,,INOX,,Montpellier
165,34172,"[3.8733656999999995,43.611694000023135]",6,,CADRE ET ROUE,ARCEAU,ARCEAU VELOS,LIBRE ACCES,,,false,,INOX,,Montpellier
481,34172,"[3.8930854999999993,43.60630220002314]",5,,CADRE ET ROUE,ARCEAU,ARCEAU VELOS,LIBRE ACCES,,,false,,INOX,,Montpellier
2208,34172,"[3.876226889243426,43.625009242501555]",9,,CADRE ET ROUE,ARCEAU,ARCEAU VELOS,LIBRE ACCES,true,,,,,,Montpellier
636,34057,"[3.8995392986612596,43.633478864523646]",2,,CADRE ET ROUE,ARCEAU,ARCEAU VELOS,LIBRE ACCES,,,,,INOX,,Castelnau-le-Lez
668,34172,"[3.8830335999999996,43.603643900023165]",2,,CADRE ET ROUE,ARCEAU,ARCEAU VELOS,LIBRE ACCES,,,,,INOX,,Montpellier
1715,34270,"[3.8309533634137685,43.57617666290452]",4,,CADRE ET ROUE,ARCEAU,ARCEAU VELOS,LIBRE ACCES,true,,,,,,Saint-Jean-de-Védas
186,34172,"[3.8950386525068534,43.603783996018336]",7,,CADRE ET ROUE,ARCEAU,ARCEAU VELOS,LIBRE ACCES,,,false,,INOX,,Montpellier
864,34172,"[3.865291377266727,43.61269301076167]",7,,CADRE ET ROUE,ARCEAU,ARCEAU VELOS,LIBRE ACCES,,,false,,INOX,,Montpellier
367,34172,"[3.867276259542476,43.60667071697177]",2,,CADRE ET ROUE,ARCEAU,ARCEAU VELOS,LIBRE ACCES,,,false,,INOX,,Montpellier
370,34172,"[3.867543969744032,43.60617685109211]",11,,CADRE ET ROUE,ARCEAU,ARCEAU VELOS,LIBRE ACCES,,,false,,INOX,,Montpellier
2240,34172,"[3.869892424653982,43.60218588675224]",3,,CADRE ET ROUE,ARCEAU,ARCEAU VELOS,LIBRE ACCES,,,,,,,Montpellier
778,34022,"[4.0076373,43.65336260002303]",10,,CADRE ET ROUE,ARCEAU,ARCEAU VELOS,LIBRE ACCES,,,false,,INOX,,Baillargues
63,34172,"[3.8599375941695286,43.5822287300025]",7,,CADRE ET ROUE,ARCEAU,ARCEAU VELOS,LIBRE ACCES,,,false,,INOX,,Montpellier
2166,34327,"[3.9725785711453994,43.659375211391385]",3,,CADRE ET ROUE,ARCEAU,ARCEAU VELOS,LIBRE ACCES,true,,,,,,Vendargues
938,34172,"[3.8682368216904606,43.62220738399221]",6,,CADRE ET ROUE,ARCEAU,ARCEAU VELOS,LIBRE ACCES,,,,,INOX,,Montpellier
1052,34172,"[3.9077771823320773,43.6042859160663]",2,,CADRE ET ROUE,ARCEAU,ARCEAU VELOS,LIBRE ACCES,,,,,INOX,,Montpellier
1507,34172,"[3.862021969418464,43.625469595541546]",2,,CADRE ET ROUE,ARCEAU,ARCEAU VELOS,LIBRE ACCES,,,false,,INOX,,Montpellier
1677,34172,"[3.851481094163186,43.5921184026573]",5,,CADRE ET ROUE,ARCEAU,ARCEAU VELOS,LIBRE ACCES,true,,false,,,,Montpellier
1657,34172,"[3.9021064548813844,43.601271620490714]",4,,CADRE ET ROUE,ARCEAU,ARCEAU VELOS,LIBRE ACCES,true,,false,,,,Montpellier
962,34172,"[3.8808266956415975,43.6172468871876]",2,,CADRE ET ROUE,ARCEAU,ARCEAU VELOS,LIBRE ACCES,,,,,INOX,,Montpellier
2017,34172,"[3.8752410936046413,43.60163409411874]",5,,CADRE ET ROUE,ARCEAU,ARCEAU VELOS,LIBRE ACCES,true,,,,,,Montpellier
2299,34172,"[3.866991688863739,43.61192642332343]",3,,CADRE ET ROUE,ARCEAU,ARCEAU VELOS,LIBRE ACCES,,,,,,,Montpellier
1141,34172,"[3.9034271666136457,43.595797392365704]",5,,CADRE ET ROUE,ARCEAU,ARCEAU VELOS,LIBRE ACCES,,,false,,INOX,,Montpellier
1806,34172,"[3.8217915381848995,43.62591983304219]",10,3,CADRE ET ROUE,ARCEAU,ARCEAU VELOS,LIBRE ACCES,true,,,,,,Montpellier
555,34172,"[3.867868389385999,43.611300920267475]",4,,CADRE ET ROUE,ARCEAU,ARCEAU VELOS,LIBRE ACCES,,,false,,INOX,,Montpellier
2068,34172,"[3.868740895323925,43.6060940178458]",2,,CADRE ET ROUE,ARCEAU,ARCEAU VELOS,LIBRE ACCES,true,,,,,,Montpellier
190,34172,"[3.8836941376573253,43.61935648487716]",8,,CADRE ET ROUE,ARCEAU,ARCEAU VELOS,LIBRE ACCES,,,,,INOX,,Montpellier
909,34172,"[3.8653814272122817,43.611463318957796]",20,,CADRE ET ROUE,ARCEAU,ARCEAU VELOS,LIBRE ACCES,,,,,INOX,,Montpellier
945,34172,"[3.904527218143789,43.599379384469]",4,,CADRE ET ROUE,ARCEAU,ARCEAU VELOS,LIBRE ACCES,,,,,INOX,,Montpellier
836,34172,"[3.879282177393856,43.602800222416676]",4,,CADRE ET ROUE,ARCEAU,ARCEAU VELOS,LIBRE ACCES,,,,,INOX,,Montpellier
94,34172,"[3.9246835,43.60498870002315]",10,,CADRE ET ROUE,ARCEAU,ARCEAU VELOS,LIBRE ACCES,,,,,,orange,Montpellier
24,34172,"[3.87366341571114,43.61672626589578]",10,,CADRE ET ROUE,ARCEAU,ARCEAU VELOS,LIBRE ACCES,,,false,,INOX,,Montpellier
1092,34172,"[3.8636913475376446,43.59912605814313]",2,,CADRE ET ROUE,ARCEAU,ARCEAU VELOS,LIBRE ACCES,,,,,INOX,,Montpellier
905,34172,"[3.8712721455258734,43.60892542218884]",2,,CADRE,AUTRE,LISSE VELOS,LIBRE ACCES,true,,,,,,Montpellier
1037,34172,"[3.8742995126013873,43.605297604851174]",7,,CADRE ET ROUE,ARCEAU,ARCEAU VELOS,LIBRE ACCES,,,,,INOX,,Montpellier
1981,34172,"[3.8806500374856143,43.603522475851115]",4,,CADRE ET ROUE,ARCEAU,ARCEAU VELOS,LIBRE ACCES,true,,,,,,Montpellier
2433,34172,"[3.83075126803279,43.63409473430457]",6,,ROUE,RATELIER,RACK VELOS,LIBRE ACCES,,,,,,,Montpellier
1149,34172,"[3.8914288780483393,43.59673542699161]",5,,CADRE ET ROUE,ARCEAU,ARCEAU VELOS,LIBRE ACCES,,,false,,INOX,,Montpellier
109,34172,"[3.89867,43.60443720002317]",6,,CADRE ET ROUE,ARCEAU,ARCEAU VELOS,LIBRE ACCES,,,false,,INOX,marron,Montpellier
1348,34172,"[3.8628609739301947,43.61866903858516]",3,,CADRE ET ROUE,ARCEAU,ARCEAU VELOS,LIBRE ACCES,,,false,,INOX,,Montpellier
576,34172,"[3.919996199999999,43.599201800023145]",5,,CADRE ET ROUE,ARCEAU,ARCEAU VELOS,LIBRE ACCES,,,,,,,Montpellier
751,34172,"[3.876708493927606,43.617245810417806]",2,,CADRE ET ROUE,ARCEAU,ARCEAU VELOS,LIBRE ACCES,,,,,INOX,,Montpellier
1785,34172,"[3.820641796912543,43.626794947257046]",7,,CADRE ET ROUE,ARCEAU,ARCEAU VELOS,LIBRE ACCES,true,,,,,,Montpellier
1216,34172,"[3.888278839499563,43.599735757403856]",2,,CADRE ET ROUE,ARCEAU,ARCEAU VELOS,LIBRE ACCES,,,false,,INOX,,Montpellier
926,34172,"[3.9024760383096186,43.597888893277634]",4,,CADRE ET ROUE,ARCEAU,ARCEAU VELOS,LIBRE ACCES,,,,,INOX,,Montpellier
1353,34172,"[3.865997652797696,43.59841189329777]",2,,CADRE ET ROUE,ARCEAU,ARCEAU VELOS,LIBRE ACCES,,,false,,INOX,,Montpellier
45,34172,"[3.873930947946538,43.636374050917944]",4,,CADRE ET ROUE,ARCEAU,ARCEAU VELOS,LIBRE ACCES,,,,,INOX,marron,Montpellier
1474,34172,"[3.9060792499983807,43.61091144669474]",6,,CADRE ET ROUE,ARCEAU,ARCEAU VELOS,LIBRE ACCES,,,false,,INOX,,Montpellier
1368,34172,"[3.8510141540323106,43.600445025367755]",6,,CADRE ET ROUE,ARCEAU,ARCEAU VELOS,LIBRE ACCES,,,false,,INOX,,Montpellier
854,34172,"[3.902341199999999,43.596859100023174]",2,,CADRE ET ROUE,ARCEAU,ARCEAU VELOS,LIBRE ACCES,,,,,INOX,,Montpellier
542,34172,"[3.8853386966571297,43.60570360651322]",5,,CADRE ET ROUE,ARCEAU,ARCEAU VELOS,LIBRE ACCES,true,,,,INOX,,Montpellier
2067,34172,"[3.8725281197766472,43.605049421282345]",2,,CADRE ET ROUE,ARCEAU,ARCEAU VELOS,LIBRE ACCES,true,,,,,,Montpellier
1488,34172,"[3.85809463799482,43.614112057564526]",4,,CADRE ET ROUE,ARCEAU,ARCEAU VELOS,LIBRE ACCES,,,false,,INOX,,Montpellier
1293,34095,"[3.7788322831301877,43.54997470757174]",3,,CADRE ET ROUE,ARCEAU,ARCEAU VELOS,LIBRE ACCES,,,,,,,Fabrègues
1309,34327,"[3.974774347567448,43.66005197507272]",3,,CADRE ET ROUE,AUTRE,RACK VELOS,LIBRE ACCES,,,,,,,Vendargues
2154,34172,"[3.8733186991164983,43.61719863349297]",10,,CADRE ET ROUE,ARCEAU,ARCEAU VELOS,LIBRE ACCES,true,,,,,,Montpellier
1405,34172,"[3.9035588569553976,43.602458292396754]",4,,CADRE ET ROUE,ARCEAU,ARCEAU VELOS,LIBRE ACCES,,,false,,INOX,,Montpellier
422,34172,"[3.8435627337203853,43.60431336481782]",4,,CADRE ET ROUE,ARCEAU,ARCEAU VELOS,LIBRE ACCES,,,false,,INOX,,Montpellier
590,34057,"[3.9150251999999996,43.63593470002308]",2,,CADRE ET ROUE,ARCEAU,ARCEAU VELOS,LIBRE ACCES,,,false,,INOX,,Castelnau-le-Lez
871,34172,"[3.81156187397581,43.63996010414936]",3,,CADRE ET ROUE,ARCEAU,ARCEAU VELOS,LIBRE ACCES,,,,,INOX,,Montpellier
95,34172,"[3.8977584000000003,43.600660600023154]",5,,CADRE ET ROUE,ARCEAU,ARCEAU VELOS,LIBRE ACCES,,,false,,INOX,gris foncé,Montpellier
1360,34172,"[3.8628964098318828,43.61968299327794]",2,,CADRE ET ROUE,ARCEAU,ARCEAU VELOS,LIBRE ACCES,,,false,,INOX,,Montpellier
1096,34172,"[3.8764278493217934,43.619140876795775]",2,,CADRE ET ROUE,ARCEAU,ARCEAU VELOS,LIBRE ACCES,,,,,INOX,,Montpellier
904,34172,"[3.871245762565791,43.60883627496295]",2,,CADRE,AUTRE,LISSE VELOS,LIBRE ACCES,true,,,,,,Montpellier
773,34129,"[3.904253099999999,43.57197570002323]",12,,ROUE,RATELIER,PINCE-ROUE,LIBRE ACCES,,,,,,vert,Lattes
419,34172,"[3.8716055060413095,43.60124740941038]",2,,CADRE ET ROUE,ARCEAU,ARCEAU VELOS,LIBRE ACCES,,,false,,INOX,,Montpellier
940,34198,"[3.9636273964697413,43.55751145044315]",8,,CADRE ET ROUE,ARCEAU,ARCEAU VELOS,LIBRE ACCES,,,,,INOX,,Pérols
844,34172,"[3.9260563999999993,43.59938250002315]",4,,CADRE ET ROUE,ARCEAU,ARCEAU VELOS,LIBRE ACCES,,,,,INOX,,Montpellier
1505,34172,"[3.863234334825019,43.62761256443012]",2,,CADRE ET ROUE,ARCEAU,ARCEAU VELOS,LIBRE ACCES,,,false,,INOX,,Montpellier
1678,34172,"[3.8667351633046785,43.61080642768786]",3,,CADRE ET ROUE,ARCEAU,ARCEAU VELOS,LIBRE ACCES,true,,false,,,,Montpellier
2053,34172,"[3.8730694849549483,43.603242158850456]",3,,CADRE ET ROUE,ARCEAU,ARCEAU VELOS,LIBRE ACCES,true,,,,,,Montpellier
194,34172,"[3.8951669000000004,43.61253230002312]",8,,CADRE ET ROUE,ARCEAU,ARCEAU VELOS,LIBRE ACCES,,,false,,INOX,,Montpellier
628,34172,"[3.8696232407976976,43.61302747606042]",5,,CADRE ET ROUE,ARCEAU,ARCEAU VELOS,LIBRE ACCES,,,false,,INOX,,Montpellier
299,34172,"[3.8902928227670213,43.60688200072646]",3,,CADRE ET ROUE,ARCEAU,ARCEAU VELOS,LIBRE ACCES,,,false,,INOX,,Montpellier
399,34172,"[3.8938997000000004,43.60466130002313]",5,,CADRE ET ROUE,ARCEAU,ARCEAU VELOS,LIBRE ACCES,,,false,,INOX,,Montpellier
647,34129,"[3.9028795572401913,43.56868868313969]",10,,CADRE ET ROUE,ARCEAU,ARCEAU VELOS,LIBRE ACCES,,,false,,INOX,,Lattes
562,34172,"[3.876521966716927,43.60636088831832]",8,,CADRE ET ROUE,ARCEAU,ARCEAU VELOS,LIBRE ACCES,,,false,,INOX,,Montpellier
824,34172,"[3.878222703704739,43.59962092975111]",2,,CADRE ET ROUE,ARCEAU,ARCEAU VELOS,LIBRE ACCES,,,,,INOX,,Montpellier
774,34172,"[3.8818896527549067,43.60740308744124]",4,,CADRE ET ROUE,ARCEAU,ARCEAU VELOS,LIBRE ACCES,,,,,INOX,,Montpellier
1665,34172,"[3.8766630651702845,43.60495540747426]",8,,CADRE ET ROUE,ARCEAU,ARCEAU VELOS,LIBRE ACCES,true,,false,,,,Montpellier
599,34172,"[3.890414982498009,43.606899691627916]",3,,CADRE ET ROUE,ARCEAU,ARCEAU VELOS,LIBRE ACCES,,,false,,INOX,,Montpellier
2488,34172,"[3.849201201549076,43.63440298235014]",10,,CADRE ET ROUE,ARCEAU,ARCEAU VELOS,LIBRE ACCES,,,,,,,Montpellier
953,34172,"[3.875779397668632,43.60985703358384]",2,,CADRE ET ROUE,ARCEAU,ARCEAU VELOS,LIBRE ACCES,,,,,INOX,,Montpellier
1265,34057,"[3.897359314481353,43.632861291783996]",3,,CADRE ET ROUE,ARCEAU,ARCEAU VELOS,LIBRE ACCES,,,,,,,Castelnau-le-Lez
1192,34172,"[3.8462691944438783,43.62196291221433]",8,,CADRE ET ROUE,ARCEAU,ARCEAU VELOS,LIBRE ACCES,,,false,,INOX,,Montpellier
2308,34172,"[3.8469422891327714,43.621882311253096]",2,,CADRE ET ROUE,ARCEAU,ARCEAU VELOS,LIBRE ACCES,,,,,,,Montpellier
1898,34172,"[3.8199246405155747,43.63830830149449]",3,,CADRE ET ROUE,ARCEAU,ARCEAU VELOS,LIBRE ACCES,true,,,,,,Montpellier
286,34172,"[3.9019670115019913,43.59972452391582]",3,,CADRE ET ROUE,ARCEAU,ARCEAU VELOS,LIBRE ACCES,,,false,,INOX,,Montpellier
852,34172,"[3.8274203106183897,43.61353825134011]",6,,CADRE ET ROUE,ARCEAU,ARCEAU VELOS,LIBRE ACCES,,,false,,INOX,,Montpellier
201,34249,"[3.9783012000000006,43.73295100002284]",4,,CADRE ET ROUE,ARCEAU,ARCEAU VELOS,LIBRE ACCES,,,false,,,,Saint-Drézéry
153,34172,"[3.8788019999999994,43.60480860002314]",4,,CADRE ET ROUE,ARCEAU,ARCEAU VELOS,LIBRE ACCES,,,false,,INOX,,Montpellier
2224,34337,"[3.862306295540347,43.52875929468418]",13,,ROUE,RATELIER,PINCE-ROUE,LIBRE ACCES,,,,,,,Villeneuve-lès-Maguelone
1498,34057,"[3.902926168037643,43.629247263378545]",6,,CADRE ET ROUE,ARCEAU,ARCEAU VELOS,LIBRE ACCES,,,false,,,,Castelnau-le-Lez
1906,34172,"[3.896517714421681,43.61034618812721]",10,,ROUE,RATELIER,PINCE-ROUE,LIBRE ACCES,true,,,,,,Montpellier
1101,34172,"[3.8791214924149218,43.62522532770045]",2,,CADRE ET ROUE,ARCEAU,ARCEAU VELOS,LIBRE ACCES,,,false,,INOX,,Montpellier
1926,34172,"[3.8876800416974384,43.61045826098064]",5,,CADRE ET ROUE,ARCEAU,ARCEAU VELOS,LIBRE ACCES,true,,,,,,Montpellier
470,34172,"[3.8705273,43.59571610002316]",4,,CADRE ET ROUE,ARCEAU,ARCEAU VELOS,LIBRE ACCES,,,false,,INOX,,Montpellier
828,34172,"[3.879819494747264,43.60208561346496]",2,,CADRE ET ROUE,ARCEAU,ARCEAU VELOS,LIBRE ACCES,,,,,INOX,,Montpellier
1724,34198,"[3.9503169276511017,43.573038892152205]",10,,CADRE ET ROUE,RATELIER,RACK VELOS,LIBRE ACCES,,,,,,,Pérols
591,34172,"[3.8330258999999995,43.63339130002307]",3,,CADRE ET ROUE,ARCEAU,ARCEAU VELOS,LIBRE ACCES,,,false,,INOX,marron,Montpellier
319,34172,"[3.847761004548998,43.63460031982922]",15,,CADRE ET ROUE,ARCEAU,ARCEAU VELOS,LIBRE ACCES,,,false,,,,Montpellier
1508,34172,"[3.863887007497318,43.62628761939455]",2,,CADRE ET ROUE,ARCEAU,ARCEAU VELOS,LIBRE ACCES,,,false,,INOX,,Montpellier
629,34172,"[3.8693558399930423,43.613050777353116]",4,,CADRE ET ROUE,ARCEAU,ARCEAU VELOS,LIBRE ACCES,,,false,,INOX,,Montpellier
446,34172,"[3.8580095415091566,43.602092346907675]",23,,CADRE ET ROUE,ARCEAU,ARCEAU VELOS,LIBRE ACCES,,,false,,,,Montpellier
198,34172,"[3.9015974530024478,43.60168043989815]",4,,CADRE ET ROUE,ARCEAU,ARCEAU VELOS,LIBRE ACCES,,,false,,INOX,,Montpellier
2469,34172,"[3.8368174743637224,43.59627373958966]",3,,CADRE ET ROUE,ARCEAU,ARCEAU VELOS,LIBRE ACCES,,,,,,,Montpellier
1900,34172,"[3.886258707266311,43.60817009111252]",9,,CADRE ET ROUE,ARCEAU,ARCEAU VELOS,LIBRE ACCES,true,,,,,,Montpellier
106,34172,"[3.8987285000000003,43.60397060002315]",6,,CADRE ET ROUE,ARCEAU,ARCEAU VELOS,LIBRE ACCES,,,false,,INOX,marron,Montpellier
1698,34172,"[3.8692033556728505,43.606801622874805]",4,,CADRE ET ROUE,ARCEAU,ARCEAU VELOS,LIBRE ACCES,true,,,,,,Montpellier
436,34172,"[3.8819481574934738,43.59955804022235]",5,,CADRE ET ROUE,ARCEAU,ARCEAU VELOS,LIBRE ACCES,,,false,,INOX,,Montpellier
2455,34172,"[3.8644805220734324,43.62587175210584]",3,,CADRE ET ROUE,ARCEAU,ARCEAU VELOS,LIBRE ACCES,,,,,,,Montpellier
972,34172,"[3.856446530650458,43.615504827828985]",3,,CADRE ET ROUE,ARCEAU,ARCEAU VELOS,LIBRE ACCES,,,,,INOX,,Montpellier
2254,34172,"[3.8786210332558957,43.61287178661051]",4,,CADRE,AUTRE,LISSE VELOS,LIBRE ACCES,,,,,,,Montpellier
3,34057,"[3.9021812999999996,43.63020910002309]",5,,CADRE ET ROUE,ARCEAU,ARCEAU VELOS,LIBRE ACCES,,,false,,INOX,,Castelnau-le-Lez
2014,34172,"[3.881242128182628,43.605112046747706]",20,,ROUE,RATELIER,PINCE-ROUE,LIBRE ACCES,true,,,,,,Montpellier
19,34172,"[3.893023416178908,43.60825606237208]",8,,CADRE ET ROUE,ARCEAU,ARCEAU VELOS,LIBRE ACCES,,,false,,INOX,,Montpellier
2091,34172,"[3.9040183520718776,43.5975563998323]",5,,CADRE ET ROUE,ARCEAU,ARCEAU VELOS,LIBRE ACCES,true,,,,,,Montpellier
768,34129,"[3.8781043999999993,43.56166380002325]",4,,CADRE ET ROUE,ARCEAU,ARCEAU VELOS,LIBRE ACCES,,,false,,,,Lattes
2123,34172,"[3.8674254434615083,43.61774437311435]",10,,ROUE,RATELIER,PINCE-ROUE,LIBRE ACCES,true,,,,,,Montpellier
82,34172,"[3.895469299999999,43.59959470002317]",7,,CADRE ET ROUE,ARCEAU,ARCEAU VELOS,LIBRE ACCES,,,false,,INOX,,Montpellier
526,34057,"[3.9066825999999995,43.63391560002308]",3,,CADRE ET ROUE,ARCEAU,ARCEAU VELOS,LIBRE ACCES,,,false,,INOX,,Castelnau-le-Lez
1218,34172,"[3.8924246710908386,43.597481213926464]",2,,CADRE ET ROUE,ARCEAU,ARCEAU VELOS,LIBRE ACCES,,,false,,INOX,,Montpellier
2092,34172,"[3.90369903654064,43.598275815710124]",4,1,CADRE ET ROUE,ARCEAU,ARCEAU VELOS,LIBRE ACCES,true,,,,,,Montpellier
805,34172,"[3.8546363899974945,43.59984571187639]",6,,CADRE ET ROUE,ARCEAU,ARCEAU VELOS,LIBRE ACCES,,,false,,INOX,,Montpellier
1326,34172,"[3.874524710190091,43.59549125439739]",5,,CADRE ET ROUE,ARCEAU,ARCEAU VELOS,LIBRE ACCES,,,false,,INOX,,Montpellier
171,34172,"[3.8747960044644065,43.614097633309264]",12,,CADRE ET ROUE,ARCEAU,ARCEAU VELOS,LIBRE ACCES,,,false,,INOX,,Montpellier
1418,34172,"[3.8536744901116164,43.61486144204867]",3,,CADRE ET ROUE,ARCEAU,ARCEAU VELOS,LIBRE ACCES,,,false,,INOX,,Montpellier
1177,34172,"[3.867523769776667,43.60562849709124]",4,,CADRE ET ROUE,ARCEAU,ARCEAU VELOS,LIBRE ACCES,,,false,,INOX,,Montpellier
1407,34172,"[3.909296075276519,43.6031945535686]",5,,CADRE ET ROUE,ARCEAU,ARCEAU VELOS,LIBRE ACCES,,,false,,INOX,,Montpellier
1011,34172,"[3.890393903956192,43.60642411676086]",3,,CADRE ET ROUE,ARCEAU,ARCEAU VELOS,LIBRE ACCES,,,,,INOX,,Montpellier
1227,34172,"[3.880938478890616,43.591865215159835]",4,,CADRE ET ROUE,ARCEAU,ARCEAU VELOS,LIBRE ACCES,,,false,,INOX,,Montpellier
2210,34172,"[3.8726315282532076,43.61292652223983]",4,,CADRE ET ROUE,ARCEAU,ARCEAU VELOS,LIBRE ACCES,true,,,,,,Montpellier
1451,34172,"[3.8682783000012173,43.59568820730031]",4,,CADRE ET ROUE,ARCEAU,ARCEAU VELOS,LIBRE ACCES,,,false,,INOX,,Montpellier
85,34058,"[3.9849852,43.68683970002296]",12,,ROUE,RATELIER,PINCE-ROUE,LIBRE ACCES,,,,,,,Castries
744,34172,"[3.865199521967213,43.62517623325359]",2,,CADRE ET ROUE,ARCEAU,ARCEAU VELOS,LIBRE ACCES,,,,,INOX,,Montpellier
939,34172,"[3.8452278318793955,43.61679468743177]",5,,CADRE ET ROUE,ARCEAU,ARCEAU VELOS,LIBRE ACCES,,,,,INOX,,Montpellier
622,34172,"[3.8576341999999992,43.580763200023206]",7,,CADRE ET ROUE,ARCEAU,ARCEAU VELOS,LIBRE ACCES,,,,,INOX,,Montpellier
2437,34172,"[3.871521245364037,43.60308450830289]",1,,CADRE ET ROUE,ARCEAU,ARCEAU VELOS,LIBRE ACCES,,,,,,,Montpellier
1183,34172,"[3.9012507272422767,43.620605766496155]",8,,CADRE ET ROUE,ARCEAU,ARCEAU VELOS,LIBRE ACCES,,,false,,INOX,,Montpellier
1302,34270,"[3.8156376202425735,43.581317570580154]",5,,CADRE ET ROUE,ARCEAU,ARCEAU VELOS,LIBRE ACCES,,,false,,,,Saint-Jean-de-Védas
798,34172,"[3.8790880184084195,43.597729748390414]",2,,CADRE ET ROUE,ARCEAU,ARCEAU VELOS,LIBRE ACCES,,,,,INOX,,Montpellier
672,34198,"[3.935855132395544,43.5774697831613]",9,,CADRE ET ROUE,ARCEAU,ARCEAU VELOS,LIBRE ACCES,,,false,,INOX,,Pérols
1664,34172,"[3.8527112172177955,43.61472148690288]",4,,CADRE ET ROUE,ARCEAU,ARCEAU VELOS,LIBRE ACCES,true,,false,,,,Montpellier
963,34172,"[3.882470850937215,43.619295435864174]",2,,CADRE ET ROUE,ARCEAU,ARCEAU VELOS,LIBRE ACCES,,,,,INOX,,Montpellier
218,34172,"[3.8456613999999996,43.59088870002319]",5,,CADRE ET ROUE,ARCEAU,ARCEAU VELOS,LIBRE ACCES,,,,,INOX,,Montpellier
527,34172,"[3.8644965964051474,43.61463657331282]",2,,CADRE ET ROUE,ARCEAU,ARCEAU VELOS,LIBRE ACCES,,,,,INOX,,Montpellier
1225,34172,"[3.8814001029276786,43.58413856361838]",6,,CADRE ET ROUE,ARCEAU,ARCEAU VELOS,LIBRE ACCES,,,false,,INOX,,Montpellier
1318,34172,"[3.856957819733778,43.573631458179186]",10,,ROUE,RATELIER,PINCE-ROUE,LIBRE ACCES,,,false,,,,Montpellier
1680,34172,"[3.8665918311683747,43.61094315089592]",4,,CADRE ET ROUE,ARCEAU,ARCEAU VELOS,LIBRE ACCES,true,,false,,,,Montpellier
2073,34172,"[3.866490156441792,43.60548536355012]",2,,CADRE ET ROUE,ARCEAU,ARCEAU VELOS,LIBRE ACCES,true,,,,,,Montpellier
1660,34172,"[3.8788444440614946,43.617922390162484]",4,,CADRE ET ROUE,ARCEAU,ARCEAU VELOS,LIBRE ACCES,true,,false,,,,Montpellier
885,34172,"[3.823218759200388,43.61714701454191]",5,,CADRE ET ROUE,ARCEAU,ARCEAU VELOS,LIBRE ACCES,,,,,INOX,,Montpellier
982,34123,"[3.8086274635339126,43.61656394432419]",8,,ROUE,RATELIER,PINCE-ROUE,LIBRE ACCES,,,,,,,Juvignac
269,34077,"[3.8902395121450177,43.65194085584634]",6,,CADRE ET ROUE,ARCEAU,ARCEAU VELOS,LIBRE ACCES,,,false,,,,Clapiers
219,34172,"[3.846262583738734,43.59103792404444]",4,,CADRE ET ROUE,ARCEAU,ARCEAU VELOS,LIBRE ACCES,,,,,INOX,,Montpellier
1146,34172,"[3.893742199871114,43.61872212278621]",5,,CADRE ET ROUE,ARCEAU,ARCEAU VELOS,LIBRE ACCES,,,false,,INOX,,Montpellier
777,34120,"[3.9053206000000005,43.658263500023004]",5,,ROUE,RATELIER,PINCE-ROUE,LIBRE ACCES,,,,,,,Jacou
553,34172,"[3.882501661031123,43.60524046962986]",3,,CADRE ET ROUE,ARCEAU,ARCEAU VELOS,LIBRE ACCES,,,false,,INOX,,Montpellier
561,34172,"[3.8762855470814173,43.60644929796785]",7,,CADRE ET ROUE,ARCEAU,ARCEAU VELOS,LIBRE ACCES,,,false,,INOX,,Montpellier
1193,34172,"[3.8741660898094925,43.61770585397079]",3,,CADRE ET ROUE,ARCEAU,ARCEAU VELOS,LIBRE ACCES,,,false,,INOX,,Montpellier
1140,34172,"[3.903226310073328,43.59565613157103]",4,,CADRE ET ROUE,ARCEAU,ARCEAU VELOS,LIBRE ACCES,,,false,,INOX,,Montpellier
434,34172,"[3.8703529432490016,43.604663039778906]",2,,CADRE ET ROUE,ARCEAU,ARCEAU VELOS,LIBRE ACCES,,,false,,INOX,,Montpellier
2070,34172,"[3.8662541363171012,43.60691833335894]",3,,CADRE ET ROUE,ARCEAU,ARCEAU VELOS,LIBRE ACCES,true,,,,,,Montpellier
1527,34172,"[3.857399629658912,43.61176864139379]",2,,CADRE ET ROUE,ARCEAU,ARCEAU VELOS,LIBRE ACCES,,,false,,INOX,,Montpellier
958,34172,"[3.880590416204088,43.618622133739294]",2,,CADRE ET ROUE,ARCEAU,ARCEAU VELOS,LIBRE ACCES,,,,,INOX,,Montpellier
2246,34058,"[3.9802119826988536,43.675261215424975]",15,,ROUE,RATELIER,PINCE-ROUE,LIBRE ACCES,,,,,,,Castries
1284,34172,"[3.8672309817875075,43.60807022804673]",4,,CADRE ET ROUE,ARCEAU,ARCEAU VELOS,LIBRE ACCES,,,false,,INOX,,Montpellier
401,34172,"[3.902306296888515,43.59737899814792]",5,,CADRE ET ROUE,ARCEAU,ARCEAU VELOS,LIBRE ACCES,,,false,,INOX,,Montpellier
2204,34172,"[3.880685457631621,43.61609851581687]",1,1,CADRE ET ROUE,ARCEAU,ARCEAU VELOS,LIBRE ACCES,,,,,,,Montpellier
440,34172,"[3.8977900249977973,43.618210472506675]",5,,CADRE ET ROUE,ARCEAU,ARCEAU VELOS,LIBRE ACCES,,,false,,INOX,,Montpellier
572,34172,"[3.9352464642902776,43.61567212876375]",8,,CADRE ET ROUE,ARCEAU,ARCEAU VELOS,LIBRE ACCES,,,,,INOX,,Montpellier
495,34270,"[3.8372008999999982,43.57471170002323]",5,,CADRE ET ROUE,ARCEAU,ARCEAU VELOS,LIBRE ACCES,,,,,,marron,Saint-Jean-de-Védas
1277,34172,"[3.830993248083577,43.613147102919434]",5,,CADRE ET ROUE,ARCEAU,ARCEAU VELOS,LIBRE ACCES,,,false,,INOX,,Montpellier
2117,34172,"[3.8597493980186988,43.61869865134114]",12,,ROUE,RATELIER,PINCE-ROUE,LIBRE ACCES,true,,,,,,Montpellier
1257,34129,"[3.8992910999999997,43.573268000023205]",3,,CADRE ET ROUE,ARCEAU,ARCEAU VELOS,LIBRE ACCES,,,false,,,,Lattes
2007,34172,"[3.881906572535317,43.603562286002365]",5,,CADRE ET ROUE,ARCEAU,ARCEAU VELOS,LIBRE ACCES,true,,,,,,Montpellier
954,34172,"[3.8729184740648477,43.608719481433326]",8,,CADRE ET ROUE,ARCEAU,ARCEAU VELOS,LIBRE ACCES,,,,,INOX,,Montpellier
12,34057,"[3.916037499999999,43.63307430002307]",4,,CADRE ET ROUE,ARCEAU,ARCEAU VELOS,LIBRE ACCES,,,false,,INOX,,Castelnau-le-Lez
1077,34172,"[3.8572900399018635,43.613212322756546]",2,,CADRE ET ROUE,ARCEAU,ARCEAU VELOS,LIBRE ACCES,,,,,INOX,,Montpellier
947,34172,"[3.9226393177665884,43.59670033042171]",10,,CADRE ET ROUE,ARCEAU,ARCEAU VELOS,LIBRE ACCES,,,,,INOX,noir,Montpellier
554,34172,"[3.8790864566897594,43.60670409583787]",4,,CADRE ET ROUE,ARCEAU,ARCEAU VELOS,LIBRE ACCES,,,false,,INOX,,Montpellier
2226,34270,"[3.824026483198309,43.576516475082435]",3,,ROUE,RATELIER,PINCE-ROUE,LIBRE ACCES,,,,,,,Saint-Jean-de-Védas
1095,34172,"[3.8642656320045905,43.59938344235921]",2,,CADRE ET ROUE,ARCEAU,ARCEAU VELOS,LIBRE ACCES,,,,,INOX,,Montpellier
2537,34057,"[3.9160429186627943,43.619797743066044]",5,,CADRE ET ROUE,ARCEAU,ARCEAU VELOS,LIBRE ACCES,,,,,,,Castelnau-le-Lez
840,34172,"[3.8700669096730933,43.60357648679416]",1,,CADRE ET ROUE,ARCEAU,ARCEAU VELOS,LIBRE ACCES,,,,,INOX,,Montpellier
1324,34172,"[3.872229625287642,43.59712070715504]",2,,CADRE ET ROUE,ARCEAU,ARCEAU VELOS,LIBRE ACCES,,,false,,INOX,,Montpellier
1074,34172,"[3.9131823487976485,43.60695671274291]",2,,CADRE ET ROUE,ARCEAU,ARCEAU VELOS,LIBRE ACCES,,,,,INOX,,Montpellier
485,34172,"[3.876456199596799,43.61030101460982]",4,,CADRE ET ROUE,ARCEAU,ARCEAU VELOS,LIBRE ACCES,,,false,,INOX,,Montpellier
733,34172,"[3.9155763740708185,43.60132766067951]",5,,CADRE ET ROUE,ARCEAU,ARCEAU VELOS,LIBRE ACCES,,,,,INOX,,Montpellier
1484,34172,"[3.8366781129242518,43.64407993498067]",6,,CADRE ET ROUE,ARCEAU,ARCEAU VELOS,LIBRE ACCES,,,true,,INOX,,Montpellier
1545,34172,"[3.8788337347160655,43.60815256810928]",11,,CADRE ET ROUE,ARCEAU,ARCEAU VELOS,LIBRE ACCES,,,false,,INOX,,Montpellier
59,34172,"[3.8723670102480123,43.608393736011486]",3,,CADRE ET ROUE,ARCEAU,ARCEAU VELOS,LIBRE ACCES,,,false,,INOX,,Montpellier
1139,34172,"[3.903204250684506,43.59591342777039]",10,,CADRE ET ROUE,ARCEAU,ARCEAU VELOS,LIBRE ACCES,,,false,,INOX,,Montpellier
2177,34172,"[3.866998048707703,43.626445623342214]",3,,CADRE ET ROUE,ARCEAU,ARCEAU VELOS,LIBRE ACCES,true,,,,,,Montpellier
100,34172,"[3.900446800000001,43.601556200023154]",6,,CADRE ET ROUE,ARCEAU,ARCEAU VELOS,LIBRE ACCES,,,,,INOX,,Montpellier
92,34172,"[3.8655559999999998,43.61084810002312]",4,,CADRE ET ROUE,ARCEAU,ARCEAU VELOS,LIBRE ACCES,,,false,,INOX,,Montpellier
1976,34172,"[3.8849905480124947,43.59228199743912]",5,0,CADRE ET ROUE,ARCEAU,ARCEAU VELOS,LIBRE ACCES,true,,,,,,Montpellier
2066,34172,"[3.8716474783595234,43.60585904148243]",5,,CADRE ET ROUE,ARCEAU,ARCEAU VELOS,LIBRE ACCES,true,,,,,,Montpellier
2250,34172,"[3.8820706691610725,43.61409123208596]",6,,CADRE ET ROUE,ARCEAU,ARCEAU VELOS,LIBRE ACCES,,,,,,,Montpellier
1886,34172,"[3.813771328534776,43.64082661007296]",3,,CADRE ET ROUE,ARCEAU,ARCEAU VELOS,LIBRE ACCES,,,,,,,Montpellier
177,34172,"[3.8788661775507354,43.614595973971966]",4,,CADRE ET ROUE,ARCEAU,ARCEAU VELOS,LIBRE ACCES,,,false,,INOX,,Montpellier
662,34172,"[3.890290667007063,43.60549793172068]",1,,CADRE ET ROUE,ARCEAU,ARCEAU VELOS,LIBRE ACCES,,,false,,INOX,,Montpellier
524,34172,"[3.8705507431561905,43.60826873231534]",3,,CADRE ET ROUE,ARCEAU,ARCEAU VELOS,LIBRE ACCES,,,false,,,,Montpellier
108,34172,"[3.8986911999999996,43.604275700023145]",6,,CADRE ET ROUE,ARCEAU,ARCEAU VELOS,LIBRE ACCES,,,false,,INOX,marron,Montpellier
509,34172,"[3.9074656,43.60258960002315]",6,,CADRE ET ROUE,ARCEAU,ARCEAU VELOS,LIBRE ACCES,,,,,INOX,,Montpellier
2360,34172,"[3.8328921841295616,43.617727221301564]",3,,CADRE ET ROUE,ARCEAU,ARCEAU VELOS,LIBRE ACCES,true,,,,,,Montpellier
2200,34172,"[3.879474855225611,43.60543817282218]",5,,CADRE ET ROUE,ARCEAU,ARCEAU VELOS,LIBRE ACCES,,,,,,,Montpellier
1156,34172,"[3.876994213703684,43.58106496464429]",5,,CADRE ET ROUE,ARCEAU,ARCEAU VELOS,LIBRE ACCES,,,false,,INOX,,Montpellier
531,34172,"[3.8652846,43.617913700023124]",2,,CADRE ET ROUE,ARCEAU,ARCEAU VELOS,LIBRE ACCES,,,,,INOX,,Montpellier
1402,34172,"[3.9018680549947278,43.596578296760846]",2,,CADRE ET ROUE,ARCEAU,ARCEAU VELOS,LIBRE ACCES,,,false,,INOX,,Montpellier
573,34057,"[3.9214718280158425,43.64196368522185]",3,,ROUE,RATELIER,PINCE-ROUE,LIBRE ACCES,,,false,,,,Castelnau-le-Lez
1296,34088,"[3.7193550000000006,43.55791210002325]",6,,CADRE ET ROUE,ARCEAU,ARCEAU VELOS,LIBRE ACCES,,,false,,INOX,,Cournonterral
2242,34172,"[3.8678994981629753,43.60360580017794]",2,2,CADRE ET ROUE,ARCEAU,ARCEAU VELOS,LIBRE ACCES,,,,,,,Montpellier
2244,34057,"[3.8987029545549428,43.632772593655126]",1,,CADRE ET ROUE,ARCEAU,ARCEAU VELOS,LIBRE ACCES,,,,,,,Castelnau-le-Lez
1536,34172,"[3.8986351810483186,43.618872909107004]",3,0,CADRE ET ROUE,ARCEAU,ARCEAU VELOS,LIBRE ACCES,,,false,,INOX,,Montpellier
2107,34172,"[3.862445210891401,43.60683646233982]",2,,CADRE ET ROUE,ARCEAU,ARCEAU VELOS,LIBRE ACCES,true,,,,,,Montpellier
514,34172,"[3.8897715694498363,43.61512964814108]",2,,CADRE ET ROUE,ARCEAU,ARCEAU VELOS,LIBRE ACCES,,,,,INOX,,Montpellier
1295,34088,"[3.7206324999999993,43.558986600023246]",3,,CADRE ET ROUE,ARCEAU,ARCEAU VELOS,LIBRE ACCES,,,,,,,Cournonterral
2113,34172,"[3.836797113916258,43.61436401978889]",2,,CADRE ET ROUE,ARCEAU,ARCEAU VELOS,LIBRE ACCES,true,,,,,,Montpellier
206,34172,"[3.883897,43.61633300002313]",3,,CADRE ET ROUE,ARCEAU,ARCEAU VELOS,LIBRE ACCES,,,,,INOX,,Montpellier
1599,34172,"[3.873441475562752,43.60834443301777]",4,,CADRE ET ROUE,ARCEAU,ARCEAU VELOS,LIBRE ACCES,,,false,,INOX,,Montpellier
1178,34172,"[3.8450020852726463,43.617242527311454]",5,,CADRE ET ROUE,ARCEAU,ARCEAU VELOS,LIBRE ACCES,,,false,,INOX,,Montpellier
2368,34172,"[3.8595630842782622,43.60015434081783]",5,,CADRE ET ROUE,ARCEAU,ARCEAU VELOS,LIBRE ACCES,,,,,,,Montpellier
1911,34198,"[3.9530814020187477,43.561118160388276]",3,,CADRE ET ROUE,ARCEAU,ARCEAU VELOS,LIBRE ACCES,true,,,,,,Pérols
2473,34172,"[3.8302858515987706,43.61624805480509]",8,,CADRE ET ROUE,ARCEAU,ARCEAU VELOS,LIBRE ACCES,,,,,,,Montpellier
819,34172,"[3.867026832856495,43.60839905246793]",5,,CADRE ET ROUE,ARCEAU,ARCEAU VELOS,LIBRE ACCES,,,false,,INOX,,Montpellier
321,34172,"[3.826323899999998,43.61499790002311]",8,,CADRE ET ROUE,ARCEAU,ARCEAU VELOS,LIBRE ACCES,,,false,,INOX,,Montpellier
1319,34172,"[3.8691723143858474,43.59272263234559]",2,,CADRE ET ROUE,ARCEAU,ARCEAU VELOS,LIBRE ACCES,,,false,,INOX,,Montpellier
322,34172,"[3.8925701751900745,43.60822182214349]",4,,CADRE ET ROUE,ARCEAU,ARCEAU VELOS,LIBRE ACCES,,,false,,INOX,,Montpellier
255,34134,"[3.80351699147252,43.58388564848052]",6,,ROUE,RATELIER,PINCE-ROUE,LIBRE ACCES,,,,,,,Lavérune
1495,34022,"[4.014472673614776,43.660464191288064]",6,,ROUE,RATELIER,PINCE-ROUE,LIBRE ACCES,,,false,,,,Baillargues
1862,34172,"[3.8647198792487685,43.61036487031055]",1,,CADRE ET ROUE,ARCEAU,ARCEAU VELOS,LIBRE ACCES,true,,,,,,Montpellier
1701,34202,"[3.759691645301851,43.58545252565441]",6,,CADRE ET ROUE,ARCEAU,ARCEAU VELOS,LIBRE ACCES,true,,,,,,Pignan
2523,34172,"[3.8314602425967244,43.611302525831654]",2,,CADRE ET ROUE,ARCEAU,ARCEAU VELOS,LIBRE ACCES,,,,,,,Montpellier
2362,34172,"[3.8350651023860447,43.61519379574028]",3,,CADRE ET ROUE,ARCEAU,ARCEAU VELOS,LIBRE ACCES,,,,,,,Montpellier
2511,34172,"[3.816038492213505,43.621592209678475]",4,,CADRE ET ROUE,ARCEAU,ARCEAU VELOS,LIBRE ACCES,,,,,,,Montpellier
618,34172,"[3.874734335963988,43.616808862618434]",2,,CADRE ET ROUE,ARCEAU,ARCEAU VELOS,LIBRE ACCES,,,false,,INOX,,Montpellier
411,34172,"[3.8950158999999998,43.599802700023155]",6,,CADRE ET ROUE,ARCEAU,ARCEAU VELOS,LIBRE ACCES,,,false,,INOX,,Montpellier
1691,34172,"[3.838992124776995,43.61766247843466]",4,0,CADRE ET ROUE,ARCEAU,ARCEAU VELOS,LIBRE ACCES,true,,,,,,Montpellier
1694,34172,"[3.8853212010554765,43.60113317783894]",4,,CADRE ET ROUE,ARCEAU,ARCEAU VELOS,LIBRE ACCES,true,,,,,,Montpellier
1686,34172,"[3.905639336445195,43.60219301604243]",2,,CADRE ET ROUE,ARCEAU,ARCEAU VELOS,LIBRE ACCES,true,,false,,,,Montpellier
966,34172,"[3.87839289735016,43.61724129925224]",2,,CADRE ET ROUE,ARCEAU,ARCEAU VELOS,LIBRE ACCES,,,,,INOX,,Montpellier
908,34172,"[3.865509502333172,43.611453347911215]",6,6,CADRE ET ROUE,ARCEAU VELO GRANDE TAILLE,ARCEAU VELOS,LIBRE ACCES,,,,,INOX,gris,Montpellier
2001,34172,"[3.88374488382103,43.603284571016346]",5,,CADRE ET ROUE,ARCEAU,ARCEAU VELOS,LIBRE ACCES,true,,,,,,Montpellier
2106,34172,"[3.866865964670948,43.60898110169847]",5,,ROUE,RATELIER,RACK VELOS,LIBRE ACCES,true,,,,,,Montpellier
382,34202,"[3.7493322000000004,43.58511370002319]",6,,CADRE ET ROUE,ARCEAU,ARCEAU VELOS,LIBRE ACCES,,,false,,INOX,,Pignan
976,34172,"[3.8796435373943696,43.607494288250635]",4,,CADRE ET ROUE,ARCEAU,ARCEAU VELOS,LIBRE ACCES,,,,,INOX,,Montpellier
965,34172,"[3.8779108809008367,43.618831948237705]",2,,CADRE ET ROUE,ARCEAU,ARCEAU VELOS,LIBRE ACCES,,,,,INOX,,Montpellier
876,34169,"[3.8544782936295814,43.66839623565286]",3,,CADRE ET ROUE,AUTRE,ABRI VELOS,LIBRE ACCES,,,true,,,,Montferrier-sur-Lez
1736,34217,"[3.8644869758415457,43.69740798793731]",6,,ROUE,RATELIER,PINCE-ROUE,LIBRE ACCES,true,,,,,,Prades-le-Lez
1924,34172,"[3.8686537833609944,43.6284321641576]",3,,CADRE ET ROUE,ARCEAU,ARCEAU VELOS,LIBRE ACCES,true,,,,,,Montpellier
151,34172,"[3.8826172756360604,43.62594403068092]",5,,CADRE ET ROUE,ARCEAU,ARCEAU VELOS,LIBRE ACCES,,,,,INOX,,Montpellier
2215,34172,"[3.8830422699189717,43.61985798331884]",3,,CADRE ET ROUE,ARCEAU,ARCEAU VELOS,LIBRE ACCES,true,,,,,,Montpellier
710,34172,"[3.872926451891209,43.619382951511575]",2,,CADRE ET ROUE,ARCEAU,ARCEAU VELOS,LIBRE ACCES,,,false,,INOX,,Montpellier
1079,34172,"[3.854831400515729,43.61423282739904]",2,,CADRE ET ROUE,ARCEAU,ARCEAU VELOS,LIBRE ACCES,,,,,INOX,,Montpellier
2205,34172,"[3.880546806398385,43.61623710060971]",4,,CADRE ET ROUE,ARCEAU,ARCEAU VELOS,LIBRE ACCES,,,,,,,Montpellier
205,34172,"[3.8838056000000005,43.616313600023105]",3,,CADRE ET ROUE,ARCEAU,ARCEAU VELOS,LIBRE ACCES,,,,,INOX,,Montpellier
882,34169,"[3.8566686037610216,43.66506459310266]",3,,CADRE ET ROUE,ARCEAU,ARCEAU VELOS,LIBRE ACCES,,,,,,,Montferrier-sur-Lez
421,34172,"[3.8608227999999998,43.60032580002317]",7,,CADRE ET ROUE,ARCEAU,ARCEAU VELOS,LIBRE ACCES,,,false,,,,Montpellier
2539,34057,"[3.9193060280876995,43.61963955688614]",4,,CADRE ET ROUE,ARCEAU,ARCEAU VELOS,LIBRE ACCES,,,,,,,Castelnau-le-Lez
1217,34172,"[3.8905317008222333,43.5984999349127]",2,,CADRE ET ROUE,ARCEAU,ARCEAU VELOS,LIBRE ACCES,,,false,,INOX,,Montpellier
240,34172,"[3.8784910999999993,43.60497150002315]",5,,CADRE ET ROUE,ARCEAU,ARCEAU VELOS,LIBRE ACCES,,,false,,INOX,,Montpellier
1836,34172,"[3.8297933467260656,43.61349802126304]",3,,CADRE ET ROUE,ARCEAU,ARCEAU VELOS,LIBRE ACCES,true,,,,,,Montpellier
2296,34172,"[3.8842617771573904,43.606333800023144]",4,,CADRE ET ROUE,ARCEAU,ARCEAU VELOS,LIBRE ACCES,,,,,,,Montpellier
226,34172,"[3.872470990787971,43.60109712510023]",2,,CADRE ET ROUE,ARCEAU,ARCEAU VELOS,LIBRE ACCES,,,false,,INOX,,Montpellier
523,34172,"[3.874094199999999,43.60410880002314]",2,,CADRE ET ROUE,ARCEAU,ARCEAU VELOS,LIBRE ACCES,,,false,,INOX,,Montpellier
1100,34172,"[3.8795034691820796,43.62548737873354]",15,,CADRE ET ROUE,ARCEAU,ARCEAU VELOS,LIBRE ACCES,,,false,,INOX,,Montpellier
1351,34172,"[3.8670852580690243,43.59787482568197]",3,,CADRE ET ROUE,ARCEAU,ARCEAU VELOS,LIBRE ACCES,,,false,,INOX,,Montpellier
113,34172,"[3.8963936999999995,43.599352700023154]",10,,CADRE ET ROUE,ARCEAU,ARCEAU VELOS,LIBRE ACCES,,,false,,INOX,,Montpellier
1048,34172,"[3.9154123918116785,43.602093438635706]",2,,CADRE ET ROUE,ARCEAU,ARCEAU VELOS,LIBRE ACCES,,,,,INOX,,Montpellier
2050,34172,"[3.8735961308584623,43.60350803984507]",2,,CADRE ET ROUE,ARCEAU,ARCEAU VELOS,LIBRE ACCES,true,,,,,,Montpellier
142,34172,"[3.873389718197546,43.605765613499685]",6,,CADRE ET ROUE,ARCEAU,ARCEAU VELOS,LIBRE ACCES,,,false,,INOX,,Montpellier
1936,34172,"[3.866556149078358,43.62665952046114]",12,,CADRE ET ROUE,ARCEAU,ARCEAU VELOS,LIBRE ACCES,true,,,,,,Montpellier
1068,34172,"[3.913286394350405,43.605703575142854]",2,,CADRE ET ROUE,ARCEAU,ARCEAU VELOS,LIBRE ACCES,,,,,INOX,,Montpellier
1430,34120,"[3.913048924999998,43.66048868273377]",2,,CADRE ET ROUE,ARCEAU,ARCEAU VELOS,LIBRE ACCES,,,false,,,,Jacou
721,34172,"[3.865451032184317,43.634295996404596]",9,,CADRE ET ROUE,ARCEAU,ARCEAU VELOS,LIBRE ACCES,,,,,INOX,,Montpellier
762,34172,"[3.8864732,43.60947250002313]",7,,CADRE ET ROUE,ARCEAU,ARCEAU VELOS,LIBRE ACCES,,,false,,INOX,,Montpellier
52,34172,"[3.8806760014731916,43.60843417628549]",4,,CADRE ET ROUE,ARCEAU,ARCEAU VELOS,LIBRE ACCES,,,false,,INOX,,Montpellier
1315,34172,"[3.8908591779586477,43.60812790825519]",11,,CADRE ET ROUE,ARCEAU,ARCEAU VELOS,LIBRE ACCES,,,true,,,,Montpellier
1419,34172,"[3.898847162500629,43.603097451831594]",4,,CADRE ET ROUE,ARCEAU,ARCEAU VELOS,LIBRE ACCES,,,false,,INOX,,Montpellier
1138,34172,"[3.9027084949462654,43.59586718180258]",5,,CADRE ET ROUE,ARCEAU,ARCEAU VELOS,LIBRE ACCES,,,false,,INOX,,Montpellier
613,34172,"[3.8850333322944373,43.61557394765163]",3,,CADRE ET ROUE,ARCEAU,ARCEAU VELOS,LIBRE ACCES,,,false,,INOX,,Montpellier
175,34172,"[3.8762084,43.61455660002312]",6,,CADRE ET ROUE,ARCEAU,ARCEAU VELOS,LIBRE ACCES,,,false,,INOX,,Montpellier
2303,34172,"[3.8632450587912706,43.60131307268095]",4,,CADRE ET ROUE,ARCEAU,ARCEAU VELOS,LIBRE ACCES,,,,,,,Montpellier
1082,34172,"[3.8569994712536597,43.61650769118142]",2,,CADRE ET ROUE,ARCEAU,ARCEAU VELOS,LIBRE ACCES,,,,,INOX,,Montpellier
810,34172,"[3.882491600621102,43.60385942637215]",2,,CADRE ET ROUE,ARCEAU,ARCEAU VELOS,LIBRE ACCES,,,,,INOX,,Montpellier
1499,34057,"[3.903216705087405,43.62882903855549]",6,,CADRE ET ROUE,ARCEAU,ARCEAU VELOS,LIBRE ACCES,,,false,,,,Castelnau-le-Lez
1196,34172,"[3.854519318774652,43.61202536287331]",3,,CADRE ET ROUE,ARCEAU,ARCEAU VELOS,LIBRE ACCES,,,false,,INOX,,Montpellier
2049,34172,"[3.873919760534053,43.60385518777576]",4,,CADRE ET ROUE,ARCEAU,ARCEAU VELOS,LIBRE ACCES,true,,,,,,Montpellier
2220,34172,"[3.8710898676932355,43.608148546547824]",3,,CADRE ET ROUE,ARCEAU,ARCEAU VELOS,LIBRE ACCES,,,,,,,Montpellier
533,34172,"[3.8825037950574908,43.604419706375225]",5,,CADRE ET ROUE,ARCEAU,ARCEAU VELOS,LIBRE ACCES,,,false,,INOX,,Montpellier
2099,34172,"[3.875057704516104,43.605501884084354]",5,,CADRE ET ROUE,ARCEAU,ARCEAU VELOS,LIBRE ACCES,true,,,,,,Montpellier
1067,34172,"[3.9116645125008795,43.605719146576654]",2,,CADRE ET ROUE,ARCEAU,ARCEAU VELOS,LIBRE ACCES,,,,,INOX,,Montpellier
245,34172,"[3.869155906788016,43.60808105504529]",4,,CADRE ET ROUE,ARCEAU,ARCEAU VELOS,LIBRE ACCES,,,false,,INOX,,Montpellier
1211,34172,"[3.883261901530197,43.601323696632925]",8,,CADRE ET ROUE,ARCEAU,ARCEAU VELOS,LIBRE ACCES,,,false,,INOX,,Montpellier
673,34129,"[3.879080699999999,43.56649040002324]",8,,CADRE ET ROUE,AUTRE,BOLLARD,LIBRE ACCES,,,false,,,,Lattes
2201,34172,"[3.8802155441433652,43.60656491735973]",6,,CADRE ET ROUE,ARCEAU,ARCEAU VELOS,LIBRE ACCES,,,,,,,Montpellier
568,34172,"[3.9241316000000004,43.61244340002312]",12,,ROUE,RATELIER,PINCE-ROUE,LIBRE ACCES,,,false,,,,Montpellier
259,34198,"[3.9516819536611885,43.5627552622043]",6,,CADRE ET ROUE,ARCEAU,ARCEAU VELOS,LIBRE ACCES,,,,,,,Pérols
222,34172,"[3.8667935,43.60927420002316]",4,,CADRE ET ROUE,ARCEAU,ARCEAU VELOS,LIBRE ACCES,,,false,,INOX,,Montpellier
1087,34172,"[3.861971135827927,43.615376063842824]",2,,CADRE ET ROUE,ARCEAU,ARCEAU VELOS,LIBRE ACCES,,,,,INOX,,Montpellier
626,34172,"[3.8460941221961535,43.61687913207102]",3,,CADRE ET ROUE,ARCEAU,ARCEAU VELOS,LIBRE ACCES,,,true,,INOX,,Montpellier
801,34172,"[3.873768699999999,43.609500100023126]",9,,CADRE ET ROUE,ARCEAU,ARCEAU VELOS,LIBRE ACCES,,,,,INOX,,Montpellier
2410,34172,"[3.8514478121242393,43.60506800529763]",6,,CADRE ET ROUE,ARCEAU,ARCEAU VELOS,LIBRE ACCES,true,,,,,,Montpellier
1017,34057,"[3.8942658855867136,43.63335167901692]",6,,CADRE ET ROUE,ARCEAU,ARCEAU VELOS,LIBRE ACCES,,,,,INOX,,Castelnau-le-Lez
1398,34172,"[3.9030343024729177,43.5964350474802]",2,,CADRE ET ROUE,ARCEAU,ARCEAU VELOS,LIBRE ACCES,,,false,,INOX,,Montpellier
160,34172,"[3.905328641804533,43.60205526485965]",5,,CADRE ET ROUE,ARCEAU,ARCEAU VELOS,LIBRE ACCES,,,,,INOX,,Montpellier
883,34172,"[3.8690583,43.61293210002314]",4,,CADRE ET ROUE,ARCEAU,ARCEAU VELOS,LIBRE ACCES,,,,,INOX,,Montpellier
797,34172,"[3.9029954221367524,43.5960034322397]",2,,CADRE ET ROUE,ARCEAU,ARCEAU VELOS,LIBRE ACCES,,,,,INOX,,Montpellier
557,34172,"[3.8956329,43.59720890002316]",4,,CADRE ET ROUE,ARCEAU,ARCEAU VELOS,LIBRE ACCES,,,false,,INOX,,Montpellier
528,34172,"[3.8641604490145167,43.615114338716936]",4,,CADRE ET ROUE,ARCEAU,ARCEAU VELOS,LIBRE ACCES,,,,,INOX,,Montpellier
2278,34172,"[3.880385541496284,43.60672736754873]",4,,CADRE ET ROUE,ARCEAU,ARCEAU VELOS,LIBRE ACCES,true,,,,,,Montpellier
1899,34172,"[3.8862362499905996,43.60804271534843]",6,,CADRE ET ROUE,ARCEAU,ARCEAU VELOS,LIBRE ACCES,true,,,,,,Montpellier
2004,34172,"[3.881110885560901,43.60311414433295]",5,,CADRE ET ROUE,ARCEAU,ARCEAU VELOS,LIBRE ACCES,true,,,,,,Montpellier
1675,34172,"[3.8617238742844178,43.60529031399243]",3,,CADRE ET ROUE,ARCEAU,ARCEAU VELOS,LIBRE ACCES,true,,,,inox,,Montpellier
1054,34172,"[3.905523587500763,43.60539468418901]",2,,CADRE ET ROUE,ARCEAU,ARCEAU VELOS,LIBRE ACCES,,,,,INOX,,Montpellier
975,34172,"[3.8761725961143543,43.60587479848578]",7,,CADRE ET ROUE,ARCEAU,ARCEAU VELOS,LIBRE ACCES,,,,,INOX,,Montpellier
2536,34057,"[3.919416545631608,43.620273670652466]",4,,CADRE ET ROUE,ARCEAU,ARCEAU VELOS,LIBRE ACCES,,,,,,,Castelnau-le-Lez
375,34172,"[3.8731772356460072,43.60798858610194]",11,,CADRE ET ROUE,ARCEAU,ARCEAU VELOS,LIBRE ACCES,,,false,,INOX,,Montpellier
950,34172,"[3.873360592221009,43.60871948143332]",1,,CADRE ET ROUE,ARCEAU,ARCEAU VELOS,LIBRE ACCES,,,,,INOX,,Montpellier
737,34129,"[3.9228078117814014,43.57423235316369]",3,,CADRE ET ROUE,AUTRE,RACK VELOS,LIBRE ACCES,,,false,,,,Lattes
288,34172,"[3.888990199999998,43.60804710002313]",4,,CADRE ET ROUE,ARCEAU,ARCEAU VELOS,LIBRE ACCES,,,false,,INOX,,Montpellier
767,34129,"[3.877769899999999,43.56074310002327]",3,,CADRE ET ROUE,ARCEAU,ARCEAU VELOS,LIBRE ACCES,,,,,,,Lattes
666,34172,"[3.889073381217097,43.60543028843424]",3,,CADRE ET ROUE,ARCEAU,ARCEAU VELOS,LIBRE ACCES,,,false,,INOX,,Montpellier
2334,34172,"[3.851687134677466,43.60122800545033]",3,,CADRE ET ROUE,ARCEAU,ARCEAU VELOS,LIBRE ACCES,true,,,,,,Montpellier
743,34172,"[3.8660442252736495,43.62377311032592]",2,,CADRE ET ROUE,ARCEAU,ARCEAU VELOS,LIBRE ACCES,,,,,INOX,,Montpellier
2093,34172,"[3.9039393135413287,43.5983532281473]",3,,CADRE ET ROUE,ARCEAU,ARCEAU VELOS,LIBRE ACCES,true,,,,,,Montpellier
1005,34172,"[3.888599979170299,43.60549589224646]",4,,CADRE ET ROUE,ARCEAU,ARCEAU VELOS,LIBRE ACCES,,,,,INOX,,Montpellier
444,34172,"[3.8988646999999994,43.60240530002316]",6,,CADRE ET ROUE,ARCEAU,ARCEAU VELOS,LIBRE ACCES,,,false,,INOX,,Montpellier
284,34172,"[3.8984800918544606,43.59997876721586]",4,,CADRE ET ROUE,ARCEAU,ARCEAU VELOS,LIBRE ACCES,,,false,,INOX,,Montpellier
870,34172,"[3.8310969042188603,43.610703299149726]",6,,CADRE ET ROUE,ARCEAU,ARCEAU VELOS,LIBRE ACCES,,,,,INOX,,Montpellier
1682,34172,"[3.9025415722956334,43.60065830223653]",3,,CADRE ET ROUE,ARCEAU,ARCEAU VELOS,LIBRE ACCES,true,,false,,,,Montpellier
1974,34172,"[3.8756250414670954,43.627444665654984]",4,,CADRE ET ROUE,ARCEAU,ARCEAU VELOS,LIBRE ACCES,true,,,,,,Montpellier
697,34172,"[3.868280230670025,43.622112470743026]",5,,CADRE ET ROUE,ARCEAU,ARCEAU VELOS,LIBRE ACCES,,,,,INOX,,Montpellier
968,34172,"[3.872969851709917,43.620567275300886]",4,,CADRE ET ROUE,ARCEAU,ARCEAU VELOS,LIBRE ACCES,,,,,INOX,,Montpellier
1555,34172,"[3.8786558967265887,43.605725717856714]",3,,CADRE ET ROUE,ARCEAU,ARCEAU VELOS,LIBRE ACCES,,,false,,INOX,,Montpellier
1010,34172,"[3.891439270081428,43.605454773297275]",5,,CADRE ET ROUE,ARCEAU,ARCEAU VELOS,LIBRE ACCES,,,,,INOX,,Montpellier
2525,34172,"[3.829489704263386,43.61413130942919]",1,,CADRE ET ROUE,ARCEAU,ARCEAU VELOS,LIBRE ACCES,,,,,,,Montpellier
2506,34172,"[3.8224958312955644,43.62306629199848]",5,,CADRE ET ROUE,ARCEAU,ARCEAU VELOS,LIBRE ACCES,,,,,,,Montpellier
582,34198,"[3.9542252874240362,43.56122740153827]",5,,ROUE,RATELIER,PINCE-ROUE,LIBRE ACCES,,,,,,,Pérols
1749,34172,"[3.9051405082755006,43.59778092719399]",11,1,CADRE ET ROUE,ARCEAU,ARCEAU VELOS,LIBRE ACCES,true,,,,,,Montpellier
2016,34172,"[3.878718337141255,43.60374214881972]",4,,CADRE ET ROUE,ARCEAU,ARCEAU VELOS,LIBRE ACCES,true,,,,,,Montpellier
2457,34172,"[3.8607353104590216,43.62978013914266]",13,,CADRE ET ROUE,ARCEAU,ARCEAU VELOS,LIBRE ACCES,,,,,,,Montpellier
556,34172,"[3.8987767000000004,43.596782300023165]",6,,CADRE ET ROUE,ARCEAU,ARCEAU VELOS,LIBRE ACCES,,,false,,INOX,,Montpellier
1159,34172,"[3.896029724725576,43.60418163551978]",3,,CADRE ET ROUE,ARCEAU,ARCEAU VELOS,LIBRE ACCES,,,false,,,,Montpellier
1282,34172,"[3.8753743940374394,43.60243877970049]",3,,CADRE ET ROUE,ARCEAU,ARCEAU VELOS,LIBRE ACCES,,,false,,INOX,,Montpellier
1123,34172,"[3.8849576530680894,43.5954980536219]",5,,CADRE ET ROUE,ARCEAU,ARCEAU VELOS,LIBRE ACCES,,,false,,INOX,,Montpellier
243,34172,"[3.87655301989874,43.608843456695]",2,,CADRE ET ROUE,ARCEAU,ARCEAU VELOS,LIBRE ACCES,,,,,INOX,,Montpellier
1921,34172,"[3.868618013714276,43.63552198503304]",4,,CADRE ET ROUE,ARCEAU,ARCEAU VELOS,LIBRE ACCES,true,,,,,,Montpellier
881,34169,"[3.860231913854487,43.66647443887285]",2,,CADRE ET ROUE,ARCEAU,ARCEAU VELOS,LIBRE ACCES,,,,,,,Montferrier-sur-Lez
991,34172,"[3.8581643016517018,43.631141296099]",5,,CADRE ET ROUE,ARCEAU,ARCEAU VELOS,LIBRE ACCES,,,,,INOX,,Montpellier
2468,34172,"[3.861856207567637,43.63110088245962]",20,,CADRE ET ROUE,ARCEAU,ARCEAU VELOS,LIBRE ACCES,,,,,,,Montpellier
1371,34172,"[3.8388660072545697,43.5968859562446]",6,,CADRE ET ROUE,ARCEAU,ARCEAU VELOS,LIBRE ACCES,,,false,,INOX,,Montpellier
794,34172,"[3.9050277786005485,43.595990873594]",2,,CADRE ET ROUE,ARCEAU,ARCEAU VELOS,LIBRE ACCES,,,false,,INOX,,Montpellier
2516,34057,"[3.9249911753810585,43.635666694949705]",2,,CADRE ET ROUE,ARCEAU,ARCEAU VELOS,LIBRE ACCES,,,,,,,Castelnau-le-Lez
1589,34270,"[3.8266414103025532,43.5777605023665]",4,,CADRE ET ROUE,ARCEAU,ARCEAU VELOS,LIBRE ACCES,,,false,,INOX,,Saint-Jean-de-Védas
1199,34172,"[3.8544426534610667,43.61059774765011]",4,,CADRE ET ROUE,ARCEAU,ARCEAU VELOS,LIBRE ACCES,,,false,,INOX,,Montpellier
2006,34172,"[3.8811724674646686,43.60401439795886]",3,,CADRE ET ROUE,ARCEAU,ARCEAU VELOS,LIBRE ACCES,true,,,,,,Montpellier
1153,34172,"[3.8890451168087616,43.604150081535515]",3,,CADRE ET ROUE,ARCEAU,ARCEAU VELOS,LIBRE ACCES,,,true,,INOX,,Montpellier
1187,34172,"[3.8488529516441985,43.620860832740796]",4,,CADRE ET ROUE,ARCEAU,ARCEAU VELOS,LIBRE ACCES,,,false,,INOX,,Montpellier
2009,34058,"[3.983781942742181,43.67750183396601]",2,,CADRE ET ROUE,ARCEAU,ARCEAU VELOS,LIBRE ACCES,true,,,,,,Castries
814,34172,"[3.881971399999999,43.602629800023145]",2,,CADRE ET ROUE,ARCEAU,ARCEAU VELOS,LIBRE ACCES,,,,,INOX,,Montpellier
1029,34172,"[3.8417079816762816,43.622391610305066]",5,,ROUE,RATELIER,PINCE-ROUE,LIBRE ACCES,,,,,,,Montpellier
775,34172,"[3.8825028804748696,43.60754348079603]",2,,CADRE ET ROUE,ARCEAU,ARCEAU VELOS,LIBRE ACCES,,,,,INOX,,Montpellier
630,34172,"[3.8813468964439126,43.619276147359436]",2,,CADRE ET ROUE,ARCEAU,ARCEAU VELOS,LIBRE ACCES,,,,,INOX,,Montpellier
756,34172,"[3.8602836000000003,43.59344830002319]",3,,CADRE ET ROUE,ARCEAU,ARCEAU VELOS,LIBRE ACCES,,,,,INOX,,Montpellier
349,34172,"[3.903754099999999,43.60180100002316]",5,,CADRE ET ROUE,ARCEAU,ARCEAU VELOS,LIBRE ACCES,,,,,INOX,,Montpellier
1342,34172,"[3.8454385120054884,43.622493521329524]",3,,CADRE ET ROUE,ARCEAU,ARCEAU VELOS,LIBRE ACCES,,,false,,INOX,,Montpellier
1897,34172,"[3.819504406802743,43.63829133819971]",3,,CADRE ET ROUE,ARCEAU,ARCEAU VELOS,LIBRE ACCES,,,,,,,Montpellier
204,34172,"[3.8875861463748,43.61046149833911]",5,,CADRE ET ROUE,ARCEAU,ARCEAU VELOS,LIBRE ACCES,,,,,INOX,,Montpellier
25,34172,"[3.884072399999999,43.61740430002312]",12,,CADRE ET ROUE,ARCEAU,ARCEAU VELOS,LIBRE ACCES,,,false,,INOX,,Montpellier
1080,34172,"[3.8534099128329986,43.6139778184296]",2,,CADRE ET ROUE,ARCEAU,ARCEAU VELOS,LIBRE ACCES,,,,,INOX,,Montpellier
588,34057,"[3.8978196999999994,43.62785480002309]",9,,CADRE ET ROUE,ARCEAU,ARCEAU VELOS,LIBRE ACCES,,,false,,INOX,,Castelnau-le-Lez
291,34172,"[3.8320839104205833,43.61466199016447]",5,,CADRE ET ROUE,ARCEAU,ARCEAU VELOS,LIBRE ACCES,,,false,,INOX,gris,Montpellier
101,34172,"[3.898614399999999,43.60153790002316]",8,,CADRE ET ROUE,ARCEAU,ARCEAU VELOS,LIBRE ACCES,,,true,,INOX,,Montpellier
140,34172,"[3.8695291999999997,43.60621230002315]",8,,CADRE ET ROUE,ARCEAU,ARCEAU VELOS,LIBRE ACCES,,,false,,INOX,,Montpellier
1134,34172,"[3.839569909013731,43.61524338405546]",4,,CADRE ET ROUE,ARCEAU,ARCEAU VELOS,LIBRE ACCES,,,false,,INOX,,Montpellier
1905,34172,"[3.8913618817187015,43.61012066145239]",6,,ROUE,RATELIER,PINCE-ROUE,LIBRE ACCES,true,,,,,,Montpellier
196,34172,"[3.853438199999999,43.5880079000232]",5,,CADRE ET ROUE,ARCEAU,ARCEAU VELOS,LIBRE ACCES,,,,,INOX,,Montpellier
1000,34172,"[3.8819514752921407,43.59799562466507]",6,,CADRE ET ROUE,ARCEAU,ARCEAU VELOS,LIBRE ACCES,,,,,INOX,,Montpellier
1584,34337,"[3.861689000403994,43.53137657284668]",3,,CADRE ET ROUE,ARCEAU,ARCEAU VELOS,LIBRE ACCES,,,false,,,,Villeneuve-lès-Maguelone
1301,34270,"[3.8175685999999995,43.5808079000232]",5,,CADRE ET ROUE,ARCEAU,ARCEAU VELOS,LIBRE ACCES,,,false,,,,Saint-Jean-de-Védas
1588,34270,"[3.826902070854581,43.5775790332502]",2,,CADRE ET ROUE,ARCEAU,ARCEAU VELOS,LIBRE ACCES,,,false,,INOX,,Saint-Jean-de-Védas
1229,34172,"[3.8802889747206084,43.5921324405418]",15,,CADRE ET ROUE,ARCEAU,ARCEAU VELOS,LIBRE ACCES,,,false,,INOX,,Montpellier
964,34172,"[3.8774361880465005,43.618312762579386]",2,,CADRE ET ROUE,ARCEAU,ARCEAU VELOS,LIBRE ACCES,,,,,INOX,,Montpellier
795,34172,"[3.912414099999999,43.60058500002316]",5,,CADRE ET ROUE,ARCEAU,ARCEAU VELOS,LIBRE ACCES,,,,,INOX,,Montpellier
2061,34172,"[3.870327682131563,43.602788505505]",1,,CADRE ET ROUE,ARCEAU,ARCEAU VELOS,LIBRE ACCES,true,,,,,,Montpellier
1511,34172,"[3.873069753176122,43.6301539418152]",2,,CADRE ET ROUE,ARCEAU,ARCEAU VELOS,LIBRE ACCES,,,false,,INOX,,Montpellier
384,34172,"[3.8312861503209787,43.6300770173767]",5,,CADRE ET ROUE,ARCEAU,ARCEAU VELOS,LIBRE ACCES,,,false,,INOX,,Montpellier
2404,34172,"[3.8461296689205327,43.61108842995086]",2,,CADRE ET ROUE,ARCEAU,ARCEAU VELOS,LIBRE ACCES,,,,,,,Montpellier
1294,34095,"[3.7789931999999995,43.54955330002328]",3,,CADRE ET ROUE,ARCEAU,ARCEAU VELOS,LIBRE ACCES,,,,,INOX,,Fabrègues
549,34172,"[3.8811948999999997,43.606650800023125]",5,,CADRE ET ROUE,ARCEAU,ARCEAU VELOS,LIBRE ACCES,,,false,,INOX,,Montpellier
1176,34172,"[3.8827749345952762,43.59117933795284]",4,,CADRE ET ROUE,ARCEAU,ARCEAU VELOS,LIBRE ACCES,,,false,,INOX,,Montpellier
13,34172,"[3.8489554999999998,43.63468960002305]",15,,CADRE ET ROUE,ARCEAU,LOCAL VELOS,LIBRE ACCES,,,true,,INOX,noir,Montpellier
93,34172,"[3.923806099999999,43.60478310002315]",10,,CADRE ET ROUE,ARCEAU,ARCEAU VELOS,LIBRE ACCES,,,,,,orange,Montpellier
2236,34172,"[3.8741232183220373,43.60495454461993]",5,,CADRE ET ROUE,ARCEAU,ARCEAU VELOS,LIBRE ACCES,,,,,,,Montpellier
1338,34172,"[3.865499300001102,43.59642328992359]",8,,CADRE ET ROUE,ARCEAU,ARCEAU VELOS,LIBRE ACCES,,,true,,INOX,,Montpellier
2040,34077,"[3.8915747748380127,43.65929288817074]",3,,CADRE ET ROUE,ARCEAU,ARCEAU VELOS,LIBRE ACCES,true,,,,,,Clapiers
1542,34172,"[3.8799797575063635,43.60823918842463]",10,,CADRE ET ROUE,ARCEAU,ARCEAU VELOS,LIBRE ACCES,,,false,,INOX,,Montpellier
825,34172,"[3.8797541020821473,43.60140411101505]",4,,CADRE ET ROUE,ARCEAU,ARCEAU VELOS,LIBRE ACCES,,,,,INOX,,Montpellier
2010,34172,"[3.8499172124156966,43.610382899173985]",9,,CADRE ET ROUE,ARCEAU,ARCEAU VELOS,LIBRE ACCES,true,,,,,,Montpellier
2505,34172,"[3.822659715375683,43.62304550319862]",6,,CADRE ET ROUE,ARCEAU,ARCEAU VELOS,LIBRE ACCES,,,,,,,Montpellier
1220,34172,"[3.8977884646902674,43.596313070247014]",3,,CADRE ET ROUE,ARCEAU,ARCEAU VELOS,LIBRE ACCES,,,false,,INOX,,Montpellier
734,34129,"[3.9248427999999995,43.58679100002319]",4,,CADRE ET ROUE,ARCEAU,ARCEAU VELOS,LIBRE ACCES,,,false,,INOX,rouge,Lattes
589,34057,"[3.8994764,43.627474000023064]",4,,CADRE ET ROUE,ARCEAU,ARCEAU VELOS,LIBRE ACCES,,,false,,INOX,,Castelnau-le-Lez
1598,34172,"[3.874542929761715,43.60788967536479]",2,,CADRE ET ROUE,ARCEAU,ARCEAU VELOS,LIBRE ACCES,,,,,INOX,,Montpellier
1838,34172,"[3.894243133126774,43.60732869439553]",4,,CADRE ET ROUE,ARCEAU,ARCEAU VELOS,LIBRE ACCES,true,,,,,,Montpellier
1477,34172,"[3.90828267499853,43.61380847118776]",4,,CADRE ET ROUE,ARCEAU,ARCEAU VELOS,LIBRE ACCES,,,false,,INOX,,Montpellier
1148,34172,"[3.8913386215396977,43.59648771564584]",6,,CADRE ET ROUE,ARCEAU,ARCEAU VELOS,LIBRE ACCES,,,false,,INOX,,Montpellier
741,34123,"[3.8105588573751255,43.61636523904661]",5,,CADRE ET ROUE,ARCEAU,ARCEAU VELOS,LIBRE ACCES,,,false,,,,Juvignac
439,34172,"[3.8983204062478323,43.618313947873624]",5,,CADRE ET ROUE,ARCEAU,ARCEAU VELOS,LIBRE ACCES,,,false,,INOX,,Montpellier
2054,34172,"[3.8710910092673454,43.60268256916663]",6,,CADRE ET ROUE,ARCEAU,ARCEAU VELOS,LIBRE ACCES,true,,,,,,Montpellier
811,34172,"[3.8814309895161303,43.60173106537282]",2,,CADRE ET ROUE,ARCEAU,ARCEAU VELOS,LIBRE ACCES,,,,,INOX,,Montpellier
2100,34172,"[3.8650610285725104,43.611882432995436]",2,,CADRE ET ROUE,ARCEAU,ARCEAU VELOS,LIBRE ACCES,true,,,,,,Montpellier
1743,34172,"[3.8991687701126625,43.603473199922504]",5,,CADRE ET ROUE,ARCEAU,ARCEAU VELOS,LIBRE ACCES,true,,,,,,Montpellier
2111,34172,"[3.866128852238645,43.60844981684248]",1,1,CADRE ET ROUE,ARCEAU,ARCEAU VELOS,LIBRE ACCES,,,,,,,Montpellier
1249,34172,"[3.841145004644958,43.592124577748606]",4,,CADRE ET ROUE,ARCEAU,ARCEAU VELOS,LIBRE ACCES,,,false,,INOX,,Montpellier
1482,34172,"[3.9002269437479655,43.619120365499285]",1,,CADRE ET ROUE,ARCEAU,ARCEAU VELOS,LIBRE ACCES,,,false,,INOX,,Montpellier
172,34172,"[3.8750627000000004,43.61400130002311]",5,,CADRE ET ROUE,ARCEAU,ARCEAU VELOS,LIBRE ACCES,,,false,,INOX,,Montpellier
2431,34172,"[3.831661574562091,43.63851642597892]",3,,CADRE ET ROUE,ARCEAU,ARCEAU VELOS,LIBRE ACCES,,,,,,,Montpellier
1834,34172,"[3.8291596251989177,43.61375186997704]",3,,CADRE ET ROUE,ARCEAU,ARCEAU VELOS,LIBRE ACCES,true,,,,,,Montpellier
1526,34172,"[3.8429306452625043,43.59248027831993]",2,,CADRE ET ROUE,ARCEAU,ARCEAU VELOS,LIBRE ACCES,,,false,,INOX,,Montpellier
671,34129,"[3.9140086,43.571254800023226]",5,,CADRE ET ROUE,ARCEAU,ARCEAU VELOS,LIBRE ACCES,,,false,,INOX,,Lattes
540,34172,"[3.8840856973570306,43.603206725264876]",2,2,CADRE ET ROUE,ARCEAU VELO GRANDE TAILLE,ARCEAU VELOS,LIBRE ACCES,,,false,,INOX,,Montpellier
2333,34172,"[3.8517786798387554,43.60126204783147]",3,,CADRE ET ROUE,ARCEAU,ARCEAU VELOS,LIBRE ACCES,true,,,,,,Montpellier
280,34270,"[3.826744599999999,43.57577490002322]",2,,CADRE ET ROUE,ARCEAU,ARCEAU VELOS,LIBRE ACCES,,,,,,,Saint-Jean-de-Védas
1966,34172,"[3.894578952622541,43.60747715795169]",3,,CADRE ET ROUE,ARCEAU,ARCEAU VELOS,LIBRE ACCES,true,,,,,,Montpellier
1311,34307,"[4.004012799999999,43.71265580002287]",8,,ROUE,RATELIER,PINCE-ROUE,LIBRE ACCES,,,false,,,,Sussargues
1214,34172,"[3.885415580278905,43.58800981309241]",3,,CADRE ET ROUE,ARCEAU,ARCEAU VELOS,LIBRE ACCES,,,false,,INOX,,Montpellier
661,34172,"[3.8904018999999996,43.60558970002315]",1,,CADRE ET ROUE,ARCEAU,ARCEAU VELOS,LIBRE ACCES,,,false,,INOX,,Montpellier
83,34058,"[3.989390899999999,43.68222390002295]",6,,ROUE,RATELIER,PINCE-ROUE,LIBRE ACCES,,,false,,,,Castries
11,34172,"[3.8733216802873045,43.61418807317162]",7,,CADRE ET ROUE,ARCEAU,ARCEAU VELOS,LIBRE ACCES,,,false,,INOX,,Montpellier
2077,34172,"[3.8618118497216765,43.61155983889911]",5,,CADRE ET ROUE,ARCEAU,ARCEAU VELOS,LIBRE ACCES,true,,,,,,Montpellier
2232,34172,"[3.8728736278702334,43.603640894474196]",10,,CADRE ET ROUE,ARCEAU,ARCEAU VELOS,LIBRE ACCES,,,,,,,Montpellier
377,34172,"[3.872592550598437,43.60694968913247]",4,,CADRE ET ROUE,ARCEAU,ARCEAU VELOS,LIBRE ACCES,,,false,,INOX,,Montpellier
936,34172,"[3.8603294837219257,43.60063799912713]",2,,CADRE ET ROUE,ARCEAU,ARCEAU VELOS,LIBRE ACCES,,,,,INOX,gris,Montpellier
2114,34172,"[3.855534239963055,43.61045282977561]",12,,CADRE ET ROUE,ARCEAU,ARCEAU VELOS,LIBRE ACCES,true,,,,,,Montpellier
1171,34172,"[3.831515093990152,43.63382623303705]",10,,CADRE ET ROUE,ARCEAU,ARCEAU VELOS,LIBRE ACCES,,,false,,INOX,,Montpellier
2025,34172,"[3.8775559024923605,43.605259730278824]",7,,CADRE ET ROUE,ARCEAU,ARCEAU VELOS,LIBRE ACCES,true,,,,,,Montpellier
535,34172,"[3.8847879654239037,43.60682429250899]",2,,CADRE ET ROUE,ARCEAU,ARCEAU VELOS,LIBRE ACCES,,,,,INOX,,Montpellier
788,34057,"[3.8995907208649485,43.63220230018267]",5,,CADRE ET ROUE,ARCEAU,ARCEAU VELOS,LIBRE ACCES,,,false,,INOX,,Castelnau-le-Lez
664,34172,"[3.889388122171053,43.605454223759665]",3,,CADRE ET ROUE,ARCEAU,ARCEAU VELOS,LIBRE ACCES,,,false,,INOX,,Montpellier
1175,34172,"[3.883014104810916,43.591097770442104]",4,,CADRE ET ROUE,ARCEAU,ARCEAU VELOS,LIBRE ACCES,,,false,,INOX,,Montpellier
1595,34172,"[3.8692346030322486,43.62358497427886]",6,,ROUE,RATELIER,PINCE-ROUE,LIBRE ACCES,,,false,,,,Montpellier
2328,34172,"[3.875173916458934,43.604435772900594]",7,3,CADRE ET ROUE,ARCEAU,ARCEAU VELOS,LIBRE ACCES,,,,,,,Montpellier
2139,34172,"[3.8613109972597632,43.60097952031881]",4,,CADRE ET ROUE,ARCEAU,ARCEAU VELOS,LIBRE ACCES,true,,,,,,Montpellier
2060,34172,"[3.869283037767385,43.60282115064906]",2,,CADRE ET ROUE,ARCEAU,ARCEAU VELOS,LIBRE ACCES,true,,,,,,Montpellier
1728,34172,"[3.9045185553527317,43.59499196488168]",5,,CADRE ET ROUE,ARCEAU,ARCEAU VELOS,LIBRE ACCES,true,,,,,,Montpellier
1587,34270,"[3.8259697918885522,43.57756483129628]",6,,ROUE,RATELIER,PINCE-ROUE,LIBRE ACCES,,,,,,,Saint-Jean-de-Védas
200,34249,"[3.981777563619172,43.733806711965535]",2,,CADRE ET ROUE,ARCEAU,ARCEAU VELOS,LIBRE ACCES,,,,,,,Saint-Drézéry
1246,34172,"[3.856838733693139,43.581211816335674]",8,,CADRE ET ROUE,ARCEAU,ARCEAU VELOS,LIBRE ACCES,,,false,,INOX,,Montpellier
1674,34337,"[3.880411743923153,43.5174834262438]",15,,CADRE ET ROUE,ARCEAU,ARCEAU VELOS,LIBRE ACCES,true,,,,,,Villeneuve-lès-Maguelone
1671,34172,"[3.8867265944590974,43.6058452764282]",4,,CADRE ET ROUE,ARCEAU,ARCEAU VELOS,LIBRE ACCES,true,,false,,inox,,Montpellier
79,34172,"[3.8394204659050972,43.61516984517263]",6,,CADRE ET ROUE,ARCEAU,ARCEAU VELOS,LIBRE ACCES,,,false,,INOX,,Montpellier
680,34095,"[3.7774184999999996,43.5501363000233]",10,,ROUE,RATELIER,PINCE-ROUE,LIBRE ACCES,,,,,,,Fabrègues
27,34172,"[3.8733122808091793,43.6196622672803]",4,,CADRE ET ROUE,ARCEAU,ARCEAU VELOS,LIBRE ACCES,,,false,,INOX,,Montpellier
927,34172,"[3.9030177608797354,43.597990338232734]",4,,CADRE ET ROUE,ARCEAU,ARCEAU VELOS,LIBRE ACCES,,,,,INOX,,Montpellier
818,34172,"[3.8669845749450684,43.60869703178004]",3,,CADRE ET ROUE,ARCEAU,ARCEAU VELOS,LIBRE ACCES,,,false,,INOX,,Montpellier
1345,34172,"[3.851773469492873,43.62484338680582]",5,,CADRE ET ROUE,ARCEAU,ARCEAU VELOS,LIBRE ACCES,,,false,,INOX,,Montpellier
616,34172,"[3.889545923214046,43.61708649885611]",3,,CADRE ET ROUE,ARCEAU,ARCEAU VELOS,LIBRE ACCES,,,,,INOX,,Montpellier
930,34172,"[3.9008446724005195,43.596632038940065]",7,,CADRE ET ROUE,ARCEAU,ARCEAU VELOS,LIBRE ACCES,,,,,INOX,,Montpellier
289,34172,"[3.90113645305246,43.5991637946319]",3,,CADRE ET ROUE,ARCEAU,ARCEAU VELOS,LIBRE ACCES,,,,,INOX,,Montpellier
1040,34172,"[3.904406973469118,43.596903880305476]",2,,CADRE ET ROUE,ARCEAU,ARCEAU VELOS,LIBRE ACCES,,,,,INOX,,Montpellier
1388,34172,"[3.8992221631389206,43.59793672948207]",3,,CADRE ET ROUE,ARCEAU,ARCEAU VELOS,LIBRE ACCES,,,false,,INOX,,Montpellier
1450,34172,"[3.8689810995805813,43.59626487378851]",4,,CADRE ET ROUE,ARCEAU,ARCEAU VELOS,LIBRE ACCES,,,false,,INOX,,Montpellier
417,34172,"[3.873115200000001,43.601721000023154]",2,,CADRE ET ROUE,ARCEAU,ARCEAU VELOS,LIBRE ACCES,,,false,,INOX,,Montpellier
894,34172,"[3.8457725907701876,43.612268847180786]",4,,CADRE ET ROUE,ARCEAU,ARCEAU VELOS,LIBRE ACCES,,,,,,,Montpellier
366,34172,"[3.8672133523749723,43.60686833068519]",3,,CADRE ET ROUE,ARCEAU,ARCEAU VELOS,LIBRE ACCES,,,false,,INOX,,Montpellier
1070,34172,"[3.9119372703496933,43.60653230633897]",2,,CADRE ET ROUE,ARCEAU,ARCEAU VELOS,LIBRE ACCES,,,,,INOX,,Montpellier
2219,34172,"[3.8831870000775432,43.622225999454216]",5,,CADRE ET ROUE,ARCEAU,ARCEAU VELOS,LIBRE ACCES,,,,,,,Montpellier
624,34172,"[3.875948765725835,43.60996064983952]",3,,CADRE ET ROUE,ARCEAU,ARCEAU VELOS,LIBRE ACCES,,,false,,INOX,,Montpellier
2217,34172,"[3.8858988474723946,43.62160626631152]",2,,CADRE ET ROUE,ARCEAU,ARCEAU VELOS,LIBRE ACCES,true,,,,,,Montpellier
1297,34088,"[3.7159516999999997,43.55744660002324]",2,,CADRE ET ROUE,ARCEAU,ARCEAU VELOS,LIBRE ACCES,,,,,INOX,,Cournonterral
694,34172,"[3.8679284,43.62247970002311]",3,,CADRE ET ROUE,ARCEAU,ARCEAU VELOS,LIBRE ACCES,,,,,INOX,,Montpellier
1001,34172,"[3.8864902846200726,43.591881047282385]",6,,CADRE ET ROUE,ARCEAU,ARCEAU VELOS,LIBRE ACCES,,,,,INOX,,Montpellier
1150,34172,"[3.8918345413809425,43.5972272516076]",9,1,CADRE ET ROUE,ARCEAU,ARCEAU VELOS,LIBRE ACCES,,,false,,INOX,,Montpellier
1341,34172,"[3.8451132982266794,43.62254354850597]",3,,CADRE ET ROUE,ARCEAU,ARCEAU VELOS,LIBRE ACCES,,,false,,INOX,,Montpellier
1300,34270,"[3.8271284166228288,43.57740042298108]",4,,CADRE ET ROUE,ARCEAU,ARCEAU VELOS,LIBRE ACCES,,,false,,INOX,,Saint-Jean-de-Védas
2194,34172,"[3.8719072204995677,43.62349690882384]",10,,CADRE ET ROUE,ARCEAU,ARCEAU VELOS,LIBRE ACCES,true,,,,,,Montpellier
49,34172,"[3.861251856479687,43.62927906309996]",4,,CADRE ET ROUE,ARCEAU,ARCEAU VELOS,LIBRE ACCES,,,false,,,,Montpellier
1307,34217,"[3.864368863068991,43.697646890996964]",8,,CADRE ET ROUE,ARCEAU,ARCEAU VELOS,LIBRE ACCES,,,,,,,Prades-le-Lez
1333,34172,"[3.8666965271291813,43.59057032365017]",15,,CADRE ET ROUE,AUTRE,BOLLARD,LIBRE ACCES,,,,,,,Montpellier
46,34172,"[3.8736053488137823,43.63974522369856]",14,2,CADRE ET ROUE,ARCEAU,ARCEAU VELOS,LIBRE ACCES,,,,,INOX,,Montpellier
2364,34172,"[3.8521885114010264,43.59255453698433]",10,,CADRE ET ROUE,ARCEAU,ARCEAU VELOS,LIBRE ACCES,,,,,,,Montpellier
1258,34129,"[3.898313999999999,43.57179060002321]",3,,CADRE ET ROUE,ARCEAU,ARCEAU VELOS,LIBRE ACCES,,,false,,,,Lattes
114,34172,"[3.896284,43.59947960002317]",5,,CADRE ET ROUE,ARCEAU,ARCEAU VELOS,LIBRE ACCES,,,false,,INOX,,Montpellier
135,34172,"[3.873970789279582,43.60383379496402]",2,,CADRE ET ROUE,ARCEAU,ARCEAU VELOS,LIBRE ACCES,,,false,,INOX,,Montpellier
585,34172,"[3.9019989999999996,43.596320600023176]",8,,CADRE ET ROUE,ARCEAU,ARCEAU VELOS,LIBRE ACCES,,,false,,,,Montpellier
1365,34172,"[3.858101126315787,43.5944038671679]",8,,CADRE ET ROUE,ARCEAU,ARCEAU VELOS,LIBRE ACCES,,,false,,,,Montpellier
378,34172,"[3.8742017238024853,43.60708443783293]",2,,CADRE ET ROUE,ARCEAU,ARCEAU VELOS,LIBRE ACCES,,,false,,INOX,,Montpellier
294,34172,"[3.8876111343146706,43.607935213607156]",6,,CADRE ET ROUE,ARCEAU,ARCEAU VELOS,LIBRE ACCES,,,false,,INOX,,Montpellier
1264,34057,"[3.8962892378825833,43.63296524890031]",1,,CADRE ET ROUE,ARCEAU,ARCEAU VELOS,LIBRE ACCES,,,false,,INOX,,Castelnau-le-Lez
1086,34172,"[3.861455580712893,43.61491524544467]",2,,CADRE ET ROUE,ARCEAU,ARCEAU VELOS,LIBRE ACCES,,,,,INOX,,Montpellier
216,34172,"[3.8619518536433195,43.611832776904315]",4,,CADRE ET ROUE,ARCEAU,ARCEAU VELOS,LIBRE ACCES,,,false,,INOX,,Montpellier
1426,34172,"[3.911478662500876,43.605013196296156]",4,,CADRE ET ROUE,ARCEAU,ARCEAU VELOS,LIBRE ACCES,,,false,,INOX,,Montpellier
391,34172,"[3.888718951473792,43.624000616175344]",3,,CADRE ET ROUE,ARCEAU,ARCEAU VELOS,LIBRE ACCES,,,false,,INOX,,Montpellier
1958,34172,"[3.911641553165585,43.60440097370765]",4,,CADRE ET ROUE,ARCEAU,ARCEAU VELOS,LIBRE ACCES,true,,,,,,Montpellier
2134,34172,"[3.860644206571456,43.607337528993064]",4,,CADRE ET ROUE,ARCEAU,ARCEAU VELOS,LIBRE ACCES,true,,,,,,Montpellier
1475,34172,"[3.9077605624984972,43.61133908160463]",5,,CADRE ET ROUE,ARCEAU,ARCEAU VELOS,LIBRE ACCES,,,false,,INOX,,Montpellier
1735,34172,"[3.8990295935858805,43.607616644106635]",5,,CADRE ET ROUE,ARCEAU,ARCEAU VELOS,LIBRE ACCES,true,,,,,,Montpellier
901,34172,"[3.8862917803470243,43.61292998597163]",2,,CADRE ET ROUE,ARCEAU,ARCEAU VELOS,LIBRE ACCES,,,,,,,Montpellier
879,34169,"[3.8598032,43.66624590002298]",1,,CADRE ET ROUE,ARCEAU,ARCEAU VELOS,LIBRE ACCES,,,,,,,Montferrier-sur-Lez
575,34172,"[3.8880845788711347,43.60498064342037]",2,,CADRE ET ROUE,ARCEAU,ARCEAU VELOS,LIBRE ACCES,,,,,INOX,,Montpellier
8,34172,"[3.8682915,43.60196070002315]",6,,CADRE ET ROUE,ARCEAU,ARCEAU VELOS,LIBRE ACCES,,,false,,ANCIEN,,Montpellier
2348,34172,"[3.921408823741668,43.595631665570735]",24,,CADRE ET ROUE,ARCEAU,ARCEAU VELOS,LIBRE ACCES,,,,,,,Montpellier
952,34172,"[3.8754490592742226,43.60970747315156]",4,,CADRE ET ROUE,ARCEAU,ARCEAU VELOS,LIBRE ACCES,,,,,INOX,,Montpellier
541,34172,"[3.883985565315239,43.6032001787474]",14,,CADRE ET ROUE,ARCEAU,ARCEAU VELOS,LIBRE ACCES,,,false,,INOX,,Montpellier
2160,34172,"[3.867538955901703,43.62066646810007]",2,,CADRE ET ROUE,ARCEAU,ARCEAU VELOS,LIBRE ACCES,true,,,,,,Montpellier
2151,34172,"[3.868431999884976,43.61441963929294]",2,,CADRE ET ROUE,ARCEAU,ARCEAU VELOS,LIBRE ACCES,,,,,,,Montpellier
2161,34172,"[3.8679187844728298,43.62268771969174]",22,,CADRE ET ROUE,ARCEAU,ARCEAU VELOS,LIBRE ACCES,true,,,,,,Montpellier
2218,34172,"[3.8845043161321318,43.62258440996513]",2,,CADRE ET ROUE,ARCEAU,ARCEAU VELOS,LIBRE ACCES,true,,,,,,Montpellier
706,34172,"[3.872832399999999,43.6175936000231]",5,,CADRE ET ROUE,ARCEAU,ARCEAU VELOS,LIBRE ACCES,,,,,INOX,,Montpellier
998,34172,"[3.87023027399153,43.59606055958001]",5,,CADRE ET ROUE,ARCEAU,ARCEAU VELOS,LIBRE ACCES,,,,,INOX,,Montpellier
866,34172,"[3.8655790191865527,43.612177056594014]",3,,CADRE ET ROUE,ARCEAU,ARCEAU VELOS,LIBRE ACCES,,,false,,INOX,,Montpellier
1370,34172,"[3.8434646266733807,43.59841560564068]",6,,ROUE,RATELIER,PINCE-ROUE,LIBRE ACCES,,,false,,,,Montpellier
1416,34172,"[3.867039293445337,43.60742349502659]",4,,CADRE ET ROUE,ARCEAU,ARCEAU VELOS,LIBRE ACCES,,,false,,INOX,,Montpellier
260,34198,"[3.9539757999999994,43.56401610002325]",3,,CADRE ET ROUE,ARCEAU,ARCEAU VELOS,LIBRE ACCES,,,,,,,Pérols
312,34172,"[3.8917730999999995,43.614243500023115]",4,,CADRE ET ROUE,ARCEAU,ARCEAU VELOS,LIBRE ACCES,,,false,,INOX,,Montpellier
635,34172,"[3.905968299999999,43.60583490002314]",24,,CADRE ET ROUE,AUTRE,RACK VELOS,LIBRE ACCES,,,false,,,,Montpellier
722,34172,"[3.865606363880679,43.63433404715389]",7,,CADRE ET ROUE,ARCEAU,ARCEAU VELOS,LIBRE ACCES,,,,,INOX,,Montpellier
2078,34172,"[3.861788200410584,43.61162113875972]",2,2,CADRE ET ROUE,ARCEAU,ARCEAU VELOS,LIBRE ACCES,true,,,,,,Montpellier
507,34172,"[3.888137303221387,43.61623235554819]",2,,CADRE ET ROUE,ARCEAU,ARCEAU VELOS,LIBRE ACCES,,,,,INOX,,Montpellier
1065,34172,"[3.9100817913255805,43.605716131761326]",2,,CADRE ET ROUE,ARCEAU,ARCEAU VELOS,LIBRE ACCES,,,,,INOX,,Montpellier
1520,34172,"[3.8540449025286794,43.59054153840869]",2,,CADRE ET ROUE,ARCEAU,ARCEAU VELOS,LIBRE ACCES,,,false,,INOX,,Montpellier
1339,34172,"[3.8674586189192866,43.59523830974997]",3,,CADRE ET ROUE,ARCEAU,ARCEAU VELOS,LIBRE ACCES,,,false,,INOX,,Montpellier
152,34172,"[3.8215126551634575,43.630624650491384]",6,,CADRE ET ROUE,ARCEAU,ARCEAU VELOS,LIBRE ACCES,,,,,INOX,,Montpellier
431,34172,"[3.8719265165490513,43.60177706010987]",3,,CADRE ET ROUE,ARCEAU,ARCEAU VELOS,LIBRE ACCES,,,false,,INOX,,Montpellier
961,34172,"[3.880663211351662,43.617521803890284]",2,,CADRE ET ROUE,ARCEAU,ARCEAU VELOS,LIBRE ACCES,,,,,INOX,,Montpellier
99,34172,"[3.9007579,43.60144950002315]",10,,CADRE ET ROUE,ARCEAU,ARCEAU VELOS,LIBRE ACCES,,,false,,INOX,,Montpellier
296,34172,"[3.8754208151209326,43.60526030221603]",4,,CADRE ET ROUE,ARCEAU,ARCEAU VELOS,LIBRE ACCES,true,,false,,INOX,,Montpellier
209,34172,"[3.8791672,43.61603730002313]",3,,CADRE ET ROUE,ARCEAU,ARCEAU VELOS,LIBRE ACCES,,,,,INOX,,Montpellier
1492,34172,"[3.8960739137205764,43.60536562759114]",4,,CADRE ET ROUE,ARCEAU,ARCEAU VELOS,LIBRE ACCES,,,false,,INOX,,Montpellier
2115,34172,"[3.8672985350231395,43.61283467276093]",3,,CADRE ET ROUE,ARCEAU,ARCEAU VELOS,LIBRE ACCES,true,,,,,,Montpellier
607,34172,"[3.874973235961278,43.607146215729735]",3,,CADRE ET ROUE,ARCEAU,ARCEAU VELOS,LIBRE ACCES,,,false,,INOX,,Montpellier
763,34123,"[3.7856711,43.622059500023084]",6,,CADRE ET ROUE,ARCEAU,ARCEAU VELOS,LIBRE ACCES,,,,,,,Juvignac
1145,34172,"[3.830596816390841,43.613163441464216]",12,,CADRE ET ROUE,ARCEAU,ARCEAU VELOS,LIBRE ACCES,,,false,,INOX,,Montpellier
1517,34172,"[3.852269514292775,43.58726507008107]",2,,CADRE ET ROUE,ARCEAU,ARCEAU VELOS,LIBRE ACCES,,,false,,INOX,,Montpellier
785,34172,"[3.8337197999999995,43.63364010002307]",4,,CADRE ET ROUE,ARCEAU,ARCEAU VELOS,LIBRE ACCES,,,false,,INOX,marron,Montpellier
2340,34172,"[3.8486094439668554,43.617974766793765]",3,,CADRE ET ROUE,ARCEAU,ARCEAU VELOS,LIBRE ACCES,true,,,,,,Montpellier
1221,34172,"[3.8869390246148385,43.6004494938684]",4,,CADRE ET ROUE,ARCEAU,ARCEAU VELOS,LIBRE ACCES,,,false,,INOX,,Montpellier
2109,34172,"[3.8665643968484655,43.612980886230524]",2,,CADRE ET ROUE,ARCEAU,ARCEAU VELOS,LIBRE ACCES,true,,,,,,Montpellier
1239,34172,"[3.852687593497733,43.59063565248348]",4,,CADRE ET ROUE,ARCEAU,ARCEAU VELOS,LIBRE ACCES,,,false,,INOX,Marron,Montpellier
383,34172,"[3.8297756322512475,43.63572823679711]",4,,CADRE ET ROUE,ARCEAU,ARCEAU VELOS,LIBRE ACCES,,,false,,INOX,,Montpellier
1278,34172,"[3.8896237999999994,43.60910480002313]",3,,CADRE ET ROUE,ARCEAU,ARCEAU VELOS,LIBRE ACCES,,,,,INOX,,Montpellier
790,34077,"[3.889029099999999,43.65475440002303]",4,,CADRE ET ROUE,ARCEAU,ARCEAU VELOS,LIBRE ACCES,,,,,,,Clapiers
1069,34172,"[3.9130089395430607,43.60611543086137]",2,,CADRE ET ROUE,ARCEAU,ARCEAU VELOS,LIBRE ACCES,,,,,INOX,,Montpellier
203,34172,"[3.887286299999999,43.610474500023145]",5,,CADRE ET ROUE,ARCEAU,ARCEAU VELOS,LIBRE ACCES,,,,,INOX,,Montpellier
2048,34172,"[3.8738083030109234,43.60391353176916]",5,,CADRE ET ROUE,ARCEAU,ARCEAU VELOS,LIBRE ACCES,true,,,,,,Montpellier
412,34172,"[3.8892253438656907,43.612869074523914]",4,,CADRE ET ROUE,ARCEAU,ARCEAU VELOS,LIBRE ACCES,,,false,,INOX,,Montpellier
115,34172,"[3.8963026,43.598867000023155]",10,,CADRE ET ROUE,ARCEAU,ARCEAU VELOS,LIBRE ACCES,,,false,,INOX,,Montpellier
1469,34172,"[3.9299730500000534,43.612359311189124]",25,,CADRE ET ROUE,ARCEAU,ARCEAU VELOS,LIBRE ACCES,,,false,,INOX,,Montpellier
139,34172,"[3.870699992139333,43.60589252918792]",4,,CADRE ET ROUE,ARCEAU,ARCEAU VELOS,LIBRE ACCES,,,false,,INOX,,Montpellier
816,34172,"[3.892035279326404,43.61250877189966]",4,,CADRE ET ROUE,ARCEAU,ARCEAU VELOS,LIBRE ACCES,,,,,INOX,,Montpellier
832,34172,"[3.8791923,43.60138450002315]",4,,CADRE ET ROUE,ARCEAU,ARCEAU VELOS,LIBRE ACCES,,,,,INOX,,Montpellier
955,34172,"[3.8731009999091355,43.60846103285083]",7,,CADRE ET ROUE,ARCEAU,ARCEAU VELOS,LIBRE ACCES,,,,,INOX,,Montpellier
387,34172,"[3.9237988,43.59461670002318]",35,,CADRE ET ROUE,ARCEAU,ARCEAU VELOS,LIBRE ACCES,,,false,,INOX,,Montpellier
1266,34057,"[3.8970579,43.63273390002307]",2,,CADRE ET ROUE,ARCEAU,ARCEAU VELOS,LIBRE ACCES,,,,,,,Castelnau-le-Lez
1530,34172,"[3.832576756867727,43.63392210922309]",2,,CADRE ET ROUE,ARCEAU,ARCEAU VELOS,LIBRE ACCES,,,false,,INOX,,Montpellier
235,34172,"[3.8881747495536887,43.60882548483973]",8,,CADRE ET ROUE,ARCEAU,ARCEAU VELOS,LIBRE ACCES,,,false,,INOX,,Montpellier
1098,34172,"[3.8803981630729134,43.613777304588375]",6,,CADRE ET ROUE,ARCEAU,ARCEAU VELOS,LIBRE ACCES,,,false,,INOX,,Montpellier
839,34172,"[3.8705620275748682,43.60311777037046]",2,,CADRE ET ROUE,ARCEAU,ARCEAU VELOS,LIBRE ACCES,,,,,INOX,,Montpellier
1287,34172,"[3.8741263999999993,43.607477200023126]",4,,CADRE ET ROUE,ARCEAU,ARCEAU VELOS,LIBRE ACCES,,,,,INOX,,Montpellier
1399,34172,"[3.9034062686289572,43.595336667637994]",5,,CADRE ET ROUE,ARCEAU,ARCEAU VELOS,LIBRE ACCES,,,false,,INOX,,Montpellier
2238,34172,"[3.8695061195749267,43.60216624432134]",3,,CADRE ET ROUE,ARCEAU,ARCEAU VELOS,LIBRE ACCES,,,,,,,Montpellier
97,34172,"[3.8972753,43.600521100023165]",9,,CADRE ET ROUE,ARCEAU,ARCEAU VELOS,LIBRE ACCES,,,false,,INOX,gris foncé,Montpellier
1504,34172,"[3.863728230990135,43.628948291647895]",2,,CADRE ET ROUE,ARCEAU,ARCEAU VELOS,LIBRE ACCES,,,false,,INOX,,Montpellier
55,34172,"[3.8760130014281002,43.60648042343151]",5,,CADRE ET ROUE,ARCEAU,ARCEAU VELOS,LIBRE ACCES,,,false,,INOX,,Montpellier
1401,34172,"[3.902820302052162,43.59535972288025]",5,,CADRE ET ROUE,ARCEAU,ARCEAU VELOS,LIBRE ACCES,,,false,,INOX,,Montpellier
932,34172,"[3.883461204206553,43.60402241461729]",10,,CADRE ET ROUE,ARCEAU,ARCEAU VELOS,LIBRE ACCES,,,,,INOX,,Montpellier
1166,34172,"[3.8541171117708175,43.608080214427176]",5,,CADRE ET ROUE,ARCEAU,ARCEAU VELOS,LIBRE ACCES,,,false,,INOX,,Montpellier
2512,34172,"[3.819146929041551,43.6164933468833]",36,,CADRE ET ROUE,ARCEAU,ARCEAU VELOS,LIBRE ACCES,,,,,,,Montpellier
2027,34172,"[3.881310721887293,43.60781135305683]",5,,CADRE ET ROUE,ARCEAU,ARCEAU VELOS,LIBRE ACCES,true,,,,,,Montpellier
659,34172,"[3.8766541948006066,43.60879591223777]",2,,CADRE ET ROUE,ARCEAU,ARCEAU VELOS,LIBRE ACCES,,,,,INOX,,Montpellier
258,34172,"[3.880353899999999,43.613174800023124]",4,,CADRE ET ROUE,ARCEAU,ARCEAU VELOS,LIBRE ACCES,,,false,,INOX,,Montpellier
1234,34172,"[3.866686890073293,43.59057435223414]",8,,CADRE ET ROUE,AUTRE,BARRIERE,LIBRE ACCES,,,false,,,,Montpellier
2041,34077,"[3.8880656693304556,43.65725912119116]",3,,CADRE ET ROUE,ARCEAU,ARCEAU VELOS,LIBRE ACCES,true,,,,,,Clapiers
1614,34172,"[3.8818738267588833,43.61645600934285]",5,1,CADRE ET ROUE,ARCEAU,ARCEAU VELOS,LIBRE ACCES,,,false,,INOX,,Montpellier
1213,34172,"[3.87805453301883,43.59265334190785]",2,,CADRE ET ROUE,ARCEAU,ARCEAU VELOS,LIBRE ACCES,,,false,,INOX,,Montpellier
1252,34129,"[3.9006422999999995,43.57344260002323]",2,,CADRE ET ROUE,ARCEAU,ARCEAU VELOS,LIBRE ACCES,,,false,,INOX,,Lattes
1089,34172,"[3.865680351687792,43.617387630551534]",2,,CADRE ET ROUE,ARCEAU,ARCEAU VELOS,LIBRE ACCES,,,,,INOX,,Montpellier
1884,34172,"[3.8191852112236075,43.64228456243228]",5,,CADRE ET ROUE,ARCEAU,ARCEAU VELOS,LIBRE ACCES,,,,,,,Montpellier
1062,34172,"[3.9064564624984053,43.60903494876627]",2,,CADRE ET ROUE,ARCEAU,ARCEAU VELOS,LIBRE ACCES,,,,,INOX,,Montpellier
987,34172,"[3.835346543050916,43.63576478121958]",45,,CADRE ET ROUE,ARCEAU,ARCEAU VELOS,LIBRE ACCES,,,,,INOX,,Montpellier
1063,34172,"[3.9068112927840115,43.60791349962724]",2,,CADRE ET ROUE,ARCEAU,ARCEAU VELOS,LIBRE ACCES,,,,,INOX,,Montpellier
1894,34172,"[3.891906223646952,43.596124692550845]",8,1,CADRE ET ROUE,ARCEAU,ARCEAU VELOS,LIBRE ACCES,,,,,,,Montpellier
667,34172,"[3.8891141011274257,43.60479200957617]",2,,CADRE ET ROUE,ARCEAU,ARCEAU VELOS,LIBRE ACCES,,,false,,INOX,,Montpellier
1120,34172,"[3.8159640119790352,43.62847437477425]",4,,CADRE ET ROUE,ARCEAU,ARCEAU VELOS,LIBRE ACCES,,,false,,INOX,,Montpellier
1656,34172,"[3.9019214443272943,43.60124085548452]",4,,CADRE ET ROUE,ARCEAU,ARCEAU VELOS,LIBRE ACCES,true,,false,,,,Montpellier
687,34172,"[3.8307982694199443,43.632714627353394]",8,,CADRE ET ROUE,ARCEAU,ARCEAU VELOS,LIBRE ACCES,,,false,,INOX,,Montpellier
1663,34172,"[3.9162282118709473,43.603814685709104]",3,,CADRE ET ROUE,ARCEAU,ARCEAU VELOS,LIBRE ACCES,true,,false,,,,Montpellier
1699,34172,"[3.8687168464380193,43.61031733850574]",10,,CADRE ET ROUE,ARCEAU,ARCEAU VELOS,LIBRE ACCES,true,,,,,,Montpellier
512,34172,"[3.8912441,43.61734510002313]",1,,CADRE ET ROUE,ARCEAU,ARCEAU VELOS,LIBRE ACCES,,,,,INOX,,Montpellier
1035,34172,"[3.877764937280712,43.602844648231596]",14,,CADRE ET ROUE,ARCEAU,ARCEAU VELOS,LIBRE ACCES,,,,,INOX,,Montpellier
1261,34129,"[3.8986166000000004,43.57250480002321]",1,,CADRE ET ROUE,ARCEAU,ARCEAU VELOS,LIBRE ACCES,,,false,,,,Lattes
207,34172,"[3.8837762999999996,43.61629850002311]",5,,ROUE,RATELIER,PINCE-ROUE,LIBRE ACCES,,,,,METAL,,Montpellier
499,34172,"[3.8881272893351833,43.614507961645884]",2,,CADRE ET ROUE,ARCEAU,ARCEAU VELOS,LIBRE ACCES,,,false,,INOX,,Montpellier
2366,34172,"[3.8996054648382086,43.59749060269835]",3,,CADRE ET ROUE,ARCEAU,ARCEAU VELOS,LIBRE ACCES,,,,,,,Montpellier
1394,34172,"[3.900531751166192,43.59807216179445]",3,,CADRE ET ROUE,ARCEAU,ARCEAU VELOS,LIBRE ACCES,,,false,,INOX,,Montpellier
1985,34172,"[3.882128003176033,43.60401873951221]",3,3,CADRE ET ROUE,ARCEAU,ARCEAU VELOS,LIBRE ACCES,true,,,,,,Montpellier
1041,34172,"[3.9033647838490326,43.59767747625091]",2,,CADRE ET ROUE,ARCEAU,ARCEAU VELOS,LIBRE ACCES,,,,,INOX,,Montpellier
143,34172,"[3.8695655128561213,43.60788858249224]",6,,CADRE ET ROUE,ARCEAU,ARCEAU VELOS,LIBRE ACCES,,,false,,INOX,,Montpellier
396,34172,"[3.8880333999999994,43.59557530002317]",3,,CADRE ET ROUE,ARCEAU,ARCEAU VELOS,LIBRE ACCES,,,false,,INOX,,Montpellier
1597,34172,"[3.8708822608174565,43.60549320819154]",8,,CADRE ET ROUE,ARCEAU,ARCEAU VELOS,LIBRE ACCES,,,false,,INOX,,Montpellier
167,34172,"[3.873861699999999,43.61275660002312]",5,,CADRE ET ROUE,ARCEAU,ARCEAU VELOS,LIBRE ACCES,,,false,,INOX,,Montpellier
1337,34172,"[3.8655007000011015,43.59646688764536]",4,,CADRE ET ROUE,ARCEAU,ARCEAU VELOS,LIBRE ACCES,,,true,,INOX,,Montpellier
1554,34172,"[3.878560054963726,43.60575515997785]",3,,CADRE ET ROUE,ARCEAU,ARCEAU VELOS,LIBRE ACCES,,,false,,INOX,,Montpellier
91,34172,"[3.8657319,43.610818700023124]",3,,CADRE ET ROUE,ARCEAU,ARCEAU VELOS,LIBRE ACCES,,,false,,INOX,,Montpellier
2071,34172,"[3.8640249522536205,43.6033365298406]",2,,CADRE ET ROUE,ARCEAU,ARCEAU VELOS,LIBRE ACCES,true,,,,,,Montpellier
435,34172,"[3.8781932593674164,43.610773341815964]",4,,CADRE ET ROUE,ARCEAU,ARCEAU VELOS,LIBRE ACCES,,,false,,INOX,,Montpellier
105,34172,"[3.898858199999999,43.60343360002316]",10,,CADRE ET ROUE,AUTRE,RACK VELOS,LIBRE ACCES,,,false,,,,Montpellier
1551,34172,"[3.8693582776302824,43.61476131903342]",5,,CADRE ET ROUE,ARCEAU,ARCEAU VELOS,LIBRE ACCES,,,false,,INOX,,Montpellier
183,34172,"[3.8755635999999996,43.60836710002316]",10,,CADRE ET ROUE,ARCEAU,ARCEAU VELOS,LIBRE ACCES,,,false,,INOX,,Montpellier
510,34172,"[3.9065153999999995,43.59984800002316]",8,,CADRE ET ROUE,ARCEAU,ARCEAU VELOS,LIBRE ACCES,,,,,INOX,,Montpellier
1510,34172,"[3.8722215197371064,43.62921703706821]",2,,CADRE ET ROUE,ARCEAU,ARCEAU VELOS,LIBRE ACCES,,,false,,INOX,,Montpellier
420,34172,"[3.872101401208235,43.60253381648835]",2,,CADRE ET ROUE,ARCEAU,ARCEAU VELOS,LIBRE ACCES,,,false,,INOX,,Montpellier
2407,34172,"[3.8686702450909456,43.60146437832449]",4,,CADRE ET ROUE,ARCEAU,ARCEAU VELOS,LIBRE ACCES,,,,,,,Montpellier
1157,34172,"[3.816906760596023,43.62434292304207]",4,,CADRE ET ROUE,ARCEAU,ARCEAU VELOS,LIBRE ACCES,,,false,,INOX,,Montpellier
2432,34172,"[3.8321052620915705,43.63398679548582]",3,,CADRE ET ROUE,ARCEAU,ARCEAU VELOS,LIBRE ACCES,,,,,,,Montpellier
2104,34172,"[3.8639262163797845,43.610394787211796]",2,,CADRE ET ROUE,ARCEAU,ARCEAU VELOS,LIBRE ACCES,true,,,,,,Montpellier
249,34172,"[3.8726776999999997,43.606106200023156]",5,,CADRE ET ROUE,ARCEAU,ARCEAU VELOS,LIBRE ACCES,,,false,,INOX,,Montpellier
180,34172,"[3.8733376999999996,43.60906420002313]",1,,CADRE ET ROUE,ARCEAU,ARCEAU VELOS,LIBRE ACCES,,,false,,INOX,,Montpellier
2064,34172,"[3.8703513887186967,43.60331729837353]",1,,CADRE ET ROUE,ARCEAU,ARCEAU VELOS,LIBRE ACCES,true,,,,,,Montpellier
217,34172,"[3.8665611,43.61077800002315]",4,,CADRE ET ROUE,ARCEAU,ARCEAU VELOS,LIBRE ACCES,,,false,,INOX,,Montpellier
1521,34172,"[3.8511007641354826,43.590968278681]",2,,CADRE ET ROUE,ARCEAU,ARCEAU VELOS,LIBRE ACCES,,,false,,INOX,,Montpellier
1118,34172,"[3.8163448266913145,43.62818864477936]",9,,CADRE ET ROUE,ARCEAU,ARCEAU VELOS,LIBRE ACCES,,,false,,INOX,,Montpellier
1412,34172,"[3.9087042175254765,43.59993060462922]",4,,CADRE ET ROUE,ARCEAU,ARCEAU VELOS,LIBRE ACCES,,,false,,INOX,,Montpellier
1485,34172,"[3.8953455187499983,43.60197546416671]",6,,CADRE ET ROUE,ARCEAU,ARCEAU VELOS,LIBRE ACCES,,,false,,INOX,,Montpellier
1442,34172,"[3.8577685000007786,43.60503373390849]",2,2,CADRE ET ROUE,ARCEAU VELO GRANDE TAILLE,ARCEAU VELOS,LIBRE ACCES,,,false,,INOX,,Montpellier
87,34172,"[3.8660279999999996,43.61143540002314]",14,,CADRE ET ROUE,ARCEAU,ARCEAU VELOS,LIBRE ACCES,,,false,,INOX,,Montpellier
1091,34172,"[3.8678739787583556,43.60172801796229]",1,,CADRE ET ROUE,ARCEAU,ARCEAU VELOS,LIBRE ACCES,,,,,INOX,,Montpellier
26,34172,"[3.819225807827775,43.61585907732452]",8,,CADRE ET ROUE,ARCEAU,ARCEAU VELOS,LIBRE ACCES,,,true,,INOX,,Montpellier
1197,34172,"[3.8552253818819593,43.61177386444313]",3,,CADRE ET ROUE,ARCEAU,ARCEAU VELOS,LIBRE ACCES,,,false,,INOX,,Montpellier
1059,34172,"[3.9036348499982108,43.60831554251364]",2,,CADRE ET ROUE,ARCEAU,ARCEAU VELOS,LIBRE ACCES,,,,,INOX,,Montpellier
1471,34172,"[3.8981734350908286,43.61074703186946]",2,2,CADRE ET ROUE,ARCEAU VELO GRANDE TAILLE,ARCEAU VELOS,LIBRE ACCES,,,false,,INOX,,Montpellier
1603,34172,"[3.8720547382694765,43.617940336210076]",2,,CADRE ET ROUE,ARCEAU,ARCEAU VELOS,LIBRE ACCES,,,false,,INOX,,Montpellier
1397,34172,"[3.9035347099811806,43.59735816218739]",6,,CADRE ET ROUE,ARCEAU,ARCEAU VELOS,LIBRE ACCES,,,false,,INOX,,Montpellier
596,34057,"[3.925991466101484,43.63620867899486]",6,,CADRE ET ROUE,ARCEAU,ARCEAU VELOS,LIBRE ACCES,,,,,INOX,,Castelnau-le-Lez
644,34172,"[3.8961411000000004,43.60437430002314]",3,,CADRE ET ROUE,ARCEAU,ARCEAU VELOS,LIBRE ACCES,,,,,INOX,,Montpellier
519,34057,"[3.8983438667936468,43.63270550385989]",3,,CADRE ET ROUE,ARCEAU,ARCEAU VELOS,LIBRE ACCES,,,false,,INOX,,Castelnau-le-Lez
1683,34172,"[3.903165334202465,43.599375018599325]",4,,CADRE ET ROUE,ARCEAU,ARCEAU VELOS,LIBRE ACCES,true,,false,,,,Montpellier
727,34057,"[3.9160245353646395,43.6545324653539]",5,,CADRE ET ROUE,ARCEAU,ARCEAU VELOS,LIBRE ACCES,,,,,INOX,,Castelnau-le-Lez
285,34172,"[3.90156860941224,43.60037269534203]",3,,CADRE ET ROUE,ARCEAU,ARCEAU VELOS,LIBRE ACCES,,,,,INOX,,Montpellier
110,34172,"[3.8975636999999996,43.60459650002315]",5,,CADRE ET ROUE,ARCEAU,ARCEAU VELOS,LIBRE ACCES,,,,,INOX,,Montpellier
130,34172,"[3.878016852187905,43.604457400360396]",3,,CADRE ET ROUE,ARCEAU,ARCEAU VELOS,LIBRE ACCES,,,false,,INOX,,Montpellier
2162,34172,"[3.867045289496277,43.62508356915256]",2,,CADRE ET ROUE,ARCEAU,ARCEAU VELOS,LIBRE ACCES,true,,,,,,Montpellier
2072,34172,"[3.865644930063384,43.60314883718182]",1,,CADRE ET ROUE,ARCEAU,ARCEAU VELOS,LIBRE ACCES,true,,,,,,Montpellier
2449,34172,"[3.868331318400652,43.64681100783733]",4,,CADRE ET ROUE,ARCEAU,ARCEAU VELOS,LIBRE ACCES,,,,,,,Montpellier
2289,34172,"[3.9079560264247797,43.614708904742585]",6,,CADRE ET ROUE,ARCEAU,ARCEAU VELOS,LIBRE ACCES,,,,,,,Montpellier
919,34172,"[3.868459902982333,43.600624201589554]",4,,CADRE ET ROUE,ARCEAU,ARCEAU VELOS,LIBRE ACCES,,,false,,INOX,,Montpellier
112,34172,"[3.8960194000000006,43.59919380002317]",10,,CADRE ET ROUE,ARCEAU,ARCEAU VELOS,LIBRE ACCES,,,false,,INOX,,Montpellier
159,34172,"[3.9063716999999993,43.602402300023165]",5,,CADRE ET ROUE,ARCEAU,ARCEAU VELOS,LIBRE ACCES,,,,,INOX,,Montpellier
1705,34172,"[3.865787920998817,43.61608070650666]",2,,CADRE ET ROUE,ARCEAU,ARCEAU VELOS,LIBRE ACCES,true,,,,,,Montpellier
758,34172,"[3.859783442675049,43.614769994420556]",2,,CADRE ET ROUE,ARCEAU,ARCEAU VELOS,LIBRE ACCES,,,,,INOX,,Montpellier
615,34172,"[3.858710199999999,43.599542500023155]",15,,ROUE,RATELIER,PINCE-ROUE,LIBRE ACCES,,,false,,,,Montpellier
479,34172,"[3.901017599999999,43.60032560002316]",5,,CADRE ET ROUE,ARCEAU,ARCEAU VELOS,LIBRE ACCES,,,false,,INOX,,Montpellier
1716,34217,"[3.862694607317136,43.69837903829089]",7,,CADRE ET ROUE,ARCEAU,ARCEAU VELOS,LIBRE ACCES,true,,,,,,Prades-le-Lez
2036,34129,"[3.8779777664886264,43.56140880715606]",4,,CADRE ET ROUE,ARCEAU,ARCEAU VELOS,LIBRE ACCES,true,,,,,,Lattes
1247,34172,"[3.8647918091609825,43.58856564849959]",8,,CADRE ET ROUE,ARCEAU,ARCEAU VELOS,LIBRE ACCES,,,false,,INOX,,Montpellier
1512,34172,"[3.8727602953533333,43.631445263528526]",2,,CADRE ET ROUE,ARCEAU,ARCEAU VELOS,LIBRE ACCES,,,false,,INOX,,Montpellier
1901,34172,"[3.8914151472947918,43.607253160268016]",3,,ROUE,RATELIER,PINCE-ROUE,LIBRE ACCES,true,,,,,,Montpellier
1543,34172,"[3.8795298061070027,43.60790344002119]",6,,CADRE ET ROUE,ARCEAU,ARCEAU VELOS,LIBRE ACCES,,,false,,INOX,,Montpellier
251,34172,"[3.873606,43.605882500023135]",5,,CADRE ET ROUE,ARCEAU,ARCEAU VELOS,LIBRE ACCES,,,false,,INOX,,Montpellier
210,34172,"[3.878641673755086,43.615266752187416]",4,,CADRE ET ROUE,ARCEAU,ARCEAU VELOS,LIBRE ACCES,,,,,INOX,,Montpellier
2277,34172,"[3.882390015086671,43.60667877566737]",4,,CADRE ET ROUE,ARCEAU,ARCEAU VELOS,LIBRE ACCES,,,,,,,Montpellier
2221,34172,"[3.8755821976119686,43.6052187275641]",4,,CADRE ET ROUE,ARCEAU,ARCEAU VELOS,LIBRE ACCES,true,,,,,,Montpellier
1129,34172,"[3.850233853022796,43.601337412818964]",5,,CADRE ET ROUE,ARCEAU,ARCEAU VELOS,LIBRE ACCES,,,false,,INOX,,Montpellier
1268,34057,"[3.9010728690258483,43.63275259568942]",4,,CADRE ET ROUE,ARCEAU,ARCEAU VELOS,LIBRE ACCES,,,true,,INOX,,Castelnau-le-Lez
2436,34172,"[3.8498767958792284,43.5948216061076]",6,,CADRE ET ROUE,ARCEAU,ARCEAU VELOS,LIBRE ACCES,,,,,,,Montpellier
1314,34172,"[3.890690449912354,43.608288525243445]",12,,CADRE ET ROUE,ARCEAU,ARCEAU VELOS,LIBRE ACCES,,,true,,INOX,,Montpellier
1529,34172,"[3.8841357704747654,43.603210458506645]",2,,CADRE ET ROUE,ARCEAU,ARCEAU VELOS,LIBRE ACCES,,,false,,INOX,,Montpellier
1142,34172,"[3.8407827451614427,43.59375075683292]",6,,CADRE ET ROUE,ARCEAU,ARCEAU VELOS,LIBRE ACCES,,,false,,,,Montpellier
179,34172,"[3.8740961,43.61027810002312]",3,,CADRE ET ROUE,ARCEAU,ARCEAU VELOS,LIBRE ACCES,,,false,,INOX,,Montpellier
1431,34120,"[3.91314815,43.66032973296352]",2,,CADRE ET ROUE,ARCEAU,ARCEAU VELOS,LIBRE ACCES,,,false,,,,Jacou
1720,34198,"[3.9524360329295054,43.563543405888325]",2,,CADRE ET ROUE,ARCEAU,ARCEAU VELOS,LIBRE ACCES,true,,,,,,Pérols
1850,34172,"[3.9210325899758893,43.59851363099564]",5,,CADRE ET ROUE,ARCEAU,ARCEAU VELOS,LIBRE ACCES,true,,,,,,Montpellier
1208,34172,"[3.8974246063332574,43.62040482898339]",6,,CADRE ET ROUE,ARCEAU,ARCEAU VELOS,LIBRE ACCES,,,false,,INOX,,Montpellier
1113,34172,"[3.868244584275694,43.61199214754887]",7,2,CADRE ET ROUE,ARCEAU,ARCEAU VELOS,LIBRE ACCES,,,false,,INOX,,Montpellier
1291,34172,"[3.8605409,43.60126500002313]",2,,CADRE ET ROUE,ARCEAU,ARCEAU VELOS,LIBRE ACCES,,,,,,,Montpellier
1060,34172,"[3.903600199998208,43.60907733359546]",2,,CADRE ET ROUE,ARCEAU,ARCEAU VELOS,LIBRE ACCES,,,,,INOX,,Montpellier
892,34172,"[3.8922911735708237,43.60145356824579]",4,,CADRE ET ROUE,ARCEAU,ARCEAU VELOS,LIBRE ACCES,,,false,,INOX,,Montpellier
239,34172,"[3.879796856296793,43.60416445235051]",20,,CADRE ET ROUE,ARCEAU,ARCEAU VELOS,LIBRE ACCES,,,false,,INOX,,Montpellier
358,34172,"[3.874827899999999,43.611335300023136]",2,,CADRE ET ROUE,ARCEAU,ARCEAU VELOS,LIBRE ACCES,,,false,,INOX,,Montpellier
1590,34077,"[3.8876226681213,43.657971724397036]",6,,ROUE,RATELIER,PINCE-ROUE,LIBRE ACCES,,,,,,,Clapiers
928,34172,"[3.9010763829388133,43.59734777758736]",5,,CADRE ET ROUE,ARCEAU,ARCEAU VELOS,LIBRE ACCES,,,,,INOX,,Montpellier
118,34172,"[3.893614729458164,43.60820829615954]",7,,CADRE ET ROUE,ARCEAU,ARCEAU VELOS,LIBRE ACCES,,,false,,INOX,,Montpellier
665,34172,"[3.8900223,43.60557260002316]",4,,CADRE ET ROUE,ARCEAU,ARCEAU VELOS,LIBRE ACCES,,,false,,INOX,,Montpellier
877,34169,"[3.857387399999998,43.667399400022994]",3,,CADRE ET ROUE,ARCEAU,ARCEAU VELOS,LIBRE ACCES,,,,,,,Montferrier-sur-Lez
1250,34172,"[3.84244752567746,43.59083403317702]",5,,CADRE ET ROUE,ARCEAU,ARCEAU VELOS,LIBRE ACCES,,,false,,INOX,,Montpellier
261,34198,"[3.9488838999999993,43.55914880002326]",15,,CADRE ET ROUE,ARCEAU,ARCEAU VELOS,LIBRE ACCES,,,,,,gris,Pérols
256,34202,"[3.7521788,43.57986620002319]",6,,ROUE,RATELIER,PINCE-ROUE,LIBRE ACCES,,,false,,,,Pignan
1487,34172,"[3.858081173614873,43.61394958671496]",3,,CADRE ET ROUE,ARCEAU,ARCEAU VELOS,LIBRE ACCES,,,false,,INOX,,Montpellier
612,34172,"[3.87380907230785,43.62870508500164]",4,,CADRE ET ROUE,ARCEAU,ARCEAU VELOS,LIBRE ACCES,,,false,,INOX,,Montpellier
1987,34172,"[3.886796533045352,43.604178444399004]",3,,CADRE ET ROUE,ARCEAU,ARCEAU VELOS,LIBRE ACCES,true,,,,,,Montpellier
129,34172,"[3.8804919,43.60289900002314]",12,,CADRE ET ROUE,ARCEAU,ARCEAU VELOS,LIBRE ACCES,,,false,,INOX,,Montpellier
1340,34172,"[3.8675015809897277,43.59516126455764]",2,,CADRE ET ROUE,ARCEAU,ARCEAU VELOS,LIBRE ACCES,,,false,,INOX,,Montpellier
1650,34172,"[3.9244362787191807,43.617587527707805]",5,,ROUE,RATELIER,,LIBRE ACCES,true,,,,,,Montpellier
497,34172,"[3.890962499999999,43.61402740002312]",4,,CADRE ET ROUE,ARCEAU,ARCEAU VELOS,LIBRE ACCES,,,,,INOX,,Montpellier
2292,34172,"[3.8713714340068206,43.60300072193086]",2,,CADRE ET ROUE,ARCEAU,ARCEAU VELOS,LIBRE ACCES,,,,,,,Montpellier
1320,34172,"[3.869100732790449,43.59273003858038]",4,,CADRE ET ROUE,ARCEAU,ARCEAU VELOS,LIBRE ACCES,,,false,,INOX,,Montpellier
2044,34172,"[3.8739288248506742,43.60146376465657]",3,,CADRE ET ROUE,ARCEAU,ARCEAU VELOS,LIBRE ACCES,true,,,,,,Montpellier
2249,34172,"[3.8813854574157047,43.61292566464491]",12,,CADRE ET ROUE,ARCEAU,ARCEAU VELOS,LIBRE ACCES,true,,,,,,Montpellier
1237,34172,"[3.8681725659777264,43.5900776731088]",5,,CADRE ET ROUE,ARCEAU,ARCEAU VELOS,LIBRE ACCES,,,false,,INOX,,Montpellier
1244,34172,"[3.859334815825265,43.583395033763075]",7,,CADRE ET ROUE,ARCEAU,ARCEAU VELOS,LIBRE ACCES,,,false,,INOX,,Montpellier
2357,34172,"[3.8418913971097894,43.615832598729675]",2,,CADRE ET ROUE,ARCEAU,ARCEAU VELOS,LIBRE ACCES,,,,,,,Montpellier
363,34172,"[3.867207399999999,43.60761800002314]",5,,CADRE ET ROUE,ARCEAU,ARCEAU VELOS,LIBRE ACCES,,,false,,INOX,,Montpellier
545,34172,"[3.8631307000000006,43.60611060002313]",1,,CADRE ET ROUE,ARCEAU,ARCEAU VELOS,LIBRE ACCES,,,,,INOX,,Montpellier
933,34172,"[3.8779169340247637,43.60384844368394]",3,,CADRE ET ROUE,ARCEAU,ARCEAU VELOS,LIBRE ACCES,,,,,INOX,,Montpellier
1922,34172,"[3.868174725592428,43.63419451317594]",8,,CADRE ET ROUE,ARCEAU,ARCEAU VELOS,LIBRE ACCES,true,,,,,,Montpellier
1078,34172,"[3.855856925739421,43.61423946939948]",2,,CADRE ET ROUE,ARCEAU,ARCEAU VELOS,LIBRE ACCES,,,,,INOX,,Montpellier
483,34172,"[3.893668,43.60586390002314]",6,,CADRE ET ROUE,ARCEAU,ARCEAU VELOS,LIBRE ACCES,,,false,,INOX,,Montpellier
2487,34172,"[3.8823446834449973,43.60907089301864]",2,,CADRE ET ROUE,ARCEAU,ARCEAU VELOS,LIBRE ACCES,,,,,,,Montpellier
530,34172,"[3.8623745094461643,43.61616705385623]",2,,CADRE ET ROUE,ARCEAU,ARCEAU VELOS,LIBRE ACCES,,,,,INOX,,Montpellier
1581,34129,"[3.901719999137316,43.56794749845222]",2,,CADRE ET ROUE,AUTRE,BOLLARD,LIBRE ACCES,,,false,,,,Lattes
228,34172,"[3.884066816941707,43.60547711580412]",3,,CADRE ET ROUE,ARCEAU,ARCEAU VELOS,LIBRE ACCES,,,false,,INOX,,Montpellier
993,34172,"[3.8607233778258934,43.631009738841165]",20,,CADRE ET ROUE,ARCEAU,ARCEAU VELOS,LIBRE ACCES,,,,,INOX,,Montpellier
2365,34172,"[3.8993207924140725,43.597779761985045]",5,,CADRE ET ROUE,ARCEAU,ARCEAU VELOS,LIBRE ACCES,,,,,,,Montpellier
2265,34172,"[3.8762621490093814,43.59994777682671]",2,2,CADRE ET ROUE,ARCEAU,ARCEAU VELOS,LIBRE ACCES,,,,,,,Montpellier
764,34172,"[3.8961594999999996,43.59196800002318]",8,,CADRE ET ROUE,ARCEAU,ARCEAU VELOS,LIBRE ACCES,,,false,,INOX,,Montpellier
895,34172,"[3.8459031711706437,43.612457272476696]",2,,CADRE ET ROUE,ARCEAU,ARCEAU VELOS,LIBRE ACCES,,,,,,,Montpellier
544,34172,"[3.862441394382935,43.60596245313038]",2,,CADRE ET ROUE,ARCEAU,ARCEAU VELOS,LIBRE ACCES,,,false,,INOX,,Montpellier
2038,34077,"[3.9003387419006454,43.65983300806713]",5,,CADRE ET ROUE,ARCEAU,ARCEAU VELOS,LIBRE ACCES,true,,,,,,Clapiers
858,34172,"[3.8951894045413833,43.604356234753055]",2,,CADRE ET ROUE,ARCEAU,ARCEAU VELOS,LIBRE ACCES,,,,,INOX,,Montpellier
2020,34172,"[3.8676463986209293,43.617221223291736]",4,,CADRE ET ROUE,ARCEAU,ARCEAU VELOS,LIBRE ACCES,true,,,,,,Montpellier
147,34172,"[3.870745613479584,43.607711178419244]",12,,CADRE ET ROUE,ARCEAU,ARCEAU VELOS,LIBRE ACCES,,,false,,INOX,,Montpellier
1028,34172,"[3.835236138119113,43.609138910693936]",12,,CADRE ET ROUE,ARCEAU,ARCEAU VELOS,LIBRE ACCES,,,true,,INOX,,Montpellier
2335,34172,"[3.8521980556452045,43.60151109413915]",2,,CADRE ET ROUE,ARCEAU,ARCEAU VELOS,LIBRE ACCES,true,,,,,,Montpellier
1384,34172,"[3.839195354062442,43.596319083527035]",6,,CADRE ET ROUE,ARCEAU,ARCEAU VELOS,LIBRE ACCES,,,false,,INOX,,Montpellier
1072,34172,"[3.9111083741127524,43.60819475691922]",2,,CADRE ET ROUE,ARCEAU,ARCEAU VELOS,LIBRE ACCES,,,,,INOX,,Montpellier
274,34172,"[3.8679297999999993,43.62897080002309]",5,,CADRE ET ROUE,ARCEAU,ARCEAU VELOS,LIBRE ACCES,,,false,,INOX,,Montpellier
498,34172,"[3.891660286834025,43.62215464208624]",4,,CADRE ET ROUE,ARCEAU,ARCEAU VELOS,LIBRE ACCES,,,false,,INOX,,Montpellier
1027,34172,"[3.877064924700231,43.62610009676684]",5,,CADRE ET ROUE,ARCEAU,ARCEAU VELOS,LIBRE ACCES,,,,,INOX,,Montpellier
1023,34057,"[3.8953165525765514,43.63226390509696]",2,,CADRE ET ROUE,ARCEAU,ARCEAU VELOS,LIBRE ACCES,,,,,INOX,,Castelnau-le-Lez
2454,34172,"[3.8566819742241125,43.630698317864315]",5,,CADRE ET ROUE,ARCEAU,ARCEAU VELOS,LIBRE ACCES,,,,,,,Montpellier
170,34172,"[3.8751012000015024,43.61279860198146]",4,,CADRE ET ROUE,ARCEAU,ARCEAU VELOS,LIBRE ACCES,,,false,,INOX,,Montpellier
2276,34172,"[3.870477621195512,43.60252705890731]",3,,CADRE ET ROUE,ARCEAU,ARCEAU VELOS,LIBRE ACCES,,,,,,,Montpellier
2079,34172,"[3.8740522601563967,43.605600098288626]",6,,CADRE ET ROUE,ARCEAU,ARCEAU VELOS,LIBRE ACCES,true,,,,,,Montpellier
860,34172,"[3.8812407563084483,43.60301568517407]",5,1,CADRE ET ROUE,ARCEAU,ARCEAU VELOS,LIBRE ACCES,,,,,INOX,,Montpellier
1448,34172,"[3.8702167999999997,43.59607370002317]",3,,CADRE ET ROUE,ARCEAU,ARCEAU VELOS,LIBRE ACCES,true,,false,,,,Montpellier
2474,34172,"[3.8299859163234196,43.61577053696015]",3,,CADRE ET ROUE,ARCEAU,ARCEAU VELOS,LIBRE ACCES,,,,,,,Montpellier
1525,34172,"[3.843558574414485,43.5918490967349]",2,,CADRE ET ROUE,ARCEAU,ARCEAU VELOS,LIBRE ACCES,,,false,,INOX,,Montpellier
1334,34172,"[3.833317576893782,43.61751879832038]",3,,CADRE ET ROUE,ARCEAU,ARCEAU VELOS,LIBRE ACCES,,,false,,INOX,,Montpellier
2011,34172,"[3.876912722188044,43.60372261173703]",2,,CADRE ET ROUE,ARCEAU,ARCEAU VELOS,LIBRE ACCES,true,,,,,,Montpellier
50,34172,"[3.880696579584601,43.608719262278385]",8,,CADRE ET ROUE,ARCEAU,ARCEAU VELOS,LIBRE ACCES,,,false,,INOX,,Montpellier
98,34172,"[3.9004768000000003,43.60110540002316]",7,,CADRE ET ROUE,ARCEAU,ARCEAU VELOS,LIBRE ACCES,,,false,,INOX,,Montpellier
571,34172,"[3.935582099999999,43.61432170002312]",7,,CADRE ET ROUE,ARCEAU,ARCEAU VELOS,LIBRE ACCES,,,,,INOX,,Montpellier
1719,34198,"[3.9518048036611946,43.562090144865664]",2,,CADRE ET ROUE,ARCEAU,ARCEAU VELOS,LIBRE ACCES,true,,,,,,Pérols
414,34172,"[3.8770147,43.61346770002312]",4,,CADRE ET ROUE,ARCEAU,ARCEAU VELOS,LIBRE ACCES,,,false,,INOX,,Montpellier
1464,34172,"[3.8658457127145263,43.61182900988881]",5,,CADRE ET ROUE,ARCEAU,ARCEAU VELOS,LIBRE ACCES,,,false,,INOX,,Montpellier
1592,34120,"[3.911019675443197,43.66120395534255]",6,,CADRE ET ROUE,ARCEAU,ARCEAU VELOS,LIBRE ACCES,,,,,,,Jacou
504,34172,"[3.8887247845453397,43.617128063873714]",4,,CADRE ET ROUE,ARCEAU,ARCEAU VELOS,LIBRE ACCES,,,,,INOX,,Montpellier
304,34172,"[3.876972856002462,43.606191850031394]",7,,CADRE ET ROUE,ARCEAU,ARCEAU VELOS,LIBRE ACCES,,,true,,INOX,,Montpellier
602,34172,"[3.8838880160183202,43.60748454211618]",2,,CADRE ET ROUE,ARCEAU,ARCEAU VELOS,LIBRE ACCES,,,,,INOX,,Montpellier
1415,34217,"[3.8587468750000005,43.701231135198526]",1,,CADRE ET ROUE,ARCEAU,ARCEAU VELOS,LIBRE ACCES,,,false,,,,Prades-le-Lez
742,34172,"[3.8792309607610163,43.600463307047974]",3,,CADRE ET ROUE,ARCEAU,ARCEAU VELOS,LIBRE ACCES,,,,,INOX,,Montpellier
1285,34172,"[3.86752021291529,43.60850988875274]",4,,CADRE ET ROUE,ARCEAU,ARCEAU VELOS,LIBRE ACCES,,,false,,INOX,,Montpellier
917,34172,"[3.887258679848654,43.60811814712787]",6,,CADRE ET ROUE,ARCEAU,ARCEAU VELOS,LIBRE ACCES,,,,,INOX,,Montpellier
2087,34172,"[3.8702144499524636,43.63042389036461]",7,,CADRE ET ROUE,ARCEAU,ARCEAU VELOS,LIBRE ACCES,true,,,,,,Montpellier
290,34172,"[3.9015697,43.598564900023156]",2,,CADRE ET ROUE,ARCEAU,ARCEAU VELOS,LIBRE ACCES,,,false,,INOX,,Montpellier
184,34172,"[3.877102399999999,43.61115320002314]",3,,CADRE ET ROUE,ARCEAU,ARCEAU VELOS,LIBRE ACCES,,,false,,INOX,,Montpellier
1515,34172,"[3.8741911270305764,43.63404442900471]",2,,CADRE ET ROUE,ARCEAU,ARCEAU VELOS,LIBRE ACCES,,,false,,INOX,,Montpellier
2329,34172,"[3.851307964516184,43.59222043134424]",5,,CADRE ET ROUE,ARCEAU,ARCEAU VELOS,LIBRE ACCES,true,,,,,,Montpellier
1722,34129,"[3.926180694895176,43.58253522155073]",4,,CADRE ET ROUE,ARCEAU,ARCEAU VELOS,LIBRE ACCES,true,,,,,,Lattes
380,34172,"[3.8801176487169893,43.6051580737165]",4,,CADRE ET ROUE,ARCEAU,ARCEAU VELOS,LIBRE ACCES,,,false,,INOX,,Montpellier
232,34172,"[3.8951080000000005,43.60096440002315]",4,,CADRE ET ROUE,ARCEAU,ARCEAU VELOS,LIBRE ACCES,,,false,,INOX,,Montpellier
1354,34172,"[3.86655750227812,43.59868274023392]",2,,CADRE ET ROUE,ARCEAU,ARCEAU VELOS,LIBRE ACCES,,,false,,INOX,,Montpellier
149,34172,"[3.869544299999999,43.615720800023105]",1,,CADRE ET ROUE,ARCEAU,ARCEAU VELOS,LIBRE ACCES,,,false,,,,Montpellier
984,34172,"[3.8409183134531806,43.632100076492605]",10,,CADRE ET ROUE,AUTRE,RACK VELOS,LIBRE ACCES,,,,,,,Montpellier
911,34172,"[3.875003927217623,43.61595795920722]",4,,CADRE ET ROUE,ARCEAU,ARCEAU VELOS,LIBRE ACCES,,,,,INOX,,Montpellier
1317,34172,"[3.8568146565429826,43.574097342349766]",4,,ROUE,RATELIER,PINCE-ROUE,LIBRE ACCES,,,false,,,,Montpellier
806,34172,"[3.8569021999999995,43.59629110002315]",8,,CADRE ET ROUE,ARCEAU,ARCEAU VELOS,LIBRE ACCES,,,false,,,,Montpellier
979,34172,"[3.831211161921752,43.63011041880406]",5,,CADRE ET ROUE,ARCEAU,ARCEAU VELOS,LIBRE ACCES,,,,,INOX,,Montpellier
827,34172,"[3.8799772602680824,43.60210183961961]",2,,CADRE ET ROUE,ARCEAU,ARCEAU VELOS,LIBRE ACCES,,,,,INOX,,Montpellier
656,34172,"[3.9022742732926283,43.595784779808206]",5,,CADRE ET ROUE,ARCEAU,ARCEAU VELOS,LIBRE ACCES,,,,,INOX,,Montpellier
1986,34172,"[3.88203369953462,43.60395810490721]",4,,CADRE ET ROUE,ARCEAU,ARCEAU VELOS,LIBRE ACCES,true,,,,,,Montpellier
880,34169,"[3.8589263999999996,43.66517580002301]",3,,CADRE ET ROUE,ARCEAU,ARCEAU VELOS,LIBRE ACCES,,,,,,,Montferrier-sur-Lez
262,34337,"[3.861408799999999,43.533191300023326]",4,,CADRE ET ROUE,ARCEAU,ARCEAU VELOS,LIBRE ACCES,,,,,,,Villeneuve-lès-Maguelone
1049,34172,"[3.8976466136789254,43.59610076165504]",2,,CADRE ET ROUE,ARCEAU,ARCEAU VELOS,LIBRE ACCES,,,,,INOX,,Montpellier
847,34172,"[3.9069604247429552,43.59925980061646]",2,,CADRE ET ROUE,ARCEAU,ARCEAU VELOS,LIBRE ACCES,,,,,INOX,,Montpellier
1685,34172,"[3.9082089274742042,43.60051756648761]",4,,CADRE ET ROUE,ARCEAU,ARCEAU VELOS,LIBRE ACCES,true,,false,,,,Montpellier
753,34172,"[3.8561978750810906,43.6418429605989]",5,,CADRE ET ROUE,ARCEAU,ARCEAU VELOS,LIBRE ACCES,,,,,INOX,gris,Montpellier
1233,34172,"[3.8163272038873584,43.62060429374016]",12,,CADRE ET ROUE,ARCEAU,ARCEAU VELOS,LIBRE ACCES,,,false,,INOX,,Montpellier
2314,34172,"[3.836013089255079,43.62277858958613]",10,,CADRE ET ROUE,ARCEAU,ABRI VELOS,LIBRE ACCES,,,,,,,Montpellier
2324,34172,"[3.866903566855781,43.62508092358724]",3,,CADRE ET ROUE,ARCEAU,ARCEAU VELOS,LIBRE ACCES,true,,,,,,Montpellier
2316,34172,"[3.8602989887203885,43.600642621231394]",2,,CADRE ET ROUE,ARCEAU,ARCEAU VELOS,LIBRE ACCES,true,,,,,,Montpellier
2369,34172,"[3.8551266309151035,43.602786950448234]",4,,CADRE ET ROUE,ARCEAU,ARCEAU VELOS,LIBRE ACCES,,,,,,,Montpellier
857,34172,"[3.8853174,43.584131100023185]",3,,CADRE ET ROUE,ARCEAU,ARCEAU VELOS,LIBRE ACCES,,,,,INOX,,Montpellier
942,34172,"[3.896272205160239,43.59752081938945]",2,,CADRE ET ROUE,ARCEAU,ARCEAU VELOS,LIBRE ACCES,,,,,INOX,,Montpellier
1586,34270,"[3.82427899404035,43.57633580063506]",9,,ROUE,RATELIER,PINCE-ROUE,LIBRE ACCES,,,,,,,Saint-Jean-de-Védas
643,34172,"[3.8823048999999994,43.604629000023145]",2,,CADRE ET ROUE,ARCEAU,ARCEAU VELOS,LIBRE ACCES,,,,,INOX,,Montpellier
1180,34337,"[3.8500914682476313,43.54373123899835]",2,,CADRE ET ROUE,AUTRE,LOCAL VELOS,LIBRE ACCES,,,true,,,,Villeneuve-lès-Maguelone
145,34172,"[3.8681072963342213,43.60879066383426]",14,,CADRE ET ROUE,ARCEAU,ARCEAU VELOS,LIBRE ACCES,,,false,,INOX,,Montpellier
56,34172,"[3.832619999999999,43.63365730002307]",4,,CADRE ET ROUE,ARCEAU,ARCEAU VELOS,LIBRE ACCES,,,false,,INOX,marron,Montpellier
563,34172,"[3.900887299999999,43.59765640002317]",3,,CADRE ET ROUE,ARCEAU,ARCEAU VELOS,LIBRE ACCES,,,false,,INOX,,Montpellier
888,34172,"[3.8958678,43.60819810002314]",4,,CADRE ET ROUE,ARCEAU,ARCEAU VELOS,LIBRE ACCES,true,,,,INOX,,Montpellier
994,34172,"[3.8604290516407644,43.63152268442917]",18,,CADRE ET ROUE,ARCEAU,ARCEAU VELOS,LIBRE ACCES,,,,,INOX,,Montpellier
520,34172,"[3.8886777999999995,43.603780600023136]",3,,CADRE ET ROUE,ARCEAU,ARCEAU VELOS,LIBRE ACCES,,,false,,INOX,,Montpellier
650,34172,"[3.8811412939593715,43.615531455281975]",5,,CADRE ET ROUE,ARCEAU,ARCEAU VELOS,LIBRE ACCES,,,,,INOX,,Montpellier
144,34172,"[3.868406696612628,43.609750266265266]",4,,CADRE ET ROUE,ARCEAU,ARCEAU VELOS,LIBRE ACCES,,,,,INOX,,Montpellier
639,34172,"[3.8776444897301885,43.61533758365732]",4,,CADRE ET ROUE,ARCEAU,ARCEAU VELOS,LIBRE ACCES,,,false,,INOX,,Montpellier
2346,34120,"[3.91204501182886,43.65936890635656]",4,,CADRE ET ROUE,ARCEAU,ARCEAU VELOS,LIBRE ACCES,true,,,,,,Jacou
943,34172,"[3.8965723587708445,43.59713307392813]",4,,CADRE ET ROUE,ARCEAU,ARCEAU VELOS,LIBRE ACCES,,,,,INOX,,Montpellier
1666,34172,"[3.8728768411609513,43.61695505186472]",5,,CADRE ET ROUE,ARCEAU,ARCEAU VELOS,LIBRE ACCES,true,,false,,,,Montpellier
2483,34172,"[3.846018514218358,43.62832091911645]",4,,CADRE ET ROUE,ARCEAU,ARCEAU VELOS,LIBRE ACCES,,,,,,,Montpellier
1386,34172,"[3.840180413606389,43.5935869825534]",6,,CADRE ET ROUE,ARCEAU,ARCEAU VELOS,LIBRE ACCES,,,false,,INOX,,Montpellier
418,34172,"[3.8715087365298975,43.60236861983154]",2,,CADRE ET ROUE,ARCEAU,ARCEAU VELOS,LIBRE ACCES,,,false,,INOX,,Montpellier
176,34172,"[3.8759404999999996,43.614817100023124]",5,,CADRE ET ROUE,ARCEAU,ARCEAU VELOS,LIBRE ACCES,,,false,,INOX,,Montpellier
1602,34172,"[3.88126347034549,43.61719233374409]",3,,CADRE ET ROUE,ARCEAU,ARCEAU VELOS,LIBRE ACCES,,,false,,INOX,,Montpellier
1242,34172,"[3.868957610631773,43.59181386010318]",5,,CADRE ET ROUE,ARCEAU,ARCEAU VELOS,LIBRE ACCES,,,false,,INOX,,Montpellier
1373,34172,"[3.8655897904070144,43.61054077850642]",3,,CADRE ET ROUE,ARCEAU,ARCEAU VELOS,LIBRE ACCES,,,false,,INOX,,Montpellier
250,34172,"[3.8731058147265145,43.60610801093521]",6,,CADRE ET ROUE,ARCEAU,ARCEAU VELOS,LIBRE ACCES,,,false,,INOX,,Montpellier
1742,34172,"[3.899165552536461,43.603554747894464]",5,,CADRE ET ROUE,ARCEAU,ARCEAU VELOS,LIBRE ACCES,true,,,,,,Montpellier
1472,34172,"[3.9032925499981874,43.606654317922846]",2,,CADRE ET ROUE,ARCEAU,ARCEAU VELOS,LIBRE ACCES,,,false,,INOX,,Montpellier
132,34172,"[3.875714989525023,43.603065339060564]",4,,CADRE ET ROUE,ARCEAU,ARCEAU VELOS,LIBRE ACCES,,,false,,INOX,,Montpellier
2482,34172,"[3.8684057696354137,43.631997556747685]",5,,CADRE ET ROUE,ARCEAU,ARCEAU VELOS,LIBRE ACCES,,,,,,,Montpellier
623,34057,"[3.9226899352875026,43.64187440210695]",2,,CADRE ET ROUE,ARCEAU,ARCEAU VELOS,LIBRE ACCES,,,false,,INOX,,Castelnau-le-Lez
2345,34120,"[3.9119089276006704,43.65935449888059]",4,,CADRE ET ROUE,ARCEAU,ARCEAU VELOS,LIBRE ACCES,true,,,,,,Jacou
863,34172,"[3.8645931999999994,43.61258130002313]",4,,CADRE ET ROUE,ARCEAU,ARCEAU VELOS,LIBRE ACCES,,,,,INOX,,Montpellier
2021,34172,"[3.871828785441795,43.61235506628595]",1,,CADRE ET ROUE,ARCEAU,ARCEAU VELOS,LIBRE ACCES,true,,,,,,Montpellier
1228,34172,"[3.881073650569976,43.59182580855151]",8,,CADRE ET ROUE,ARCEAU,ARCEAU VELOS,LIBRE ACCES,,,false,,INOX,,Montpellier
1169,34172,"[3.8182396120890054,43.62871892495585]",5,,CADRE ET ROUE,ARCEAU,ARCEAU VELOS,LIBRE ACCES,,,false,,INOX,,Montpellier
1105,34172,"[3.8674947381914055,43.61188671490243]",5,,CADRE ET ROUE,ARCEAU,ARCEAU VELOS,LIBRE ACCES,,,false,,INOX,,Montpellier
646,34172,"[3.8633804846684305,43.604952042919415]",2,,CADRE ET ROUE,ARCEAU,ARCEAU VELOS,LIBRE ACCES,,,,,INOX,,Montpellier
2300,34172,"[3.8668498516472907,43.61194901603404]",3,,CADRE ET ROUE,ARCEAU,ARCEAU VELOS,LIBRE ACCES,,,,,,,Montpellier
1500,34057,"[3.903311641137468,43.628679756469154]",6,,CADRE ET ROUE,ARCEAU,ARCEAU VELOS,LIBRE ACCES,,,false,,,,Castelnau-le-Lez
2326,34172,"[3.871036682257709,43.61580695989811]",2,,CADRE ET ROUE,ARCEAU,ARCEAU VELOS,LIBRE ACCES,true,,,,,,Montpellier
2094,34172,"[3.904329054188115,43.598449137223334]",3,,CADRE ET ROUE,ARCEAU,ARCEAU VELOS,LIBRE ACCES,true,,,,,,Montpellier
1427,34172,"[3.906211862500777,43.60674840495963]",10,,CADRE ET ROUE,ARCEAU,ARCEAU VELOS,LIBRE ACCES,,,false,,INOX,,Montpellier
2090,34172,"[3.9027852271600643,43.598054538902424]",5,,CADRE ET ROUE,ARCEAU,ARCEAU VELOS,LIBRE ACCES,true,,,,,,Montpellier
60,34172,"[3.858870899999999,43.583617500023195]",11,,CADRE ET ROUE,ARCEAU,ARCEAU VELOS,LIBRE ACCES,,,,,INOX,,Montpellier
48,34172,"[3.8335761,43.63333440002308]",5,,CADRE ET ROUE,ARCEAU,ARCEAU VELOS,LIBRE ACCES,,,false,,INOX,marron,Montpellier
1245,34172,"[3.8596636948887286,43.58302501475629]",7,,CADRE ET ROUE,ARCEAU,ARCEAU VELOS,LIBRE ACCES,,,false,,INOX,,Montpellier
918,34172,"[3.8872917419490056,43.60839367557808]",6,,CADRE ET ROUE,ARCEAU,ARCEAU VELOS,LIBRE ACCES,,,,,INOX,,Montpellier
2059,34172,"[3.8683771352328233,43.60296045515949]",2,,CADRE ET ROUE,ARCEAU,ARCEAU VELOS,LIBRE ACCES,true,,,,,,Montpellier
1383,34172,"[3.8364769641990466,43.6405120654641]",4,,CADRE ET ROUE,ARCEAU,ARCEAU VELOS,LIBRE ACCES,,,false,,INOX,,Montpellier
1201,34172,"[3.8542543647127534,43.61085114215715]",3,,CADRE ET ROUE,ARCEAU,ARCEAU VELOS,LIBRE ACCES,,,false,,INOX,,Montpellier
1327,34172,"[3.875686632872532,43.59479267510035]",9,,CADRE ET ROUE,ARCEAU,ARCEAU VELOS,LIBRE ACCES,,,false,,INOX,,Montpellier
1179,34123,"[3.804640397892441,43.613864726981724]",5,,CADRE ET ROUE,ARCEAU,ARCEAU VELOS,LIBRE ACCES,,,false,,INOX,,Juvignac
796,34172,"[3.9036292000000006,43.59551000002317]",2,,CADRE ET ROUE,ARCEAU,ARCEAU VELOS,LIBRE ACCES,,,,,INOX,,Montpellier
2095,34172,"[3.9036545758357866,43.59845667292998]",3,,CADRE ET ROUE,ARCEAU,ARCEAU VELOS,LIBRE ACCES,true,,,,,,Montpellier
365,34172,"[3.8671400395105895,43.6067210622949]",5,,CADRE ET ROUE,ARCEAU,ARCEAU VELOS,LIBRE ACCES,,,false,,INOX,,Montpellier
728,34057,"[3.915783288335002,43.65403435893817]",5,,CADRE ET ROUE,ARCEAU,ARCEAU VELOS,LIBRE ACCES,,,,,INOX,,Castelnau-le-Lez
131,34172,"[3.8764754,43.60391490002315]",1,,CADRE ET ROUE,ARCEAU,ARCEAU VELOS,LIBRE ACCES,,,,,INOX,,Montpellier
2456,34172,"[3.8612957216303845,43.629282281269965]",6,,CADRE ET ROUE,ARCEAU,ARCEAU VELOS,LIBRE ACCES,,,,,,,Montpellier
2008,34058,"[3.98378194274218,43.67735102059358]",2,,CADRE ET ROUE,ARCEAU,ARCEAU VELOS,LIBRE ACCES,true,,,,,,Castries
221,34172,"[3.8661543030262098,43.60836254381592]",9,,CADRE ET ROUE,ARCEAU,ARCEAU VELOS,LIBRE ACCES,,,true,,INOX,,Montpellier
1983,34172,"[3.8810857853459355,43.60381093328163]",4,,CADRE ET ROUE,ARCEAU,ARCEAU VELOS,LIBRE ACCES,true,,,,,,Montpellier
996,34172,"[3.8638408554090202,43.60630211167936]",5,,CADRE ET ROUE,ARCEAU,ARCEAU VELOS,LIBRE ACCES,,,,,INOX,,Montpellier
2080,34172,"[3.8721063948397876,43.60818551053246]",4,,CADRE ET ROUE,ARCEAU,ARCEAU VELOS,LIBRE ACCES,true,,,,,,Montpellier
1919,34172,"[3.8686343016784077,43.644986566423995]",4,,CADRE ET ROUE,ARCEAU,ARCEAU VELOS,LIBRE ACCES,true,,,,,,Montpellier
946,34172,"[3.921564377092062,43.59791625915101]",5,,CADRE ET ROUE,ARCEAU,ARCEAU VELOS,LIBRE ACCES,,,,,INOX,noir,Montpellier
1013,34172,"[3.887358803429154,43.61016417876573]",8,,CADRE ET ROUE,ARCEAU,ARCEAU VELOS,LIBRE ACCES,,,,,INOX,,Montpellier
610,34172,"[3.8841667964509328,43.61498873942003]",4,,CADRE ET ROUE,ARCEAU,ARCEAU VELOS,LIBRE ACCES,,,false,,INOX,,Montpellier
157,34172,"[3.8865076087387727,43.607911274117605]",11,,CADRE ET ROUE,ARCEAU,ARCEAU VELOS,LIBRE ACCES,,,false,,INOX,,Montpellier
1308,34327,"[3.971410771957297,43.66200154405304]",5,,CADRE ET ROUE,ARCEAU,ARCEAU VELOS,LIBRE ACCES,,,false,,INOX,,Vendargues
723,34172,"[3.8616368,43.63577140002309]",2,,CADRE ET ROUE,ARCEAU,ARCEAU VELOS,LIBRE ACCES,,,,,INOX,,Montpellier
150,34172,"[3.8724566999999994,43.61779130002312]",5,,CADRE ET ROUE,ARCEAU,ARCEAU VELOS,LIBRE ACCES,,,,,INOX,,Montpellier
1583,34337,"[3.8632562310489895,43.531098895330146]",5,,ROUE,RATELIER,PINCE-ROUE,LIBRE ACCES,,,,,,,Villeneuve-lès-Maguelone
1409,34172,"[3.907691072139138,43.60012258464183]",2,,CADRE ET ROUE,ARCEAU,ARCEAU VELOS,LIBRE ACCES,,,false,,INOX,,Montpellier
1608,34172,"[3.8597870662268905,43.61192772086713]",5,,CADRE ET ROUE,ARCEAU,ARCEAU VELOS,LIBRE ACCES,,,false,,INOX,,Montpellier
121,34172,"[3.8904409999999996,43.60897430002312]",5,,CADRE ET ROUE,ARCEAU,ARCEAU VELOS,LIBRE ACCES,,,false,,INOX,,Montpellier
515,34172,"[3.893604499999999,43.62943690002308]",7,,CADRE ET ROUE,ARCEAU,ARCEAU VELOS,LIBRE ACCES,,,false,,INOX,,Montpellier
1713,34116,"[3.8329377782705083,43.64963254065906]",5,,ROUE,RATELIER,PINCE-ROUE,LIBRE ACCES,true,,,,,,Grabels
442,34172,"[3.8746230355977835,43.61573706769633]",4,,CADRE ET ROUE,ARCEAU,ARCEAU VELOS,LIBRE ACCES,,,false,,,,Montpellier
2015,34172,"[3.878427499833353,43.603536512427794]",4,,CADRE ET ROUE,ARCEAU,ARCEAU VELOS,LIBRE ACCES,true,,,,,,Montpellier
64,34172,"[3.8604817274123406,43.582303072886575]",6,,CADRE ET ROUE,ARCEAU,ARCEAU VELOS,LIBRE ACCES,,,false,,INOX,,Montpellier
812,34172,"[3.8820242,43.60137870002314]",6,,CADRE ET ROUE,ARCEAU,ARCEAU VELOS,LIBRE ACCES,,,,,INOX,,Montpellier
1043,34172,"[3.9100505776597516,43.60002394791963]",2,,CADRE ET ROUE,ARCEAU,ARCEAU VELOS,LIBRE ACCES,,,,,INOX,,Montpellier
2270,34172,"[3.8736054053288167,43.604531060604245]",6,,CADRE ET ROUE,ARCEAU,ARCEAU VELOS,LIBRE ACCES,,,,,,,Montpellier
780,34172,"[3.8876441964150215,43.60848265744731]",6,,CADRE ET ROUE,ARCEAU,ARCEAU VELOS,LIBRE ACCES,,,false,,INOX,,Montpellier
2003,34172,"[3.8818669406170487,43.603168009813544]",5,,CADRE ET ROUE,ARCEAU,ARCEAU VELOS,LIBRE ACCES,true,,,,,,Montpellier
231,34172,"[3.8943373999999995,43.602468200023154]",3,,CADRE ET ROUE,ARCEAU,ARCEAU VELOS,LIBRE ACCES,,,false,,,,Montpellier
65,34172,"[3.8578546000000005,43.5821602000232]",12,,CADRE ET ROUE,ARCEAU,ARCEAU VELOS,LIBRE ACCES,,,,,INOX,,Montpellier
1366,34172,"[3.8544832582633224,43.59987184612018]",2,,CADRE ET ROUE,ARCEAU,ARCEAU VELOS,LIBRE ACCES,,,false,,INOX,,Montpellier
843,34172,"[3.8705424850500454,43.612576601410204]",4,,CADRE ET ROUE,ARCEAU,ARCEAU VELOS,LIBRE ACCES,,,,,INOX,,Montpellier
1270,34057,"[3.9089883028648016,43.632179059490234]",2,,CADRE ET ROUE,ARCEAU,ARCEAU VELOS,LIBRE ACCES,,,false,,INOX,,Castelnau-le-Lez
865,34172,"[3.8656015887528836,43.61265407097889]",2,,CADRE ET ROUE,ARCEAU,ARCEAU VELOS,LIBRE ACCES,,,false,,INOX,,Montpellier
534,34172,"[3.884325643854268,43.60692793297196]",2,,CADRE ET ROUE,ARCEAU,ARCEAU VELOS,LIBRE ACCES,,,,,INOX,,Montpellier
862,34172,"[3.864511046515943,43.61269231540863]",3,,CADRE ET ROUE,ARCEAU,ARCEAU VELOS,LIBRE ACCES,,,,,INOX,,Montpellier
2317,34172,"[3.860706061531603,43.60058818309202]",10,2,CADRE ET ROUE,ARCEAU,ARCEAU VELOS,LIBRE ACCES,,,,,,,Montpellier
2359,34172,"[3.8425218369495227,43.61545771980965]",4,,CADRE ET ROUE,ARCEAU,ARCEAU VELOS,LIBRE ACCES,true,,,,,,Montpellier
2037,34172,"[3.8735554037105326,43.603116506107966]",2,,CADRE ET ROUE,ARCEAU,ARCEAU VELOS,LIBRE ACCES,true,,,,,,Montpellier
1422,34172,"[3.8977493875006064,43.60393001980274]",5,,CADRE ET ROUE,AUTRE,BOLLARD,LIBRE ACCES,,,false,,,,Montpellier
2301,34172,"[3.8682199991581756,43.611871653080684]",3,,CADRE ET ROUE,ARCEAU,ARCEAU VELOS,LIBRE ACCES,,,,,,,Montpellier
1962,34172,"[3.898585312741064,43.60810951147125]",4,,CADRE ET ROUE,ARCEAU,ARCEAU VELOS,LIBRE ACCES,true,,,,,,Montpellier
2441,34172,"[3.8488279267179104,43.63460651352525]",10,,CADRE ET ROUE,ARCEAU,ARCEAU VELOS,LIBRE ACCES,,,,,,,Montpellier
760,34172,"[3.8656755400978824,43.613842070680015]",5,,CADRE ET ROUE,ARCEAU,ARCEAU VELOS,LIBRE ACCES,,,,,INOX,,Montpellier
2058,34172,"[3.8691575094453485,43.602420683562826]",1,,CADRE ET ROUE,ARCEAU,ARCEAU VELOS,LIBRE ACCES,true,,,,,,Montpellier
2291,34172,"[3.8819307060763815,43.60713156168432]",4,,CADRE ET ROUE,ARCEAU,ARCEAU VELOS,LIBRE ACCES,,,,,,,Montpellier
1989,34172,"[3.885867630335524,43.605320602720305]",2,,CADRE ET ROUE,ARCEAU,ARCEAU VELOS,LIBRE ACCES,true,,,,,,Montpellier
583,34057,"[3.9049081,43.6258579000231]",4,,CADRE ET ROUE,ARCEAU,ARCEAU VELOS,LIBRE ACCES,,,false,,INOX,,Castelnau-le-Lez
2481,34172,"[3.875900673342342,43.63143736497009]",2,,CADRE ET ROUE,ARCEAU,ARCEAU VELOS,LIBRE ACCES,,,,,,,Montpellier
724,34172,"[3.861498140189638,43.6356674969699]",4,,CADRE ET ROUE,ARCEAU,ARCEAU VELOS,LIBRE ACCES,,,,,INOX,,Montpellier
373,34172,"[3.870863860035041,43.60837318747652]",3,,CADRE ET ROUE,ARCEAU,ARCEAU VELOS,LIBRE ACCES,,,false,,INOX,,Montpellier
890,34172,"[3.9036902000000007,43.60660390002316]",2,,CADRE ET ROUE,ARCEAU,ARCEAU VELOS,LIBRE ACCES,,,,,INOX,,Montpellier
617,34172,"[3.8746475244574445,43.61694453624763]",5,,CADRE ET ROUE,ARCEAU,ARCEAU VELOS,LIBRE ACCES,,,false,,INOX,,Montpellier
1122,34172,"[3.8848078814281997,43.59547282837886]",5,,CADRE ET ROUE,ARCEAU,ARCEAU VELOS,LIBRE ACCES,,,false,,INOX,,Montpellier
2193,34172,"[3.8811735450128273,43.61802442756469]",5,,CADRE ET ROUE,ARCEAU,ARCEAU VELOS,LIBRE ACCES,true,,,,,,Montpellier
1316,34172,"[3.8909488516056308,43.60807721698901]",6,,CADRE ET ROUE,ARCEAU,ARCEAU VELOS,LIBRE ACCES,,,true,,,,Montpellier
2098,34172,"[3.8666722561371722,43.611253338658685]",3,,CADRE ET ROUE,ARCEAU,ARCEAU VELOS,LIBRE ACCES,true,,,,,,Montpellier
1372,34172,"[3.8640357872301956,43.61157078764613]",2,,CADRE ET ROUE,ARCEAU,ARCEAU VELOS,LIBRE ACCES,,,false,,INOX,,Montpellier
348,34172,"[3.8921034874973994,43.60509673564214]",5,,CADRE ET ROUE,ARCEAU,ARCEAU VELOS,LIBRE ACCES,,,false,,INOX,,Montpellier
227,34172,"[3.8862480967508777,43.60470779157947]",9,,CADRE ET ROUE,ARCEAU,ARCEAU VELOS,LIBRE ACCES,,,false,,INOX,,Montpellier
1411,34172,"[3.9079911111379313,43.59972969465769]",3,,CADRE ET ROUE,ARCEAU,ARCEAU VELOS,LIBRE ACCES,,,false,,INOX,,Montpellier
2355,34172,"[3.841657926156691,43.615954674814894]",2,,CADRE ET ROUE,ARCEAU,ARCEAU VELOS,LIBRE ACCES,true,,,,,,Montpellier
2356,34172,"[3.8417678349971847,43.61589882627226]",5,,CADRE ET ROUE,ARCEAU,ARCEAU VELOS,LIBRE ACCES,true,,,,,,Montpellier
878,34169,"[3.8595439999999988,43.66612550002299]",2,,CADRE ET ROUE,ARCEAU,ARCEAU VELOS,LIBRE ACCES,,,,,,,Montferrier-sur-Lez
1491,34172,"[3.8943669295517074,43.60592785509748]",3,,CADRE ET ROUE,ARCEAU,ARCEAU VELOS,LIBRE ACCES,,,false,,INOX,,Montpellier
1304,34270,"[3.830319051311146,43.58466257729687]",12,,ROUE,RATELIER,PINCE-ROUE,LIBRE ACCES,,,false,,,,Saint-Jean-de-Védas
2358,34172,"[3.8424201200722936,43.61552197081223]",4,,CADRE ET ROUE,ARCEAU,ARCEAU VELOS,LIBRE ACCES,true,,,,,,Montpellier
2435,34172,"[3.8520610438259766,43.59250969589604]",5,,CADRE ET ROUE,ARCEAU,ARCEAU VELOS,LIBRE ACCES,,,,,,,Montpellier
187,34172,"[3.8807724598865976,43.615909885571895]",6,,CADRE ET ROUE,ARCEAU,ARCEAU VELOS,LIBRE ACCES,,,,,INOX,,Montpellier
815,34172,"[3.880570672028852,43.60166152425037]",2,,CADRE ET ROUE,ARCEAU,ARCEAU VELOS,LIBRE ACCES,,,,,INOX,,Montpellier
2157,34172,"[3.861265472456724,43.61923854844916]",4,,CADRE ET ROUE,ARCEAU,ARCEAU VELOS,LIBRE ACCES,true,,,,,,Montpellier
784,34172,"[3.842364141656638,43.61555706171544]",2,,CADRE ET ROUE,ARCEAU,ARCEAU VELOS,LIBRE ACCES,,,false,,INOX,,Montpellier
900,34172,"[3.8867730102144433,43.603528570447125]",2,,CADRE ET ROUE,ARCEAU,ARCEAU VELOS,LIBRE ACCES,,,,,,,Montpellier
867,34172,"[3.8605680952576806,43.61305911302202]",2,,CADRE ET ROUE,ARCEAU,ARCEAU VELOS,LIBRE ACCES,,,,,INOX,,Montpellier
1470,34172,"[3.8984673606145765,43.61074539902106]",6,,CADRE ET ROUE,ARCEAU,ARCEAU VELOS,LIBRE ACCES,,,false,,INOX,,Montpellier
1378,34172,"[3.8240211698851003,43.61475459937394]",4,,CADRE ET ROUE,ARCEAU,ARCEAU VELOS,LIBRE ACCES,,,false,,INOX,,Montpellier
236,34172,"[3.8917299999999995,43.609616300023134]",8,,CADRE ET ROUE,ARCEAU,ARCEAU VELOS,LIBRE ACCES,,,,,INOX,,Montpellier
1158,34172,"[3.858904543280171,43.618525584528115]",5,,CADRE ET ROUE,ARCEAU,ARCEAU VELOS,LIBRE ACCES,,,false,,INOX,,Montpellier
2479,34172,"[3.8741872452455377,43.636513277136906]",9,,CADRE ET ROUE,ARCEAU,ARCEAU VELOS,LIBRE ACCES,,,,,,,Montpellier
1979,34172,"[3.892181096535605,43.60684612802803]",4,,CADRE ET ROUE,ARCEAU,ARCEAU VELOS,LIBRE ACCES,true,,,,,,Montpellier
2075,34172,"[3.867870330237089,43.603423868378144]",3,,CADRE ET ROUE,ARCEAU,ARCEAU VELOS,LIBRE ACCES,true,,,,,,Montpellier
986,34172,"[3.8347867971284355,43.635402724212945]",28,,CADRE ET ROUE,AUTRE,BOLLARD,LIBRE ACCES,,,,,,,Montpellier
191,34172,"[3.8847360913279947,43.61645902288967]",3,,CADRE ET ROUE,ARCEAU,ARCEAU VELOS,LIBRE ACCES,,,,,INOX,,Montpellier
1369,34172,"[3.9299767394936276,43.612164334663255]",10,,CADRE ET ROUE,ARCEAU,ARCEAU VELOS,LIBRE ACCES,,,false,,,,Montpellier
999,34172,"[3.8820670749935235,43.59824604030488]",6,,CADRE ET ROUE,ARCEAU,ARCEAU VELOS,LIBRE ACCES,,,,,INOX,,Montpellier
1328,34172,"[3.868881022522705,43.59998471992881]",4,,CADRE ET ROUE,ARCEAU,ARCEAU VELOS,LIBRE ACCES,,,false,,INOX,,Montpellier
508,34172,"[3.9075171999999996,43.602476900023156]",4,,CADRE ET ROUE,ARCEAU,ARCEAU VELOS,LIBRE ACCES,,,,,INOX,,Montpellier
2082,34172,"[3.8683953449433153,43.60873175840399]",14,,CADRE ET ROUE,ARCEAU,ARCEAU VELOS,LIBRE ACCES,true,,,,,,Montpellier
1612,34027,"[4.021805852810839,43.729697352754904]",4,,ROUE,RATELIER,PINCE-ROUE,LIBRE ACCES,,,false,,INOX,,Beaulieu
1621,34172,"[3.923403652573266,43.59864063110884]",7,,CADRE ET ROUE,ARCEAU,ARCEAU VELOS,LIBRE ACCES,,,false,,INOX,,Montpellier
873,34172,"[3.888826699999999,43.61331220002311]",5,,CADRE ET ROUE,ARCEAU,ARCEAU VELOS,LIBRE ACCES,,,,,INOX,,Montpellier
1896,34172,"[3.819004043845322,43.63831471484541]",5,,CADRE ET ROUE,ARCEAU,ARCEAU VELOS,LIBRE ACCES,,,,,,,Montpellier
1734,34172,"[3.8614876627885577,43.631312284779796]",35,,CADRE ET ROUE,ARCEAU,ARCEAU VELOS,LIBRE ACCES,true,,,,,,Montpellier
670,34172,"[3.8816333,43.604749300023144]",2,,CADRE ET ROUE,ARCEAU,ARCEAU VELOS,LIBRE ACCES,,,false,,INOX,,Montpellier
1222,34172,"[3.8960354835403255,43.59642758709168]",4,,CADRE ET ROUE,ARCEAU,ARCEAU VELOS,LIBRE ACCES,,,false,,INOX,,Montpellier
1967,34172,"[3.895721026342805,43.608560098321064]",3,,CADRE ET ROUE,ARCEAU,ARCEAU VELOS,LIBRE ACCES,true,,,,,,Montpellier
1044,34172,"[3.9116640093705524,43.60037773930501]",2,,CADRE ET ROUE,ARCEAU,ARCEAU VELOS,LIBRE ACCES,,,,,INOX,,Montpellier
307,34172,"[3.8736142,43.608433700023134]",2,,CADRE ET ROUE,ARCEAU,ARCEAU VELOS,LIBRE ACCES,,,false,,INOX,,Montpellier
1030,34172,"[3.839171238772518,43.61558129054208]",5,,ROUE,RATELIER,PINCE-ROUE,LIBRE ACCES,,,,,,,Montpellier
438,34172,"[3.867545899999999,43.61076110002314]",2,,CADRE ET ROUE,ARCEAU,ARCEAU VELOS,LIBRE ACCES,,,false,,INOX,,Montpellier
2485,34172,"[3.8127985532507056,43.638421849072905]",3,,CADRE ET ROUE,ARCEAU,ARCEAU VELOS,LIBRE ACCES,,,,,,,Montpellier
2486,34172,"[3.811867011144724,43.63993918900846]",3,,CADRE ET ROUE,ARCEAU,ARCEAU VELOS,LIBRE ACCES,,,,,,,Montpellier
1738,34172,"[3.824258591029018,43.6193509643367]",4,,CADRE ET ROUE,ARCEAU,ARCEAU VELOS,LIBRE ACCES,true,,,,,,Montpellier
889,34172,"[3.8115037,43.62439170002309]",20,,CADRE ET ROUE,ARCEAU,ARCEAU VELOS,LIBRE ACCES,,,false,,INOX,,Montpellier
770,34129,"[3.9151198,43.57450700002322]",12,,ROUE,RATELIER,PINCE-ROUE,LIBRE ACCES,,,false,,,,Lattes
1232,34172,"[3.879550631302218,43.58626644743685]",4,,CADRE ET ROUE,ARCEAU,ARCEAU VELOS,LIBRE ACCES,,,false,,,,Montpellier
273,34172,"[3.8940061999999993,43.60582260002314]",5,,CADRE ET ROUE,ARCEAU,ARCEAU VELOS,LIBRE ACCES,,,false,,INOX,,Montpellier
2074,34172,"[3.867716136728772,43.60364683795194]",3,,CADRE ET ROUE,ARCEAU,ARCEAU VELOS,LIBRE ACCES,true,,,,,,Montpellier
1387,34172,"[3.839179598589903,43.59368521531739]",5,,ROUE,RATELIER,PINCE-ROUE,LIBRE ACCES,,,false,,,,Montpellier
1579,34198,"[3.9532701612631977,43.56073605590115]",3,,CADRE ET ROUE,ARCEAU,ARCEAU VELOS,LIBRE ACCES,,,false,,,,Pérols
632,34172,"[3.8905672999999994,43.61073620002312]",10,,CADRE ET ROUE,AUTRE,BOLLARD,LIBRE ACCES,,,false,,INOX,,Montpellier
1992,34172,"[3.8838479268085147,43.60531861595078]",4,,CADRE ET ROUE,ARCEAU,ARCEAU VELOS,LIBRE ACCES,true,,,,,,Montpellier
472,34172,"[3.8823611201518373,43.608271600509156]",2,,CADRE ET ROUE,ARCEAU,ARCEAU VELOS,LIBRE ACCES,,,false,,INOX,,Montpellier
1073,34172,"[3.9122632797483217,43.60748658872456]",2,,CADRE ET ROUE,ARCEAU,ARCEAU VELOS,LIBRE ACCES,,,,,INOX,,Montpellier
1462,34172,"[3.8664968000011446,43.59816362560581]",2,,CADRE ET ROUE,ARCEAU,ARCEAU VELOS,LIBRE ACCES,,,false,,INOX,,Montpellier
1286,34172,"[3.8739144999999993,43.60767430002312]",3,,CADRE ET ROUE,ARCEAU,ARCEAU VELOS,LIBRE ACCES,,,,,INOX,,Montpellier
277,34172,"[3.8742219627265837,43.615974021924046]",8,,CADRE ET ROUE,ARCEAU,ARCEAU VELOS,LIBRE ACCES,,,false,,INOX,,Montpellier
1494,34022,"[4.014288099406334,43.65998878811123]",6,,ROUE,RATELIER,PINCE-ROUE,LIBRE ACCES,,,false,,,,Baillargues
441,34172,"[3.8974206000000002,43.61765020002311]",3,,CADRE ET ROUE,ARCEAU,ARCEAU VELOS,LIBRE ACCES,,,false,,INOX,,Montpellier
1047,34172,"[3.9154817555135133,43.60109386341554]",2,,CADRE ET ROUE,ARCEAU,ARCEAU VELOS,LIBRE ACCES,,,,,INOX,,Montpellier
252,34172,"[3.8703428315954818,43.61249573888805]",6,,CADRE ET ROUE,ARCEAU,ARCEAU VELOS,LIBRE ACCES,,,,,INOX,,Montpellier
1168,34172,"[3.8624696553096656,43.6106598538646]",5,,CADRE ET ROUE,ARCEAU,ARCEAU VELOS,LIBRE ACCES,,,false,,INOX,,Montpellier
2081,34172,"[3.870849670448386,43.60784234789042]",3,,CADRE ET ROUE,ARCEAU,ARCEAU VELOS,LIBRE ACCES,true,,,,,,Montpellier
163,34172,"[3.881221092779828,43.60790704508334]",4,,CADRE ET ROUE,ARCEAU,ARCEAU VELOS,LIBRE ACCES,,,false,,INOX,,Montpellier
1888,34172,"[3.913093751451558,43.60357682283317]",4,,CADRE ET ROUE,ARCEAU,ARCEAU VELOS,LIBRE ACCES,,,,,,,Montpellier
1055,34172,"[3.9042234250007364,43.60541293168079]",2,,CADRE ET ROUE,ARCEAU,ARCEAU VELOS,LIBRE ACCES,,,,,INOX,,Montpellier
703,34172,"[3.8684264037644787,43.62179694724304]",9,,CADRE ET ROUE,ARCEAU,ARCEAU VELOS,LIBRE ACCES,,,,,INOX,,Montpellier
155,34172,"[3.8809478,43.606889500023144]",7,,CADRE ET ROUE,ARCEAU,ARCEAU VELOS,LIBRE ACCES,,,false,,INOX,,Montpellier
116,34172,"[3.8966857000000004,43.59901820002317]",10,,CADRE ET ROUE,ARCEAU,ARCEAU VELOS,LIBRE ACCES,,,false,,INOX,,Montpellier
980,34123,"[3.809796980980638,43.617581931506386]",12,,CADRE ET ROUE,ARCEAU,ARCEAU VELOS,LIBRE ACCES,,,,,INOX,,Juvignac
569,34172,"[3.9306097,43.61705310002313]",11,,CADRE ET ROUE,ARCEAU,ARCEAU VELOS,LIBRE ACCES,,,false,,INOX,,Montpellier
830,34057,"[3.9178934999999995,43.64469800002304]",2,,CADRE ET ROUE,ARCEAU,ARCEAU VELOS,LIBRE ACCES,,,,,INOX,,Castelnau-le-Lez
1425,34172,"[3.907374268601893,43.60433432185813]",10,,ROUE,RATELIER,PINCE-ROUE,LIBRE ACCES,,,false,,,,Montpellier
696,34172,"[3.8681996139936907,43.62228498187516]",6,,CADRE ET ROUE,ARCEAU,ARCEAU VELOS,LIBRE ACCES,,,,,INOX,,Montpellier
2489,34172,"[3.828062901666388,43.63402370575347]",3,,CADRE ET ROUE,ARCEAU,ARCEAU VELOS,LIBRE ACCES,,,,,,,Montpellier
90,34172,"[3.865478799999999,43.61018760002314]",5,,CADRE ET ROUE,ARCEAU,ARCEAU VELOS,LIBRE ACCES,,,false,,INOX,,Montpellier
282,34077,"[3.8806632513352204,43.65524155751707]",10,,CADRE ET ROUE,ARCEAU,ARCEAU VELOS,LIBRE ACCES,,,false,,INOX,,Clapiers
1393,34172,"[3.89960851472641,43.598350466798244]",3,,CADRE ET ROUE,ARCEAU,ARCEAU VELOS,LIBRE ACCES,,,false,,INOX,,Montpellier
1299,34270,"[3.8269028415073936,43.57782712010168]",3,,CADRE ET ROUE,ARCEAU,ARCEAU VELOS,LIBRE ACCES,,,false,,,,Saint-Jean-de-Védas
600,34172,"[3.8907679310897896,43.608203660292446]",11,,CADRE ET ROUE,ARCEAU,ARCEAU VELOS,LIBRE ACCES,,,true,,,,Montpellier
906,34172,"[3.8713278428860445,43.609090980972134]",3,,CADRE,AUTRE,LISSE VELOS,LIBRE ACCES,,,,,,,Montpellier
1219,34172,"[3.894014992819495,43.596722702973615]",2,,CADRE ET ROUE,ARCEAU,ARCEAU VELOS,LIBRE ACCES,,,false,,INOX,,Montpellier
1700,34172,"[3.9028005870713596,43.6001154408959]",3,,CADRE ET ROUE,ARCEAU,ARCEAU VELOS,LIBRE ACCES,true,,,,,,Montpellier
1018,34057,"[3.894607805857976,43.63323624737525]",2,,CADRE ET ROUE,ARCEAU,ARCEAU VELOS,LIBRE ACCES,,,,,INOX,,Castelnau-le-Lez
1241,34172,"[3.8525156567229066,43.590495192764756]",4,,CADRE ET ROUE,ARCEAU,ARCEAU VELOS,LIBRE ACCES,,,false,,INOX,Marron,Montpellier
577,34172,"[3.920624,43.59897760002316]",5,,CADRE ET ROUE,ARCEAU,ARCEAU VELOS,LIBRE ACCES,,,,,,,Montpellier
1163,34172,"[3.857939969215469,43.61154791664304]",5,,CADRE ET ROUE,ARCEAU,ARCEAU VELOS,LIBRE ACCES,,,false,,INOX,,Montpellier
1026,34172,"[3.8772431533353084,43.62621067851617]",5,,CADRE ET ROUE,ARCEAU,ARCEAU VELOS,LIBRE ACCES,,,,,INOX,,Montpellier
2493,34172,"[3.8234225420475667,43.63241750947982]",4,,CADRE ET ROUE,ARCEAU,ARCEAU VELOS,LIBRE ACCES,,,,,,,Montpellier
2494,34172,"[3.824406156813655,43.632388426692174]",4,,CADRE ET ROUE,ARCEAU,ARCEAU VELOS,LIBRE ACCES,,,,,,,Montpellier
437,34172,"[3.8933249361480096,43.603536456080725]",4,,CADRE ET ROUE,ARCEAU,ARCEAU VELOS,LIBRE ACCES,,,false,,INOX,,Montpellier
2495,34172,"[3.8244823346380907,43.632269065937066]",6,6,CADRE ET ROUE,ARCEAU,ARCEAU VELOS,LIBRE ACCES,,,,,,,Montpellier
1231,34172,"[3.89623198668386,43.593111989941576]",9,,CADRE ET ROUE,ARCEAU,ARCEAU VELOS,LIBRE ACCES,,,false,,INOX,,Montpellier
2150,34172,"[3.8690547396538513,43.61526289173761]",4,,CADRE ET ROUE,ARCEAU,ARCEAU VELOS,LIBRE ACCES,true,,,,,,Montpellier
516,34057,"[3.8961558363639623,43.629001719553955]",9,,CADRE ET ROUE,ARCEAU,ARCEAU VELOS,LIBRE ACCES,,,false,,,,Castelnau-le-Lez
899,34172,"[3.8865620726444727,43.603514023198336]",2,,CADRE ET ROUE,ARCEAU,ARCEAU VELOS,LIBRE ACCES,,,,,,,Montpellier
1863,34172,"[3.8647734405172427,43.6105166050222]",2,,CADRE ET ROUE,ARCEAU,ARCEAU VELOS,LIBRE ACCES,true,,,,,,Montpellier
1721,34198,"[3.952349139027063,43.56380105209235]",5,,CADRE ET ROUE,ARCEAU,ARCEAU VELOS,LIBRE ACCES,true,,,,,,Pérols
1362,34172,"[3.861445988432738,43.60335875795819]",2,,CADRE ET ROUE,ARCEAU,ARCEAU VELOS,LIBRE ACCES,,,false,,INOX,,Montpellier
2122,34172,"[3.858327162732407,43.60987956384434]",2,,CADRE ET ROUE,ARCEAU,ARCEAU VELOS,LIBRE ACCES,true,,,,,,Montpellier
1711,34172,"[3.86602484967305,43.609332239306895]",3,,CADRE ET ROUE,ARCEAU,ARCEAU VELOS,LIBRE ACCES,true,,,,,,Montpellier
1269,34057,"[3.9062158999999985,43.63408930002306]",4,,CADRE ET ROUE,ARCEAU,ARCEAU VELOS,LIBRE ACCES,,,false,,INOX,,Castelnau-le-Lez
1443,34172,"[3.8579900446631714,43.605072171577774]",9,,CADRE ET ROUE,ARCEAU,ARCEAU VELOS,LIBRE ACCES,,,false,,INOX,,Montpellier
1292,34129,"[3.8793722999999996,43.561447400023255]",4,,CADRE ET ROUE,ARCEAU,ARCEAU VELOS,LIBRE ACCES,,,,,,,Lattes
195,34172,"[3.8531517102990644,43.58821272289465]",5,,CADRE ET ROUE,ARCEAU,ARCEAU VELOS,LIBRE ACCES,,,,,INOX,,Montpellier
1053,34172,"[3.910933230765617,43.60392176440923]",2,,CADRE ET ROUE,ARCEAU,ARCEAU VELOS,LIBRE ACCES,,,,,INOX,,Montpellier
229,34172,"[3.8899186786497593,43.60637936882272]",4,,CADRE ET ROUE,ARCEAU,ARCEAU VELOS,LIBRE ACCES,,,false,,INOX,,Montpellier
2140,34172,"[3.8611337007392,43.60104217512397]",4,,CADRE ET ROUE,ARCEAU,ARCEAU VELOS,LIBRE ACCES,true,,,,,,Montpellier
914,34172,"[3.8725296092496726,43.61274073340612]",6,,CADRE ET ROUE,ARCEAU,ARCEAU VELOS,LIBRE ACCES,,,,,INOX,,Montpellier
311,34172,"[3.8750791090726118,43.60951374330872]",3,,CADRE ET ROUE,ARCEAU,ARCEAU VELOS,LIBRE ACCES,,,false,,INOX,,Montpellier
1114,34172,"[3.8668385046699743,43.61146909026595]",5,,CADRE ET ROUE,ARCEAU,ARCEAU VELOS,LIBRE ACCES,,,false,,INOX,,Montpellier
765,34172,"[3.8575035240769973,43.60679674745458]",2,,CADRE ET ROUE,ARCEAU,ARCEAU VELOS,LIBRE ACCES,,,,,INOX,,Montpellier
1075,34172,"[3.9134138261613236,43.60672689244353]",2,,CADRE ET ROUE,ARCEAU,ARCEAU VELOS,LIBRE ACCES,,,,,INOX,,Montpellier
278,34172,"[3.8730070000000003,43.61291900002312]",10,,CADRE ET ROUE,ARCEAU,ARCEAU VELOS,LIBRE ACCES,,,false,,INOX,,Montpellier
1256,34129,"[3.900666399999999,43.57241100002324]",2,,CADRE ET ROUE,ARCEAU,ARCEAU VELOS,LIBRE ACCES,,,false,,,,Lattes
1428,34172,"[3.911306200000877,43.60788997731474]",5,,CADRE ET ROUE,ARCEAU,ARCEAU VELOS,LIBRE ACCES,,,false,,INOX,,Montpellier
850,34172,"[3.827620099999999,43.6130600000231]",5,,CADRE ET ROUE,ARCEAU,ARCEAU VELOS,LIBRE ACCES,,,false,,INOX,,Montpellier
730,34172,"[3.9149311935823548,43.60106531939693]",5,,CADRE ET ROUE,ARCEAU,ARCEAU VELOS,LIBRE ACCES,,,,,INOX,,Montpellier
128,34172,"[3.8811853,43.60529420002316]",32,,CADRE ET ROUE,ARCEAU,ARCEAU VELOS,LIBRE ACCES,,,false,,INOX,,Montpellier
75,34198,"[3.9452327,43.57297390002323]",8,,CADRE ET ROUE,ARCEAU,ARCEAU VELOS,LIBRE ACCES,,,,,INOX,,Pérols
1321,34172,"[3.8679593603187765,43.5948877777842]",1,,CADRE ET ROUE,ARCEAU,ARCEAU VELOS,LIBRE ACCES,,,false,,INOX,,Montpellier
1322,34172,"[3.8704902810132,43.59638604358624]",4,,CADRE ET ROUE,ARCEAU,ARCEAU VELOS,LIBRE ACCES,,,false,,INOX,,Montpellier
1662,34172,"[3.9154493833749178,43.60362706992478]",3,,CADRE ET ROUE,ARCEAU,ARCEAU VELOS,LIBRE ACCES,true,,false,,,,Montpellier
1476,34172,"[3.9083204749985363,43.611783248511834]",8,,CADRE ET ROUE,ARCEAU,ARCEAU VELOS,LIBRE ACCES,,,true,,INOX,,Montpellier
1506,34172,"[3.8615017237622644,43.62731871766678]",2,,CADRE ET ROUE,ARCEAU,ARCEAU VELOS,LIBRE ACCES,,,false,,INOX,,Montpellier
246,34172,"[3.8714730662887598,43.60692381310142]",4,,CADRE ET ROUE,ARCEAU,ARCEAU VELOS,LIBRE ACCES,,,false,,INOX,,Montpellier
747,34172,"[3.8731248781918794,43.62018664587943]",6,,CADRE ET ROUE,ARCEAU,ARCEAU VELOS,LIBRE ACCES,,,false,,,,Montpellier
